personId,firstName,lastName,PlayerName,birthdate,lastAttended,country,height,bodyWeight,guard,forward,center,draftYear,draftRound,draftNumber,
2,Byron,Scott,Byron Scott,28/3/1961,Arizona State,USA,76,205,TRUE,FALSE,FALSE,1983,1,4,
3,Grant,Long,Grant Long,12/3/1966,Eastern Michigan,USA,81,3,FALSE,FALSE,FALSE,1988,2,33,
7,Dan,Schayes,Dan Schayes,10/5/1959,Syracuse,USA,83,260,FALSE,FALSE,TRUE,1981,1,13,
9,Sedale,Threatt,Sedale Threatt,10/9/1961,West Virginia Tech,USA,74,185,TRUE,FALSE,FALSE,1983,6,139,
12,Chris,King,Chris King,24/7/1969,Wake Forest,USA,80,215,FALSE,TRUE,FALSE,1992,2,45,
15,Eric,Piatkowski,Eric Piatkowski,30/9/1970,Nebraska,USA,79,215,TRUE,TRUE,FALSE,1994,1,15,
17,Clyde,Drexler,Clyde Drexler,22/6/1962,Houston,USA,79,222,TRUE,FALSE,FALSE,1983,1,14,
21,Greg,Anthony,Greg Anthony,15/11/1967,UNLV,USA,73,180,TRUE,FALSE,FALSE,1991,1,12,
22,Rik,Smits,Rik Smits,23/8/1966,Marist,USA,88,265,FALSE,FALSE,TRUE,1988,1,2,
23,Dennis,Rodman,Dennis Rodman,13/5/1961,Southeastern Oklahoma State,USA,79,210,FALSE,TRUE,FALSE,1986,2,27,
24,Keith,Jennings,Keith Jennings,2/11/1968,East Tennessee State,USA,67,160,TRUE,FALSE,FALSE,-1,-1,-1,
26,Luc,Longley,Luc Longley,19/1/1969,New Mexico,USA,,,FALSE,FALSE,TRUE,1991,1,7,
28,Doug,West,Doug West,27/5/1967,Villanova,USA,,,TRUE,FALSE,FALSE,1989,2,38,
29,Jim,McIlvaine,Jim McIlvaine,30/7/1972,Marquette,USA,,,FALSE,FALSE,TRUE,1994,2,32,
30,Richard,Dumas,Richard Dumas,19/5/1969,Oklahoma State,USA,79,30,FALSE,TRUE,FALSE,1991,2,46,
31,Lorenzo,Williams,Lorenzo Williams,15/7/1969,Stetson,USA,81,200,FALSE,TRUE,FALSE,-1,-1,-1,
32,Clifford,Rozier,Clifford Rozier,31/10/1972,Louisville,USA,83,245,FALSE,FALSE,TRUE,1994,1,16,
35,Eric,Riley,Eric Riley,2/6/1970,Michigan,USA,84,245,FALSE,FALSE,TRUE,1993,2,33,
36,Sarunas,Marciulionis,Sarunas Marciulionis,13/6/1964,Statyba,Lithuania,77,200,TRUE,FALSE,FALSE,1987,6,127,
37,Greg,Graham,Greg Graham,26/11/1970,Indiana,USA,76,174,TRUE,FALSE,FALSE,1993,1,17,
38,Brad,Lohaus,Brad Lohaus,29/9/1964,Iowa,USA,83,230,FALSE,TRUE,TRUE,1987,2,45,
41,Anthony,Bonner,Anthony Bonner,8/6/1968,St. Louis,USA,80,230,FALSE,TRUE,FALSE,1990,1,23,
42,Monty,Williams,Monty Williams,8/10/1971,Notre Dame,USA,80,225,FALSE,TRUE,FALSE,1994,1,24,
43,Chris,Whitney,Chris Whitney,5/10/1971,Clemson,USA,72,175,TRUE,FALSE,FALSE,1993,2,47,
45,George,McCloud,George McCloud,27/5/1967,Florida State,USA,80,230,FALSE,TRUE,FALSE,1989,1,7,
46,Mike,Peplowski,Mike Peplowski,15/10/1970,Michigan State,USA,82,270,FALSE,FALSE,TRUE,1993,2,52,
47,Wayman,Tisdale,Wayman Tisdale,9/6/1964,Oklahoma,USA,81,260,FALSE,TRUE,FALSE,1985,1,2,
49,Gheorghe,Muresan,Gheorghe Muresan,14/2/1971,Pau Orthez,Romania,91,303,FALSE,FALSE,TRUE,1993,2,30,
51,Mahmoud,Abdul-Rauf,Mahmoud Abdul-Rauf,9/3/1969,Louisiana State,USA,73,51,TRUE,FALSE,FALSE,1990,1,3,
52,Micheal,Williams,Micheal Williams,23/7/1966,Baylor,USA,74,175,TRUE,FALSE,FALSE,1988,2,48,
53,Mario,Elie,Mario Elie,26/11/1963,American International,USA,77,225,TRUE,TRUE,FALSE,1985,7,160,
54,Dickey,Simpkins,Dickey Simpkins,6/4/1972,Providence,USA,,,FALSE,TRUE,FALSE,1994,1,21,
55,Marty,Conlon,Marty Conlon,19/1/1968,Providence,USA,82,224,FALSE,FALSE,TRUE,-1,-1,-1,
56,Gary,Payton,Gary Payton,23/7/1968,Oregon State,USA,76,190,TRUE,FALSE,FALSE,1990,1,2,
57,Doug,Christie,Doug Christie,9/5/1970,Pepperdine,USA,78,205,TRUE,TRUE,FALSE,1992,1,17,
61,Carl,Herrera,Carl Herrera,14/12/1966,Houston,USA,,,,,,1990,2,30,
63,Michael,Smith,Michael Smith,28/3/1972,Providence,USA,80,240,FALSE,TRUE,FALSE,1994,2,35,
64,Sam,Perkins,Sam Perkins,14/6/1961,North Carolina,USA,81,64,FALSE,TRUE,TRUE,1984,1,4,
65,Greg,Minor,Greg Minor,8/9/1971,Louisville,USA,78,210,TRUE,FALSE,FALSE,1994,1,25,
66,Marques,Bragg,Marques Bragg,24/3/1970,Providence,USA,80,230,FALSE,TRUE,FALSE,-1,-1,-1,
67,Tom,Hammonds,Tom Hammonds,27/3/1967,Georgia Tech,USA,,,FALSE,TRUE,FALSE,1989,1,9,
70,Steve,Kerr,Steve Kerr,27/9/1965,Arizona,USA,73,70,TRUE,FALSE,FALSE,1988,2,50,
71,Pooh,Richardson,Pooh Richardson,14/5/1966,UCLA,USA,73,180,TRUE,FALSE,FALSE,1989,1,10,
72,Kenny,Anderson,Kenny Anderson,9/10/1970,Georgia Tech,USA,73,168,TRUE,FALSE,FALSE,1991,1,2,
73,Hot Rod,Williams,Hot Rod Williams,9/8/1962,Tulane,USA,83,245,FALSE,FALSE,TRUE,1985,2,45,
74,Derrick,Phelps,Derrick Phelps,31/7/1972,North Carolina,USA,76,181,FALSE,TRUE,FALSE,-1,-1,-1,
76,Cedric,Ceballos,Cedric Ceballos,2/8/1969,California State-Fullerton,USA,79,76,FALSE,TRUE,FALSE,1990,2,48,
77,Doug,Overton,Doug Overton,3/8/1969,La Salle,USA,75,190,TRUE,FALSE,FALSE,1991,2,40,
78,LaSalle,Thompson,LaSalle Thompson,23/6/1961,Texas,USA,82,78,FALSE,FALSE,FALSE,1982,1,5,
80,Ken,Norman,Ken Norman,5/9/1964,Illinois,USA,80,215,FALSE,TRUE,FALSE,1987,1,19,
81,Jeff,Grayer,Jeff Grayer,17/12/1965,Iowa State,USA,77,210,TRUE,FALSE,FALSE,1988,1,13,
82,Bill,Wennington,Bill Wennington,26/4/1963,St. John's (NY),USA,84,245,FALSE,FALSE,TRUE,1985,1,16,
84,Latrell,Sprewell,Latrell Sprewell,8/9/1970,Alabama,USA,77,195,TRUE,FALSE,FALSE,1992,1,24,
85,Brent,Price,Brent Price,9/12/1968,Oklahoma,USA,73,85,TRUE,FALSE,FALSE,1992,2,32,
87,Dikembe,Mutombo,Dikembe Mutombo,25/6/1966,Georgetown,Congo,86,260,FALSE,FALSE,TRUE,1991,1,4,
88,Steve,Scheffler,Steve Scheffler,3/9/1967,Purdue,USA,81,250,FALSE,TRUE,FALSE,1990,2,39,
89,Nick,Van Exel,Nick Van Exel,27/11/1971,Cincinnati,USA,73,190,TRUE,FALSE,FALSE,1993,2,37,
93,Hubert,Davis,Hubert Davis,17/5/1970,North Carolina,USA,77,183,TRUE,FALSE,FALSE,1992,1,20,
95,Mark,Bryant,Mark Bryant,25/4/1965,Seton Hall,USA,81,250,FALSE,TRUE,FALSE,1988,1,21,
96,Detlef,Schrempf,Detlef Schrempf,21/1/1963,Washington,USA,82,235,FALSE,TRUE,FALSE,1985,1,8,
97,Ronnie,Grandison,Ronnie Grandison,9/7/1964,New Orleans,USA,78,220,FALSE,TRUE,FALSE,1987,5,100,
98,Nick,Anderson,Nick Anderson,20/1/1968,Illinois,USA,78,228,TRUE,TRUE,FALSE,1989,1,11,
100,Tim,Legler,Tim Legler,26/12/1966,La Salle,USA,76,200,TRUE,FALSE,FALSE,-1,-1,-1,
101,Scott,Skiles,Scott Skiles,5/3/1964,Michigan State,USA,73,180,TRUE,FALSE,FALSE,1986,1,22,
103,Todd,Day,Todd Day,7/1/1970,Arkansas,USA,,,,,,1992,1,8,
104,Benoit,Benjamin,Benoit Benjamin,22/11/1964,Creighton,USA,84,250,FALSE,FALSE,TRUE,1985,1,3,
105,Dan,Majerle,Dan Majerle,9/9/1965,Central Michigan,USA,78,222,TRUE,TRUE,FALSE,1988,1,14,
107,Dale,Ellis,Dale Ellis,6/8/1960,Tennessee,USA,79,205,TRUE,FALSE,FALSE,1983,1,9,
109,Robert,Horry,Robert Horry,25/8/1970,Alabama,USA,82,240,FALSE,TRUE,TRUE,1992,1,11,
111,LaPhonso,Ellis,LaPhonso Ellis,5/5/1970,Notre Dame,USA,80,240,FALSE,TRUE,FALSE,1992,1,5,
112,Dontonio,Wingfield,Dontonio Wingfield,23/6/1974,Cincinnati,USA,80,256,FALSE,TRUE,FALSE,1994,2,37,
114,Harold,Miner,Harold Miner,5/5/1971,Southern California,USA,77,210,TRUE,FALSE,FALSE,1992,1,12,
116,David,Wood,David Wood,30/11/1964,Nevada-Reno,USA,81,230,FALSE,TRUE,FALSE,-1,-1,-1,
117,Jeff,Malone,Jeff Malone,28/6/1961,Mississippi State,USA,76,205,TRUE,FALSE,FALSE,1983,1,10,
120,Steven,Smith,Steven Smith,31/3/1969,Michigan State,USA,80,221,TRUE,TRUE,FALSE,1991,1,5,
121,Patrick,Ewing,Patrick Ewing,5/8/1962,Georgetown,Jamaica,84,121,FALSE,FALSE,TRUE,1985,1,1,
122,Fred,Roberts,Fred Roberts,14/8/1960,Brigham Young,USA,82,218,FALSE,TRUE,FALSE,1982,2,27,
123,Robert,Pack,Robert Pack,3/2/1969,Southern California,USA,74,190,TRUE,FALSE,FALSE,-1,-1,-1,
124,Vlade,Divac,Vlade Divac,3/2/1968,Partizan,Serbia,85,260,FALSE,FALSE,TRUE,1989,1,26,
128,David,Benoit,David Benoit,9/5/1968,Alabama,USA,80,220,FALSE,TRUE,FALSE,-1,-1,-1,
129,Dino,Radja,Dino Radja,24/4/1967,Virtus Roma,Croatia,83,225,FALSE,FALSE,TRUE,1989,2,40,
132,Dwayne,Morton,Dwayne Morton,10/8/1971,Louisville,USA,79,195,TRUE,FALSE,FALSE,1994,2,45,
133,David,Wesley,David Wesley,14/11/1970,Baylor,USA,73,203,TRUE,FALSE,FALSE,-1,-1,-1,
134,Kevin,Johnson,Kevin Johnson,4/3/1966,California,USA,73,190,TRUE,FALSE,FALSE,1987,1,7,
136,P.J.,Brown,P.J. Brown,14/10/1969,Louisiana Tech,USA,83,239,FALSE,TRUE,TRUE,1992,2,29,
137,Vernon,Maxwell,Vernon Maxwell,12/9/1965,Florida,USA,76,190,TRUE,FALSE,FALSE,1988,2,47,
138,Anthony,Avent,Anthony Avent,18/10/1969,Seton Hall,USA,81,240,FALSE,FALSE,TRUE,1991,1,15,
140,Donald,Royal,Donald Royal,22/5/1966,Notre Dame,USA,80,218,FALSE,TRUE,FALSE,1987,3,52,
141,Anthony,Tucker,Anthony Tucker,4/4/1969,Wake Forest,USA,80,141,FALSE,TRUE,FALSE,-22,-22,-22,
143,Terry,Dehere,Terry Dehere,12/9/1971,Seton Hall,USA,76,190,TRUE,FALSE,FALSE,1993,1,13,
145,Tracy,Murray,Tracy Murray,25/7/1971,UCLA,USA,79,230,FALSE,TRUE,FALSE,1992,1,18,
146,Jud,Buechler,Jud Buechler,19/6/1968,Arizona,USA,78,228,TRUE,TRUE,FALSE,1990,2,38,
147,Jalen,Rose,Jalen Rose,30/1/1973,Michigan,USA,80,215,TRUE,TRUE,FALSE,1994,1,13,
149,Michael,Adams,Michael Adams,19/1/1963,Boston College,USA,70,165,TRUE,FALSE,FALSE,1985,3,66,
154,Adrian,Caldwell,Adrian Caldwell,4/7/1966,Lamar,USA,80,154,FALSE,FALSE,FALSE,-22,-22,-22,
156,Antoine,Carr,Antoine Carr,23/7/1961,Wichita State,USA,81,225,FALSE,TRUE,FALSE,1983,1,8,
157,Derek,Harper,Derek Harper,13/10/1961,Illinois,USA,76,206,TRUE,FALSE,FALSE,1983,1,11,
160,Tim,Breaux,Tim Breaux,19/9/1970,Wyoming,USA,79,215,FALSE,TRUE,FALSE,-1,-1,-1,
164,Chris,Childs,Chris Childs,20/11/1967,Boise State,USA,75,195,TRUE,FALSE,FALSE,-1,-1,-1,
165,Hakeem,Olajuwon,Hakeem Olajuwon,21/1/1963,Houston,Nigeria,84,255,FALSE,FALSE,TRUE,1984,1,1,
166,Ron,Harper,Ron Harper,20/1/1964,Miami (Ohio),USA,78,215,TRUE,FALSE,FALSE,1986,1,8,
168,Chris,Mills,Chris Mills,25/1/1970,Arizona,USA,79,220,FALSE,TRUE,FALSE,1993,1,22,
170,Joe,Kleine,Joe Kleine,4/1/1962,Arkansas,USA,83,255,FALSE,FALSE,TRUE,1985,1,6,
173,Keith,Askins,Keith Askins,15/12/1967,Alabama,USA,80,173,TRUE,TRUE,FALSE,-22,-22,-22,
174,John,Battle,John Battle,9/11/1962,Rutgers,USA,74,174,TRUE,FALSE,FALSE,1985,4,84,
175,Alton,Lister,Alton Lister,1/10/1958,Arizona State,USA,84,245,FALSE,TRUE,TRUE,1981,1,21,
176,Antonio,Harvey,Antonio Harvey,6/7/1970,Pfeiffer,USA,83,250,FALSE,TRUE,TRUE,-1,-1,-1,
177,Muggsy,Bogues,Muggsy Bogues,9/1/1965,Wake Forest,USA,,,TRUE,FALSE,FALSE,1987,1,12,
178,Olden,Polynice,Olden Polynice,21/11/1964,Virginia,USA,82,178,FALSE,FALSE,FALSE,1987,1,8,
179,Bryant,Stith,Bryant Stith,10/12/1970,Virginia,USA,77,210,TRUE,FALSE,FALSE,1992,1,13,
180,John,Crotty,John Crotty,15/7/1969,Virginia,USA,,,TRUE,FALSE,FALSE,-1,-1,-1,
181,Kenny,Smith,Kenny Smith,8/3/1965,North Carolina,USA,75,170,TRUE,FALSE,FALSE,1987,1,6,
182,Billy,Owens,Billy Owens,1/5/1969,Syracuse,USA,81,225,TRUE,TRUE,FALSE,1991,1,3,
183,Bison,Dele,Bison Dele,6/4/1969,Arizona,USA,83,260,FALSE,TRUE,TRUE,1991,1,10,
184,Bobby,Phills,Bobby Phills,20/12/1969,Southern,USA,77,184,FALSE,FALSE,FALSE,1991,2,45,
185,Chris,Webber,Chris Webber,1/3/1973,Michigan,USA,82,245,FALSE,TRUE,TRUE,1993,1,1,
187,Terry,Cummings,Terry Cummings,15/3/1961,DePaul,USA,81,220,FALSE,TRUE,FALSE,1982,1,2,
189,B.J.,Tyler,B.J. Tyler,30/4/1971,Texas-Austin,USA,73,185,TRUE,FALSE,FALSE,1994,1,20,
190,Duane,Causwell,Duane Causwell,31/5/1968,Temple,USA,84,255,FALSE,FALSE,TRUE,1990,1,18,
192,Dennis,Scott,Dennis Scott,5/9/1968,Georgia Tech,USA,80,229,FALSE,TRUE,FALSE,1990,1,4,
193,Anthony,Mason,Anthony Mason,14/12/1966,Tennessee State,USA,80,255,FALSE,TRUE,FALSE,1988,3,53,
194,Anthony,Bowie,Anthony Bowie,9/11/1963,Oklahoma,USA,78,194,TRUE,FALSE,FALSE,1986,3,66,
195,Lee,Mayberry,Lee Mayberry,12/6/1970,Arkansas,USA,73,195,FALSE,FALSE,FALSE,1992,1,23,
197,Scott,Burrell,Scott Burrell,12/1/1971,Connecticut,USA,79,218,TRUE,FALSE,FALSE,1993,1,20,
198,Danny,Ferry,Danny Ferry,17/10/1966,Duke,USA,82,235,FALSE,TRUE,FALSE,1989,1,2,
199,Reggie,Williams,Reggie Williams,5/3/1964,Georgetown,USA,,,,,,1987,1,4,
201,Chris,Dudley,Chris Dudley,22/2/1965,Yale,USA,83,201,FALSE,FALSE,TRUE,1987,4,75,
202,Gary,Grant,Gary Grant,21/4/1965,Michigan,USA,,202,FALSE,FALSE,FALSE,1988,1,15,
203,Nate,McMillan,Nate McMillan,3/8/1964,North Carolina State,USA,77,210,TRUE,TRUE,FALSE,1986,2,30,
204,Jeff,Hornacek,Jeff Hornacek,3/5/1963,Iowa State,USA,76,204,TRUE,FALSE,FALSE,1986,2,46,
208,Sam,Cassell,Sam Cassell,18/11/1969,Florida State,USA,75,208,TRUE,FALSE,FALSE,1993,1,24,
209,Dell,Curry,Dell Curry,25/6/1964,Virginia Tech,USA,77,205,TRUE,TRUE,FALSE,1986,1,15,
210,Terrell,Brandon,Terrell Brandon,20/5/1970,Oregon,USA,71,173,TRUE,FALSE,FALSE,1991,1,11,
211,Eric,Mobley,Eric Mobley,1/2/1970,Pittsburgh,USA,83,235,FALSE,FALSE,TRUE,1994,1,18,
212,Yinka,Dare,Yinka Dare,10/10/1972,George Washington,USA,84,265,FALSE,FALSE,TRUE,1994,1,14,
213,Antonio,Davis,Antonio Davis,31/10/1968,Texas-El Paso,USA,81,245,FALSE,TRUE,TRUE,1990,2,45,
216,Brian,Shaw,Brian Shaw,22/3/1966,California-Santa Barbara,USA,78,200,TRUE,FALSE,FALSE,1988,1,24,
219,Vinny,Del Negro,Vinny Del Negro,9/8/1966,North Carolina State,USA,,219,FALSE,FALSE,FALSE,1988,2,29,
221,Clar.,Weatherspoon,Clar. Weatherspoon,8/9/1970,Southern Mississippi,USA,79,270,FALSE,TRUE,FALSE,1992,1,9,
223,Bill,Curley,Bill Curley,29/5/1972,Boston College,USA,,,FALSE,TRUE,FALSE,1994,1,22,
224,Eddie,Jones,Eddie Jones,20/10/1971,Temple,USA,78,200,TRUE,TRUE,FALSE,1994,1,10,
226,Antonio,Lang,Antonio Lang,15/5/1972,Duke,USA,80,205,FALSE,TRUE,FALSE,1994,2,29,
228,Adam,Keefe,Adam Keefe,22/2/1970,Stanford,USA,81,230,FALSE,TRUE,FALSE,1992,1,10,
229,James,Edwards,James Edwards,22/11/1955,Washington,USA,85,229,FALSE,FALSE,TRUE,1977,3,46,
234,Khalid,Reeves,Khalid Reeves,15/7/1972,Arizona,USA,75,199,TRUE,FALSE,FALSE,1994,1,12,
236,Kevin,Edwards,Kevin Edwards,30/10/1965,DePaul,USA,75,210,TRUE,FALSE,FALSE,1988,1,20,
238,Tyrone,Hill,Tyrone Hill,19/3/1968,Xavier,USA,81,250,FALSE,TRUE,FALSE,1990,1,11,
239,Darrick,Martin,Darrick Martin,6/3/1971,UCLA,USA,71,170,TRUE,FALSE,FALSE,-1,-1,-1,
240,Brooks,Thompson,Brooks Thompson,19/7/1970,Oklahoma State,USA,76,193,TRUE,FALSE,FALSE,1994,1,27,
241,Darrin,Hancock,Darrin Hancock,3/11/1971,Kansas,USA,79,205,FALSE,TRUE,FALSE,1994,2,38,
243,Aaron,McKie,Aaron McKie,2/10/1972,Temple,USA,77,209,TRUE,FALSE,FALSE,1994,1,17,
244,Dee,Brown,Dee Brown,29/11/1968,Jacksonville,USA,,,TRUE,FALSE,FALSE,1990,1,19,
246,Greg,Anderson,Greg Anderson,22/6/1964,Houston,USA,82,250,FALSE,TRUE,TRUE,1987,1,23,
247,Joe,Dumars,Joe Dumars,24/5/1963,McNeese State,USA,75,247,TRUE,FALSE,FALSE,1985,1,18,
248,George,Lynch,George Lynch,3/9/1970,North Carolina,USA,80,235,FALSE,TRUE,FALSE,1993,1,12,
251,Sean,Elliott,Sean Elliott,2/2/1968,Arizona,USA,80,220,FALSE,TRUE,FALSE,1989,1,3,
252,Karl,Malone,Karl Malone,24/7/1963,Louisiana Tech,USA,81,259,FALSE,TRUE,FALSE,1985,1,13,
255,Grant,Hill,Grant Hill,5/10/1972,Duke,USA,80,225,FALSE,TRUE,FALSE,1994,1,3,
258,Brian,Grant,Brian Grant,5/3/1972,Xavier,USA,81,254,FALSE,TRUE,TRUE,1994,1,8,
262,Michael,Cage,Michael Cage,28/1/1962,San Diego State,USA,81,224,FALSE,FALSE,TRUE,1984,1,14,
265,Harvey,Grant,Harvey Grant,4/7/1965,Oklahoma,USA,81,225,FALSE,TRUE,FALSE,1988,1,12,
270,Horace,Grant,Horace Grant,4/7/1965,Clemson,USA,82,270,FALSE,FALSE,TRUE,1987,1,10,
271,Johnny,Newman,Johnny Newman,28/11/1963,Richmond,USA,79,210,FALSE,TRUE,FALSE,1986,2,29,
273,Duane,Ferrell,Duane Ferrell,28/2/1965,Georgia Tech,USA,79,215,FALSE,TRUE,FALSE,-1,-1,-1,
275,Allan,Houston,Allan Houston,20/4/1971,Tennessee,USA,78,205,TRUE,FALSE,FALSE,1993,1,11,
278,Stacey,Augmon,Stacey Augmon,1/8/1968,UNLV,USA,80,213,TRUE,TRUE,FALSE,1991,1,9,
279,Charles,Jones,Charles Jones,3/4/1957,Albany State (GA),USA,81,215,FALSE,TRUE,TRUE,1979,8,165,
280,Felton,Spencer,Felton Spencer,5/1/1968,Louisville,USA,84,290,FALSE,FALSE,TRUE,1990,1,6,
281,Scott,Williams,Scott Williams,21/3/1968,North Carolina,USA,82,260,FALSE,TRUE,TRUE,-1,-1,-1,
283,Lindsey,Hunter,Lindsey Hunter,3/12/1970,Jackson State,USA,74,195,TRUE,FALSE,FALSE,1993,1,10,
285,Greg,Grant,Greg Grant,29/8/1966,College of New Jersey,USA,67,140,TRUE,FALSE,FALSE,1989,2,52,
287,Eric,Leckner,Eric Leckner,27/5/1966,Wyoming,USA,83,265,FALSE,FALSE,TRUE,1988,1,17,
288,Armen,Gilliam,Armen Gilliam,28/5/1964,UNLV,USA,81,260,FALSE,TRUE,FALSE,1987,1,2,
289,Ledell,Eackles,Ledell Eackles,24/11/1966,New Orleans,USA,77,231,TRUE,FALSE,FALSE,1988,2,36,
291,Ed,Pinckney,Ed Pinckney,27/3/1963,Villanova,USA,81,240,FALSE,TRUE,FALSE,1985,1,10,
292,Anthony,Miller,Anthony Miller,22/10/1971,Michigan State,USA,81,255,FALSE,TRUE,FALSE,1994,2,39,
293,Charles,Smith,Charles Smith,16/7/1965,Pittsburgh,USA,82,244,FALSE,TRUE,FALSE,1988,1,3,
296,Rick,Fox,Rick Fox,24/7/1969,North Carolina,Canada,79,235,FALSE,TRUE,FALSE,1991,1,24,
297,Alonzo,Mourning,Alonzo Mourning,8/2/1970,Georgetown,USA,82,261,FALSE,FALSE,TRUE,1992,1,2,
299,Glenn,Robinson,Glenn Robinson,10/1/1973,Purdue,USA,79,240,FALSE,TRUE,FALSE,1994,1,1,
302,Mookie,Blaylock,Mookie Blaylock,20/3/1967,Oklahoma,USA,,,TRUE,FALSE,FALSE,1989,1,12,
304,John,Stockton,John Stockton,26/3/1962,Gonzaga,USA,73,175,TRUE,FALSE,FALSE,1984,1,16,
305,Robert,Parish,Robert Parish,30/8/1953,Centenary-Louisiana,USA,85,244,FALSE,FALSE,TRUE,1976,1,8,
306,Steve,Colter,Steve Colter,24/7/1962,New Mexico State,USA,75,306,TRUE,FALSE,FALSE,1984,2,33,
308,Derrick,Alston,Derrick Alston,20/8/1972,Duquesne,USA,83,225,FALSE,FALSE,TRUE,1994,2,33,
310,Bobby,Hurley,Bobby Hurley,28/6/1971,Duke,USA,72,165,TRUE,FALSE,FALSE,1993,1,7,
313,Vern,Fleming,Vern Fleming,4/2/1962,Georgia,USA,77,313,TRUE,FALSE,FALSE,1984,1,18,
316,Richard,Manning,Richard Manning,23/6/1970,Washington,USA,83,245,FALSE,FALSE,TRUE,1993,2,40,
317,John,Starks,John Starks,10/8/1965,Oklahoma State,USA,77,190,TRUE,FALSE,FALSE,-1,-1,-1,
320,Jamie,Watson,Jamie Watson,23/2/1972,South Carolina,USA,79,190,FALSE,TRUE,FALSE,1994,2,47,
321,Scott,Haskin,Scott Haskin,19/9/1970,Oregon State,USA,83,250,FALSE,TRUE,FALSE,1993,1,14,
323,Greg,Foster,Greg Foster,3/10/1968,Texas-El Paso,USA,83,250,FALSE,FALSE,TRUE,1990,2,35,
324,Anthony,Peeler,Anthony Peeler,25/11/1969,Missouri,USA,76,208,TRUE,FALSE,FALSE,1992,1,15,
328,Rick,Mahorn,Rick Mahorn,21/9/1958,Hampton,USA,82,328,FALSE,TRUE,FALSE,1980,2,35,
330,Danny,Manning,Danny Manning,17/5/1966,Kansas,USA,82,234,FALSE,TRUE,TRUE,1988,1,1,
333,Kevin,Gamble,Kevin Gamble,13/11/1965,Iowa,USA,77,210,FALSE,TRUE,FALSE,1987,3,63,
335,Willie,Anderson,Willie Anderson,8/1/1967,Georgia,USA,80,200,TRUE,TRUE,FALSE,1988,1,10,
339,Tom,Gugliotta,Tom Gugliotta,19/12/1969,North Carolina State,USA,82,250,FALSE,TRUE,FALSE,1992,1,6,
340,Kevin,Pritchard,Kevin Pritchard,17/7/1967,Kansas,USA,75,180,TRUE,FALSE,FALSE,1990,2,34,
341,Joe,Wolf,Joe Wolf,17/12/1964,North Carolina,USA,83,341,FALSE,FALSE,FALSE,1987,1,13,
342,Andy,Toolson,Andy Toolson,19/1/1966,Brigham Young,USA,78,210,FALSE,TRUE,FALSE,-1,-1,-1,
344,Dana,Barros,Dana Barros,13/4/1967,Boston College,USA,71,165,TRUE,FALSE,FALSE,1989,1,16,
345,Terry,Porter,Terry Porter,8/4/1963,Wisconsin-Stevens Point,USA,75,205,TRUE,FALSE,FALSE,1985,1,24,
346,Doug,Edwards,Doug Edwards,21/1/1971,Florida State,USA,79,235,FALSE,TRUE,FALSE,1993,1,15,
348,Mitchell,Butler,Mitchell Butler,15/12/1970,UCLA,USA,77,210,TRUE,FALSE,FALSE,-1,-1,-1,
349,Mark,Jackson,Mark Jackson,1/4/1965,St. John's (NY),USA,75,195,TRUE,FALSE,FALSE,1987,1,18,
351,Stacey,King,Stacey King,29/1/1967,Oklahoma,USA,83,250,FALSE,TRUE,TRUE,1989,1,6,
353,Darrell,Armstrong,Darrell Armstrong,22/6/1968,Fayetteville State,USA,73,180,TRUE,FALSE,FALSE,-1,-1,-1,
355,Vincent,Askew,Vincent Askew,28/2/1966,Memphis,USA,78,210,TRUE,FALSE,FALSE,1987,2,39,
356,Chris,Morris,Chris Morris,20/1/1966,Auburn,USA,80,228,FALSE,TRUE,FALSE,1988,1,4,
357,Greg,Sutton,Greg Sutton,3/12/1967,Oral Roberts,USA,74,185,TRUE,FALSE,FALSE,1991,2,49,
358,Anfernee,Hardaway,Anfernee Hardaway,18/7/1971,Memphis,USA,79,215,FALSE,TRUE,FALSE,1993,1,3,
359,Chucky,Brown,Chucky Brown,29/2/1968,North Carolina State,USA,80,359,FALSE,TRUE,FALSE,1989,2,43,
361,Clifford,Robinson,Clifford Robinson,16/12/1966,Connecticut,USA,82,245,FALSE,TRUE,TRUE,1989,2,36,
363,Christian,Laettner,Christian Laettner,17/8/1969,Duke,USA,83,245,FALSE,TRUE,TRUE,1992,1,3,
364,Rex,Chapman,Rex Chapman,5/10/1967,Kentucky,USA,76,185,TRUE,FALSE,FALSE,1988,1,8,
365,Derrick,McKey,Derrick McKey,10/10/1966,Alabama,USA,82,241,FALSE,TRUE,FALSE,1987,1,9,
368,Dwayne,Schintzius,Dwayne Schintzius,14/10/1968,Florida,USA,86,285,FALSE,FALSE,TRUE,1990,1,24,
369,Charlie,Ward,Charlie Ward,12/10/1970,Florida State,USA,74,185,TRUE,FALSE,FALSE,1994,1,26,
371,Terry,Mills,Terry Mills,21/12/1967,Michigan,USA,,,FALSE,TRUE,FALSE,1990,1,16,
375,Isaiah,Rider,Isaiah Rider,12/3/1971,UNLV,USA,,,TRUE,FALSE,FALSE,1993,1,5,
376,Eric,Montross,Eric Montross,23/9/1971,North Carolina,USA,84,270,FALSE,FALSE,TRUE,1994,1,9,
378,Craig,Ehlo,Craig Ehlo,11/8/1961,Washington State,USA,78,180,TRUE,FALSE,FALSE,1983,3,48,
380,Tony,Smith,Tony Smith,14/6/1968,Marquette,USA,,380,FALSE,FALSE,FALSE,1990,2,51,
381,James,Robinson,James Robinson,31/8/1970,Alabama,USA,,,TRUE,FALSE,FALSE,1993,1,21,
383,Kendall,Gill,Kendall Gill,25/5/1968,Illinois,USA,77,216,TRUE,FALSE,FALSE,1990,1,5,
384,Calbert,Cheaney,Calbert Cheaney,17/7/1971,Indiana,USA,79,210,TRUE,TRUE,FALSE,1993,1,6,
386,Elliot,Perry,Elliot Perry,28/3/1969,Memphis,USA,,,TRUE,FALSE,FALSE,1991,2,37,
389,Toni,Kukoc,Toni Kukoc,18/9/1968,Benetton Treviso,Croatia,83,235,FALSE,TRUE,FALSE,1990,2,29,
390,Sasha,Danilovic,Sasha Danilovic,26/2/1970,Virtus Bologna,Serbia,78,200,TRUE,FALSE,FALSE,1992,2,43,
393,Rod,Strickland,Rod Strickland,11/7/1966,DePaul,USA,75,185,TRUE,FALSE,FALSE,1988,1,19,
397,Reggie,Miller,Reggie Miller,24/8/1965,UCLA,USA,79,397,TRUE,FALSE,FALSE,1987,1,11,
399,Sean,Rooks,Sean Rooks,9/9/1969,Arizona,USA,82,399,FALSE,FALSE,TRUE,1992,2,30,
400,Derek,Strong,Derek Strong,9/2/1968,Xavier,USA,81,240,FALSE,TRUE,FALSE,1990,2,47,
402,Jon,Koncak,Jon Koncak,17/5/1963,Southern Methodist,USA,84,250,FALSE,FALSE,TRUE,1985,1,5,
404,Kevin,Duckworth,Kevin Duckworth,1/4/1964,Eastern Illinois,USA,84,300,FALSE,FALSE,TRUE,1986,2,33,
406,Shaquille,O'Neal,Shaquille O'Neal,6/3/1972,Louisiana State,USA,85,325,FALSE,FALSE,TRUE,1992,1,1,
412,Sharone,Wright,Sharone Wright,30/1/1973,Clemson,USA,83,260,FALSE,FALSE,TRUE,1994,1,6,
416,Willie,Burton,Willie Burton,26/5/1968,Minnesota,USA,80,210,FALSE,TRUE,FALSE,1990,1,9,
417,Sam,Mitchell,Sam Mitchell,2/9/1963,Mercer,USA,79,215,FALSE,TRUE,FALSE,1985,3,54,
418,Scott,Brooks,Scott Brooks,31/7/1965,California-Irvine,USA,71,165,TRUE,FALSE,FALSE,-1,-1,-1,
420,Jayson,Williams,Jayson Williams,22/2/1968,St. John's (NY),USA,81,240,FALSE,TRUE,FALSE,1990,1,21,
422,Avery,Johnson,Avery Johnson,25/3/1965,Southern,USA,71,185,TRUE,FALSE,FALSE,-1,-1,-1,
423,Chris,Gatling,Chris Gatling,3/9/1967,Old Dominion,USA,,,FALSE,TRUE,FALSE,1991,1,16,
426,Terry,Davis,Terry Davis,17/6/1967,Virginia Union,USA,82,270,FALSE,TRUE,TRUE,-1,-1,-1,
428,Sherman,Douglas,Sherman Douglas,15/9/1966,Syracuse,USA,,,TRUE,FALSE,FALSE,1989,2,28,
431,Shawn,Kemp,Shawn Kemp,26/11/1969,Concord HS (IN),USA,82,280,FALSE,TRUE,FALSE,1989,1,17,
432,Pete,Chilcutt,Pete Chilcutt,14/9/1968,North Carolina,USA,82,432,FALSE,TRUE,FALSE,1991,1,27,
433,Buck,Williams,Buck Williams,8/3/1960,Maryland,USA,80,225,FALSE,TRUE,FALSE,1981,1,3,
434,Tony,Dumas,Tony Dumas,25/8/1972,Missouri-Kansas City,USA,78,190,TRUE,FALSE,FALSE,1994,1,19,
435,Carlos,Rogers,Carlos Rogers,6/2/1971,Tennessee State,USA,83,435,FALSE,TRUE,TRUE,1994,1,11,
436,Juwan,Howard,Juwan Howard,7/2/1973,Michigan,USA,81,250,FALSE,TRUE,FALSE,1994,1,5,
438,Robert,Werdann,Robert Werdann,12/9/1970,St. John's (NY),USA,83,250,FALSE,FALSE,TRUE,1992,2,46,
440,Zan,Tabak,Zan Tabak,15/6/1970,Olimpia Milano,Croatia,84,257,FALSE,FALSE,TRUE,1991,2,51,
441,Lamond,Murray,Lamond Murray,20/4/1973,California,USA,79,235,FALSE,TRUE,FALSE,1994,1,7,
442,Pervis,Ellison,Pervis Ellison,3/4/1967,Louisville,USA,,,FALSE,FALSE,TRUE,1989,1,1,
445,Wesley,Person,Wesley Person,28/3/1971,Auburn,USA,78,200,TRUE,TRUE,FALSE,1994,1,23,
446,Lucious,Harris,Lucious Harris,18/12/1970,Long Beach State,USA,77,205,TRUE,FALSE,FALSE,1993,2,28,
448,Bo,Outlaw,Bo Outlaw,13/4/1971,Houston,USA,80,220,FALSE,TRUE,FALSE,-1,-1,-1,
452,Vin,Baker,Vin Baker,23/11/1971,Hartford,USA,83,240,FALSE,TRUE,FALSE,1993,1,8,
456,Chuck,Person,Chuck Person,27/6/1964,Auburn,USA,80,241,FALSE,TRUE,FALSE,1986,1,4,
457,Andrew,Lang,Andrew Lang,28/6/1966,Arkansas,USA,83,275,FALSE,FALSE,TRUE,1988,2,28,
458,Howard,Eisley,Howard Eisley,4/12/1972,Boston College,USA,74,185,TRUE,FALSE,FALSE,1994,2,30,
460,Trevor,Ruffin,Trevor Ruffin,26/9/1970,Hawaii,USA,73,460,TRUE,FALSE,FALSE,-22,-22,-22,
461,Popeye,Jones,Popeye Jones,17/6/1970,Murray State,USA,80,265,FALSE,TRUE,FALSE,1992,2,41,
462,J.R.,Reid,J.R. Reid,31/3/1968,North Carolina,USA,,,FALSE,TRUE,FALSE,1989,1,5,
467,Jason,Kidd,Jason Kidd,23/3/1973,California,USA,76,210,TRUE,FALSE,FALSE,1994,1,2,
468,Jon,Barry,Jon Barry,25/7/1969,Georgia Tech,USA,77,210,TRUE,FALSE,FALSE,1992,1,21,
469,Jamal,Mashburn,Jamal Mashburn,29/11/1972,Kentucky,USA,80,247,FALSE,TRUE,FALSE,1993,1,4,
470,Doc,Rivers,Doc Rivers,13/10/1961,Marquette,USA,76,210,TRUE,FALSE,FALSE,1983,2,31,
474,Stefano,Rusconi,Stefano Rusconi,10/2/1968,Benetton Treviso,Italy,81,240,FALSE,TRUE,FALSE,1990,2,52,
475,Doug,Smith,Doug Smith,17/9/1969,Missouri,USA,82,220,FALSE,TRUE,FALSE,1991,1,6,
500,Barrett,Barrett,Barrett Barrett,,,,,,,,,,,,
501,Cakarevic,Cakarevic,Cakarevic Cakarevic,,,,,,,,,,,,
502,Diakite,Diakite,Diakite Diakite,,,,,,,,,,,,
504,Foirest,Foirest,Foirest Foirest,,,,,,,,,,,,
505,Brian,Greene,Brian Greene,,,,,,,,,,,,
507,Masingue,Masingue,Masingue Masingue,,,,,,,,,,,,
509,Amara,Sy,Amara Sy,,,,,,,,,,,,
510,Troutman,Troutman,Troutman Troutman,,,,,,,,,,,,
511,Melvin,Booker,Melvin Booker,20/8/1972,Missouri,USA,74,511,TRUE,FALSE,FALSE,-22,-22,-22,
512,Vladimir,Diachok,Vladimir Diachok,,,,,,,,,,,,
513,Vitaly,Fridzon,Vitaly Fridzon,,,,,,,,,,,,
514,Boris,Gorenc,Boris Gorenc,,,,,,,,,,,,
516,Sergey,Krasnikov,Sergey Krasnikov,,,,,,,,,,,,
518,Timofey,Mozgov,Timofey Mozgov,,,,,,,,,,,,
519,Ademola,Okulaja,Ademola Okulaja,,,,,,,,,,,,
520,Pavel,Podkolzin,Pavel Podkolzin,,,,,,,,,,,,
521,G.,Pozzecco,G. Pozzecco,,,,,,,,,,,,
522,Savkov,Savkov,Savkov Savkov,,,,,,,,,,,,
523,Torres,Torres,Torres Torres,,,,,,,,,,,,
524,Wolkowyski,Wolkowyski,Wolkowyski Wolkowyski,,,,,,,,,,,,
525,Andersen,Andersen,Andersen Andersen,,,,,,,,,,,,
526,Holden,Holden,Holden Holden,,,,,,,,,,,,
527,Kurbanov,Kurbanov,Kurbanov Kurbanov,,,,,,,,,,,,
528,Trajan,Langdon,Trajan Langdon,,,,,,,,,,,,
529,Pachoutine,Pachoutine,Pachoutine Pachoutine,,,,,,,,,,,,
530,Theo,Papaloukas,Theo Papaloukas,,,,,,,,,,,,
531,Anton,Ponkrashov,Anton Ponkrashov,,,,,,,,,,,,
533,Smodis,Smodis,Smodis Smodis,,,,,,,,,,,,
534,Van Den Spiegel,Van Den Spiegel,Van Den Spiegel Van Den Spiegel,,,,,,,,,,,,
535,Vanterpool,Vanterpool,Vanterpool Vanterpool,,,,,,,,,,,,
536,Voroncevich,Voroncevich,Voroncevich Voroncevich,,,,,,,,,,,,
537,Bodiroga,Bodiroga,Bodiroga Bodiroga,,,,,,,,,,,,
538,Cinciarini,Cinciarini,Cinciarini Cinciarini,,,,,,,,,,,,
539,Garri,Garri,Garri Garri,,,,,,,,,,,,
540,Giachetti,Giachetti,Giachetti Giachetti,,,,,,,,,,,,
541,Hawkins,Hawkins,Hawkins Hawkins,,,,,,,,,,,,
542,Ilievski,Ilievski,Ilievski Ilievski,,,,,,,,,,,,
543,Mavrokefalidis,Mavrokefalidis,Mavrokefalidis Mavrokefalidis,,,,,,,,,,,,
544,Moiso,Moiso,Moiso Moiso,,,,,,,,,,,,
545,Righetti,Righetti,Righetti Righetti,,,,,,,,,,,,
546,Tonolli,Tonolli,Tonolli Tonolli,,,,,,,,,,,,
547,Arnold,Arnold,Arnold Arnold,,,,,,,,,,,,
548,Buford,Buford,Buford Buford,,,,,,,,,,,,
550,Will,Bynum,Will Bynum,,,,,,,,,,,,
551,Omri,Casspi,Omri Casspi,,,,,,,,,,,,
552,Elyahu,Elyahu,Elyahu Elyahu,,,,,,,,,,,,
554,Green,Green,Green Green,,,,,,,,,,,,
555,Jasaitis,Jasaitis,Jasaitis Jasaitis,,,,,,,,,,,,
556,Derrick,Sharp,Derrick Sharp,,,,,,,,,,,,
557,Shason,Shason,Shason Shason,,,,,,,,,,,,
558,,Austin, Austin,,,,,,,,,,,,
559,Basile,Basile,Basile Basile,,,,,,,,,,,,
560,de la Fuente,de la Fuente,de la Fuente de la Fuente,,,,,,,,,,,,
561,Grimau,Grimau,Grimau Grimau,,,,,,,,,,,,
562,Kakiouzis,Kakiouzis,Kakiouzis Kakiouzis,,,,,,,,,,,,
563,Kasun,Kasun,Kasun Kasun,,,,,,,,,,,,
564,Lakovic,Lakovic,Lakovic Lakovic,,,,,,,,,,,,
565,Marconato,Marconato,Marconato Marconato,,,,,,,,,,,,
566,Navarro,Navarro,Navarro Navarro,,,,,,,,,,,,
567,Trias,Trias,Trias Trias,,,,,,,,,,,,
568,Ukic,Ukic,Ukic Ukic,,,,,,,,,,,,
569,Vazquez,Vazquez,Vazquez Vazquez,,,,,,,,,,,,
572,Yotam,Halperin,Yotam Halperin,,,,,,,,,,,,
574,Cenk,Akyol,Cenk Akyol,,,,,,,,,,,,
575,Kerem,Gonlum,Kerem Gonlum,,,,,,,,,,,,
577,Marcus,Haislip,Marcus Haislip,,,,,,,,,,,,
578,Baris,Hersek,Baris Hersek,,,,,,,,,,,,
579,Horace,Jenkins,Horace Jenkins,,,,,,,,,,,,
580,Ermal,Kurtoglu,Ermal Kurtoglu,,,,,,,,,,,,
581,Drew,Nicholas,Drew Nicholas,,,,,,,,,,,,
582,Mustafa,Abi,Mustafa Abi,,,,,,,,,,,,
583,Cuneyt,Erden,Cuneyt Erden,,,,,,,,,,,,
584,Bora Hun,Pacun,Bora Hun Pacun,,,,,,,,,,,,
586,Ermal,Kuqo,Ermal Kuqo,,,,,,,,,,,,
587,Antoine,Eito,Antoine Eito,,,,,,,,,,,,
588,Harold,Mrazek,Harold Mrazek,,,,,,,,,,,,
589,Kevin,Joss-rauze,Kevin Joss-rauze,,,,,,,,,,,,
590,Ender,Arslan,Ender Arslan,,,,,,,,,,,,
591,Andre,Hutson,Andre Hutson,,,,,,,,,,,,
671,Donnie,Boyce,Donnie Boyce,2/9/1973,Colorado,USA,77,196,TRUE,FALSE,FALSE,1995,2,42,
672,Matt,Bullard,Matt Bullard,5/6/1967,Iowa,USA,82,229,FALSE,TRUE,FALSE,-1,-1,-1,
673,Alan,Henderson,Alan Henderson,2/12/1972,Indiana,USA,81,240,FALSE,TRUE,TRUE,1995,1,16,
674,Reggie,Jordan,Reggie Jordan,26/1/1968,New Mexico State,USA,76,195,TRUE,FALSE,FALSE,-1,-1,-1,
675,Junior,Burrough,Junior Burrough,18/1/1973,Virginia,USA,80,242,FALSE,TRUE,FALSE,1995,2,33,
676,Thomas,Hamilton,Thomas Hamilton,3/4/1975,Pittsburgh,USA,86,330,FALSE,FALSE,TRUE,-1,-1,-1,
677,Eric,Williams,Eric Williams,17/7/1972,Providence,USA,80,220,TRUE,TRUE,FALSE,1995,1,14,
678,George,Zidek,George Zidek,2/8/1973,UCLA,USA,84,250,FALSE,FALSE,TRUE,1995,1,22,
679,Jason,Caffey,Jason Caffey,12/6/1973,Alabama,USA,80,256,FALSE,TRUE,FALSE,1995,1,20,
680,John,Amaechi,John Amaechi,26/11/1970,Penn State,United Kingdom,82,270,FALSE,TRUE,TRUE,-1,-1,-1,
681,Donny,Marshall,Donny Marshall,17/7/1972,Connecticut,USA,79,230,FALSE,TRUE,FALSE,1995,2,39,
682,Bob,Sura,Bob Sura,25/3/1973,Florida State,USA,77,200,TRUE,FALSE,FALSE,1995,1,17,
683,Darryl,Johnson,Darryl Johnson,26/10/1965,Michigan State,USA,73,170,TRUE,FALSE,FALSE,1987,3,58,
684,Loren,Meyer,Loren Meyer,30/12/1972,Iowa State,USA,82,684,FALSE,TRUE,TRUE,1995,1,24,
685,Cherokee,Parks,Cherokee Parks,11/10/1972,Duke,USA,83,240,FALSE,TRUE,TRUE,1995,1,12,
686,Antonio,McDyess,Antonio McDyess,7/9/1974,Alabama,USA,81,245,FALSE,TRUE,TRUE,1995,1,2,
687,Rastko,Cvetkovic,Rastko Cvetkovic,22/6/1970,Crvena zvezda,Serbia,85,260,FALSE,FALSE,TRUE,-1,-1,-1,
688,Michael,Curry,Michael Curry,22/8/1968,Georgia Southern,USA,77,210,TRUE,TRUE,FALSE,-1,-1,-1,
689,Theo,Ratliff,Theo Ratliff,17/4/1973,Wyoming,USA,82,235,FALSE,FALSE,TRUE,1995,1,18,
690,Don,Reid,Don Reid,30/12/1973,Georgetown,USA,80,250,FALSE,TRUE,FALSE,1995,2,58,
691,Lou,Roe,Lou Roe,14/7/1972,Massachusetts,USA,79,220,FALSE,TRUE,FALSE,1995,2,30,
692,Andrew,DeClercq,Andrew DeClercq,1/2/1973,Florida,USA,82,255,FALSE,FALSE,TRUE,1995,2,34,
693,Joe,Smith,Joe Smith,26/7/1975,Maryland,USA,82,225,FALSE,TRUE,TRUE,1995,1,1,
694,Sam,Mack,Sam Mack,26/5/1970,Houston,USA,,,TRUE,FALSE,FALSE,-1,-1,-1,
695,Eldridge,Recasner,Eldridge Recasner,14/12/1967,Washington,USA,,695,FALSE,FALSE,FALSE,-22,-22,-22,
696,Travis,Best,Travis Best,12/7/1972,Georgia Tech,USA,71,182,TRUE,FALSE,FALSE,1995,1,23,
697,Fred,Hoiberg,Fred Hoiberg,15/10/1972,Iowa State,USA,77,697,TRUE,FALSE,FALSE,1995,2,52,
698,Eddie,Johnson,Eddie Johnson,1/5/1959,Illinois,USA,,,FALSE,TRUE,FALSE,1981,2,29,
699,Brent,Barry,Brent Barry,31/12/1971,Oregon State,USA,79,210,TRUE,FALSE,FALSE,1995,1,15,
700,Keith,Tower,Keith Tower,15/5/1970,Notre Dame,USA,83,250,FALSE,FALSE,TRUE,-1,-1,-1,
701,Frankie,King,Frankie King,6/6/1972,Western Carolina,USA,73,185,TRUE,FALSE,FALSE,1995,2,37,
702,Voshon,Lenard,Voshon Lenard,14/5/1973,Minnesota,USA,76,702,TRUE,FALSE,FALSE,1994,2,46,
703,Kurt,Thomas,Kurt Thomas,4/10/1972,TCU,USA,81,240,FALSE,TRUE,FALSE,1995,1,10,
704,Shawn,Respert,Shawn Respert,6/2/1972,Michigan State,USA,73,195,TRUE,FALSE,FALSE,1995,1,8,
705,Randolph,Keys,Randolph Keys,19/4/1966,Southern Mississippi,USA,79,210,FALSE,TRUE,FALSE,1988,1,22,
706,Jerome,Allen,Jerome Allen,28/1/1973,Pennsylvania,USA,76,706,TRUE,FALSE,FALSE,1995,2,49,
707,Mark,Davis,Mark Davis,26/4/1973,Texas Tech,USA,79,205,TRUE,TRUE,FALSE,1995,2,48,
708,Kevin,Garnett,Kevin Garnett,19/5/1976,Farragut Academy HS (IL),USA,83,240,FALSE,TRUE,FALSE,1995,1,5,
709,Ed,O'Bannon,Ed O'Bannon,14/8/1972,UCLA,USA,80,222,FALSE,TRUE,FALSE,1995,1,9,
710,David,Vaughn,David Vaughn,23/3/1973,Memphis,USA,81,240,FALSE,TRUE,FALSE,1995,1,25,
711,Jerry,Stackhouse,Jerry Stackhouse,5/11/1974,North Carolina,USA,78,218,FALSE,TRUE,FALSE,1995,1,3,
712,Mario,Bennett,Mario Bennett,1/8/1973,Arizona State,USA,81,235,FALSE,TRUE,TRUE,1995,1,27,
713,Chris,Carr,Chris Carr,12/3/1974,Southern Illinois,USA,78,220,TRUE,FALSE,FALSE,1995,2,56,
714,Michael,Finley,Michael Finley,6/3/1973,Wisconsin,USA,79,225,TRUE,TRUE,FALSE,1995,1,21,
715,John,Coker,John Coker,28/10/1971,Boise State,USA,,,,,,-1,-1,-1,
716,Rumeal,Robinson,Rumeal Robinson,13/11/1966,Michigan,USA,74,195,TRUE,FALSE,FALSE,1990,1,10,
717,Arvydas,Sabonis,Arvydas Sabonis,19/12/1964,Real Madrid,Lithuania,87,292,FALSE,FALSE,TRUE,1986,1,24,
718,Gary,Trent,Gary Trent,22/9/1974,Ohio,USA,80,250,FALSE,TRUE,FALSE,1995,1,11,
719,Randolph,Childress,Randolph Childress,21/9/1972,Wake Forest,USA,74,188,TRUE,FALSE,FALSE,1995,1,19,
720,Terrence,Rencher,Terrence Rencher,19/2/1973,Texas-Austin,USA,75,185,TRUE,FALSE,FALSE,1995,2,32,
721,Tyus,Edney,Tyus Edney,14/2/1973,UCLA,USA,70,166,TRUE,FALSE,FALSE,1995,2,47,
722,Corliss,Williamson,Corliss Williamson,4/12/1973,Arkansas,USA,79,245,FALSE,TRUE,FALSE,1995,1,13,
723,Clint,McDaniel,Clint McDaniel,26/2/1972,Arkansas,USA,76,180,TRUE,FALSE,FALSE,-1,-1,-1,
724,Cory,Alexander,Cory Alexander,22/6/1973,Virginia,USA,73,190,TRUE,FALSE,FALSE,1995,1,29,
725,Dell,Demps,Dell Demps,12/2/1970,Pacific,USA,75,205,TRUE,FALSE,FALSE,-1,-1,-1,
726,Sherell,Ford,Sherell Ford,26/8/1972,Illinois-Chicago,USA,79,210,FALSE,TRUE,FALSE,1995,1,26,
727,Eric,Snow,Eric Snow,24/4/1973,Michigan State,USA,75,205,TRUE,FALSE,FALSE,1995,2,43,
728,Jimmy,King,Jimmy King,9/8/1973,Michigan,USA,77,210,TRUE,FALSE,FALSE,1995,2,35,
729,Martin,Lewis,Martin Lewis,28/4/1975,Seward County CC,USA,78,225,FALSE,TRUE,FALSE,1995,2,50,
730,Dwayne,Whitfield,Dwayne Whitfield,21/8/1972,Jackson State,USA,79,240,FALSE,TRUE,FALSE,1995,2,40,
731,Greg,Ostertag,Greg Ostertag,6/3/1973,Kansas,USA,86,280,FALSE,FALSE,TRUE,1995,1,28,
732,Ashraf,Amaya,Ashraf Amaya,23/11/1971,Southern Illinois,USA,80,732,FALSE,FALSE,FALSE,-22,-22,-22,
733,Cuonzo,Martin,Cuonzo Martin,23/9/1971,Purdue,USA,77,213,TRUE,FALSE,FALSE,1995,2,57,
734,Lawrence,Moten,Lawrence Moten,25/3/1972,Syracuse,USA,77,185,TRUE,FALSE,FALSE,1995,2,36,
735,Bryant,Reeves,Bryant Reeves,8/6/1973,Oklahoma State,USA,84,290,FALSE,FALSE,TRUE,1995,1,6,
736,Cedric,Lewis,Cedric Lewis,24/9/1969,Maryland,USA,82,235,FALSE,TRUE,FALSE,-1,-1,-1,
737,Bob,McCann,Bob McCann,22/4/1964,Morehead State,USA,78,244,FALSE,TRUE,FALSE,1987,2,32,
738,Bob,Thornton,Bob Thornton,10/7/1962,California-Irvine,USA,82,225,FALSE,TRUE,FALSE,1984,4,87,
739,Rasheed,Wallace,Rasheed Wallace,17/9/1974,North Carolina,USA,83,230,FALSE,TRUE,TRUE,1995,1,4,
753,Randy,Brown,Randy Brown,22/5/1968,New Mexico State,USA,74,190,TRUE,FALSE,FALSE,1991,2,31,
754,Jim,Jackson,Jim Jackson,14/10/1970,Ohio State,USA,78,220,TRUE,TRUE,FALSE,1992,1,4,
757,Damon,Stoudamire,Damon Stoudamire,3/9/1973,Arizona,USA,70,757,TRUE,FALSE,FALSE,1995,1,7,
760,Jerome,Kersey,Jerome Kersey,26/6/1962,Longwood,USA,,,,,,1984,2,46,
761,Matt,Geiger,Matt Geiger,10/9/1969,Georgia Tech,USA,,,FALSE,FALSE,TRUE,1992,2,42,
762,Shawn,Bradley,Shawn Bradley,22/3/1972,Brigham Young,USA,90,275,FALSE,FALSE,TRUE,1993,1,2,
763,Tony,Massenburg,Tony Massenburg,31/7/1967,Maryland,USA,81,250,FALSE,TRUE,TRUE,1990,2,43,
764,David,Robinson,David Robinson,6/8/1965,Navy,USA,85,250,FALSE,FALSE,TRUE,1987,1,1,
765,Hersey,Hawkins,Hersey Hawkins,29/9/1966,Bradley,USA,75,200,TRUE,FALSE,FALSE,1988,1,6,
766,David,Wingate,David Wingate,15/12/1963,Georgetown,USA,77,187,TRUE,TRUE,FALSE,1986,2,44,
767,Terry,Catledge,Terry Catledge,22/8/1963,South Alabama,USA,80,220,FALSE,TRUE,FALSE,1985,1,21,
768,Acie,Earl,Acie Earl,23/6/1970,Iowa,USA,83,240,FALSE,TRUE,TRUE,1993,1,19,
769,B.J.,Armstrong,B.J. Armstrong,9/9/1967,Iowa,USA,74,185,TRUE,FALSE,FALSE,1989,1,18,
770,Mark,West,Mark West,5/11/1960,Old Dominion,USA,82,770,FALSE,FALSE,FALSE,1983,2,30,
771,Elmore,Spencer,Elmore Spencer,6/12/1969,UNLV,USA,84,270,FALSE,FALSE,TRUE,1992,1,25,
777,Rex,Walters,Rex Walters,12/3/1970,Kansas,USA,76,190,TRUE,FALSE,FALSE,1993,1,16,
779,Glen,Rice,Glen Rice,28/5/1967,Michigan,USA,80,228,TRUE,TRUE,FALSE,1989,1,4,
780,Byron,Houston,Byron Houston,22/11/1969,Oklahoma State,USA,77,250,FALSE,TRUE,FALSE,1992,1,27,
781,Will,Perdue,Will Perdue,29/8/1965,Vanderbilt,USA,84,781,FALSE,FALSE,TRUE,1988,1,11,
782,Mitch,Richmond,Mitch Richmond,30/6/1965,Kansas State,USA,77,220,TRUE,FALSE,FALSE,1988,1,5,
783,Frank,Brickowski,Frank Brickowski,14/8/1959,Penn State,USA,81,240,FALSE,TRUE,FALSE,1981,3,57,
785,Eric,Murdock,Eric Murdock,14/6/1968,Providence,USA,73,785,FALSE,FALSE,FALSE,1991,1,21,
786,Gerald,Wilkins,Gerald Wilkins,11/9/1963,Tennessee-Chattanooga,USA,78,185,TRUE,FALSE,FALSE,1985,2,47,
787,Charles,Barkley,Charles Barkley,20/2/1963,Auburn,USA,78,252,FALSE,TRUE,FALSE,1984,1,5,
788,Kevin,Willis,Kevin Willis,6/9/1962,Michigan State,USA,84,245,FALSE,TRUE,TRUE,1984,1,11,
813,Bernie,Bickerstaff,Bernie Bickerstaff,,,,,,,,,,,,
891,Charles,Oakley,Charles Oakley,18/12/1963,Virginia Union,USA,81,245,FALSE,TRUE,FALSE,1985,1,9,
892,Spud,Webb,Spud Webb,13/7/1963,North Carolina State,USA,66,133,TRUE,FALSE,FALSE,1985,4,87,
893,Michael,Jordan,Michael Jordan,17/2/1963,North Carolina,USA,78,216,TRUE,FALSE,FALSE,1984,1,3,
894,Ricky,Pierce,Ricky Pierce,19/8/1959,Rice,USA,76,215,TRUE,FALSE,FALSE,1982,1,18,
895,Tyrone,Corbin,Tyrone Corbin,31/12/1962,DePaul,USA,,,FALSE,TRUE,FALSE,1985,2,35,
896,Tim,Hardaway,Tim Hardaway,1/9/1966,Texas-El Paso,USA,72,195,TRUE,FALSE,FALSE,1989,1,14,
897,Tim,Perry,Tim Perry,4/6/1965,Temple,USA,81,200,FALSE,TRUE,FALSE,1988,1,7,
898,Blue,Edwards,Blue Edwards,31/10/1965,East Carolina,USA,76,200,FALSE,TRUE,FALSE,1989,1,21,
899,Mark,Price,Mark Price,15/2/1964,Georgia Tech,USA,72,180,TRUE,FALSE,FALSE,1986,2,25,
900,Matt,Fish,Matt Fish,18/11/1969,North Carolina-Wilmington,USA,83,900,FALSE,FALSE,FALSE,1992,2,50,
901,Otis,Thorpe,Otis Thorpe,5/8/1962,Providence,USA,82,248,FALSE,TRUE,TRUE,1984,1,9,
902,Bimbo,Coles,Bimbo Coles,22/4/1968,Virginia Tech,USA,74,182,TRUE,FALSE,FALSE,1990,2,40,
903,Geert,Hammink,Geert Hammink,12/7/1969,Louisiana State,Netherlands,84,262,FALSE,TRUE,TRUE,1993,1,26,
904,Chris,Mullin,Chris Mullin,30/7/1963,St. John's (NY),USA,,,FALSE,TRUE,FALSE,1985,1,7,
905,Dale,Davis,Dale Davis,25/3/1969,Clemson,USA,83,252,FALSE,TRUE,TRUE,1991,1,13,
906,Haywoode,Workman,Haywoode Workman,23/1/1966,Oral Roberts,USA,74,180,TRUE,FALSE,FALSE,1989,2,49,
907,Malik,Sealy,Malik Sealy,1/2/1970,St. John's (NY),USA,80,200,TRUE,TRUE,FALSE,1992,1,14,
911,Ervin,Johnson,Ervin Johnson,21/12/1967,New Orleans,USA,83,911,FALSE,FALSE,TRUE,1993,1,23,
912,Rafael,Addison,Rafael Addison,22/7/1964,Syracuse,USA,80,241,FALSE,TRUE,FALSE,1986,2,39,
913,Larry,Johnson,Larry Johnson,14/3/1969,UNLV,USA,79,235,FALSE,TRUE,FALSE,1991,1,1,
914,Stanley,Roberts,Stanley Roberts,7/2/1970,Louisiana State,USA,84,290,FALSE,FALSE,TRUE,1991,1,23,
915,Rodney,Rogers,Rodney Rogers,20/6/1971,Wake Forest,USA,79,915,FALSE,TRUE,FALSE,1993,1,9,
916,Corie,Blount,Corie Blount,4/1/1969,Cincinnati,USA,82,242,FALSE,TRUE,TRUE,1993,1,25,
917,Jack,Haley,Jack Haley,27/1/1964,UCLA,USA,82,240,FALSE,TRUE,FALSE,1987,4,79,
919,Loy,Vaught,Loy Vaught,27/2/1968,Michigan,USA,81,240,FALSE,TRUE,TRUE,1990,1,13,
920,A.C.,Green,A.C. Green,4/10/1963,Oregon State,USA,81,225,FALSE,TRUE,FALSE,1985,1,23,
921,Brad,Daugherty,Brad Daugherty,19/10/1965,North Carolina,USA,84,245,FALSE,FALSE,TRUE,1986,1,1,
922,Elden,Campbell,Elden Campbell,23/7/1968,Clemson,USA,84,279,FALSE,TRUE,TRUE,1990,1,27,
923,Donyell,Marshall,Donyell Marshall,18/5/1973,Connecticut,USA,81,245,FALSE,TRUE,FALSE,1994,1,4,
924,Anthony,Goldwire,Anthony Goldwire,6/9/1971,Houston,USA,74,182,TRUE,FALSE,FALSE,1994,2,52,
925,Sean,Higgins,Sean Higgins,30/12/1968,Michigan,USA,81,205,FALSE,TRUE,FALSE,1990,2,54,
926,Alvin,Robertson,Alvin Robertson,22/7/1962,Arkansas,USA,76,208,TRUE,FALSE,FALSE,1984,1,7,
927,John,Salley,John Salley,16/5/1964,Georgia Tech,USA,83,927,FALSE,TRUE,TRUE,1986,1,11,
928,Robert,Churchwell,Robert Churchwell,20/2/1972,Georgetown,USA,78,195,FALSE,TRUE,FALSE,-1,-1,-1,
929,Tracy,Moore,Tracy Moore,28/12/1965,Tulsa,USA,76,200,TRUE,FALSE,FALSE,-1,-1,-1,
930,Kenny,Gattison,Kenny Gattison,23/5/1964,Old Dominion,USA,80,930,FALSE,TRUE,FALSE,1986,3,55,
931,Don,MacLean,Don MacLean,16/1/1970,UCLA,USA,,,FALSE,TRUE,FALSE,1992,1,19,
932,Oliver,Miller,Oliver Miller,6/4/1970,Arkansas,USA,81,315,FALSE,FALSE,TRUE,1992,1,22,
934,Derrick,Coleman,Derrick Coleman,21/6/1967,Syracuse,USA,82,270,FALSE,TRUE,FALSE,1990,1,1,
935,Bryon,Russell,Bryon Russell,31/12/1970,Long Beach State,USA,79,225,TRUE,TRUE,FALSE,1993,2,45,
937,Scottie,Pippen,Scottie Pippen,25/9/1965,Central Arkansas,USA,80,228,TRUE,TRUE,FALSE,1987,1,5,
938,Rony,Seikaly,Rony Seikaly,10/5/1965,Syracuse,USA,83,253,FALSE,FALSE,TRUE,1988,1,9,
939,Pete,Myers,Pete Myers,15/9/1963,Arkansas-Little Rock,USA,78,180,TRUE,FALSE,FALSE,1986,6,120,
940,Earl,Cureton,Earl Cureton,3/9/1957,Detroit,USA,81,940,FALSE,FALSE,FALSE,1979,3,58,
941,Ennis,Whatley,Ennis Whatley,11/8/1962,Alabama,USA,75,941,FALSE,FALSE,FALSE,1983,1,13,
942,Todd,Mundt,Todd Mundt,17/5/1970,Delta State,USA,84,942,FALSE,FALSE,TRUE,-22,-22,-22,
943,Ryan,Lorthridge,Ryan Lorthridge,27/7/1972,Jackson State,USA,76,190,TRUE,FALSE,FALSE,-1,-1,-1,
944,Eric,Anderson,Eric Anderson,26/5/1970,Indiana,USA,81,220,FALSE,TRUE,FALSE,-1,-1,-1,
947,Allen,Iverson,Allen Iverson,7/6/1975,Georgetown,USA,72,165,TRUE,FALSE,FALSE,1996,1,1,
948,Marcus,Camby,Marcus Camby,22/3/1974,Massachusetts,USA,83,240,FALSE,TRUE,TRUE,1996,1,2,
949,Shareef,Abdur-Rahim,Shareef Abdur-Rahim,11/12/1976,California,USA,81,245,FALSE,TRUE,FALSE,1996,1,3,
950,Stephon,Marbury,Stephon Marbury,20/2/1977,Georgia Tech,USA,74,205,TRUE,FALSE,FALSE,1996,1,4,
951,Ray,Allen,Ray Allen,20/7/1975,Connecticut,USA,77,951,TRUE,FALSE,FALSE,1996,1,5,
952,Antoine,Walker,Antoine Walker,12/8/1976,Kentucky,USA,81,245,FALSE,TRUE,FALSE,1996,1,6,
953,Lorenzen,Wright,Lorenzen Wright,4/11/1975,Memphis,USA,83,255,FALSE,TRUE,TRUE,1996,1,7,
954,Kerry,Kittles,Kerry Kittles,12/6/1974,Villanova,USA,77,185,TRUE,FALSE,FALSE,1996,1,8,
955,Samaki,Walker,Samaki Walker,25/2/1976,Louisville,USA,81,260,FALSE,TRUE,FALSE,1996,1,9,
956,Erick,Dampier,Erick Dampier,14/7/1975,Mississippi State,USA,83,265,FALSE,FALSE,TRUE,1996,1,10,
957,Todd,Fuller,Todd Fuller,25/7/1974,North Carolina State,USA,,,FALSE,FALSE,TRUE,1996,1,11,
958,Vitaly,Potapenko,Vitaly Potapenko,21/3/1975,Wright State,Ukraine,82,285,FALSE,TRUE,TRUE,1996,1,12,
959,Steve,Nash,Steve Nash,7/2/1974,Santa Clara,Canada,75,178,TRUE,FALSE,FALSE,1996,1,15,
960,Tony,Delk,Tony Delk,28/1/1974,Kentucky,USA,74,189,TRUE,FALSE,FALSE,1996,1,16,
961,John,Wallace,John Wallace,9/2/1974,Syracuse,USA,81,225,FALSE,TRUE,FALSE,1996,1,18,
962,Walter,McCarty,Walter McCarty,1/2/1974,Kentucky,USA,82,245,FALSE,TRUE,FALSE,1996,1,19,
963,Dontae',Jones,Dontae' Jones,2/6/1975,Mississippi State,USA,80,220,FALSE,TRUE,FALSE,1996,1,21,
964,Roy,Rogers,Roy Rogers,19/8/1973,Alabama,USA,82,235,FALSE,TRUE,FALSE,1996,1,22,
965,Derek,Fisher,Derek Fisher,9/8/1974,Arkansas-Little Rock,USA,73,210,TRUE,FALSE,FALSE,1996,1,24,
966,Jerome,Williams,Jerome Williams,10/5/1973,Georgetown,USA,81,206,FALSE,TRUE,TRUE,1996,1,26,
967,Brian,Evans,Brian Evans,13/9/1973,Indiana,USA,80,967,FALSE,FALSE,FALSE,1996,1,27,
968,Priest,Lauderdale,Priest Lauderdale,31/8/1973,Peristeri,USA,88,325,FALSE,FALSE,TRUE,1996,1,28,
969,Travis,Knight,Travis Knight,13/9/1974,Connecticut,USA,84,235,FALSE,FALSE,TRUE,1996,1,29,
970,Othella,Harrington,Othella Harrington,31/1/1974,Georgetown,USA,81,970,FALSE,TRUE,TRUE,1996,2,30,
971,Mark,Hendrickson,Mark Hendrickson,23/6/1974,Washington State,USA,81,220,FALSE,TRUE,FALSE,1996,2,31,
974,Joseph,Blair,Joseph Blair,,,,,,,,,,,,
976,Jeff,McInnis,Jeff McInnis,22/10/1974,North Carolina,USA,76,190,TRUE,FALSE,FALSE,1996,2,37,
977,Kobe,Bryant,Kobe Bryant,23/8/1978,Lower Merion HS (PA),USA,78,212,TRUE,TRUE,FALSE,1996,1,13,
978,Peja,Stojakovic,Peja Stojakovic,9/6/1977,PAOK,Serbia,82,229,FALSE,TRUE,FALSE,1996,1,14,
979,Jermaine,O'Neal,Jermaine O'Neal,13/10/1978,Eau Claire HS (SC),USA,83,255,FALSE,TRUE,TRUE,1996,1,17,
980,Zydrunas,Ilgauskas,Zydrunas Ilgauskas,5/6/1975,Atletas Kaunas,Lithuania,87,260,FALSE,FALSE,TRUE,1996,1,20,
981,Efthimios,Rentzias,Efthimios Rentzias,11/1/1976,FC Barcelona,Greece,83,250,FALSE,FALSE,TRUE,1996,1,23,
982,Martin,Muursepp,Martin Muursepp,26/9/1974,Maccabi Tel Aviv,Estonia,81,235,FALSE,TRUE,FALSE,1996,1,25,
983,Moochie,Norris,Moochie Norris,27/7/1973,West Florida,USA,73,185,TRUE,FALSE,FALSE,1996,2,33,
984,Steve,Hamer,Steve Hamer,13/11/1973,Tennessee,USA,84,245,FALSE,FALSE,TRUE,1996,2,38,
986,Marcus,Mann,Marcus Mann,19/12/1973,Mississippi Valley State,USA,80,986,FALSE,TRUE,FALSE,1996,2,40,
987,Jason,Sasser,Jason Sasser,13/1/1974,Texas Tech,USA,79,225,FALSE,TRUE,FALSE,1996,2,41,
988,Randy,Livingston,Randy Livingston,2/4/1975,Louisiana State,USA,76,209,TRUE,FALSE,FALSE,1996,2,42,
989,Ben,Davis,Ben Davis,26/12/1972,Arizona,USA,81,245,FALSE,TRUE,FALSE,1996,2,43,
990,Malik,Rose,Malik Rose,23/11/1974,Drexel,USA,79,255,FALSE,TRUE,FALSE,1996,2,44,
992,Marcus,Brown,Marcus Brown,3/4/1974,Murray State,USA,,,,,,1996,2,46,
994,Jamie,Feick,Jamie Feick,3/7/1974,Michigan State,USA,80,255,FALSE,TRUE,FALSE,1996,2,48,
997,Chris,Robinson,Chris Robinson,2/4/1974,Western Kentucky,USA,77,200,TRUE,FALSE,FALSE,1996,2,51,
998,Mark,Pope,Mark Pope,11/9/1972,Kentucky,USA,82,998,FALSE,TRUE,TRUE,1996,2,52,
999,Jeff,Nordgaard,Jeff Nordgaard,23/2/1973,Wisconsin-Green Bay,USA,79,225,FALSE,TRUE,FALSE,1996,2,53,
1000,Shandon,Anderson,Shandon Anderson,31/12/1973,Georgia,USA,78,215,TRUE,TRUE,FALSE,1996,2,54,
1002,Reggie,Geary,Reggie Geary,31/8/1973,Arizona,USA,74,187,TRUE,FALSE,FALSE,1996,2,56,
1003,Drew,Barry,Drew Barry,17/2/1973,Georgia Tech,USA,77,191,TRUE,FALSE,FALSE,1996,2,57,
1005,Walt,Williams,Walt Williams,16/4/1970,Maryland,USA,80,230,TRUE,TRUE,FALSE,1992,1,7,
1006,Herb,Williams,Herb Williams,16/2/1958,Ohio State,USA,83,260,FALSE,FALSE,TRUE,1981,1,14,
1007,Luther,Wright,Luther Wright,22/9/1971,Seton Hall,USA,86,270,FALSE,FALSE,TRUE,1993,1,18,
1008,Johnny,Dawkins,Johnny Dawkins,28/9/1963,Duke,USA,74,165,TRUE,FALSE,FALSE,1986,1,10,
1010,Randy,Woods,Randy Woods,23/9/1970,La Salle,USA,70,185,TRUE,FALSE,FALSE,1992,1,16,
1022,Julius,Nwosu,Julius Nwosu,1/5/1971,Liberty,USA,82,255,FALSE,TRUE,FALSE,-1,-1,-1,
1023,Emanual,Davis,Emanual Davis,27/8/1968,Delaware State,USA,77,195,TRUE,FALSE,FALSE,-1,-1,-1,
1024,Horacio,Llamas,Horacio Llamas,17/7/1973,Grand Canyon,USA,83,285,FALSE,FALSE,TRUE,-1,-1,-1,
1026,Evric,Gray,Evric Gray,13/12/1969,UNLV,USA,79,235,FALSE,TRUE,FALSE,-1,-1,-1,
1027,Trevor,Wilson,Trevor Wilson,16/3/1968,UCLA,USA,79,210,FALSE,TRUE,FALSE,1990,2,36,
1030,Duane,Cooper,Duane Cooper,25/6/1969,Southern California,USA,73,185,TRUE,FALSE,FALSE,1992,2,36,
1032,Darvin,Ham,Darvin Ham,23/7/1973,Texas Tech,USA,79,240,TRUE,TRUE,FALSE,-1,-1,-1,
1034,LeRon,Ellis,LeRon Ellis,28/4/1969,Syracuse,USA,81,225,FALSE,FALSE,TRUE,1991,1,22,
1035,Shawnelle,Scott,Shawnelle Scott,16/6/1972,St. John's (NY),USA,,,FALSE,FALSE,TRUE,1994,2,43,
1036,Litterial,Green,Litterial Green,7/3/1970,Georgia,USA,73,1036,FALSE,FALSE,FALSE,1992,2,39,
1037,Stojko,Vrankovic,Stojko Vrankovic,22/1/1964,Aris,Croatia,86,1037,FALSE,FALSE,FALSE,-22,-22,-22,
1038,Juaquin,Hawkins,Juaquin Hawkins,2/7/1973,Long Beach State,USA,79,205,FALSE,TRUE,FALSE,-1,-1,-1,
1041,Nate,Driggers,Nate Driggers,12/10/1973,Montevallo,USA,77,1041,TRUE,TRUE,FALSE,-22,-22,-22,
1043,Amal,McCaskill,Amal McCaskill,28/10/1973,Marquette,USA,83,235,FALSE,FALSE,TRUE,1996,2,49,
1049,Shane,Heal,Shane Heal,6/9/1970,Sydney Kings,Australia,72,180,TRUE,FALSE,FALSE,-1,-1,-1,
1051,Dean,Garrett,Dean Garrett,27/11/1966,Indiana,USA,83,250,FALSE,FALSE,TRUE,1988,2,38,
1052,Ben,Handlogten,Ben Handlogten,16/11/1973,Western Michigan,USA,82,240,FALSE,FALSE,TRUE,-1,-1,-1,
1054,Jerrod,Mustaf,Jerrod Mustaf,28/10/1969,Maryland,USA,82,238,FALSE,TRUE,FALSE,1990,1,17,
1055,Ed,Stokes,Ed Stokes,3/9/1971,Arizona,USA,84,1055,FALSE,FALSE,FALSE,1993,2,35,
1059,Aleksandar,Djordjevic,Aleksandar Djordjevic,26/8/1967,Fortitudo Bologna,Serbia,74,198,TRUE,FALSE,FALSE,-1,-1,-1,
1061,William,Cunningham,William Cunningham,25/3/1974,Temple,USA,83,240,FALSE,FALSE,TRUE,-1,-1,-1,
1063,Carl,Thomas,Carl Thomas,3/10/1969,Eastern Michigan,USA,76,195,TRUE,FALSE,FALSE,-1,-1,-1,
1064,Brent,Scott,Brent Scott,15/6/1971,Rice,USA,82,250,FALSE,TRUE,TRUE,-1,-1,-1,
1065,Erick,Strickland,Erick Strickland,25/11/1973,Nebraska,USA,75,218,TRUE,FALSE,FALSE,-1,-1,-1,
1067,Jeff,Webster,Jeff Webster,19/2/1971,Oklahoma,USA,80,232,FALSE,TRUE,FALSE,1994,2,40,
1068,Greg,Dreiling,Greg Dreiling,7/11/1963,Kansas,USA,85,265,FALSE,FALSE,TRUE,1986,2,26,
1070,Devin,Gray,Devin Gray,18/5/1972,Clemson,USA,79,1070,FALSE,FALSE,FALSE,-22,-22,-22,
1073,Reggie,Slater,Reggie Slater,27/8/1970,Wyoming,USA,79,255,FALSE,TRUE,FALSE,-1,-1,-1,
1074,Matt,Maloney,Matt Maloney,6/12/1971,Pennsylvania,USA,,,TRUE,FALSE,FALSE,-1,-1,-1,
1075,Michael,McDonald,Michael McDonald,13/2/1969,New Orleans,USA,82,232,FALSE,FALSE,TRUE,1995,2,55,
1077,Ray,Owes,Ray Owes,12/12/1972,Arizona,USA,81,224,FALSE,TRUE,FALSE,-1,-1,-1,
1080,Henry,James,Henry James,29/7/1965,St. Mary's (TX),USA,80,220,FALSE,TRUE,FALSE,-1,-1,-1,
1085,Ira,Bowman,Ira Bowman,11/6/1973,Pennsylvania,USA,,,FALSE,TRUE,FALSE,-1,-1,-1,
1086,Joe,Stephens,Joe Stephens,28/1/1973,Arkansas-Little Rock,USA,79,210,FALSE,TRUE,FALSE,-1,-1,-1,
1088,Chucky,Atkins,Chucky Atkins,14/8/1974,South Florida,USA,71,185,TRUE,FALSE,FALSE,-1,-1,-1,
1089,Kevin,Salvadori,Kevin Salvadori,30/12/1970,North Carolina,USA,84,231,FALSE,FALSE,TRUE,-1,-1,-1,
1090,Pat,Durham,Pat Durham,10/3/1967,Colorado State,USA,79,210,FALSE,TRUE,FALSE,1989,2,35,
1091,Mike,Smrek,Mike Smrek,31/8/1962,Canisius,USA,84,250,FALSE,FALSE,TRUE,1985,2,25,
1093,Gaylon,Nickerson,Gaylon Nickerson,6/2/1969,Nortwestern Oklahoma State,USA,75,190,TRUE,FALSE,FALSE,1994,2,34,
1096,Ivano,Newbill,Ivano Newbill,12/12/1970,Georgia Tech,USA,82,1096,FALSE,FALSE,TRUE,-22,-22,-22,
1097,Zarko,Paspalj,Zarko Paspalj,27/3/1966,Partizan,Serbia,81,215,FALSE,TRUE,FALSE,-1,-1,-1,
1099,Matt,Steigenga,Matt Steigenga,27/3/1970,Michigan State,USA,79,225,FALSE,TRUE,FALSE,1992,2,52,
1100,Ian,Lockhart,Ian Lockhart,25/6/1967,Tennessee,USA,80,240,FALSE,TRUE,FALSE,-1,-1,-1,
1101,Rich,King,Rich King,4/4/1969,Nebraska,USA,86,260,FALSE,FALSE,TRUE,1991,1,14,
1106,Donald,Hodge,Donald Hodge,25/2/1969,Temple,USA,84,230,FALSE,TRUE,FALSE,1991,2,33,
1108,Tony,Farmer,Tony Farmer,3/1/1970,Nebraska,USA,81,244,FALSE,TRUE,FALSE,-1,-1,-1,
1109,James,Scott,James Scott,3/6/1972,St. John's (NY),USA,78,180,FALSE,TRUE,FALSE,-1,-1,-1,
1110,Mark,Strickland,Mark Strickland,14/7/1970,Temple,USA,82,220,FALSE,TRUE,FALSE,-1,-1,-1,
1112,Ben,Wallace,Ben Wallace,10/9/1974,Virginia Union,USA,81,1112,FALSE,TRUE,TRUE,-22,-22,-22,
1114,Jaren,Jackson,Jaren Jackson,27/10/1967,Georgetown,USA,78,225,TRUE,FALSE,FALSE,-1,-1,-1,
1116,Melvin,Newbern,Melvin Newbern,11/6/1967,Minnesota,USA,76,200,TRUE,FALSE,FALSE,-1,-1,-1,
1117,John,Shasky,John Shasky,31/7/1964,Minnesota,USA,83,235,FALSE,FALSE,TRUE,1986,3,61,
1118,Tim,Kempton,Tim Kempton,25/1/1964,Notre Dame,USA,82,245,FALSE,FALSE,TRUE,1986,6,124,
1120,Elmer,Bennett,Elmer Bennett,13/2/1970,Notre Dame,USA,72,170,TRUE,FALSE,FALSE,1992,2,38,
1121,Dexter,Boney,Dexter Boney,27/4/1970,UNLV,USA,76,185,TRUE,FALSE,FALSE,-1,-1,-1,
1122,Dominique,Wilkins,Dominique Wilkins,12/1/1960,Georgia,USA,80,230,FALSE,TRUE,FALSE,1982,1,3,
1123,Greg,Kite,Greg Kite,5/8/1961,Brigham Young,USA,83,250,FALSE,FALSE,TRUE,1983,1,21,
1125,Larry,Stewart,Larry Stewart,21/9/1968,Coppin State,USA,80,1125,FALSE,TRUE,FALSE,-22,-22,-22,
1126,Donald,Whiteside,Donald Whiteside,25/4/1969,Northern Illinois,USA,70,160,TRUE,FALSE,FALSE,-1,-1,-1,
1127,Charles,Claxton,Charles Claxton,13/12/1970,Georgia,USA,84,265,FALSE,FALSE,TRUE,1994,2,50,
1128,Stephen,Howard,Stephen Howard,15/7/1970,DePaul,USA,81,225,FALSE,TRUE,FALSE,-1,-1,-1,
1129,Ruben,Nembhard,Ruben Nembhard,20/2/1972,Weber State,USA,75,208,TRUE,FALSE,FALSE,-1,-1,-1,
1131,Jimmy,Carruth,Jimmy Carruth,4/11/1969,Virginia Tech,USA,82,265,FALSE,TRUE,FALSE,-1,-1,-1,
1132,Larry,Sykes,Larry Sykes,11/4/1973,Xavier,USA,81,255,FALSE,TRUE,FALSE,-1,-1,-1,
1133,Corey,Beck,Corey Beck,27/5/1971,Arkansas,USA,75,200,TRUE,FALSE,FALSE,-1,-1,-1,
1134,Ike,Austin,Ike Austin,18/8/1969,Arizona State,USA,82,288,FALSE,FALSE,TRUE,1991,2,48,
1136,Brett,Szabo,Brett Szabo,1/2/1968,Augustana (SD),USA,83,230,FALSE,FALSE,TRUE,-1,-1,-1,
1137,Chris,Jent,Chris Jent,11/1/1970,Ohio State,USA,79,220,FALSE,TRUE,FALSE,-1,-1,-1,
1138,Michael,Hawkins,Michael Hawkins,28/10/1972,Xavier,USA,,,TRUE,FALSE,FALSE,-1,-1,-1,
1165,Luis,Grillo,Luis Grillo,,,,,,,,,,,,
1185,Violet,Palmer,Violet Palmer,,,,,,,,,,,,
1272,Kurt,Rambis,Kurt Rambis,,,,,,,,,,,,
1297,Jeff,Van Gundy,Jeff Van Gundy,,,,,,,,,,,,
1361,Mark,Bradtke,Mark Bradtke,27/9/1968,Melbourne,Australia,82,265,FALSE,FALSE,TRUE,-1,-1,-1,
1365,Xavier,McDaniel,Xavier McDaniel,4/6/1963,Wichita State,USA,79,205,FALSE,TRUE,FALSE,1985,1,4,
1380,Lloyd,Daniels,Lloyd Daniels,4/9/1967,Mt. San Antonio,USA,79,205,TRUE,FALSE,FALSE,-1,-1,-1,
1381,John,Long,John Long,28/8/1956,Detroit,USA,77,200,TRUE,FALSE,FALSE,1978,2,29,
1425,Aaron,Williams,Aaron Williams,2/10/1971,Xavier,USA,81,235,FALSE,TRUE,TRUE,-1,-1,-1,
1429,Jimmy,Oliver,Jimmy Oliver,12/7/1969,Purdue,USA,77,205,TRUE,FALSE,FALSE,1991,2,39,
1432,Joe,Courtney,Joe Courtney,17/10/1969,Southern Mississippi,USA,80,235,FALSE,TRUE,FALSE,-1,-1,-1,
1434,Dragan,Tarlac,Dragan Tarlac,9/5/1973,Olympiacos,Serbia,83,270,FALSE,TRUE,TRUE,1995,2,31,
1441,Aurelijius,Zukauskas,Aurelijius Zukauskas,,,,,,,,,,,,
1442,Zeljko,Rebraca,Zeljko Rebraca,9/4/1972,Panathinaikos,Serbia,84,265,FALSE,FALSE,TRUE,1994,2,54,
1444,Lawrence,Funderburke,Lawrence Funderburke,15/12/1970,Ohio State,USA,81,230,FALSE,TRUE,FALSE,1994,2,51,
1449,Larry,Bird,Larry Bird,7/12/1956,Indiana State,USA,81,220,FALSE,TRUE,FALSE,1978,1,6,
1450,Kevin,McHale,Kevin McHale,19/12/1957,Minnesota,USA,82,210,FALSE,TRUE,FALSE,1980,1,3,
1453,Walter,Davis,Walter Davis,9/9/1954,North Carolina,USA,78,193,TRUE,FALSE,FALSE,1977,1,5,
1456,Randy,Wittman,Randy Wittman,28/10/1959,Indiana,USA,78,210,TRUE,FALSE,FALSE,1983,1,22,
1460,James,Worthy,James Worthy,27/2/1961,North Carolina,USA,81,225,FALSE,TRUE,FALSE,1982,1,1,
1472,Tom,Chambers,Tom Chambers,21/6/1959,Utah,USA,82,220,FALSE,TRUE,FALSE,1981,1,8,
1474,Larry,Krystkowiak,Larry Krystkowiak,23/9/1964,Montana,USA,81,220,FALSE,TRUE,FALSE,1986,2,28,
1477,Bruce,Bowen,Bruce Bowen,14/6/1971,California State-Fullerton,USA,79,200,FALSE,TRUE,FALSE,-1,-1,-1,
1478,Stevin,Smith,Stevin Smith,24/1/1972,Arizona State,USA,74,208,TRUE,FALSE,FALSE,-1,-1,-1,
1479,Mike,Brown,Mike Brown,19/7/1963,George Washington,USA,82,260,FALSE,TRUE,TRUE,1985,3,69,
1489,Lionel,Simmons,Lionel Simmons,14/11/1968,La Salle,USA,79,210,FALSE,TRUE,FALSE,1990,1,7,
1495,Tim,Duncan,Tim Duncan,25/4/1976,Wake Forest,US Virgin Islands,83,250,FALSE,TRUE,TRUE,1997,1,1,
1496,Keith,Van Horn,Keith Van Horn,23/10/1975,Utah,USA,82,245,FALSE,TRUE,FALSE,1997,1,2,
1497,Chauncey,Billups,Chauncey Billups,25/9/1976,Colorado,USA,75,210,TRUE,FALSE,FALSE,1997,1,3,
1498,Antonio,Daniels,Antonio Daniels,19/3/1975,Bowling Green,USA,76,205,TRUE,FALSE,FALSE,1997,1,4,
1499,Tony,Battie,Tony Battie,11/2/1976,Texas Tech,USA,83,240,FALSE,FALSE,TRUE,1997,1,5,
1500,Ron,Mercer,Ron Mercer,18/5/1976,Kentucky,USA,79,215,TRUE,TRUE,FALSE,1997,1,6,
1501,Tim,Thomas,Tim Thomas,26/2/1977,Villanova,USA,82,240,FALSE,TRUE,FALSE,1997,1,7,
1502,Adonal,Foyle,Adonal Foyle,9/3/1975,Colgate,St. Vincent & Grenadines,82,270,FALSE,FALSE,TRUE,1997,1,8,
1503,Tracy,McGrady,Tracy McGrady,24/5/1979,Mount Zion Christian Academy (NC),USA,80,1503,TRUE,TRUE,FALSE,1997,1,9,
1504,Danny,Fortson,Danny Fortson,27/3/1976,Cincinnati,USA,80,260,FALSE,TRUE,TRUE,1997,1,10,
1505,Tariq,Abdul-Wahad,Tariq Abdul-Wahad,3/11/1974,San Jose State,France,78,235,TRUE,TRUE,FALSE,1997,1,11,
1506,Austin,Croshere,Austin Croshere,1/5/1975,Providence,USA,82,240,FALSE,TRUE,FALSE,1997,1,12,
1507,Derek,Anderson,Derek Anderson,18/7/1974,Kentucky,USA,77,195,TRUE,FALSE,FALSE,1997,1,13,
1508,Maurice,Taylor,Maurice Taylor,30/10/1976,Michigan,USA,81,265,FALSE,TRUE,TRUE,1997,1,14,
1509,Kelvin,Cato,Kelvin Cato,26/8/1974,Iowa State,USA,83,275,FALSE,FALSE,TRUE,1997,1,15,
1510,Brevin,Knight,Brevin Knight,8/11/1975,Stanford,USA,70,1510,TRUE,FALSE,FALSE,1997,1,16,
1511,Johnny,Taylor,Johnny Taylor,4/6/1974,Tennessee-Chattanooga,USA,81,220,FALSE,TRUE,FALSE,1997,1,17,
1512,Chris,Anstey,Chris Anstey,1/1/1975,South East Melbourne,Australia,84,249,FALSE,FALSE,TRUE,1997,1,18,
1513,Scot,Pollard,Scot Pollard,12/2/1975,Kansas,USA,83,278,FALSE,TRUE,TRUE,1997,1,19,
1514,Paul,Grant,Paul Grant,6/1/1974,Wisconsin,USA,84,245,FALSE,FALSE,TRUE,1997,1,20,
1515,Anthony,Parker,Anthony Parker,19/6/1975,Bradley,USA,78,210,TRUE,FALSE,FALSE,1997,1,21,
1516,Ed,Gray,Ed Gray,27/9/1975,California,USA,75,210,TRUE,FALSE,FALSE,1997,1,22,
1517,Bobby,Jackson,Bobby Jackson,13/3/1973,Minnesota,USA,73,185,TRUE,FALSE,FALSE,1997,1,23,
1518,Rodrick,Rhodes,Rodrick Rhodes,24/9/1973,Southern California,USA,78,225,TRUE,FALSE,FALSE,1997,1,24,
1519,John,Thomas,John Thomas,8/9/1975,Minnesota,USA,81,265,FALSE,FALSE,TRUE,1997,1,25,
1520,Charles,Smith,Charles Smith,22/8/1975,New Mexico,USA,76,200,TRUE,FALSE,FALSE,1997,1,26,
1521,Jacque,Vaughn,Jacque Vaughn,11/2/1975,Kansas,USA,73,190,TRUE,FALSE,FALSE,1997,1,27,
1522,Keith,Booth,Keith Booth,9/10/1974,Maryland,USA,78,226,FALSE,TRUE,FALSE,1997,1,28,
1525,Charles,O'Bannon,Charles O'Bannon,22/2/1975,UCLA,USA,77,1525,TRUE,FALSE,FALSE,1997,2,31,
1526,James,Cotton,James Cotton,14/12/1975,Long Beach State,USA,77,220,TRUE,FALSE,FALSE,1997,2,32,
1527,Marko,Milic,Marko Milic,5/5/1977,Union Olimpija,Slovenia,78,1527,FALSE,FALSE,FALSE,1997,2,33,
1528,Bubba,Wells,Bubba Wells,26/7/1974,Austin Peay,USA,77,1528,FALSE,TRUE,FALSE,1997,2,34,
1529,Kebu,Stewart,Kebu Stewart,19/12/1973,California State-Bakersfield,USA,80,239,FALSE,TRUE,FALSE,1997,2,35,
1530,James,Collins,James Collins,5/11/1973,Florida State,USA,76,196,TRUE,FALSE,FALSE,1997,2,36,
1531,Marc,Jackson,Marc Jackson,16/1/1975,Temple,USA,82,253,FALSE,TRUE,FALSE,1997,2,37,
1532,Jerald,Honeycutt,Jerald Honeycutt,20/10/1974,Tulane,USA,81,1532,TRUE,TRUE,FALSE,1997,2,38,
1533,Anthony,Johnson,Anthony Johnson,2/10/1974,College of Charleston,USA,75,195,TRUE,FALSE,FALSE,1997,2,39,
1535,Jason,Lawson,Jason Lawson,2/9/1974,Villanova,USA,83,240,FALSE,FALSE,TRUE,1997,2,41,
1536,Stephen,Jackson,Stephen Jackson,5/4/1978,Butler C.C. (KS),USA,80,220,TRUE,TRUE,FALSE,1997,2,42,
1538,Cedric,Henderson,Cedric Henderson,11/3/1975,Memphis,USA,79,225,FALSE,TRUE,FALSE,1997,2,44,
1539,God,Shammgod,God Shammgod,29/4/1976,Providence,USA,72,169,TRUE,FALSE,FALSE,1997,2,45,
1540,Eric,Washington,Eric Washington,24/3/1974,Alabama,USA,76,1540,TRUE,TRUE,FALSE,1997,2,46,
1541,Alvin,Williams,Alvin Williams,6/8/1974,Villanova,USA,77,195,TRUE,FALSE,FALSE,1997,2,47,
1542,Predrag,Drobnjak,Predrag Drobnjak,27/10/1975,Efes Pilsen,Serbia,83,270,FALSE,FALSE,TRUE,1997,2,48,
1544,Chris,Crawford,Chris Crawford,13/5/1975,Marquette,USA,81,1544,FALSE,TRUE,FALSE,1997,2,50,
1545,DeJuan,Wheat,DeJuan Wheat,14/10/1973,Louisville,USA,72,165,TRUE,FALSE,FALSE,1997,2,51,
1548,Mark,Blount,Mark Blount,30/11/1975,Pittsburgh,USA,84,250,FALSE,TRUE,TRUE,1997,2,54,
1554,Jamal,Robinson,Jamal Robinson,27/12/1973,Virginia,USA,,,,,,1997,,,
1559,Adrian,Griffin,Adrian Griffin,4/7/1974,Seton Hall,USA,77,230,TRUE,TRUE,FALSE,-1,-1,-1,
1562,Gerard,King,Gerard King,25/11/1972,Nicholls State,USA,,,FALSE,TRUE,FALSE,-1,-1,-1,
1563,Kevin,Ollie,Kevin Ollie,27/12/1972,Connecticut,USA,74,195,TRUE,FALSE,FALSE,-1,-1,-1,
1564,Etdrick,Bohannon,Etdrick Bohannon,29/5/1973,Auburn-Montgomery,USA,,,FALSE,TRUE,FALSE,-1,-1,-1,
1565,Michael,Stewart,Michael Stewart,25/4/1975,California,USA,82,230,FALSE,FALSE,TRUE,-1,-1,-1,
1569,Keith,Closs,Keith Closs,3/4/1976,Central Connecticut State,USA,87,212,FALSE,FALSE,TRUE,-1,-1,-1,
1572,Nate,Huffman,Nate Huffman,2/4/1975,Central Michigan,USA,85,245,FALSE,FALSE,TRUE,-1,-1,-1,
1575,Derek,Grimm,Derek Grimm,3/8/1974,Missouri,USA,81,230,FALSE,TRUE,FALSE,-1,-1,-1,
1576,Travis,Williams,Travis Williams,27/5/1969,South Carolina State,USA,78,215,FALSE,TRUE,FALSE,-1,-1,-1,
1577,Darnell,Mee,Darnell Mee,11/2/1971,Western Kentucky,USA,77,1577,TRUE,FALSE,FALSE,1993,2,34,
1578,Shea,Seals,Shea Seals,26/8/1975,Tulsa,USA,77,210,TRUE,FALSE,FALSE,-1,-1,-1,
1585,Brandon,Williams,Brandon Williams,27/2/1975,Davidson,USA,78,215,FALSE,TRUE,FALSE,-1,-1,-1,
1591,Alvin,Sims,Alvin Sims,18/10/1974,Louisville,USA,76,235,TRUE,FALSE,FALSE,-1,-1,-1,
1593,Charles,Shackleford,Charles Shackleford,22/4/1966,North Carolina State,USA,83,245,FALSE,FALSE,TRUE,1988,2,32,
1594,Rick,Brunson,Rick Brunson,14/6/1972,Temple,USA,76,190,TRUE,FALSE,FALSE,-1,-1,-1,
1600,Kornel,David,Kornel David,22/10/1971,Budapest AEH,USA,81,230,FALSE,TRUE,FALSE,-1,-1,-1,
1601,Rusty,LaRue,Rusty LaRue,10/12/1973,Wake Forest,USA,75,1601,FALSE,FALSE,FALSE,-22,-22,-22,
1603,Walter,Bond,Walter Bond,1/2/1969,Minnesota,USA,77,200,TRUE,FALSE,FALSE,-1,-1,-1,
1607,Troy,Hudson,Troy Hudson,13/3/1976,Southern Illinois,USA,73,178,TRUE,FALSE,FALSE,-1,-1,-1,
1609,Art,Long,Art Long,1/10/1972,Cincinnati,USA,81,1609,FALSE,TRUE,FALSE,-22,-22,-22,
1612,Chris,Garner,Chris Garner,23/2/1975,Memphis,USA,70,156,TRUE,FALSE,FALSE,-1,-1,-1,
1619,Kiwane,Garris,Kiwane Garris,24/9/1974,Illinois,USA,74,1619,TRUE,FALSE,FALSE,-22,-22,-22,
1622,Rodney,McCray,Rodney McCray,29/8/1961,Louisville,USA,80,1622,FALSE,TRUE,FALSE,1983,1,3,
1628,Alan,Ogg,Alan Ogg,5/7/1967,Alabama-Birmingham,USA,86,240,FALSE,FALSE,TRUE,-1,-1,-1,
1630,Mikki,Moore,Mikki Moore,4/11/1975,Nebraska,USA,84,225,FALSE,TRUE,TRUE,-1,-1,-1,
1631,Billy,Thompson,Billy Thompson,1/12/1963,Louisville,USA,79,195,FALSE,TRUE,FALSE,1986,1,19,
1635,Malcolm,Mackey,Malcolm Mackey,11/7/1970,Georgia Tech,USA,81,248,FALSE,TRUE,FALSE,1993,1,27,
1636,Ike,Nwankwo,Ike Nwankwo,,,,,,,,,,,,
1654,Scott,Skiles,Scott Skiles,,,,,,,,,,,,
1666,Gerald,Madkins,Gerald Madkins,18/4/1969,UCLA,USA,76,200,TRUE,FALSE,FALSE,-1,-1,-1,
1667,Steve,Henson,Steve Henson,2/2/1968,Kansas State,USA,71,177,TRUE,FALSE,FALSE,1990,2,44,
1677,Harold,Ellis,Harold Ellis,7/10/1970,Morehouse,USA,77,220,TRUE,TRUE,FALSE,-1,-1,-1,
1680,Brian,Oliver,Brian Oliver,1/6/1968,Georgia Tech,USA,76,210,TRUE,FALSE,FALSE,1990,2,32,
1682,Reggie,Hanson,Reggie Hanson,8/10/1968,Kentucky,USA,80,1682,FALSE,TRUE,FALSE,-22,-22,-22,
1683,Larry,Robinson,Larry Robinson,11/1/1968,Centenary-Louisiana,USA,75,180,TRUE,FALSE,FALSE,-1,-1,-1,
1709,Michael,Olowokandi,Michael Olowokandi,3/4/1975,Pacific,Nigeria,84,270,FALSE,FALSE,TRUE,1998,1,1,
1710,Mike,Bibby,Mike Bibby,13/5/1978,Arizona,USA,74,195,TRUE,FALSE,FALSE,1998,1,2,
1711,Raef,LaFrentz,Raef LaFrentz,29/5/1976,Kansas,USA,83,240,FALSE,TRUE,TRUE,1998,1,3,
1712,Antawn,Jamison,Antawn Jamison,12/6/1976,North Carolina,USA,81,1712,FALSE,FALSE,FALSE,1998,1,4,
1713,Vince,Carter,Vince Carter,26/1/1977,North Carolina,USA,78,1713,TRUE,TRUE,FALSE,1998,1,5,
1714,Robert,Traylor,Robert Traylor,1/2/1977,Michigan,USA,80,284,FALSE,TRUE,TRUE,1998,1,6,
1715,Jason,Williams,Jason Williams,18/11/1975,Florida,USA,73,180,TRUE,FALSE,FALSE,1998,1,7,
1716,Larry,Hughes,Larry Hughes,23/1/1979,St. Louis,USA,77,185,TRUE,FALSE,FALSE,1998,1,8,
1717,Dirk,Nowitzki,Dirk Nowitzki,19/6/1978,DJK Wurzburg,Germany,84,245,FALSE,TRUE,FALSE,1998,1,9,
1718,Paul,Pierce,Paul Pierce,13/10/1977,Kansas,USA,79,235,FALSE,TRUE,FALSE,1998,1,10,
1719,Bonzi,Wells,Bonzi Wells,28/9/1976,Ball State,USA,77,210,TRUE,TRUE,FALSE,1998,1,11,
1720,Michael,Doleac,Michael Doleac,15/6/1977,Utah,USA,83,262,FALSE,FALSE,TRUE,1998,1,12,
1721,Keon,Clark,Keon Clark,16/4/1975,UNLV,USA,83,221,FALSE,TRUE,TRUE,1998,1,13,
1722,Michael,Dickerson,Michael Dickerson,25/6/1975,Arizona,USA,77,190,TRUE,FALSE,FALSE,1998,1,14,
1723,Matt,Harpring,Matt Harpring,31/5/1976,Georgia Tech,USA,79,230,FALSE,TRUE,FALSE,1998,1,15,
1724,Bryce,Drew,Bryce Drew,21/9/1974,Valparaiso,USA,75,184,TRUE,FALSE,FALSE,1998,1,16,
1725,Rasho,Nesterovic,Rasho Nesterovic,30/5/1976,Virtus Bologna,Slovenia,84,255,FALSE,FALSE,TRUE,1998,1,17,
1726,Mirsad,Turkcan,Mirsad Turkcan,7/6/1976,Efes Pilsen,Turkey,81,1726,FALSE,TRUE,FALSE,1998,1,18,
1727,Pat,Garrity,Pat Garrity,23/8/1976,Notre Dame,USA,81,238,FALSE,TRUE,FALSE,1998,1,19,
1728,Roshown,McLeod,Roshown McLeod,17/11/1975,Duke,USA,,,FALSE,TRUE,FALSE,1998,1,20,
1729,Ricky,Davis,Ricky Davis,23/9/1979,Iowa,USA,79,195,TRUE,FALSE,FALSE,1998,1,21,
1730,Brian,Skinner,Brian Skinner,19/5/1976,Baylor,USA,81,1730,FALSE,FALSE,FALSE,1998,1,22,
1731,Tyronn,Lue,Tyronn Lue,3/5/1977,Nebraska,USA,72,175,TRUE,FALSE,FALSE,1998,1,23,
1732,Felipe,Lopez,Felipe Lopez,19/12/1974,St. John's (NY),Dominican Republic,77,195,TRUE,TRUE,FALSE,1998,1,24,
1733,Al,Harrington,Al Harrington,17/2/1980,St. Patrick HS (NJ),USA,81,245,FALSE,TRUE,FALSE,1998,1,25,
1734,Sam,Jacobson,Sam Jacobson,22/7/1975,Minnesota,USA,,,TRUE,FALSE,FALSE,1998,1,26,
1735,Vladimir,Stepania,Vladimir Stepania,8/5/1976,Union Olimpija,Georgia,85,1735,FALSE,FALSE,TRUE,1998,1,27,
1736,Corey,Benjamin,Corey Benjamin,24/2/1978,Oregon State,USA,78,200,TRUE,FALSE,FALSE,1998,1,28,
1737,Nazr,Mohammed,Nazr Mohammed,5/9/1977,Kentucky,USA,82,1737,FALSE,FALSE,TRUE,1998,1,29,
1738,Ansu,Sesay,Ansu Sesay,29/7/1976,Mississippi,USA,81,225,FALSE,TRUE,FALSE,1998,2,30,
1739,Ruben,Patterson,Ruben Patterson,31/7/1975,Cincinnati,USA,77,223,FALSE,TRUE,FALSE,1998,2,31,
1740,Rashard,Lewis,Rashard Lewis,8/8/1979,Elsik HS (TX),USA,82,235,FALSE,TRUE,FALSE,1998,2,32,
1741,Jelani,McCoy,Jelani McCoy,6/12/1977,UCLA,USA,82,245,FALSE,TRUE,TRUE,1998,2,33,
1742,Shammond,Williams,Shammond Williams,5/4/1975,North Carolina,USA,73,1742,TRUE,FALSE,FALSE,1998,2,34,
1743,Bruno,Sundov,Bruno Sundov,10/2/1980,Split,Croatia,86,260,FALSE,FALSE,TRUE,1998,2,35,
1744,Jerome,James,Jerome James,17/11/1975,Florida A&M,USA,85,1744,FALSE,FALSE,TRUE,1998,2,36,
1745,Casey,Shaw,Casey Shaw,20/7/1975,Toledo,USA,83,255,FALSE,FALSE,TRUE,1998,2,37,
1746,DeMarco,Johnson,DeMarco Johnson,6/10/1975,North Carolina-Charlotte,USA,81,245,FALSE,TRUE,FALSE,1998,2,38,
1747,Rafer,Alston,Rafer Alston,24/7/1976,Fresno State,USA,74,175,TRUE,FALSE,FALSE,1998,2,39,
1748,Korleone,Young,Korleone Young,31/12/1978,Hargrave Military Academy (KS),USA,79,213,FALSE,TRUE,FALSE,1998,2,40,
1749,Cuttino,Mobley,Cuttino Mobley,1/9/1975,Rhode Island,USA,76,215,TRUE,FALSE,FALSE,1998,2,41,
1750,Miles,Simon,Miles Simon,21/11/1975,Arizona,USA,75,202,TRUE,FALSE,FALSE,1998,2,42,
1751,Jahidi,White,Jahidi White,19/2/1976,Georgetown,USA,81,290,FALSE,TRUE,TRUE,1998,2,43,
1752,Sean,Marks,Sean Marks,23/8/1975,California,New Zealand,82,250,FALSE,TRUE,TRUE,1998,2,44,
1753,Toby,Bailey,Toby Bailey,19/11/1975,UCLA,USA,78,213,TRUE,FALSE,FALSE,1998,2,45,
1754,Andrae,Patterson,Andrae Patterson,12/11/1975,Indiana,USA,81,238,FALSE,TRUE,FALSE,1998,2,46,
1755,Tyson,Wheeler,Tyson Wheeler,8/10/1975,Rhode Island,USA,70,165,TRUE,FALSE,FALSE,1998,2,47,
1756,Ryan,Stack,Ryan Stack,24/7/1975,South Carolina,USA,83,215,FALSE,TRUE,FALSE,1998,2,48,
1757,Cory,Carr,Cory Carr,5/12/1975,Texas Tech,USA,76,1757,TRUE,FALSE,FALSE,1998,2,49,
1760,Derrick,Dial,Derrick Dial,20/12/1975,Eastern Michigan,USA,76,1760,TRUE,FALSE,FALSE,1998,2,52,
1761,Greg,Buckner,Greg Buckner,16/9/1976,Clemson,USA,76,210,TRUE,FALSE,FALSE,1998,2,53,
1762,Tremaine,Fowlkes,Tremaine Fowlkes,11/4/1976,Fresno State,USA,80,220,FALSE,TRUE,FALSE,1998,2,54,
1763,Ryan,Bowen,Ryan Bowen,20/11/1975,Iowa,USA,81,218,FALSE,TRUE,FALSE,1998,2,55,
1764,J.R.,Henderson,J.R. Henderson,30/10/1976,UCLA,USA,80,233,FALSE,TRUE,FALSE,1998,2,56,
1765,Torraye,Braggs,Torraye Braggs,15/5/1976,Xavier,USA,80,245,FALSE,TRUE,FALSE,1998,2,57,
1766,Maceo,Baston,Maceo Baston,29/5/1976,Michigan,USA,82,230,FALSE,TRUE,FALSE,1998,2,58,
1800,Damon,Jones,Damon Jones,25/8/1976,Houston,USA,75,195,TRUE,FALSE,FALSE,-1,-1,-1,
1801,Jonathan,Kerner,Jonathan Kerner,6/6/1974,East Carolina,USA,83,245,FALSE,FALSE,TRUE,-1,-1,-1,
1802,Brad,Miller,Brad Miller,12/4/1976,Purdue,USA,84,261,FALSE,TRUE,TRUE,-1,-1,-1,
1806,James,Blackwell,James Blackwell,25/2/1968,Dartmouth,USA,72,190,TRUE,FALSE,FALSE,-1,-1,-1,
1814,Chris,Smith,Chris Smith,17/5/1970,Connecticut,USA,75,190,TRUE,FALSE,FALSE,1992,2,34,
1817,Adonis,Jordan,Adonis Jordan,21/8/1970,Kansas,USA,71,170,TRUE,FALSE,FALSE,1993,2,42,
1819,John,Turner,John Turner,30/11/1967,Phillips,USA,80,245,FALSE,TRUE,FALSE,1991,1,20,
1820,Kelly,McCarty,Kelly McCarty,24/8/1975,Southern Mississippi,USA,79,200,TRUE,TRUE,FALSE,-1,-1,-1,
1821,Mark,Randall,Mark Randall,30/9/1967,Kansas,USA,80,235,FALSE,TRUE,FALSE,1991,1,26,
1823,Makhtar,N'diaye,Makhtar N'diaye,12/12/1973,North Carolina,Senegal,80,1823,FALSE,TRUE,FALSE,-22,-22,-22,
1824,Peter,Aluma,Peter Aluma,26/4/1973,Liberty,USA,82,260,FALSE,FALSE,TRUE,-1,-1,-1,
1829,Ike,Fontaine,Ike Fontaine,16/4/1975,Washington State,USA,,,,,,-1,-1,-1,
1831,Marlon,Garnett,Marlon Garnett,3/7/1975,Santa Clara,USA,74,186,TRUE,FALSE,FALSE,-1,-1,-1,
1838,Tyrone,Nesby,Tyrone Nesby,31/1/1976,UNLV,USA,78,245,TRUE,TRUE,FALSE,-1,-1,-1,
1839,Randy,White,Randy White,4/11/1967,Louisiana Tech,USA,80,240,FALSE,TRUE,FALSE,1989,1,8,
1844,Fred,Vinson,Fred Vinson,28/1/1971,Georgia Tech,USA,76,190,TRUE,FALSE,FALSE,-1,-1,-1,
1845,Andrew,Gaze,Andrew Gaze,24/7/1965,Seton Hall,USA,,,,,,-1,-1,-1,
1846,Chris,Welp,Chris Welp,2/1/1964,Washington,USA,84,245,FALSE,FALSE,TRUE,1987,1,16,
1847,Thurl,Bailey,Thurl Bailey,7/4/1961,North Carolina State,USA,83,247,FALSE,TRUE,FALSE,1983,1,7,
1848,Mike,Higgins,Mike Higgins,17/2/1967,Northern Colorado,USA,81,220,FALSE,TRUE,FALSE,-1,-1,-1,
1852,Jeff,Sheppard,Jeff Sheppard,29/12/1974,Kentucky,USA,75,190,TRUE,FALSE,FALSE,-1,-1,-1,
1853,Anthony,Carter,Anthony Carter,16/6/1975,Hawaii,USA,73,1853,FALSE,FALSE,FALSE,-22,-22,-22,
1855,Mark,Macon,Mark Macon,14/4/1969,Temple,USA,76,185,TRUE,FALSE,FALSE,1991,1,8,
1858,Mark,Baker,Mark Baker,11/11/1969,Ohio State,USA,73,175,TRUE,FALSE,FALSE,-1,-1,-1,
1861,Negele,Knight,Negele Knight,3/3/1967,Dayton,USA,73,175,TRUE,FALSE,FALSE,1990,2,31,
1863,Earl,Boykins,Earl Boykins,2/6/1976,Eastern Michigan,USA,65,133,TRUE,FALSE,FALSE,-1,-1,-1,
1864,Steve,Goodrich,Steve Goodrich,18/3/1976,Princeton,USA,82,220,FALSE,FALSE,TRUE,-1,-1,-1,
1868,Trevor,Winter,Trevor Winter,7/1/1974,Minnesota,USA,84,275,FALSE,FALSE,TRUE,-1,-1,-1,
1869,Charles R.,Jones,Charles R. Jones,17/7/1975,Long Island-Brooklyn,USA,75,180,TRUE,FALSE,FALSE,-1,-1,-1,
1871,Gerald,Brown,Gerald Brown,28/7/1975,Pepperdine,USA,76,210,TRUE,FALSE,FALSE,-1,-1,-1,
1872,Randell,Jackson,Randell Jackson,6/1/1976,Florida State,USA,83,215,FALSE,TRUE,FALSE,1999,,,
1874,Jeff,Sanders,Jeff Sanders,14/1/1966,Georgia Southern,USA,80,225,FALSE,TRUE,FALSE,1989,1,20,
1882,Elton,Brand,Elton Brand,11/3/1979,Duke,USA,81,1882,FALSE,TRUE,FALSE,1999,1,1,
1883,Steve,Francis,Steve Francis,21/2/1977,Maryland,USA,75,210,TRUE,FALSE,FALSE,1999,1,2,
1884,Baron,Davis,Baron Davis,13/4/1979,UCLA,USA,75,212,TRUE,FALSE,FALSE,1999,1,3,
1885,Lamar,Odom,Lamar Odom,6/11/1979,Rhode Island,USA,82,230,FALSE,TRUE,FALSE,1999,1,4,
1886,Jonathan,Bender,Jonathan Bender,30/1/1981,Picayune HS (MS),USA,84,230,FALSE,TRUE,FALSE,1999,1,5,
1887,Wally,Szczerbiak,Wally Szczerbiak,5/3/1977,Miami (Ohio),USA,79,240,TRUE,TRUE,FALSE,1999,1,6,
1888,Richard,Hamilton,Richard Hamilton,14/2/1978,Connecticut,USA,79,1888,TRUE,FALSE,FALSE,1999,1,7,
1889,Andre,Miller,Andre Miller,19/3/1976,Utah,USA,75,200,TRUE,FALSE,FALSE,1999,1,8,
1890,Shawn,Marion,Shawn Marion,7/5/1978,UNLV,USA,79,228,TRUE,TRUE,FALSE,1999,1,9,
1891,Jason,Terry,Jason Terry,15/9/1977,Arizona,USA,74,185,TRUE,FALSE,FALSE,1999,1,10,
1892,Trajan,Langdon,Trajan Langdon,13/5/1976,Duke,USA,,,,,,1999,1,11,
1893,Aleksandar,Radojevic,Aleksandar Radojevic,8/8/1976,Buducnost,Bosnia and Herzegovina,87,250,FALSE,FALSE,TRUE,1999,1,12,
1894,Corey,Maggette,Corey Maggette,12/11/1979,Duke,USA,78,225,FALSE,TRUE,FALSE,1999,1,13,
1895,William,Avery,William Avery,8/8/1979,Duke,USA,74,180,TRUE,FALSE,FALSE,1999,1,14,
1897,Metta,World Peace,Metta World Peace,13/11/1979,St. John's (NY),USA,79,260,FALSE,TRUE,FALSE,1999,1,16,
1898,Cal,Bowdler,Cal Bowdler,31/3/1977,Old Dominion,USA,82,1898,FALSE,TRUE,FALSE,1999,1,17,
1899,James,Posey,James Posey,13/1/1977,Xavier,USA,80,217,FALSE,TRUE,FALSE,1999,1,18,
1900,Quincy,Lewis,Quincy Lewis,26/6/1977,Minnesota,USA,79,215,TRUE,TRUE,FALSE,1999,1,19,
1901,Dion,Glover,Dion Glover,22/10/1978,Georgia Tech,USA,77,225,TRUE,TRUE,FALSE,1999,1,20,
1902,Jeff,Foster,Jeff Foster,16/1/1977,Southwest Texas State,USA,83,250,FALSE,TRUE,TRUE,1999,1,21,
1903,Kenny,Thomas,Kenny Thomas,25/7/1977,New Mexico,USA,79,245,FALSE,TRUE,TRUE,1999,1,22,
1904,Devean,George,Devean George,29/8/1977,Augsburg,USA,80,235,FALSE,TRUE,FALSE,1999,1,23,
1905,Andrei,Kirilenko,Andrei Kirilenko,18/2/1981,CSKA Moscow,Russia,81,235,FALSE,TRUE,FALSE,1999,1,24,
1906,Tim,James,Tim James,25/12/1976,Miami,USA,79,214,FALSE,TRUE,FALSE,1999,1,25,
1907,Vonteego,Cummings,Vonteego Cummings,29/2/1976,Pittsburgh,USA,,1907,FALSE,FALSE,FALSE,1999,1,26,
1908,Jumaine,Jones,Jumaine Jones,10/2/1979,Georgia,USA,80,230,FALSE,TRUE,FALSE,1999,1,27,
1909,Scott,Padgett,Scott Padgett,19/4/1976,Kentucky,USA,81,240,FALSE,TRUE,FALSE,1999,1,28,
1910,Leon,Smith,Leon Smith,2/11/1980,Martin Luther King HS (IL),USA,82,235,FALSE,TRUE,FALSE,1999,1,29,
1911,John,Celestand,John Celestand,6/3/1977,Villanova,USA,75,1911,TRUE,FALSE,FALSE,1999,2,30,
1913,Michael,Ruffin,Michael Ruffin,21/1/1977,Tulsa,USA,80,1913,FALSE,TRUE,TRUE,1999,2,32,
1914,Chris,Herren,Chris Herren,27/9/1975,Fresno State,USA,74,190,TRUE,FALSE,FALSE,1999,2,33,
1915,Evan,Eschmeyer,Evan Eschmeyer,30/5/1975,Northwestern,USA,83,250,FALSE,FALSE,TRUE,1999,2,34,
1916,Calvin,Booth,Calvin Booth,7/5/1976,Penn State,USA,83,230,FALSE,FALSE,TRUE,1999,2,35,
1917,Wang,Zhi-zhi,Wang Zhi-zhi,8/7/1977,Bayi,China,85,284,FALSE,FALSE,TRUE,1999,2,36,
1918,Obinna,Ekezie,Obinna Ekezie,22/8/1975,Maryland,Nigeria,81,270,FALSE,FALSE,TRUE,1999,2,37,
1919,Laron,Profit,Laron Profit,5/8/1977,Maryland,USA,77,204,TRUE,TRUE,FALSE,1999,2,38,
1920,A.J.,Bramlett,A.J. Bramlett,10/1/1977,Arizona,USA,82,227,FALSE,FALSE,TRUE,1999,2,39,
1921,Gordan,Giricek,Gordan Giricek,20/6/1977,CSKA Moscow,Croatia,78,220,TRUE,FALSE,FALSE,1999,2,40,
1922,Francisco,Elson,Francisco Elson,28/2/1976,California,Netherlands,84,1922,FALSE,FALSE,FALSE,1999,2,41,
1924,Lee,Nailon,Lee Nailon,22/2/1975,TCU,USA,81,241,FALSE,TRUE,FALSE,1999,2,43,
1926,Ryan,Robertson,Ryan Robertson,2/10/1976,Kansas,USA,77,190,TRUE,FALSE,FALSE,1999,2,45,
1928,Todd,MacCulloch,Todd MacCulloch,27/1/1976,Washington,Canada,84,280,FALSE,FALSE,TRUE,1999,2,47,
1929,Galen,Young,Galen Young,,,,,,,,,,,,
1930,Lari,Ketner,Lari Ketner,1/2/1977,Massachusetts,USA,,,FALSE,TRUE,FALSE,1999,2,49,
1934,Rodney,Buford,Rodney Buford,2/11/1977,Creighton,USA,77,1934,TRUE,TRUE,FALSE,1999,2,53,
1937,Tim,Young,Tim Young,6/2/1976,Stanford,USA,86,1937,FALSE,FALSE,TRUE,1999,2,56,
1938,Manu,Ginobili,Manu Ginobili,28/7/1977,Virtus Bologna,Argentina,78,205,TRUE,FALSE,FALSE,1999,2,57,
1942,Harold,Jamison,Harold Jamison,20/11/1976,Clemson,USA,81,269,FALSE,TRUE,FALSE,-1,-1,-1,
1943,Wayne,Turner,Wayne Turner,22/3/1976,Kentucky,USA,74,190,TRUE,FALSE,FALSE,-1,-1,-1,
1944,Eddie,Robinson,Eddie Robinson,19/4/1976,Central Oklahoma,USA,81,1944,FALSE,TRUE,FALSE,-22,-22,-22,
1950,Andy,Panko,Andy Panko,29/11/1977,Lebanon Valley,USA,81,245,FALSE,TRUE,FALSE,-1,-1,-1,
1952,Raja,Bell,Raja Bell,19/9/1976,Florida International,US Virgin Islands,77,210,TRUE,FALSE,FALSE,-1,-1,-1,
1953,Lazaro,Borrell,Lazaro Borrell,20/9/1972,Villa Clara,Cuba,80,220,FALSE,TRUE,FALSE,-1,-1,-1,
1954,Jason,Miskiri,Jason Miskiri,19/8/1975,George Mason,USA,74,185,TRUE,FALSE,FALSE,-1,-1,-1,
1956,Ira,Newble,Ira Newble,20/1/1975,Miami (Ohio),USA,79,220,TRUE,TRUE,FALSE,-1,-1,-1,
1960,Milt,Palacio,Milt Palacio,7/2/1978,Colorado State,Belize,76,210,TRUE,FALSE,FALSE,-1,-1,-1,
1965,Rick,Hughes,Rick Hughes,22/8/1973,Thomas More,USA,81,235,FALSE,TRUE,FALSE,-1,-1,-1,
1967,Derek,Hood,Derek Hood,22/12/1976,Arkansas,USA,80,222,FALSE,TRUE,FALSE,-1,-1,-1,
1969,Peter,Cornell,Peter Cornell,,,,,,,,,,,,
1972,John,Morton,John Morton,18/5/1967,Seton Hall,USA,75,180,FALSE,TRUE,FALSE,1989,1,25,
1975,Jamel,Thomas,Jamel Thomas,19/7/1976,Providence,USA,78,219,FALSE,TRUE,FALSE,-1,-1,-1,
1983,Jermaine,Jackson,Jermaine Jackson,7/6/1976,Detroit,USA,77,204,TRUE,FALSE,FALSE,-1,-1,-1,
1984,Rickie,Winslow,Rickie Winslow,26/7/1964,Houston,USA,80,225,FALSE,TRUE,FALSE,1987,2,28,
1985,Zendon,Hamilton,Zendon Hamilton,29/4/1975,St. John's (NY),USA,83,1985,FALSE,FALSE,FALSE,-22,-22,-22,
2000,Dedric,Willoughby,Dedric Willoughby,27/5/1974,Iowa State,USA,75,180,TRUE,FALSE,FALSE,-1,-1,-1,
2030,Kenyon,Martin,Kenyon Martin,30/12/1977,Cincinnati,USA,81,225,FALSE,TRUE,FALSE,2000,1,1,
2031,Stromile,Swift,Stromile Swift,21/11/1979,Louisiana State,USA,82,220,FALSE,TRUE,TRUE,2000,1,2,
2032,Darius,Miles,Darius Miles,9/10/1981,East St. Louis HS (IL),USA,81,235,FALSE,TRUE,FALSE,2000,1,3,
2033,Marcus,Fizer,Marcus Fizer,10/8/1978,Iowa State,USA,,,,,,2000,1,4,
2034,Mike,Miller,Mike Miller,19/2/1980,Florida,USA,80,218,TRUE,TRUE,FALSE,2000,1,5,
2035,DerMarr,Johnson,DerMarr Johnson,5/5/1980,Cincinnati,USA,81,210,TRUE,TRUE,FALSE,2000,1,6,
2036,Chris,Mihm,Chris Mihm,16/7/1979,Texas,USA,84,2036,FALSE,FALSE,TRUE,2000,1,7,
2037,Jamal,Crawford,Jamal Crawford,20/3/1980,Michigan,USA,77,200,TRUE,FALSE,FALSE,2000,1,8,
2038,Joel,Przybilla,Joel Przybilla,10/10/1979,Minnesota,USA,85,245,FALSE,FALSE,TRUE,2000,1,9,
2039,Keyon,Dooling,Keyon Dooling,8/5/1980,Missouri,USA,75,195,TRUE,FALSE,FALSE,2000,1,10,
2040,Jerome,Moiso,Jerome Moiso,15/6/1978,UCLA,France,82,260,FALSE,TRUE,FALSE,2000,1,11,
2041,Etan,Thomas,Etan Thomas,1/4/1978,Syracuse,USA,82,260,FALSE,FALSE,TRUE,2000,1,12,
2042,Courtney,Alexander,Courtney Alexander,27/4/1977,Fresno State,USA,77,2042,TRUE,FALSE,FALSE,2000,1,13,
2043,Mateen,Cleaves,Mateen Cleaves,7/9/1977,Michigan State,USA,74,210,TRUE,FALSE,FALSE,2000,1,14,
2044,Jason,Collier,Jason Collier,8/9/1977,Georgia Tech,USA,84,260,FALSE,FALSE,TRUE,2000,1,15,
2045,Hedo,Turkoglu,Hedo Turkoglu,19/3/1979,Efes Pilsen,Turkey,82,220,FALSE,TRUE,FALSE,2000,1,16,
2046,Desmond,Mason,Desmond Mason,11/10/1977,Oklahoma State,USA,77,222,TRUE,FALSE,FALSE,2000,1,17,
2047,Quentin,Richardson,Quentin Richardson,13/4/1980,DePaul,USA,78,228,FALSE,TRUE,FALSE,2000,1,18,
2048,Jamaal,Magloire,Jamaal Magloire,21/5/1978,Kentucky,Canada,83,2048,FALSE,FALSE,TRUE,2000,1,19,
2049,Speedy,Claxton,Speedy Claxton,8/5/1978,Hofstra,USA,71,170,TRUE,FALSE,FALSE,2000,1,20,
2050,Morris,Peterson,Morris Peterson,26/8/1977,Michigan State,USA,79,2050,FALSE,FALSE,FALSE,2000,1,21,
2051,Donnell,Harvey,Donnell Harvey,26/8/1980,Florida,USA,80,220,FALSE,TRUE,FALSE,2000,1,22,
2052,DeShawn,Stevenson,DeShawn Stevenson,3/4/1981,Washington Union HS (CA),USA,77,218,TRUE,TRUE,FALSE,2000,1,23,
2053,Dalibor,Bagaric,Dalibor Bagaric,2/7/1980,Benston Zagreb,Croatia,85,290,FALSE,FALSE,TRUE,2000,1,24,
2054,Jake,Tsakalidis,Jake Tsakalidis,10/6/1979,AEK Athens,Greece,86,290,FALSE,FALSE,TRUE,2000,1,25,
2055,Mamadou,N'diaye,Mamadou N'diaye,16/6/1975,Auburn,Senegal,84,255,FALSE,FALSE,TRUE,2000,1,26,
2056,Primoz,Brezec,Primoz Brezec,2/10/1979,Union Olimpija,Slovenia,85,255,FALSE,FALSE,TRUE,2000,1,27,
2057,Erick,Barkley,Erick Barkley,21/2/1978,St. John's (NY),USA,73,185,TRUE,FALSE,FALSE,2000,1,28,
2058,Mark,Madsen,Mark Madsen,28/1/1976,Stanford,USA,81,2058,FALSE,TRUE,FALSE,2000,1,29,
2059,Eduardo,Najera,Eduardo Najera,11/7/1976,Oklahoma,Mexico,80,235,FALSE,TRUE,FALSE,2000,2,38,
2060,Marko,Jaric,Marko Jaric,10/12/1978,Virtus Bologna,Serbia,79,224,TRUE,FALSE,FALSE,2000,2,30,
2061,Dan,Langhi,Dan Langhi,28/11/1977,Vanderbilt,USA,83,220,FALSE,TRUE,FALSE,2000,2,31,
2062,A.J.,Guyton,A.J. Guyton,12/2/1978,Indiana,USA,74,2062,TRUE,FALSE,FALSE,2000,2,32,
2063,Jake,Voskuhl,Jake Voskuhl,1/11/1977,Connecticut,USA,83,255,FALSE,FALSE,TRUE,2000,2,33,
2064,Khalid,El-Amin,Khalid El-Amin,25/4/1979,Connecticut,USA,70,200,TRUE,FALSE,FALSE,2000,2,34,
2065,Mike,Smith,Mike Smith,15/4/1976,Louisiana-Monroe,USA,80,195,FALSE,TRUE,FALSE,2000,2,35,
2066,Soumaila,Samake,Soumaila Samake,18/3/1978,Union Olimpija,Mali,82,2066,FALSE,FALSE,TRUE,2000,2,36,
2067,Eddie,House,Eddie House,14/5/1978,Arizona State,USA,73,190,TRUE,FALSE,FALSE,2000,2,37,
2068,Lavor,Postell,Lavor Postell,26/2/1978,St. John's (NY),USA,77,215,TRUE,TRUE,FALSE,2000,2,39,
2069,Hanno,Mottola,Hanno Mottola,9/9/1976,Utah,Finland,83,247,FALSE,TRUE,TRUE,2000,2,40,
2071,Olumide,Oyedeji,Olumide Oyedeji,11/5/1981,DJK Wurzburg,Nigeria,,2071,FALSE,FALSE,FALSE,2000,2,42,
2072,Michael,Redd,Michael Redd,24/8/1979,Ohio State,USA,78,215,TRUE,FALSE,FALSE,2000,2,43,
2073,Brian,Cardinal,Brian Cardinal,2/5/1977,Purdue,USA,80,240,FALSE,TRUE,FALSE,2000,2,44,
2074,Jabari,Smith,Jabari Smith,12/2/1977,Louisiana State,USA,83,250,FALSE,FALSE,TRUE,2000,2,45,
2077,Mark,Karcher,Mark Karcher,,,,,,,,,,,,
2078,Jason,Hart,Jason Hart,29/4/1978,Syracuse,USA,75,180,TRUE,FALSE,FALSE,2000,2,49,
2079,Kaniel,Dickens,Kaniel Dickens,21/7/1978,Idaho,USA,80,2079,FALSE,FALSE,FALSE,2000,2,50,
2080,Igor,Rakocevic,Igor Rakocevic,29/3/1978,Buducnost,Serbia,74,184,TRUE,FALSE,FALSE,2000,2,51,
2081,Ernest,Brown,Ernest Brown,17/5/1979,Indian Hills C.C.,USA,84,2081,FALSE,FALSE,TRUE,2000,2,52,
2082,Dan,McClintock,Dan McClintock,19/4/1977,Northern Arizona,USA,84,270,FALSE,FALSE,TRUE,2000,2,53,
2084,Chris,Porter,Chris Porter,9/5/1978,Auburn,USA,79,218,FALSE,TRUE,FALSE,2000,2,55,
2091,Daniel,Santiago,Daniel Santiago,24/6/1976,St. Vincent,Puerto Rico,85,256,FALSE,FALSE,TRUE,-1,-1,-1,
2092,Ruben,Garces,Ruben Garces,17/10/1973,Providence,USA,,,FALSE,TRUE,FALSE,-1,-1,-1,
2098,Slava,Medvedenko,Slava Medvedenko,4/4/1979,Kyiv,Ukraine,82,253,FALSE,TRUE,FALSE,-1,-1,-1,
2101,Paul,McPherson,Paul McPherson,3/7/1978,DePaul,USA,76,210,TRUE,FALSE,FALSE,-1,-1,-1,
2106,Ruben,Wolkowyski,Ruben Wolkowyski,30/9/1973,Estudiantes de Olavarria,Argentina,82,275,FALSE,TRUE,FALSE,-1,-1,-1,
2109,Eddie,Gill,Eddie Gill,16/8/1978,Weber State,USA,72,190,TRUE,FALSE,FALSE,-1,-1,-1,
2111,Jimmie,Hunter,Jimmie Hunter,,,,,,,,,,,,
2121,Terrance,Roberson,Terrance Roberson,30/12/1976,Fresno State,USA,,,,,,-1,-1,-1,
2123,Garth,Joseph,Garth Joseph,8/8/1973,St. Rose,USA,86,306,FALSE,FALSE,TRUE,-1,-1,-1,
2124,Malik,Allen,Malik Allen,27/6/1978,Villanova,USA,82,255,FALSE,TRUE,FALSE,-1,-1,-1,
2128,David,Vanterpool,David Vanterpool,21/3/1973,St. Bonaventure,USA,77,200,TRUE,FALSE,FALSE,-1,-1,-1,
2130,Mike,Penberthy,Mike Penberthy,29/11/1974,The Master's College,USA,75,180,,,,-1,-1,-1,
2135,Nick,Sheppard,Nick Sheppard,,,,,,,,,,,,
2136,Jameel,Watkins,Jameel Watkins,,,,,,,,,,,,
2137,Ime,Udoka,Ime Udoka,9/8/1977,Portland State,USA,77,2137,FALSE,FALSE,FALSE,-22,-22,-22,
2143,Pepe,Sanchez,Pepe Sanchez,8/5/1977,Temple,Argentina,76,195,TRUE,FALSE,FALSE,-1,-1,-1,
2144,Ademola,Okulaja,Ademola Okulaja,,,,,,,,,,,,
2148,Mark,Ayotte,Mark Ayotte,,,,,,,,,,,,
2173,Sean,Colson,Sean Colson,1/7/1975,North Carolina-Charlotte,USA,72,175,TRUE,FALSE,FALSE,-1,-1,-1,
2198,Kwame,Brown,Kwame Brown,10/3/1982,Glynn Academy HS (GA),USA,83,290,FALSE,FALSE,TRUE,2001,1,1,
2199,Tyson,Chandler,Tyson Chandler,2/10/1982,Dominguez HS (CA),USA,84,235,FALSE,FALSE,TRUE,2001,1,2,
2200,Pau,Gasol,Pau Gasol,6/7/1980,FC Barcelona,Spain,84,250,FALSE,TRUE,TRUE,2001,1,3,
2201,Eddy,Curry,Eddy Curry,5/12/1982,Thornwood HS (IL),USA,84,295,FALSE,FALSE,TRUE,2001,1,4,
2202,Jason,Richardson,Jason Richardson,20/1/1981,Michigan State,USA,78,225,TRUE,FALSE,FALSE,2001,1,5,
2203,Shane,Battier,Shane Battier,9/9/1978,Duke,USA,80,220,FALSE,TRUE,FALSE,2001,1,6,
2204,Eddie,Griffin,Eddie Griffin,30/5/1982,Seton Hall,USA,81,222,FALSE,TRUE,FALSE,2001,1,7,
2205,DeSagana,Diop,DeSagana Diop,30/1/1982,Oak Hill Academy (VA),Senegal,84,2205,FALSE,FALSE,TRUE,2001,1,8,
2206,Rodney,White,Rodney White,28/6/1980,North Carolina-Charlotte,USA,81,230,FALSE,TRUE,FALSE,2001,1,9,
2207,Joe,Johnson,Joe Johnson,29/6/1981,Arkansas,USA,79,240,TRUE,TRUE,FALSE,2001,1,10,
2208,Kedrick,Brown,Kedrick Brown,18/3/1981,Northwest Florida State,USA,79,2208,FALSE,FALSE,FALSE,2001,1,11,
2209,Vladimir,Radmanovic,Vladimir Radmanovic,19/11/1980,FMP,Serbia,82,235,FALSE,TRUE,FALSE,2001,1,12,
2210,Richard,Jefferson,Richard Jefferson,21/6/1980,Arizona,USA,79,2210,FALSE,TRUE,FALSE,2001,1,13,
2211,Troy,Murphy,Troy Murphy,2/5/1980,Notre Dame,USA,83,245,FALSE,TRUE,TRUE,2001,1,14,
2212,Steven,Hunter,Steven Hunter,31/10/1981,DePaul,USA,84,240,FALSE,FALSE,TRUE,2001,1,15,
2213,Kirk,Haston,Kirk Haston,10/3/1979,Indiana,USA,81,242,FALSE,TRUE,FALSE,2001,1,16,
2214,Michael,Bradley,Michael Bradley,18/4/1979,Villanova,USA,82,245,FALSE,TRUE,FALSE,2001,1,17,
2215,Jason,Collins,Jason Collins,2/12/1978,Stanford,USA,84,255,FALSE,FALSE,TRUE,2001,1,18,
2216,Zach,Randolph,Zach Randolph,16/7/1981,Michigan State,USA,81,250,FALSE,TRUE,FALSE,2001,1,19,
2217,Brendan,Haywood,Brendan Haywood,27/11/1979,North Carolina,USA,84,263,FALSE,FALSE,TRUE,2001,1,20,
2218,Joseph,Forte,Joseph Forte,23/3/1981,North Carolina,USA,76,194,TRUE,FALSE,FALSE,2001,1,21,
2219,Jeryl,Sasser,Jeryl Sasser,13/2/1979,Southern Methodist,USA,78,200,TRUE,FALSE,FALSE,2001,1,22,
2220,Brandon,Armstrong,Brandon Armstrong,16/6/1980,Pepperdine,USA,77,185,TRUE,FALSE,FALSE,2001,1,23,
2221,Raul,Lopez,Raul Lopez,15/4/1980,Real Madrid,Spain,72,175,TRUE,FALSE,FALSE,2001,1,24,
2222,Gerald,Wallace,Gerald Wallace,23/7/1982,Alabama,USA,79,220,FALSE,TRUE,FALSE,2001,1,25,
2223,Samuel,Dalembert,Samuel Dalembert,10/5/1980,Seton Hall,Haiti,83,255,FALSE,FALSE,TRUE,2001,1,26,
2224,Jamaal,Tinsley,Jamaal Tinsley,28/2/1978,Iowa State,USA,75,188,TRUE,FALSE,FALSE,2001,1,27,
2225,Tony,Parker,Tony Parker,17/5/1982,Paris Basket Racing,France,74,185,TRUE,FALSE,FALSE,2001,1,28,
2226,Will,Solomon,Will Solomon,20/7/1978,Clemson,USA,73,185,TRUE,FALSE,FALSE,2001,2,32,
2228,Alton,Ford,Alton Ford,29/5/1981,Houston,USA,81,280,FALSE,TRUE,FALSE,2001,2,50,
2229,Mike,James,Mike James,23/6/1975,Duquesne,USA,74,188,TRUE,FALSE,FALSE,-1,-1,-1,
2230,Maurice,Evans,Maurice Evans,8/11/1978,Texas,USA,77,220,TRUE,TRUE,FALSE,-1,-1,-1,
2237,Ratko,Varda,Ratko Varda,6/5/1979,Partizan,Bosnia and Herzegovina,85,265,FALSE,FALSE,TRUE,-1,-1,-1,
2238,Antonis,Fotsis,Antonis Fotsis,1/4/1981,Panathinaikos,Greece,82,2238,FALSE,TRUE,FALSE,2001,2,47,
2239,Trenton,Hassell,Trenton Hassell,4/3/1979,Austin Peay,USA,77,2239,TRUE,TRUE,FALSE,2001,2,29,
2240,Gilbert,Arenas,Gilbert Arenas,6/1/1982,Arizona,USA,76,215,TRUE,FALSE,FALSE,2001,2,30,
2241,Omar,Cook,Omar Cook,28/1/1982,St. John's (NY),USA,73,2241,TRUE,FALSE,FALSE,2001,2,31,
2242,Terence,Morris,Terence Morris,11/1/1979,Maryland,USA,,,,,,2001,2,33,
2243,Brian,Scalabrine,Brian Scalabrine,18/3/1978,Southern California,USA,81,235,FALSE,TRUE,FALSE,2001,2,34,
2244,Jeff,Trepagnier,Jeff Trepagnier,11/7/1979,USC,USA,76,200,TRUE,FALSE,FALSE,2001,2,35,
2245,Damone,Brown,Damone Brown,28/6/1979,Syracuse,USA,80,2245,FALSE,FALSE,FALSE,2001,2,36,
2246,Mehmet,Okur,Mehmet Okur,26/5/1979,Efes Pilsen,Turkey,83,260,FALSE,FALSE,TRUE,2001,2,37,
2248,Earl,Watson,Earl Watson,12/6/1979,UCLA,USA,73,199,TRUE,FALSE,FALSE,2001,2,39,
2249,Jamison,Brewer,Jamison Brewer,19/11/1980,Auburn,USA,76,195,TRUE,FALSE,FALSE,2001,2,40,
2250,Bobby,Simmons,Bobby Simmons,2/6/1980,DePaul,USA,78,235,FALSE,TRUE,FALSE,2001,2,41,
2251,Eric,Chenowith,Eric Chenowith,,,,,,,,,,,,
2253,Sean,Lampley,Sean Lampley,3/9/1979,California,USA,78,213,FALSE,TRUE,FALSE,2001,2,44,
2254,Loren,Woods,Loren Woods,21/6/1978,Arizona,USA,86,260,FALSE,FALSE,TRUE,2001,2,45,
2256,Ken,Johnson,Ken Johnson,1/2/1978,Ohio State,USA,82,2256,FALSE,TRUE,TRUE,2001,2,48,
2257,Ruben,Boumtje-Boumtje,Ruben Boumtje-Boumtje,20/5/1978,Georgetown,USA,84,257,FALSE,FALSE,TRUE,2001,2,49,
2260,Jarron,Collins,Jarron Collins,2/12/1978,Stanford,USA,83,249,FALSE,FALSE,TRUE,2001,2,52,
2261,Kenny,Satterfield,Kenny Satterfield,10/4/1981,Cincinnati,USA,74,2261,TRUE,FALSE,FALSE,2001,2,53,
2264,Alvin,Jones,Alvin Jones,9/9/1978,Georgia Tech,USA,83,265,FALSE,FALSE,TRUE,2001,2,56,
2271,Robb,Dryden,Robb Dryden,,,,,,,,,,,,
2294,Charlie,Bell,Charlie Bell,12/3/1979,Michigan State,USA,75,2294,TRUE,FALSE,FALSE,-22,-22,-22,
2306,Carlos,Arroyo,Carlos Arroyo,30/7/1979,Florida International,Puerto Rico,74,200,TRUE,FALSE,FALSE,-1,-1,-1,
2321,Paul,Shirley,Paul Shirley,23/12/1977,Iowa State,USA,82,230,FALSE,TRUE,FALSE,-1,-1,-1,
2343,Joe,Crispin,Joe Crispin,18/7/1979,Penn State,USA,72,185,TRUE,FALSE,FALSE,-1,-1,-1,
2347,Tang,Hamilton,Tang Hamilton,26/5/1978,Mississippi State,USA,80,205,FALSE,TRUE,FALSE,-1,-1,-1,
2349,Victor,Alexander,Victor Alexander,31/8/1969,Iowa State,USA,82,265,FALSE,TRUE,FALSE,1991,1,17,
2351,Oscar,Torres,Oscar Torres,18/12/1976,Trotamundos,Venezuela,78,210,TRUE,TRUE,FALSE,-1,-1,-1,
2352,Dean,Oliver,Dean Oliver,5/11/1978,Iowa,USA,71,175,TRUE,FALSE,FALSE,-1,-1,-1,
2357,Tierre,Brown,Tierre Brown,3/6/1979,McNeese State,USA,74,189,TRUE,FALSE,FALSE,-1,-1,-1,
2365,Chris,Andersen,Chris Andersen,7/7/1978,Blinn J.C.,USA,82,245,FALSE,TRUE,TRUE,-1,-1,-1,
2366,Mike,Wilks,Mike Wilks,7/5/1979,Rice,USA,70,180,TRUE,FALSE,FALSE,-1,-1,-1,
2367,Geno,Carlisle,Geno Carlisle,13/8/1976,California,USA,75,200,TRUE,FALSE,FALSE,-1,-1,-1,
2369,Norman,Richardson,Norman Richardson,24/7/1977,Hofstra,USA,77,2369,TRUE,FALSE,FALSE,-22,-22,-22,
2370,Mengke,Bateer,Mengke Bateer,20/11/1975,Beijing,China,83,290,FALSE,FALSE,TRUE,-1,-1,-1,
2386,Kimani,Ffriend,Kimani Ffriend,,,,,,,,,,,,
2397,Yao,Ming,Yao Ming,12/9/1980,Shanghai,China,90,310,FALSE,FALSE,TRUE,2002,1,1,
2398,Jay,Williams,Jay Williams,10/9/1981,Duke,USA,74,195,TRUE,FALSE,FALSE,2002,1,2,
2399,Mike,Dunleavy,Mike Dunleavy,15/9/1980,Duke,USA,81,230,TRUE,TRUE,FALSE,2002,1,3,
2400,Drew,Gooden,Drew Gooden,24/9/1981,Kansas,USA,82,250,FALSE,TRUE,FALSE,2002,1,4,
2401,Nikoloz,Tskitishvili,Nikoloz Tskitishvili,14/4/1983,Benetton Treviso,Georgia,84,225,FALSE,TRUE,FALSE,2002,1,5,
2402,Dajuan,Wagner,Dajuan Wagner,4/2/1983,Memphis,USA,75,200,TRUE,FALSE,FALSE,2002,1,6,
2403,Nene,Hilario,Nene Hilario,,,,,,FALSE,FALSE,FALSE,,,,
2404,Chris,Wilcox,Chris Wilcox,3/9/1982,Maryland,USA,82,235,FALSE,TRUE,TRUE,2002,1,8,
2405,Amar'e,Stoudemire,Amar'e Stoudemire,16/11/1982,Cypress Creek HS (FL),USA,82,245,FALSE,TRUE,TRUE,2002,1,9,
2406,Caron,Butler,Caron Butler,13/3/1980,Connecticut,USA,79,228,FALSE,TRUE,FALSE,2002,1,10,
2407,Jared,Jeffries,Jared Jeffries,25/11/1981,Indiana,USA,83,240,FALSE,TRUE,FALSE,2002,1,11,
2408,Melvin,Ely,Melvin Ely,2/5/1978,Fresno State,USA,82,260,FALSE,TRUE,TRUE,2002,1,12,
2409,Marcus,Haislip,Marcus Haislip,22/12/1980,Tennessee,USA,82,230,FALSE,TRUE,FALSE,2002,1,13,
2410,Fred,Jones,Fred Jones,11/3/1979,Oregon,USA,74,225,TRUE,FALSE,FALSE,2002,1,14,
2411,Bostjan,Nachbar,Bostjan Nachbar,3/7/1980,Benetton Treviso,Slovenia,81,221,FALSE,TRUE,FALSE,2002,1,15,
2412,Jiri,Welsch,Jiri Welsch,27/1/1980,Union Olimpija,Czech Republic,79,208,FALSE,TRUE,FALSE,2002,1,16,
2413,Juan,Dixon,Juan Dixon,9/10/1978,Maryland,USA,75,2413,TRUE,FALSE,FALSE,2002,1,17,
2414,Curtis,Borchardt,Curtis Borchardt,13/9/1980,Stanford,USA,84,2414,FALSE,FALSE,TRUE,2002,1,18,
2415,Ryan,Humphrey,Ryan Humphrey,24/7/1979,Notre Dame,USA,80,235,FALSE,TRUE,FALSE,2002,1,19,
2416,Kareem,Rush,Kareem Rush,30/10/1980,Missouri,USA,78,215,TRUE,FALSE,FALSE,2002,1,20,
2417,Qyntel,Woods,Qyntel Woods,16/2/1981,Northeast Mississippi CC,USA,80,220,TRUE,TRUE,FALSE,2002,1,21,
2418,Casey,Jacobsen,Casey Jacobsen,19/3/1981,Stanford,USA,78,215,TRUE,FALSE,FALSE,2002,1,22,
2419,Tayshaun,Prince,Tayshaun Prince,28/2/1980,Kentucky,USA,81,212,FALSE,TRUE,FALSE,2002,1,23,
2420,Nenad,Krstic,Nenad Krstic,25/7/1983,Partizan,Serbia,84,240,FALSE,FALSE,TRUE,2002,1,24,
2421,Frank,Williams,Frank Williams,25/2/1980,Illinois,USA,75,212,TRUE,FALSE,FALSE,2002,1,25,
2422,John,Salmons,John Salmons,12/12/1979,Miami,USA,78,210,FALSE,TRUE,FALSE,2002,1,26,
2423,Chris,Jefferies,Chris Jefferies,13/2/1980,Fresno State,USA,80,230,FALSE,TRUE,FALSE,2002,1,27,
2424,Dan,Dickau,Dan Dickau,16/9/1978,Gonzaga,USA,72,180,TRUE,FALSE,FALSE,2002,1,28,
2425,Robert,Archibald,Robert Archibald,29/3/1980,Illinois,Scotland,83,250,FALSE,TRUE,FALSE,2002,2,31,
2427,Roger,Mason Jr.,Roger Mason Jr.,10/9/1980,Virginia,USA,77,2427,FALSE,FALSE,FALSE,2002,2,30,
2428,Vincent,Yarbrough,Vincent Yarbrough,21/3/1981,Tennessee,USA,79,210,FALSE,TRUE,FALSE,2002,2,32,
2429,Dan,Gadzuric,Dan Gadzuric,2/2/1978,UCLA,Netherlands,83,240,FALSE,FALSE,TRUE,2002,2,33,
2430,Carlos,Boozer,Carlos Boozer,20/11/1981,Duke,USA,81,258,FALSE,TRUE,FALSE,2002,2,34,
2431,David,Andersen,David Andersen,23/6/1980,FC Barcelona,Australia,,,,,,2002,2,36,
2432,Tito,Maddox,Tito Maddox,8/6/1981,Fresno State,USA,76,190,TRUE,FALSE,FALSE,2002,2,37,
2434,Juan Carlos,Navarro,Juan Carlos Navarro,13/6/1980,FC Barcelona,Spain,,2434,FALSE,FALSE,FALSE,2002,2,39,
2435,Mario,Kasun,Mario Kasun,5/4/1980,Skyliners Frankfurt,Croatia,85,260,FALSE,FALSE,TRUE,2002,2,40,
2436,Flip,Murray,Flip Murray,29/7/1979,Shaw,USA,75,200,TRUE,FALSE,FALSE,2002,2,41,
2437,Lonny,Baxter,Lonny Baxter,27/1/1979,Maryland,USA,80,260,FALSE,TRUE,FALSE,2002,2,43,
2438,Jason,Jennings,Jason Jennings,,,,,,,,,,,,
2439,Sam,Clancy,Sam Clancy,,,,,,,,,,,,
2440,Matt,Barnes,Matt Barnes,9/3/1980,UCLA,USA,79,226,FALSE,TRUE,FALSE,2002,2,45,
2441,Jamal,Sampson,Jamal Sampson,15/5/1983,California,USA,83,235,FALSE,TRUE,TRUE,2002,2,46,
2442,Chris,Owens,Chris Owens,1/3/1979,Texas-Austin,USA,79,245,FALSE,TRUE,FALSE,2002,2,47,
2443,Darius,Songaila,Darius Songaila,14/2/1978,Wake Forest,Lithuania,81,248,FALSE,TRUE,FALSE,2002,2,49,
2446,Rasual,Butler,Rasual Butler,23/5/1979,La Salle,USA,79,215,FALSE,TRUE,FALSE,2002,2,52,
2447,Tamar,Slay,Tamar Slay,2/4/1980,Marshall,USA,80,220,TRUE,FALSE,FALSE,2002,2,53,
2449,Luis,Scola,Luis Scola,30/4/1980,Tau Ceramica,Argentina,81,241,FALSE,TRUE,FALSE,2002,2,55,
2450,Randy,Holcomb,Randy Holcomb,8/8/1979,San Diego State,USA,81,2450,FALSE,FALSE,FALSE,2002,2,56,
2451,Corsley,Edwards,Corsley Edwards,5/3/1979,Central Connecticut State,USA,81,275,FALSE,TRUE,FALSE,2002,2,57,
2452,J.R.,Bremer,J.R. Bremer,19/9/1980,St. Bonaventure,USA,74,185,TRUE,FALSE,FALSE,-1,-1,-1,
2453,Predrag,Savovic,Predrag Savovic,21/5/1976,Hawaii,Serbia,78,2453,TRUE,FALSE,FALSE,-22,-22,-22,
2454,Junior,Harrington,Junior Harrington,2/10/1980,Wingate,USA,76,190,TRUE,FALSE,FALSE,-1,-1,-1,
2456,Cezary,Trybanski,Cezary Trybanski,22/9/1979,Znicz Pruszkow,Poland,86,240,FALSE,FALSE,TRUE,-1,-1,-1,
2457,Jannero,Pargo,Jannero Pargo,22/10/1979,Arkansas,USA,73,185,TRUE,FALSE,FALSE,-1,-1,-1,
2462,Guy,Rucker,Guy Rucker,27/7/1977,Iowa,USA,81,270,FALSE,TRUE,TRUE,1999,,,
2466,Maurice,Carter,Maurice Carter,12/10/1976,Louisiana State,USA,77,210,TRUE,FALSE,FALSE,-1,-1,-1,
2469,Pat,Burke,Pat Burke,14/12/1973,Auburn,Ireland,83,250,FALSE,TRUE,TRUE,-1,-1,-1,
2470,Smush,Parker,Smush Parker,1/6/1981,Fordham,USA,76,190,TRUE,FALSE,FALSE,-1,-1,-1,
2471,Mike,Batiste,Mike Batiste,21/11/1977,Arizona State,USA,,2471,FALSE,FALSE,FALSE,-22,-22,-22,
2484,Devin,Brown,Devin Brown,30/12/1978,Texas-San Antonio,USA,77,210,TRUE,FALSE,FALSE,-1,-1,-1,
2486,Maurice,Baker,Maurice Baker,28/7/1979,Oklahoma State,USA,74,200,TRUE,FALSE,FALSE,-1,-1,-1,
2492,Adam,Harrington,Adam Harrington,5/7/1980,Auburn,USA,77,200,TRUE,FALSE,FALSE,-1,-1,-1,
2499,Richie,Frahm,Richie Frahm,14/8/1977,Gonzaga,USA,77,2499,FALSE,FALSE,FALSE,-22,-22,-22,
2501,Reggie,Evans,Reggie Evans,18/5/1980,Iowa,USA,80,245,FALSE,TRUE,TRUE,-1,-1,-1,
2508,Gabe,Muoneke,Gabe Muoneke,,,,,,,,,,,,
2525,Milos,Vujanic,Milos Vujanic,,,,,,,,,,,,
2541,Antoine,Rigaudeau,Antoine Rigaudeau,17/12/1971,Virtus Bologna,France,79,210,TRUE,FALSE,FALSE,-1,-1,-1,
2544,LeBron,James,LeBron James,,,,,,FALSE,TRUE,FALSE,,,,
2545,Darko,Milicic,Darko Milicic,20/6/1985,Hemoform,Serbia,84,275,FALSE,FALSE,TRUE,2003,1,2,
2546,Carmelo,Anthony,Carmelo Anthony,29/5/1984,Syracuse,USA,79,238,FALSE,TRUE,FALSE,2003,1,3,
2547,Chris,Bosh,Chris Bosh,24/3/1984,Georgia Tech,USA,83,235,FALSE,TRUE,FALSE,2003,1,4,
2548,Dwyane,Wade,Dwyane Wade,17/1/1982,Marquette,USA,76,2548,TRUE,FALSE,FALSE,2003,1,5,
2549,Chris,Kaman,Chris Kaman,28/4/1982,Central Michigan,USA,84,265,FALSE,FALSE,TRUE,2003,1,6,
2550,Kirk,Hinrich,Kirk Hinrich,2/1/1981,Kansas,USA,76,190,TRUE,FALSE,FALSE,2003,1,7,
2551,T.J.,Ford,T.J. Ford,24/3/1983,Texas-Austin,USA,72,165,TRUE,FALSE,FALSE,2003,1,8,
2552,Michael,Sweetney,Michael Sweetney,25/10/1982,Georgetown,USA,80,270,FALSE,TRUE,FALSE,2003,1,9,
2553,Jarvis,Hayes,Jarvis Hayes,9/8/1981,Georgia,USA,80,228,FALSE,TRUE,FALSE,2003,1,10,
2554,Mickael,Pietrus,Mickael Pietrus,7/2/1982,Pau Orthez,France,78,215,FALSE,TRUE,FALSE,2003,1,11,
2555,Nick,Collison,Nick Collison,26/10/1980,Kansas,USA,82,255,FALSE,TRUE,TRUE,2003,1,12,
2556,Marcus,Banks,Marcus Banks,19/11/1981,UNLV,USA,74,205,TRUE,FALSE,FALSE,2003,1,13,
2557,Luke,Ridnour,Luke Ridnour,13/2/1981,Oregon,USA,74,175,TRUE,FALSE,FALSE,2003,1,14,
2558,Reece,Gaines,Reece Gaines,7/1/1981,Louisville,USA,78,205,TRUE,FALSE,FALSE,2003,1,15,
2559,Troy,Bell,Troy Bell,10/11/1980,Boston College,USA,73,180,TRUE,FALSE,FALSE,2003,1,16,
2560,Zarko,Cabarkapa,Zarko Cabarkapa,21/5/1981,Buducnost,Serbia,83,230,FALSE,TRUE,TRUE,2003,1,17,
2561,David,West,David West,29/8/1980,Xavier,USA,81,250,FALSE,TRUE,FALSE,2003,1,18,
2562,Sasha,Pavlovic,Sasha Pavlovic,15/11/1983,Buducnost,Montenegro,79,2562,TRUE,TRUE,FALSE,2003,1,19,
2563,Dahntay,Jones,Dahntay Jones,27/12/1980,Duke,USA,78,225,TRUE,TRUE,FALSE,2003,1,20,
2564,Boris,Diaw,Boris Diaw,16/4/1982,Pau Orthez,France,80,250,FALSE,TRUE,TRUE,2003,1,21,
2565,Zoran,Planinic,Zoran Planinic,12/9/1982,Cibona,Croatia,,,,,,2003,1,22,
2566,Travis,Outlaw,Travis Outlaw,18/9/1984,Starkville HS (MS),USA,81,2566,FALSE,TRUE,FALSE,2003,1,23,
2567,Brian,Cook,Brian Cook,4/12/1980,Illinois,USA,81,2567,FALSE,TRUE,TRUE,2003,1,24,
2568,Carlos,Delfino,Carlos Delfino,29/8/1982,Fortitudo Bologna,Argentina,78,230,TRUE,TRUE,FALSE,2003,1,25,
2569,Ndudi,Ebi,Ndudi Ebi,18/6/1984,Westbury Christian HS (TX),USA,81,195,FALSE,TRUE,FALSE,2003,1,26,
2570,Kendrick,Perkins,Kendrick Perkins,10/11/1984,Clifton J. Ozen HS (TX),USA,82,270,FALSE,FALSE,TRUE,2003,1,27,
2571,Leandro,Barbosa,Leandro Barbosa,28/11/1982,Bauru,Brazil,75,2571,TRUE,FALSE,FALSE,2003,1,28,
2572,Josh,Howard,Josh Howard,28/4/1980,Wake Forest,USA,79,210,TRUE,TRUE,FALSE,2003,1,29,
2573,Maciej,Lampe,Maciej Lampe,5/2/1985,Real Madrid,Poland,83,275,FALSE,TRUE,FALSE,2003,2,30,
2574,Jason,Kapono,Jason Kapono,2/2/1981,UCLA,USA,80,215,FALSE,TRUE,FALSE,2003,2,31,
2575,Luke,Walton,Luke Walton,28/3/1980,Arizona,USA,80,235,FALSE,TRUE,FALSE,2003,2,32,
2580,Travis,Hansen,Travis Hansen,15/4/1978,Brigham Young,USA,78,205,TRUE,TRUE,FALSE,2003,2,37,
2581,Steve,Blake,Steve Blake,26/2/1980,Maryland,USA,75,172,TRUE,FALSE,FALSE,2003,2,38,
2582,Slavko,Vranes,Slavko Vranes,30/1/1983,Buducnost,Montenegro,89,275,FALSE,FALSE,TRUE,2003,2,39,
2583,Derrick,Zimmerman,Derrick Zimmerman,2/12/1981,Mississippi State,USA,75,195,TRUE,FALSE,FALSE,2003,2,40,
2584,Willie,Green,Willie Green,28/7/1981,Detroit,USA,75,205,TRUE,FALSE,FALSE,2003,2,41,
2585,Zaza,Pachulia,Zaza Pachulia,10/2/1984,Ulkerspor,Georgia,83,270,FALSE,FALSE,TRUE,2003,2,42,
2586,Keith,Bogans,Keith Bogans,12/5/1980,Kentucky,USA,77,215,TRUE,TRUE,FALSE,2003,2,43,
2587,Malick,Badiane,Malick Badiane,,,,,,,,,,,,
2588,Matt,Bonner,Matt Bonner,5/4/1980,Florida,USA,82,235,FALSE,TRUE,TRUE,2003,2,45,
2589,Sani,Becirovic,Sani Becirovic,,,,,,,,,,,,
2590,Mo,Williams,Mo Williams,19/12/1982,Alabama,USA,73,198,TRUE,FALSE,FALSE,2003,2,47,
2591,James,Lang,James Lang,17/10/1983,Central Park Christian HS (AL),USA,82,305,FALSE,FALSE,TRUE,2003,2,48,
2592,James,Jones,James Jones,4/10/1980,Miami,USA,80,218,TRUE,TRUE,FALSE,2003,2,49,
2594,Kyle,Korver,Kyle Korver,17/3/1981,Creighton,USA,79,2594,TRUE,TRUE,FALSE,2003,2,51,
2596,Tommy,Smith,Tommy Smith,,,,,,,,,,,,
2598,Rick,Rickert,Rick Rickert,,,,,,,,,,,,
2599,Brandon,Hunter,Brandon Hunter,24/11/1980,Ohio,USA,79,2599,FALSE,TRUE,FALSE,2003,2,56,
2601,Andreas,Glyniadakis,Andreas Glyniadakis,26/8/1981,AEK Athens,Greece,85,280,FALSE,FALSE,TRUE,2003,2,58,
2602,Jerome,Beasley,Jerome Beasley,17/5/1980,North Dakota,USA,81,237,FALSE,TRUE,FALSE,2003,2,33,
2604,Theron,Smith,Theron Smith,3/10/1980,Ball State,USA,80,225,FALSE,TRUE,FALSE,-1,-1,-1,
2605,Marquis,Daniels,Marquis Daniels,7/1/1981,Auburn,USA,78,2605,FALSE,TRUE,FALSE,-22,-22,-22,
2606,Carl,English,Carl English,,,,,,,,,,,,
2617,Udonis,Haslem,Udonis Haslem,9/6/1980,Florida,USA,79,235,FALSE,TRUE,FALSE,-1,-1,-1,
2618,Marcus,Hatten,Marcus Hatten,,,,,,,,,,,,
2624,Quinton,Ross,Quinton Ross,30/4/1981,Southern Methodist,USA,78,2624,FALSE,FALSE,FALSE,-22,-22,-22,
2629,Jon,Stefansson,Jon Stefansson,,,,,,,,,,,,
2632,Kirk,Penney,Kirk Penney,23/11/1980,Wisconsin,USA,77,220,TRUE,FALSE,FALSE,-1,-1,-1,
2636,Justin,Hamilton,Justin Hamilton,,,,,,,,,,,,
2637,Alex,Scales,Alex Scales,3/7/1978,Oregon,USA,76,195,TRUE,FALSE,FALSE,-1,-1,-1,
2639,Britton,Johnsen,Britton Johnsen,8/7/1979,Utah,USA,82,210,FALSE,TRUE,FALSE,-1,-1,-1,
2644,Rick,Apodaca,Rick Apodaca,,,,,,,,,,,,
2646,Kris,Lang,Kris Lang,,,,,,,,,,,,
2648,Ronald,Dupree,Ronald Dupree,26/1/1981,Louisiana State,USA,79,2648,FALSE,FALSE,FALSE,-22,-22,-22,
2650,Demetrius,Alexander,Demetrius Alexander,,,,,,,,,,,,
2651,Jermaine,Boyette,Jermaine Boyette,,,,,,,,,,,,
2652,Shelton,Jones,Shelton Jones,6/4/1966,St. John's (NY),USA,80,210,FALSE,TRUE,FALSE,1988,2,27,
2657,Yuta,Tabuse,Yuta Tabuse,5/10/1980,Brigham Young-Hawaii,USA,69,165,TRUE,FALSE,FALSE,-1,-1,-1,
2660,Richard,Jeter,Richard Jeter,,,,,,,,,,,,
2667,Desmond,Penigar,Desmond Penigar,16/7/1981,Utah State,USA,79,245,FALSE,TRUE,FALSE,-1,-1,-1,
2668,Josh,Davis,Josh Davis,10/8/1980,Wyoming,USA,80,235,FALSE,TRUE,FALSE,-1,-1,-1,
2669,Linton,Johnson,Linton Johnson,13/6/1980,Tulane,USA,80,205,FALSE,TRUE,FALSE,-1,-1,-1,
2672,Ronald,Blackshear,Ronald Blackshear,,,,,,,,,,,,
2673,Hiram,Fuller,Hiram Fuller,13/5/1981,Fresno State,USA,81,240,FALSE,TRUE,FALSE,-1,-1,-1,
2674,Ray,Young,Ray Young,,,,,,,,,,,,
2676,Chuck,Eidson,Chuck Eidson,,,,,,,,,,,,
2677,Kevin,Lyde,Kevin Lyde,,,,,,,,,,,,
2679,Matt,Carroll,Matt Carroll,28/8/1980,Notre Dame,USA,78,2679,FALSE,FALSE,FALSE,-22,-22,-22,
2682,Alex,Garcia,Alex Garcia,4/3/1980,Ribeirao Preto,Brazil,75,2682,FALSE,FALSE,FALSE,-22,-22,-22,
2683,David,Jackson,David Jackson,,,,,,,,,,,,
2684,Melvin,Sanders,Melvin Sanders,3/1/1981,Oklahoma State,USA,77,210,TRUE,TRUE,FALSE,-1,-1,-1,
2688,Brandin,Knight,Brandin Knight,16/12/1981,Pittsburgh,USA,72,180,TRUE,FALSE,FALSE,-1,-1,-1,
2693,Keith,McLeod,Keith McLeod,5/11/1979,Bowling Green,USA,74,190,TRUE,FALSE,FALSE,-1,-1,-1,
2694,Josh,Powell,Josh Powell,25/1/1983,North Carolina State,USA,81,240,FALSE,TRUE,FALSE,-1,-1,-1,
2696,Lynn,Greer,Lynn Greer,23/10/1979,Temple,USA,74,175,TRUE,FALSE,FALSE,-1,-1,-1,
2697,Antonio,Meeking,Antonio Meeking,,,,,,,,,,,,
2724,Desmond,Ferguson,Desmond Ferguson,22/7/1977,Detroit,USA,79,210,FALSE,TRUE,FALSE,-1,-1,-1,
2730,Dwight,Howard,Dwight Howard,8/12/1985,,USA,82,265,FALSE,TRUE,TRUE,2004,1,1,
2731,Emeka,Okafor,Emeka Okafor,28/9/1982,Connecticut,USA,82,255,FALSE,FALSE,TRUE,2004,1,2,
2732,Ben,Gordon,Ben Gordon,4/4/1983,Connecticut,USA,75,205,TRUE,FALSE,FALSE,2004,1,3,
2733,Shaun,Livingston,Shaun Livingston,11/9/1985,No College,USA,79,192,TRUE,FALSE,FALSE,2004,1,4,
2734,Devin,Harris,Devin Harris,27/2/1983,Wisconsin,USA,75,185,TRUE,FALSE,FALSE,2004,1,5,
2735,Josh,Childress,Josh Childress,20/6/1983,Stanford,USA,80,210,TRUE,TRUE,FALSE,2004,1,6,
2736,Luol,Deng,Luol Deng,16/4/1985,Duke,United Kingdom,81,237,FALSE,TRUE,FALSE,2004,1,7,
2737,Rafael,Araujo,Rafael Araujo,12/8/1980,Brigham Young,Brazil,83,270,FALSE,FALSE,TRUE,2004,1,8,
2738,Andre,Iguodala,Andre Iguodala,28/1/1984,Arizona,USA,78,2738,TRUE,TRUE,FALSE,2004,1,9,
2739,Luke,Jackson,Luke Jackson,6/11/1981,Oregon,USA,79,215,TRUE,TRUE,FALSE,2004,1,10,
2740,Andris,Biedrins,Andris Biedrins,2/4/1986,BK Skonto,Latvia,84,250,FALSE,FALSE,TRUE,2004,1,11,
2741,Robert,Swift,Robert Swift,3/12/1985,Bakersfield HS (CA),USA,85,270,FALSE,FALSE,TRUE,2004,1,12,
2742,Sebastian,Telfair,Sebastian Telfair,9/6/1985,Abraham Lincoln HS (NY),USA,72,170,TRUE,FALSE,FALSE,2004,1,13,
2743,Kris,Humphries,Kris Humphries,6/2/1985,Minnesota,USA,81,235,FALSE,TRUE,FALSE,2004,1,14,
2744,Al,Jefferson,Al Jefferson,4/1/1985,Prentiss HS (MS),USA,82,280,FALSE,FALSE,TRUE,2004,1,15,
2745,Kirk,Snyder,Kirk Snyder,5/6/1983,Nevada-Reno,USA,78,225,TRUE,TRUE,FALSE,2004,1,16,
2746,Josh,Smith,Josh Smith,5/12/1985,Oak Hill Academy (VA),USA,81,225,FALSE,TRUE,FALSE,2004,1,17,
2747,JR,Smith,JR Smith,9/9/1985,No College,USA,78,220,TRUE,FALSE,FALSE,2004,1,18,
2748,Dorell,Wright,Dorell Wright,2/12/1985,South Kent HS (CT),USA,81,2748,TRUE,TRUE,FALSE,2004,1,19,
2749,Jameer,Nelson,Jameer Nelson,9/2/1982,St. Joseph's (PA),USA,72,190,TRUE,FALSE,FALSE,2004,1,20,
2750,Pavel,Podkolzin,Pavel Podkolzin,15/1/1985,Metis Varese,Russia,89,260,FALSE,FALSE,TRUE,2004,1,21,
2751,Viktor,Khryapa,Viktor Khryapa,3/8/1982,CSKA Moscow,Russia,,,,,,2004,1,22,
2752,Sergei,Monia,Sergei Monia,15/4/1983,CSKA Moscow,Russia,80,2752,FALSE,FALSE,FALSE,2004,1,23,
2753,Delonte,West,Delonte West,26/7/1983,St. Joseph's (PA),USA,75,180,TRUE,FALSE,FALSE,2004,1,24,
2754,Tony,Allen,Tony Allen,11/1/1982,Oklahoma State,USA,76,213,TRUE,TRUE,FALSE,2004,1,25,
2755,Kevin,Martin,Kevin Martin,1/2/1983,Western Carolina,USA,79,199,TRUE,FALSE,FALSE,2004,1,26,
2756,Sasha,Vujacic,Sasha Vujacic,8/3/1984,Udine,Slovenia,79,195,TRUE,FALSE,FALSE,2004,1,27,
2757,Beno,Udrih,Beno Udrih,5/7/1982,Olimpia Milano,Slovenia,75,205,TRUE,FALSE,FALSE,2004,1,28,
2758,David,Harrison,David Harrison,15/8/1982,Colorado,USA,84,280,FALSE,FALSE,TRUE,2004,1,29,
2760,Anderson,Varejao,Anderson Varejao,28/9/1982,FC Barcelona,Brazil,83,260,FALSE,TRUE,FALSE,2004,2,30,
2761,Jackson,Vroman,Jackson Vroman,6/6/1981,Iowa State,USA,82,2761,FALSE,FALSE,FALSE,2004,2,31,
2762,Peter John,Ramos,Peter John Ramos,23/5/1985,Caguas,Puerto Rico,87,275,FALSE,FALSE,TRUE,2004,2,32,
2763,Lionel,Chalmers,Lionel Chalmers,10/11/1980,Xavier,USA,72,180,TRUE,FALSE,FALSE,2004,2,33,
2764,Donta,Smith,Donta Smith,27/11/1983,Southeastern Illinois,USA,79,215,TRUE,FALSE,FALSE,2004,2,34,
2765,Andre,Emmett,Andre Emmett,27/8/1982,Texas Tech,USA,77,230,TRUE,FALSE,FALSE,2004,2,35,
2766,Antonio,Burks,Antonio Burks,25/2/1980,Memphis,USA,72,195,TRUE,FALSE,FALSE,2004,2,36,
2767,Royal,Ivey,Royal Ivey,20/12/1981,Texas-Austin,USA,76,200,TRUE,FALSE,FALSE,2004,2,37,
2768,Chris,Duhon,Chris Duhon,31/8/1982,Duke,USA,73,190,TRUE,FALSE,FALSE,2004,2,38,
2770,Justin,Reed,Justin Reed,16/1/1982,Mississippi,USA,80,240,FALSE,TRUE,FALSE,2004,2,40,
2772,Trevor,Ariza,Trevor Ariza,30/6/1985,UCLA,USA,80,215,FALSE,TRUE,FALSE,2004,2,43,
2773,Tim,Pickett,Tim Pickett,,,,,,,,,,,,
2774,Bernard,Robinson,Bernard Robinson,26/12/1980,Michigan,USA,78,210,TRUE,TRUE,FALSE,2004,2,45,
2775,Seung-Jin,Ha,Seung-Jin Ha,4/8/1985,Yonsei,South Korea,87,2775,FALSE,FALSE,TRUE,2004,2,46,
2776,Pape,Sow,Pape Sow,22/11/1981,California State-Fullerton,Senegal,82,250,FALSE,TRUE,FALSE,2004,2,47,
2777,Ricky,Minard,Ricky Minard,,,,,,,,,,,,
2779,Vassilis,Spanoulis,Vassilis Spanoulis,2/8/1982,Panathinaikos,Greece,76,195,TRUE,FALSE,FALSE,2004,2,50,
2781,Romain,Sato,Romain Sato,,,,,,,,,,,,
2782,Matt,Freije,Matt Freije,2/10/1981,Vanderbilt,USA,81,249,FALSE,TRUE,FALSE,2004,2,53,
2784,Luis,Flores,Luis Flores,11/4/1981,Manhattan,USA,74,195,TRUE,FALSE,FALSE,2004,2,55,
2786,Blake,Stepp,Blake Stepp,,,,,,,,,,,,
2787,Rashad,Wright,Rashad Wright,,,,,,,,,,,,
2788,DJ,Mbenga,DJ Mbenga,30/12/1980,Spirou Charleroi,Belgium,84,255,FALSE,FALSE,TRUE,-1,-1,-1,
2798,Horace,Jenkins,Horace Jenkins,14/10/1974,William Paterson,USA,73,180,TRUE,FALSE,FALSE,-1,-1,-1,
2800,Tony,Bobbitt,Tony Bobbitt,22/10/1979,Cincinnati,USA,76,190,TRUE,FALSE,FALSE,-1,-1,-1,
2802,David,Bluthenthal,David Bluthenthal,,,,,,,,,,,,
2804,Andres,Nocioni,Andres Nocioni,30/11/1979,Tau Ceramica,Argentina,,,,,,-1,-1,-1,
2808,Nate,Johnson,Nate Johnson,,,,,,,,,,,,
2809,Gerald,Fitch,Gerald Fitch,12/8/1982,Kentucky,USA,75,188,TRUE,FALSE,FALSE,-1,-1,-1,
2810,Andre,Brown,Andre Brown,12/5/1981,DePaul,USA,81,2810,FALSE,FALSE,FALSE,-22,-22,-22,
2822,Rich,Melzer,Rich Melzer,,,,,,,,,,,,
2823,John,Edwards,John Edwards,31/7/1981,Kent State,USA,84,275,FALSE,FALSE,TRUE,-1,-1,-1,
2824,Desmon,Farmer,Desmon Farmer,7/10/1981,Southern California,USA,77,220,TRUE,FALSE,FALSE,-1,-1,-1,
2825,Ibrahim,Kutluay,Ibrahim Kutluay,7/1/1974,Ulkerspor,Turkey,78,200,TRUE,FALSE,FALSE,-1,-1,-1,
2826,Nate,Williams,Nate Williams,,,,,,,,,,,,
2827,Darius,Rice,Darius Rice,,,,,,,,,,,,
2832,Neil,Yanke,Neil Yanke,,,,,,,,,,,,
2833,Nigel,Dixon,Nigel Dixon,,,,,,,,,,,,
2835,David,Hawkins,David Hawkins,,,,,,,,,,,,
2839,James,Thomas,James Thomas,22/11/1980,Texas-Austin,USA,81,245,FALSE,TRUE,FALSE,-1,-1,-1,
2841,Steven,Barber,Steven Barber,,,,,,,,,,,,
2845,Erik,Daniels,Erik Daniels,1/4/1982,Kentucky,USA,,2845,FALSE,FALSE,FALSE,-22,-22,-22,
2847,Adam,Parada,Adam Parada,,,,,,,,,,,,
2849,Tony,Bland,Tony Bland,,,,,,,,,,,,
2850,Anwar,Ferguson,Anwar Ferguson,,,,,,,,,,,,
2852,Awvee,Storey,Awvee Storey,18/4/1977,Arizona State,USA,78,225,TRUE,TRUE,FALSE,-1,-1,-1,
2853,Earl,Barron,Earl Barron,14/8/1981,Memphis,USA,84,250,FALSE,TRUE,TRUE,-1,-1,-1,
2854,Ajani,Williams,Ajani Williams,,,,,,,,,,,,
2855,Marque,Perry,Marque Perry,,,,,,,,,,,,
2857,Andre,Barrett,Andre Barrett,21/2/1982,Seton Hall,USA,70,2857,FALSE,FALSE,FALSE,-22,-22,-22,
2859,Jerry,Dupree,Jerry Dupree,,,,,,,,,,,,
2863,Damien,Wilkins,Damien Wilkins,11/1/1980,Georgia,USA,78,217,TRUE,TRUE,FALSE,-1,-1,-1,
2865,Arthur,Johnson,Arthur Johnson,,,,,,,,,,,,
2866,Jackie,Butler,Jackie Butler,10/3/1985,Coastal Christian Academy (VA),USA,82,260,FALSE,FALSE,TRUE,-1,-1,-1,
2867,Kasib,Powell,Kasib Powell,18/3/1981,Texas Tech,USA,79,215,FALSE,TRUE,FALSE,-1,-1,-1,
2873,Billy,Thomas,Billy Thomas,23/12/1975,Kansas,USA,77,220,TRUE,FALSE,FALSE,-1,-1,-1,
2876,Jared,Reiner,Jared Reiner,8/4/1982,Iowa,USA,83,2876,FALSE,FALSE,TRUE,-22,-22,-22,
2891,Mark,Jones,Mark Jones,25/5/1975,St. Bonaventure,USA,78,215,TRUE,FALSE,FALSE,1983,4,82,
6001,Gabriele,Ganeto,Gabriele Ganeto,,,,,,,,,,,,
6002,David,Hawkins,David Hawkins,,,,,,,,,,,,
6003,Ibrahim,Jaaber,Ibrahim Jaaber,,,,,,,,,,,,
6004,Jonas,Maciulis,Jonas Maciulis,,,,,,,,,,,,
6006,Nicolo,Melli,Nicolo Melli,,,,,,,,,,,,
6007,Marco,Mordente,Marco Mordente,,,,,,,,,,,,
6008,Oleksiy,Pecherov,Oleksiy Pecherov,,,,,,,,,,,,
6009,Marius,Petravicius,Marius Petravicius,,,,,,,,,,,,
6010,Mason,Rocca,Mason Rocca,,,,,,,,,,,,
7000,Avi,Ben-Chimol,Avi Ben-Chimol,,,,,,,,,,,,
7002,Brett,Harvey,Brett Harvey,,,,,,,,,,,,
7003,Marco,Killingsworth,Marco Killingsworth,,,,,,,,,,,,
7004,Sylven,Landesberg,Sylven Landesberg,,,,,,,,,,,,
7005,Derrick,Low,Derrick Low,,,,,,,,,,,,
7007,Yoni,Nir,Yoni Nir,,,,,,,,,,,,
7008,Larry,O'Bannon,Larry O'Bannon,,,,,,,,,,,,
7009,Frank,Robinson,Frank Robinson,,,,,,,,,,,,
7010,Robert,Rothbart,Robert Rothbart,,,,,,,,,,,,
7020,Dillon,Stith,Dillon Stith,,,,,,,,,,,,
7021,Tohi,Smith-Milner,Tohi Smith-Milner,,,,,,,,,,,,
8003,Roger,Grimau,Roger Grimau,,,,,,,,,,,,
8004,Jaka,Lakovic,Jaka Lakovic,,,,,,,,,,,,
8005,Erazem,Lorbek,Erazem Lorbek,,,,,,,,,,,,
8008,Pete,Mickael,Pete Mickael,,,,,,,,,,,,
8009,Terence,Morris,Terence Morris,,,,,,,,,,,,
8010,Juan Carlos,Navarro,Juan Carlos Navarro,,,,,,,,,,,,
8011,Boniface,Ndong,Boniface Ndong,,,,,,,,,,,,
8012,Kosta,Perovic,Kosta Perovic,,,,,,,,,,,,
8013,Ricky,Rubio,Ricky Rubio,,,,,,,,,,,,
8014,Victor,Sada,Victor Sada,,,,,,,,,,,,
8015,Fran,Vazquez,Fran Vazquez,,,,,,,,,,,,
9000,Sergey,Bykov,Sergey Bykov,,,,,,,,,,,,
9001,Jamont,Gordon,Jamont Gordon,,,,,,,,,,,,
9003,Alexander,Kaun,Alexander Kaun,,,,,,,,,,,,
9005,Nikita,Kurbanov,Nikita Kurbanov,,,,,,,,,,,,
9006,Trajan,Langdon,Trajan Langdon,,,,,,,,,,,,
9007,Boban,Marjanovic,Boban Marjanovic,,,,,,,,,,,,
9008,Alexey,Shved,Alexey Shved,,,,,,,,,,,,
9009,Ramunas,Siskauskas,Ramunas Siskauskas,,,,,,,,,,,,
9010,Matjaz,Smodis,Matjaz Smodis,,,,,,,,,,,,
9011,Dmitry,Sokolov,Dmitry Sokolov,,,,,,,,,,,,
9012,Andrey,Vorontsevich,Andrey Vorontsevich,,,,,,,,,,,,
9013,Artem,Zabelin,Artem Zabelin,,,,,,,,,,,,
11000,Pau,Ribas,Pau Ribas,,,,,,,,,,,,
11001,Ander,Garcia,Ander Garcia,,,,,,,,,,,,
11249,Marcelinho,Huertas,Marcelinho Huertas,,,,,,,,,,,,
11250,David,Logan,David Logan,,,,,,,,,,,,
11251,Mirza,Teletovic,Mirza Teletovic,,,,,,,,,,,,
11252,Dejan,Musli,Dejan Musli,,,,,,,,,,,,
11253,Fernando,San Emeterio,Fernando San Emeterio,,,,,,,,,,,,
11256,Brad,Oleson,Brad Oleson,,,,,,,,,,,,
11257,Stanko,Barac,Stanko Barac,,,,,,,,,,,,
11505,Nemanja,Bjelica,Nemanja Bjelica,,,,,,,,,,,,
11509,Martin,Buesa,Martin Buesa,,,,,,,,,,,,
21002,Zhizhi,Wang,Zhizhi Wang,,,,,,,,,,,,
21005,Jinhui,Ding,Jinhui Ding,,,,,,,,,,,,
21006,Shipeng,Wang,Shipeng Wang,,,,,,,,,,,,
21007,Fangyu,Zhu,Fangyu Zhu,,,,,,,,,,,,
21008,Lei,Wang,Lei Wang,,,,,,,,,,,,
21011,Xiaoyu,Liu,Xiaoyu Liu,,,,,,,,,,,,
21012,Wei,Liu,Wei Liu,,,,,,,,,,,,
21013,Songtao,Zhang,Songtao Zhang,,,,,,,,,,,,
21016,Yue,Sun,Yue Sun,,,,,,,,,,,,
21603,Stefano,Mancinelli,Stefano Mancinelli,,,,,,,,,,,,
27001,Xuedong,Luo,Xuedong Luo,,,,,,FALSE,FALSE,FALSE,,,,
27002,Sani,Sakakini,Sani Sakakini,,,,,,FALSE,FALSE,FALSE,,,,
27003,Yue,Wang,Yue Wang,,,,,,,,,,,,
27006,Xuhang,Zhu,Xuhang Zhu,,,,,,,,,,,,
27007,Zhun,Zheng,Zhun Zheng,,,,,,,,,,,,
27008,Yingjun,Chen,Yingjun Chen,,,,,,,,,,,,
27009,Ziming,Fan,Ziming Fan,,,,,,,,,,,,
27010,Yuezhou,Gu,Yuezhou Gu,,,,,,,,,,,,
27011,Kai,Guo,Kai Guo,,,,,,,,,,,,
27012,Yifeng,Heng,Yifeng Heng,,,,,,,,,,,,
27013,Mingxin,Ju,Mingxin Ju,,,,,,FALSE,TRUE,FALSE,,,,
27015,Anthony,Petrie,Anthony Petrie,,,,,,,,,,,,
27016,Daniel,Kickert,Daniel Kickert,,,,,,FALSE,FALSE,FALSE,,,,
27017,Matthew,Kenyon,Matthew Kenyon,,,,,,,,,,,,
27019,Reuben,Te Rangi,Reuben Te Rangi,,,,,,,,,,,,
27020,Shaun,Bruce,Shaun Bruce,,,,,,,,,,,,
27021,Tom,Jervis,Tom Jervis,,,,,,FALSE,FALSE,FALSE,,,,
27023,Majok,Majok,Majok Majok,,,,,,,,,,,,
27024,Tai,Wesley,Tai Wesley,,,,,,FALSE,FALSE,FALSE,,,,
27025,Kyle,Adnam,Kyle Adnam,,,,,,,,,,,,
27026,Craig,Moller,Craig Moller,,,,,,,,,,,,
27027,Peter,Hooley,Peter Hooley,,,,,,,,,,,,
27032,Gal,Baruch,Gal Baruch,,,,,,,,,,,,
27033,Frederic,Bourdillon,Frederic Bourdillon,,,,,,,,,,,,
27034,Roi,Huber,Roi Huber,,,,,,,,,,,,
30002,Major,Wingate,Major Wingate,,,,,,,,,,,,
40002,Rashad,Wright,Rashad Wright,,,,,,,,,,,,
40003,Loren,Woods,Loren Woods,,,,,,,,,,,,
40011,Kenny,Gregory,Kenny Gregory,,,,,,,,,,,,
40014,Serkan,Erdogan,Serkan Erdogan,,,,,,,,,,,,
40016,Daniel Mark,Clark,Daniel Mark Clark,,,,,,,,,,,,
40017,Sergio,Sanchez,Sergio Sanchez,,,,,,,,,,,,
40018,Txemi,Urtasun,Txemi Urtasun,,,,,,,,,,,,
40019,Florent,Pietrus,Florent Pietrus,,,,,,,,,,,,
40020,Hernan Emilio,Jasen,Hernan Emilio Jasen,,,,,,,,,,,,
40021,Carlos,Suarez,Carlos Suarez,,,,,,,,,,,,
40022,Gonzalo,Martinez,Gonzalo Martinez,,,,,,,,,,,,
40023,Larry,Lewis,Larry Lewis,,,,,,,,,,,,
40025,Caio,Torres,Caio Torres,,,,,,,,,,,,
40026,Javier,Beiran,Javier Beiran,,,,,,,,,,,,
40028,Jacopo,Giachetti,Jacopo Giachetti,,,,,,,,,,,,
40029,Erazem,Lorbek,Erazem Lorbek,,,,,,,,,,,,
40030,Jon,Stefansson,Jon Stefansson,,,,,,,,,,,,
40031,Roberto,Gabini,Roberto Gabini,,,,,,,,,,,,
40033,Alessandro,Tonolli,Alessandro Tonolli,,,,,,,,,,,,
40036,Christian,Drejer,Christian Drejer,,,,,,,,,,,,
40037,Gregor,Fucka,Gregor Fucka,,,,,,,,,,,,
40038,Allan,Ray,Allan Ray,,,,,,,,,,,,
40039,Roko,Ukic,Roko Ukic,,,,,,,,,,,,
40041,Venson,Hamilton,Venson Hamilton,,,,,,,,,,,,
40042,Michalis,Pelekanos,Michalis Pelekanos,,,,,,,,,,,,
40043,Charles,Smith,Charles Smith,,,,,,,,,,,,
40044,Blagota,Sekulic,Blagota Sekulic,,,,,,,,,,,,
40046,Lazaros,Papadopoulos,Lazaros Papadopoulos,,,,,,,,,,,,
40047,Alex,Mumbru,Alex Mumbru,,,,,,,,,,,,
40048,Axel,Hervelle,Axel Hervelle,,,,,,,,,,,,
40049,Kerem,Tunceri,Kerem Tunceri,,,,,,,,,,,,
40050,Louis,Bullock,Louis Bullock,,,,,,,,,,,,
40051,Sergio,Llull,Sergio Llull,,,,,,,,,,,,
40052,Raul,Lopez,Raul Lopez,,,,,,,,,,,,
40054,Bojan,Popovic,Bojan Popovic,,,,,,,,,,,,
40055,Berni,Rodriguez,Berni Rodriguez,,,,,,,,,,,,
40056,Davor,Kus,Davor Kus,,,,,,,,,,,,
40059,Carlos,Cabezas,Carlos Cabezas,,,,,,,,,,,,
40060,Boniface,Ndong,Boniface Ndong,,,,,,,,,,,,
40061,German,Gabriel,German Gabriel,,,,,,,,,,,,
40063,Alfonso,Sanchez,Alfonso Sanchez,,,,,,,,,,,,
40064,Marcus,Haislip,Marcus Haislip,,,,,,,,,,,,
40065,Daniel,Santiago,Daniel Santiago,,,,,,,,,,,,
40068,Efstratios,Perperoglou,Efstratios Perperoglou,,,,,,,,,,,,
40069,Nikos,Hatzivrettas,Nikos Hatzivrettas,,,,,,,,,,,,
40070,Demos,Dikoudis,Demos Dikoudis,,,,,,,,,,,,
40071,Kostas,Tsartsaris,Kostas Tsartsaris,,,,,,,,,,,,
40072,Dimitrios,Diamantidis,Dimitrios Diamantidis,,,,,,,,,,,,
40073,Dejan,Tomasevic,Dejan Tomasevic,,,,,,,,,,,,
40077,Lior,Eliyahu,Lior Eliyahu,,,,,,,,,,,,
40078,Ezequiel,Skverer,Ezequiel Skverer,,,,,,,,,,,,
40079,Goran,Jurak,Goran Jurak,,,,,,,,,,,,
40080,Tanoka,Beard,Tanoka Beard,,,,,,,,,,,,
40082,Jonas,Maciulis,Jonas Maciulis,,,,,,,,,,,,
40083,Mantas,Kalnietis,Mantas Kalnietis,,,,,,,,,,,,
40084,Dainius,Salenga,Dainius Salenga,,,,,,,,,,,,
40085,Arturas,Milaknis,Arturas Milaknis,,,,,,,,,,,,
40086,Paulius,Jankunas,Paulius Jankunas,,,,,,,,,,,,
40087,Vilmantas,Dilys,Vilmantas Dilys,,,,,,,,,,,,
40088,Marko,Popovic,Marko Popovic,,,,,,,,,,,,
40089,DeJuan,Collins,DeJuan Collins,,,,,,,,,,,,
40090,Nikos,Zisis,Nikos Zisis,,,,,,,,,,,,
40091,Alexey,Savrasenko,Alexey Savrasenko,,,,,,,,,,,,
40093,Alexey,Shved,Alexey Shved,,,,,,,,,,,,
41002,Stepas,Babrauskas,Stepas Babrauskas,,,,,,,,,,,,
41004,Milko,Bjelica,Milko Bjelica,,,,,,,,,,,,
41005,Michailas,Anisimovas,Michailas Anisimovas,,,,,,,,,,,,
41006,Donatas,Zavackas,Donatas Zavackas,,,,,,,,,,,,
41010,Justas,Sinica,Justas Sinica,,,,,,,,,,,,
41011,Martynas,Gecevicius,Martynas Gecevicius,,,,,,,,,,,,
41012,Branko,Milisavljevic,Branko Milisavljevic,,,,,,,,,,,,
41201,Zarko,Rakocevic,Zarko Rakocevic,,,,,,,,,,,,
41202,Jan,Vesely,Jan Vesely,,,,,,,,,,,,
41203,Aleksandar,Maric,Aleksandar Maric,,,,,,,,,,,,
41204,Dusan,Kecman,Dusan Kecman,,,,,,,,,,,,
41205,Aleksandar,Rasic,Aleksandar Rasic,,,,,,,,,,,,
41206,Stefan,Sinovec,Stefan Sinovec,,,,,,,,,,,,
41207,Strahinja,Milosevic,Strahinja Milosevic,,,,,,,,,,,,
41208,Branislav,Djekic,Branislav Djekic,,,,,,,,,,,,
41209,Petar,Bozic,Petar Bozic,,,,,,,,,,,,
41210,Slavko,Vranes,Slavko Vranes,,,,,,,,,,,,
41211,Aleksandar,Mitrovic,Aleksandar Mitrovic,,,,,,,,,,,,
41212,Vladimir,Lucic,Vladimir Lucic,,,,,,,,,,,,
41214,Nemanja,Besovic,Nemanja Besovic,,,,,,,,,,,,
41215,Sava,Lesic,Sava Lesic,,,,,,,,,,,,
41531,Louis,Bullock,Louis Bullock,,,,,,,,,,,,
41532,Vladimir,Dasic,Vladimir Dasic,,,,,,,,,,,,
41533,Jorge,Garbajosa,Jorge Garbajosa,,,,,,,,,,,,
41534,Travis,Hansen,Travis Hansen,,,,,,,,,,,,
41535,Axel,Hervelle,Axel Hervelle,,,,,,,,,,,,
41536,Rimantas,Kaukenas,Rimantas Kaukenas,,,,,,,,,,,,
41537,Darjus,Lavrinovic,Darjus Lavrinovic,,,,,,,,,,,,
41538,Sergio,Llull,Sergio Llull,,,,,,,,,,,,
41540,Pablo,Prigioni,Pablo Prigioni,,,,,,,,,,,,
41543,Novica,Velickovic,Novica Velickovic,,,,,,,,,,,,
41544,Sergi,Vidal,Sergi Vidal,,,,,,,,,,,,
41548,Ignacio,De Miguel,Ignacio De Miguel,,,,,,,,,,,,
41549,Cheikh,Samb,Cheikh Samb,,,,,,,,,,,,
41621,Gal,Mekel,Gal Mekel,,,,,,,,,,,,
41622,Raviv,Limonad,Raviv Limonad,,,,,,,,,,,,
41623,Derrick,Sharp,Derrick Sharp,,,,,,,,,,,,
41624,Andrew,Wisniewski,Andrew Wisniewski,,,,,,,,,,,,
41625,Doron,Perkins,Doron Perkins,,,,,,,,,,,,
41626,Yaniv,Green,Yaniv Green,,,,,,,,,,,,
41627,Guy,Pnini,Guy Pnini,,,,,,,,,,,,
41628,Alan,Anderson,Alan Anderson,,,,,,,,,,,,
41629,Stephane,Lasme,Stephane Lasme,,,,,,,,,,,,
41630,Chuck,Eidson,Chuck Eidson,,,,,,,,,,,,
41631,Maciej,Lampe,Maciej Lampe,,,,,,,,,,,,
41632,David,Blumenthal,David Blumenthal,,,,,,,,,,,,
41633,D'or,Fisher,D'or Fisher,,,,,,,,,,,,
42531,Bo,McCalebb,Bo McCalebb,,,,,,,,,,,,
42534,Baris,Ermis,Baris Ermis,,,,,,,,,,,,
42535,Melih,Mahmutoglu,Melih Mahmutoglu,,,,,,,,,,,,
42536,Linas,Kleiza,Linas Kleiza,,,,,,,,,,,,
42537,Izzet,Turkyilmaz,Izzet Turkyilmaz,,,,,,,,,,,,
42538,Gasper,Vidmar,Gasper Vidmar,,,,,,,,,,,,
42540,Luka,Zoric,Luka Zoric,,,,,,,,,,,,
42541,James,Birsen,James Birsen,,,,,,,,,,,,
42542,Kenan,Sipahi,Kenan Sipahi,,,,,,,,,,,,
42544,Bojan,Bogdanovic,Bojan Bogdanovic,,,,,,,,,,,,
42545,Emir,Preldzic,Emir Preldzic,,,,,,,,,,,,
42546,Berk,Ugurlu,Berk Ugurlu,,,,,,,,,,,,
42547,Ayberk,Olmaz,Ayberk Olmaz,,,,,,,,,,,,
42550,Fran,Pilepic,Fran Pilepic,,,,,,,,,,,,
42551,Dairis,Bertans,Dairis Bertans,,,,,,,,,,,,
42552,German,Gabriel,German Gabriel,,,,,,,,,,,,
42553,Alex,Mumbru,Alex Mumbru,,,,,,,,,,,,
42554,Axel,Hervelle,Axel Hervelle,,,,,,,,,,,,
42555,Antanas,Kavaliauskas,Antanas Kavaliauskas,,,,,,,,,,,,
42557,Raul,Lopez,Raul Lopez,,,,,,,,,,,,
42558,Jackie,Carmichael,Jackie Carmichael,,,,,,,,,,,,
42560,Zoran,Vrkic,Zoran Vrkic,,,,,,,,,,,,
42561,Roger,Grimau,Roger Grimau,,,,,,,,,,,,
42563,Sherwood,Brown,Sherwood Brown,,,,,,,,,,,,
42564,Alex,Chubrevich,Alex Chubrevich,,,,,,,,,,,,
42565,David,Cubillan,David Cubillan,,,,,,,,,,,,
42566,Uri,Kokia,Uri Kokia,,,,,,,,,,,,
42567,Ido,Kozikaro,Ido Kozikaro,,,,,,,,,,,,
42568,Ike,Ofoegbu,Ike Ofoegbu,,,,,,,,,,,,
42569,Brian,Randle,Brian Randle,,,,,,,,,,,,
42570,Ben,Reis,Ben Reis,,,,,,,,,,,,
42571,Moran,Roth,Moran Roth,,,,,,,,,,,,
42572,Donta,Smith,Donta Smith,,,,,,,,,,,,
42573,Dagan,Yivzuri,Dagan Yivzuri,,,,,,,,,,,,
42575,Vitaly,Fridzon,Vitaly Fridzon,,,,,,,,,,,,
42576,Kyle,Hines,Kyle Hines,,,,,,,,,,,,
42577,Aaron,Jackson,Aaron Jackson,,,,,,,,,,,,
42578,Sasha,Kaun,Sasha Kaun,,,,,,,,,,,,
42579,Victor,Khryapa,Victor Khryapa,,,,,,,,,,,,
42580,Nenad,Krstic,Nenad Krstic,,,,,,,,,,,,
42581,Vladimir,Micov,Vladimir Micov,,,,,,,,,,,,
42582,Jeremy,Pargo,Jeremy Pargo,,,,,,,,,,,,
42584,Milos,Teodosic,Milos Teodosic,,,,,,,,,,,,
42587,Sonny,Weems,Sonny Weems,,,,,,,,,,,,
42588,Aleksey,Zozulin,Aleksey Zozulin,,,,,,,,,,,,
42824,Chris,Goulding,Chris Goulding,,,,,,,,,,,,
43181,Jeremy,Pargo,Jeremy Pargo,,,,,,FALSE,FALSE,FALSE,,,,
43182,Marquez,Haynes,Marquez Haynes,,,,,,FALSE,FALSE,FALSE,,,,
43183,Devin,Smith,Devin Smith,,,,,,FALSE,FALSE,FALSE,,,,
43184,Brian,Randle,Brian Randle,,,,,,,,,,,,
43185,Nate,Linhart,Nate Linhart,,,,,,,,,,,,
43186,Alex,Tyus,Alex Tyus,,,,,,,,,,,,
43187,Guy,Pnini,Guy Pnini,,,,,,FALSE,FALSE,FALSE,,,,
43188,Jake,Cohen,Jake Cohen,,,,,,,,,,,,
43189,Yogev,Ohayon,Yogev Ohayon,,,,,,,,,,,,
43191,Ben,Altit,Ben Altit,,,,,,,,,,,,
43192,Sylven,Landesberg,Sylven Landesberg,,,,,,,,,,,,
43194,Aleks,Maric,Aleks Maric,,,,,,FALSE,FALSE,FALSE,,,,
43196,Niels,Giffy,Niels Giffy,,,,,,FALSE,FALSE,FALSE,,,,
43197,Alex,King,Alex King,,,,,,FALSE,FALSE,FALSE,,,,
43199,Akeem,Vargas,Akeem Vargas,,,,,,,,,,,,
43200,Marko,Banic,Marko Banic,,,,,,,,,,,,
43201,Reggie,Redding,Reggie Redding,,,,,,FALSE,FALSE,FALSE,,,,
43202,Jonas,Wohlfarth Botterman,Jonas Wohlfarth Botterman,,,,,,,,,,,,
43203,Vojdan,Stojanovski,Vojdan Stojanovski,,,,,,,,,,,,
43204,Alex,Renfoe,Alex Renfoe,,,,,,,,,,,,
43206,Clifford,Hammonds,Clifford Hammonds,,,,,,FALSE,FALSE,FALSE,,,,
43207,Jamel,Mclean,Jamel Mclean,,,,,,,,,,,,
43208,Leon,Radosevic,Leon Radosevic,,,,,,FALSE,FALSE,FALSE,,,,
43210,Walter,Herrmann,Walter Herrmann,,,,,,FALSE,FALSE,FALSE,,,,
43211,Marcelinho,Machado,Marcelinho Machado,,,,,,FALSE,FALSE,FALSE,,,,
43212,Danielzinho,Lorio,Danielzinho Lorio,,,,,,,,,,,,
43213,Nicolas,Laprovittola,Nicolas Laprovittola,,,,,,FALSE,FALSE,FALSE,,,,
43214,Vitor,Benite,Vitor Benite,,,,,,,,,,,,
43215,Luis,Chupeta,Luis Chupeta,,,,,,,,,,,,
43216,Marcus,Vinicius,Marcus Vinicius,,,,,,FALSE,FALSE,FALSE,,,,
43217,Olivinha,,Olivinha ,,,,,,,,,,,,
43218,Gege,Chaia,Gege Chaia,,,,,,,,,,,,
43219,Cristiano,Felicio,Cristiano Felicio,,,,,,,,,,,,
43220,Derrick,Caracter,Derrick Caracter,,,,,,,,,,,,
43221,Jerome,Meyinsse,Jerome Meyinsse,,,,,,FALSE,FALSE,FALSE,,,,
43223,Kevin,Wohlrath,Kevin Wohlrath,,,,,,,,,,,,
43224,Moritz,Wagner,Moritz Wagner,,,,,,,,,,,,
43229,Jeff,Allen,Jeff Allen,,,,,,FALSE,FALSE,FALSE,,,,
43230,Brody,Angley,Brody Angley,,,,,,FALSE,FALSE,FALSE,,,,
43231,Liraz,Ariely,Liraz Ariely,,,,,,,,,,,,
43232,Tomer,Bar-Even,Tomer Bar-Even,,,,,,,,,,,,
43233,Alex,Chubrevich,Alex Chubrevich,,,,,,FALSE,FALSE,FALSE,,,,
43234,Will,Frisby,Will Frisby,,,,,,,,,,,,
43235,Hector,Hernandez,Hector Hernandez,,,,,,,,,,,,
43236,Leroy,Hickerson,Leroy Hickerson,,,,,,,,,,,,
43237,Ike,Ofoegbu,Ike Ofoegbu,,,,,,,,,,,,
43238,Rene,Rougeau,Rene Rougeau,,,,,,FALSE,FALSE,FALSE,,,,
43239,Anton,Shoutvin,Anton Shoutvin,,,,,,,,,,,,
43240,Demontez,Stitt,Demontez Stitt,,,,,,FALSE,FALSE,FALSE,,,,
43241,Dagan,Yivzori,Dagan Yivzori,,,,,,,,,,,,
43242,Yiftach,Ziv,Yiftach Ziv,,,,,,,,,,,,
43300,Andrew,Goudelock,Andrew Goudelock,,,,,,FALSE,FALSE,FALSE,,,,
43301,Richard,Hickman Jr.,Richard Hickman Jr.,,,,,,FALSE,FALSE,FALSE,,,,
43302,Nemanja,Bjelica,Nemanja Bjelica,,,,,,,,,,,,
43303,Semih,Erden,Semih Erden,,,,,,,,,,,,
43304,Melih,Mahmutoglu,Melih Mahmutoglu,,,,,,,,,,,,
43305,Izzet,Turkyilmaz,Izzet Turkyilmaz,,,,,,,,,,,,
43306,Bogdan,Bogdanovic,Bogdan Bogdanovic,,,,,,,,,,,,
43307,Omer,Yurseven,Omer Yurseven,,,,,,,,,,,,
43308,Serhat,Cetin,Serhat Cetin,,,,,,,,,,,,
43309,Can,Altintig,Can Altintig,,,,,,,,,,,,
43310,Oguz,Savas,Oguz Savas,,,,,,FALSE,FALSE,FALSE,,,,
43311,Luka,Zoric,Luka Zoric,,,,,,,,,,,,
43312,Berk,Ugurlu,Berk Ugurlu,,,,,,,,,,,,
43313,Jan,Vesely,Jan Vesely,,,,,,FALSE,FALSE,FALSE,,,,
43314,Kenan,Sipahi,Kenan Sipahi,,,,,,,,,,,,
43315,Emir,Preldzic,Emir Preldzic,,,,,,FALSE,FALSE,FALSE,,,,
44034,Mindaugas,Lukauskis,Mindaugas Lukauskis,,,,,,,,,,,,
44037,Ramunas,Siskauskas,Ramunas Siskauskas,,,,,,,,,,,,
44048,Marijonas,Petravicius,Marijonas Petravicius,,,,,,,,,,,,
44050,Marius,Prekevicius,Marius Prekevicius,,,,,,,,,,,,
44051,Lubos,Barton,Lubos Barton,,,,,,,,,,,,
44052,Xavi,Rey,Xavi Rey,,,,,,,,,,,,
44055,Victor,Sada,Victor Sada,,,,,,,,,,,,
44839,Travis,Trice,Travis Trice,,,,,,FALSE,FALSE,FALSE,,,,
45842,Adam,Gibson,Adam Gibson,,,,,,,,,,,,
51956,Josh,Boone,Josh Boone,,,,,,FALSE,FALSE,FALSE,,,,
52526,Angel,Rodriguez,Angel Rodriguez,,,,,,FALSE,FALSE,FALSE,,,,
52600,Gustavo Nicolas,Agurre,Gustavo Nicolas Agurre,,,,,,FALSE,FALSE,FALSE,,,,
52601,Santiago,Scala,Santiago Scala,,,,,,,,,,,,
52602,Lautaro,Lopez,Lautaro Lopez,,,,,,,,,,,,
52604,Selem,Safar,Selem Safar,,,,,,,,,,,,
52605,Lisandro,Fernandez,Lisandro Fernandez,,,,,,,,,,,,
52606,Marcos,Mata,Marcos Mata,,,,,,FALSE,FALSE,FALSE,,,,
52607,Gabriel,Deck,Gabriel Deck,,,,,,FALSE,FALSE,FALSE,,,,
52608,Mathias,Calfani,Mathias Calfani,,,,,,,,,,,,
52609,Leandro,Cerminato,Leandro Cerminato,,,,,,,,,,,,
52610,Matias,Sandes,Matias Sandes,,,,,,,,,,,,
52611,Jerome,Meyinsse,Jerome Meyinsse,,,,,,FALSE,FALSE,FALSE,,,,
55086,Eric,Stuteville,Eric Stuteville,,,,,,,,,,,,
55374,Issac,Humphries,Issac Humphries,,,,,,,,,,,,
56001,Omer,Onan,Omer Onan,,,,,,,,,,,,
56002,Baris,Ermis,Baris Ermis,,,,,,,,,,,,
56003,Romain,Sato,Romain Sato,,,,,,,,,,,,
56004,David,Andersen,David Andersen,,,,,,,,,,,,
56005,Kaya,Peker,Kaya Peker,,,,,,,,,,,,
56006,Oguz,Savas,Oguz Savas,,,,,,,,,,,,
56008,Michael,Batiste,Michael Batiste,,,,,,,,,,,,
56009,Ilkan,Karaman,Ilkan Karaman,,,,,,,,,,,,
56010,Emir,Preldzic,Emir Preldzic,,,,,,,,,,,,
56016,Marcelinho,Huertas,Marcelinho Huertas,,,,,,,,,,,,
56017,Alex,Abrines,Alex Abrines,,,,,,,,,,,,
56018,Juan Carlos,Navarro,Juan Carlos Navarro,,,,,,,,,,,,
56019,Sarunas,Jasikevicus,Sarunas Jasikevicus,,,,,,,,,,,,
56020,Marko,Todorovic,Marko Todorovic,,,,,,,,,,,,
56021,C.J.,Wallace,C.J. Wallace,,,,,,,,,,,,
56022,Joe,Ingles,Joe Ingles,,,,,,,,,,,,
56023,Xavi,Rabaseda,Xavi Rabaseda,,,,,,,,,,,,
56024,Mario,Hezonja,Mario Hezonja,,,,,,,,,,,,
56025,Erazem,Lorbek,Erazem Lorbek,,,,,,,,,,,,
56027,Nathan,Jawai,Nathan Jawai,,,,,,,,,,,,
56028,Pete,Mickeal,Pete Mickeal,,,,,,,,,,,,
56029,Ante,Tomic,Ante Tomic,,,,,,,,,,,,
56030,Jacopo,Giachetti,Jacopo Giachetti,,,,,,,,,,,,
56031,Rok,Stipcevic,Rok Stipcevic,,,,,,,,,,,,
56032,Malik,Hairston,Malik Hairston,,,,,,,,,,,,
56033,Antonios,Fotsis,Antonios Fotsis,,,,,,,,,,,,
56034,Omar,Cook,Omar Cook,,,,,,,,,,,,
56036,Lorenzo,Bartoli,Lorenzo Bartoli,,,,,,,,,,,,
56037,David,Chiotti,David Chiotti,,,,,,,,,,,,
56038,Ioannis,Bourousis,Ioannis Bourousis,,,,,,,,,,,,
56039,Dario,Piva,Dario Piva,,,,,,,,,,,,
56040,Nicolo,Melli,Nicolo Melli,,,,,,,,,,,,
56043,Alessandro,Gentile,Alessandro Gentile,,,,,,,,,,,,
56044,Richard,Hendrix,Richard Hendrix,,,,,,,,,,,,
56045,Gianluca,Basile,Gianluca Basile,,,,,,,,,,,,
56046,Dontaye,Draper,Dontaye Draper,,,,,,,,,,,,
56047,Rudy,Fernandez,Rudy Fernandez,,,,,,,,,,,,
56048,Martynas,Pocius,Martynas Pocius,,,,,,,,,,,,
56049,Carlos,Suarez,Carlos Suarez,,,,,,,,,,,,
56050,Felipe,Reyes,Felipe Reyes,,,,,,,,,,,,
56051,Nikola,Mirotic,Nikola Mirotic,,,,,,,,,,,,
56052,Sergio,Rodriguez,Sergio Rodriguez,,,,,,,,,,,,
56053,Guillermo,Hernangomez,Guillermo Hernangomez,,,,,,,,,,,,
56054,Mirza,Begic,Mirza Begic,,,,,,,,,,,,
56055,Jaycee,Carroll,Jaycee Carroll,,,,,,,,,,,,
56056,Sergio,Llull,Sergio Llull,,,,,,,,,,,,
56057,Marcus,Slaughter,Marcus Slaughter,,,,,,,,,,,,
56058,Kristjan,Kangur,Kristjan Kangur,,,,,,,,,,,,
56059,Aleksandar,Rasic,Aleksandar Rasic,,,,,,,,,,,,
56060,Mario,Kasun,Mario Kasun,,,,,,,,,,,,
56061,Bobby,Brown,Bobby Brown,,,,,,,,,,,,
56062,Benjamin,Eze,Benjamin Eze,,,,,,,,,,,,
56063,Marco,Carraretto,Marco Carraretto,,,,,,,,,,,,
56064,Viktor,Sanikidze,Viktor Sanikidze,,,,,,,,,,,,
56065,Tomas,Ress,Tomas Ress,,,,,,,,,,,,
56066,Luca,Lechthaler,Luca Lechthaler,,,,,,,,,,,,
56067,Matt,Janning,Matt Janning,,,,,,,,,,,,
56068,Daniel,Hackett,Daniel Hackett,,,,,,,,,,,,
56069,David,Moss,David Moss,,,,,,,,,,,,
56070,Vule,Avdalovic,Vule Avdalovic,,,,,,,,,,,,
56071,Sven,Schultze,Sven Schultze,,,,,,,,,,,,
56073,Heiko,Schaffartzik,Heiko Schaffartzik,,,,,,,,,,,,
56074,Deon,Thompson,Deon Thompson,,,,,,,,,,,,
56077,Nihad,Djedovic,Nihad Djedovic,,,,,,,,,,,,
56078,Albert,Miralles,Albert Miralles,,,,,,,,,,,,
56081,Dashaun,Wood,Dashaun Wood,,,,,,,,,,,,
56082,Yassin,Idbihi,Yassin Idbihi,,,,,,,,,,,,
56083,Zach,Morley,Zach Morley,,,,,,,,,,,,
56084,Pat,Calathes,Pat Calathes,,,,,,,,,,,,
56085,Cory,Carr,Cory Carr,,,,,,,,,,,,
56086,Alex,Chubrevich,Alex Chubrevich,,,,,,,,,,,,
56087,Bryan,Cohen,Bryan Cohen,,,,,,,,,,,,
56088,Ido,Kozikaro,Ido Kozikaro,,,,,,,,,,,,
56089,Sean,Labanowski,Sean Labanowski,,,,,,,,,,,,
56090,Lior,Segev,Lior Segev,,,,,,,,,,,,
56091,Anton,Shoutvin,Anton Shoutvin,,,,,,,,,,,,
56092,Donta,Smith,Donta Smith,,,,,,,,,,,,
56093,Paul,Stoll,Paul Stoll,,,,,,,,,,,,
56094,James,Thomas,James Thomas,,,,,,,,,,,,
56599,Deshon,Taylor,Deshon Taylor,,,,,,,,,,,,
57237,Perrin,Buford,Perrin Buford,,,,,,FALSE,FALSE,FALSE,,,,
64001,Amit,Alon,Amit Alon,,,,,,,,,,,,
64002,Juan Carlos,Bergel,Juan Carlos Bergel,,,,,,,,,,,,
64004,Keron,DeShields,Keron DeShields,,,,,,TRUE,FALSE,FALSE,,,,
64005,Ariel,Eslava,Ariel Eslava,,,,,,,,,,,,
64006,Anthony,Fisher,Anthony Fisher,,,,,,,,,,,,
64007,Samme,Givens,Samme Givens,,,,,,FALSE,TRUE,FALSE,,,,
64010,Daniel,Koperberg,Daniel Koperberg,,,,,,FALSE,FALSE,TRUE,,,,
64011,Guy,Lavie,Guy Lavie,,,,,,,,,,,,
64012,Liran,Merkado,Liran Merkado,,,,,,,,,,,,
64013,Roman,Sorkin,Roman Sorkin,,,,,,,,,,,,
64015,Willy,Workman,Willy Workman,,,,,,FALSE,FALSE,FALSE,,,,
64019,Sam,Short,Sam Short,,,,,,,,,,,,
64020,Peter,Hooley,Peter Hooley,,,,,,,,,,,,
64021,Craig,Moller,Craig Moller,,,,,,,,,,,,
64022,Mitch,McCarron,Mitch McCarron,,,,,,,,,,,,
64023,Tohi,Smith-Milner,Tohi Smith-Milner,,,,,,,,,,,,
64024,Daniel,Trist,Daniel Trist,,,,,,,,,,,,
64026,David,Barlow,David Barlow,,,,,,,,,,,,
64028,Sam,McDaniel,Sam McDaniel,,,,,,,,,,,,
64029,Alex,Pledger,Alex Pledger,,,,,,,,,,,,
64030,Chris,Goulding,Chris Goulding,,,,,,,,,,,,
64034,Nick,Kay,Nick Kay,,,,,,,,,,,,
64035,Greg,Hire,Greg Hire,,,,,,,,,,,,
64036,Mitch,Norton,Mitch Norton,,,,,,,,,,,,
64038,Angus,Brandt,Angus Brandt,,,,,,,,,,,,
64039,Tomer,Jervis,Tomer Jervis,,,,,,,,,,,,
64041,Jesse,Wagstaff,Jesse Wagstaff,,,,,,,,,,,,
64042,Rhys,Vague,Rhys Vague,,,,,,,,,,,,
64043,Clint,Steindl,Clint Steindl,,,,,,,,,,,,
64044,Damian,Martin,Damian Martin,,,,,,,,,,,,
64049,Kyle,Adnam,Kyle Adnam,,,,,,,,,,,,
64051,Tomer,Wilson,Tomer Wilson,,,,,,,,,,,,
64054,Kevin,Lisch,Kevin Lisch,,,,,,,,,,,,
64056,Daniel,Kickert,Daniel Kickert,,,,,,,,,,,,
64057,Dane,Pineau,Dane Pineau,,,,,,,,,,,,
64058,Deng,Acuoth,Deng Acuoth,,,,,,,,,,,,
64062,Adris,De Leon,Adris De Leon,,,,,,,,,,,,
64063,Brendan,Teys,Brendan Teys,,,,,,,,,,,,
64067,Majok,Deng,Majok Deng,,,,,,,,,,,,
64068,Adam,Doyle,Adam Doyle,,,,,,,,,,,,
64069,Nathan,Sobey,Nathan Sobey,,,,,,,,,,,,
64070,Daniel,Johnson,Daniel Johnson,,,,,,,,,,,,
64071,Anthony,Drmic,Anthony Drmic,,,,,,,,,,,,
64076,Finn,Delany,Finn Delany,,,,,,,,,,,,
64077,Armani,Moore,Armani Moore,,,,,,,,,,,,
64078,Shea,Ili,Shea Ili,,,,,,,,,,,,
64081,Jordan,Ngatai,Jordan Ngatai,,,,,,,,,,,,
64083,Majok,Majok,Majok Majok,,,,,,,,,,,,
64085,Tai,Wesley,Tai Wesley,,,,,,FALSE,TRUE,FALSE,,,,
64086,Jarrad,Weeks,Jarrad Weeks,,,,,,,,,,,,
64090,Yan,Peng,Yan Peng,,,,,,,,,,,,
64091,Cai,Liang,Cai Liang,,,,,,,,,,,,
64092,Huang,Xu,Huang Xu,,,,,,,,,,,,
64093,Luis,Scola,Luis Scola,,,,,,FALSE,TRUE,FALSE,,,,
64094,Tang,Zihao,Tang Zihao,,,,,,,,,,,,
64095,Tian,Yuchen,Tian Yuchen,,,,,,,,,,,,
64096,Lu,Wei,Lu Wei,,,,,,,,,,,,
64097,Luo,Xudong,Luo Xudong,,,,,,TRUE,FALSE,FALSE,,,,
64098,Dong,Hanlin,Dong Hanlin,,,,,,FALSE,FALSE,TRUE,,,,
64099,Zhu,Ying,Zhu Ying,,,,,,,,,,,,
64100,Zhang,Zhaoxu,Zhang Zhaoxu,,,,,,,,,,,,
64101,Wang,Tong,Wang Tong,,,,,,,,,,,,
64102,Luo,Zhi,Luo Zhi,,,,,,,,,,,,
64104,Luo,Hanchen,Luo Hanchen,,,,,,,,,,,,
64110,Aaron Lee,Jackson,Aaron Lee Jackson,,,,,,,,,,,,
64111,Xiaochuan,Zhai,Xiaochuan Zhai,,,,,,,,,,,,
64112,Shuo,Fang,Shuo Fang,,,,,,,,,,,,
64113,Yanxi,Zhu,Yanxi Zhu,,,,,,,,,,,,
64114,Xiaoyu,Liu,Xiaoyu Liu,,,,,,,,,,,,
64115,Lin,Chang,Lin Chang,,,,,,,,,,,,
64117,Songtao,Zhang,Songtao Zhang,,,,,,,,,,,,
64118,Jiangpeng,Duan,Jiangpeng Duan,,,,,,,,,,,,
64119,Cairen,Zhang,Cairen Zhang,,,,,,,,,,,,
64120,Xu,Wang,Xu Wang,,,,,,,,,,,,
64121,Jianiyou,Taruike,Jianiyou Taruike,,,,,,,,,,,,
64122,Hongrui,Duan,Hongrui Duan,,,,,,,,,,,,
64123,Xinlei,Wang,Xinlei Wang,,,,,,,,,,,,
64124,Ziyi,Zhao,Ziyi Zhao,,,,,,,,,,,,
64125,Zhuo,Zhang,Zhuo Zhang,,,,,,,,,,,,
64126,Haofeng,Sun,Haofeng Sun,,,,,,,,,,,,
64127,Zanyu,Chen,Zanyu Chen,,,,,,,,,,,,
64128,Yanman,Zhao,Yanman Zhao,,,,,,,,,,,,
64132,Shirelijian,Muxtar,Shirelijian Muxtar,,,,,,TRUE,FALSE,FALSE,,,,
64133,Yongpeng,Zhang,Yongpeng Zhang,,,,,,FALSE,FALSE,TRUE,,,,
64135,Kai,Guo,Kai Guo,,,,,,,,,,,,
64136,Tianyi,Yao,Tianyi Yao,,,,,,,,,,,,
64137,Zhun,Zheng,Zhun Zheng,,,,,,,,,,,,
64138,Yifeng,Heng,Yifeng Heng,,,,,,,,,,,,
64139,Kun,Si,Kun Si,,,,,,,,,,,,
64140,Ying-Chun,Chen,Ying-Chun Chen,,,,,,TRUE,FALSE,FALSE,,,,
64141,Mingxu,Ju,Mingxu Ju,,,,,,FALSE,TRUE,FALSE,,,,
64142,David,Rossetto,David Rossetto,,,,,,,,,,,,
64143,Franco,Balbi,Franco Balbi,,,,,,,,,,,,
64144,Jhonatan,Luz,Jhonatan Luz,,,,,,,,,,,,
64145,Kevin,Crescenzi,Kevin Crescenzi,,,,,,,,,,,,
64146,Deryk,Ramos,Deryk Ramos,,,,,,,,,,,,
64149,Rafael,Mineiro,Rafael Mineiro,,,,,,,,,,,,
64152,David,Nesbitt,David Nesbitt,,,,,,,,,,,,
64155,Joao,Vitor,Joao Vitor,,,,,,,,,,,,
76001,Alaa,Abdelnaby,Alaa Abdelnaby,24/6/1968,Duke,USA,82,240,FALSE,TRUE,FALSE,1990,1,25,
76002,Zaid,Abdul-Aziz,Zaid Abdul-Aziz,7/4/1946,Iowa State,USA,81,76002,FALSE,FALSE,TRUE,1968,1,5,
76003,Kareem,Abdul-Jabbar,Kareem Abdul-Jabbar,16/4/1947,UCLA,USA,86,225,FALSE,FALSE,TRUE,1969,1,1,
76005,Tom,Abernethy,Tom Abernethy,6/5/1954,Indiana,USA,79,220,FALSE,TRUE,FALSE,1976,3,43,
76006,Forest,Able,Forest Able,27/7/1932,Western Kentucky,USA,75,180,TRUE,FALSE,FALSE,1956,,,
76007,John,Abramovic,John Abramovic,9/2/1919,Salem,USA,75,195,FALSE,TRUE,FALSE,-1,-1,-1,
76008,Donald,Ackerman,Donald Ackerman,4/9/1930,Long Island-Brooklyn,USA,72,183,TRUE,FALSE,FALSE,1953,2,,
76009,Mark,Acres,Mark Acres,15/11/1962,Oral Roberts,USA,83,220,FALSE,FALSE,TRUE,1985,2,40,
76010,Charles,Acton,Charles Acton,11/1/1942,Hillsdale,USA,78,210,FALSE,TRUE,FALSE,-1,-1,-1,
76011,Alvan,Adams,Alvan Adams,19/7/1954,Oklahoma,USA,81,210,FALSE,FALSE,TRUE,1975,1,4,
76012,Don,Adams,Don Adams,27/11/1947,Northwestern,USA,79,210,FALSE,TRUE,FALSE,1970,8,120,
76015,Rick,Adelman,Rick Adelman,16/6/1946,Loyola-Marymount,USA,74,175,TRUE,FALSE,FALSE,1968,7,79,
76016,Mark,Aguirre,Mark Aguirre,10/12/1959,DePaul,USA,78,232,FALSE,TRUE,FALSE,1981,1,1,
76017,Danny,Ainge,Danny Ainge,17/3/1959,Brigham Young,USA,77,76017,TRUE,FALSE,FALSE,1981,2,31,
76018,Henry,Akin,Henry Akin,31/7/1944,Morehead State,USA,82,225,FALSE,FALSE,TRUE,1966,2,11,
76019,Mark,Alarie,Mark Alarie,11/12/1963,Duke,USA,80,217,FALSE,TRUE,FALSE,1986,1,18,
76020,Gary,Alcorn,Gary Alcorn,8/10/1936,Fresno State,USA,81,225,FALSE,FALSE,TRUE,1959,3,16,
76021,Chuck,Aleksinas,Chuck Aleksinas,26/2/1959,Connecticut,USA,83,76021,FALSE,FALSE,TRUE,1982,4,76,
76022,Gary,Alexander,Gary Alexander,1/11/1969,South Florida,USA,79,76022,FALSE,TRUE,FALSE,-22,-22,-22,
76024,Steve,Alford,Steve Alford,23/11/1964,Indiana,USA,74,183,TRUE,FALSE,FALSE,1987,2,26,
76025,Randy,Allen,Randy Allen,26/1/1965,Florida State,USA,80,76025,FALSE,TRUE,FALSE,-22,-22,-22,
76027,Lucius,Allen,Lucius Allen,26/9/1947,UCLA,USA,74,175,TRUE,FALSE,FALSE,1969,1,3,
76028,Bob,Allen,Bob Allen,17/7/1946,Marshall,USA,81,205,FALSE,TRUE,FALSE,1968,6,71,
76029,Odis,Allison,Odis Allison,2/10/1949,UNLV,USA,78,195,FALSE,TRUE,FALSE,1971,5,76,
76030,Darrell,Allums,Darrell Allums,12/9/1958,UCLA,USA,80,220,FALSE,TRUE,FALSE,1980,5,103,
76034,Bob,Anderegg,Bob Anderegg,24/8/1937,Michigan State,USA,75,76034,FALSE,TRUE,FALSE,1959,3,20,
76035,Cliff,Anderson,Cliff Anderson,7/9/1944,St. Joseph's (PA),USA,74,76035,TRUE,FALSE,FALSE,1967,4,35,
76036,Daniel,Anderson,Daniel Anderson,1/1/1951,Southern California,USA,74,185,TRUE,FALSE,FALSE,1974,6,92,
76037,Dwight,Anderson,Dwight Anderson,28/12/1960,Southern California,USA,75,185,TRUE,FALSE,FALSE,1982,2,41,
76040,Jerome,Anderson,Jerome Anderson,9/10/1953,West Virginia,USA,77,195,TRUE,FALSE,FALSE,1975,3,53,
76041,Kim,Anderson,Kim Anderson,12/5/1955,Missouri,USA,79,200,FALSE,TRUE,FALSE,1978,7,146,
76042,Michael,Anderson,Michael Anderson,23/3/1966,Drexel,USA,71,184,TRUE,FALSE,FALSE,1988,3,73,
76043,Mitchell,Anderson,Mitchell Anderson,23/9/1960,Bradley,USA,80,195,FALSE,TRUE,FALSE,1982,2,36,
76045,Richard,Anderson,Richard Anderson,19/11/1960,California-Santa Barbara,USA,82,240,FALSE,TRUE,FALSE,1982,2,32,
76046,Ron,Anderson,Ron Anderson,15/10/1958,Fresno State,USA,79,215,FALSE,TRUE,FALSE,1984,2,27,
76048,Wally,Anderzunas,Wally Anderzunas,11/1/1946,Creighton,USA,79,76048,FALSE,FALSE,TRUE,1969,2,25,
76049,Don,Anielak,Don Anielak,1/11/1930,Missouri State,USA,79,190,FALSE,TRUE,FALSE,1954,3,26,
76050,Michael,Ansley,Michael Ansley,8/2/1967,Alabama,USA,79,225,FALSE,TRUE,FALSE,1989,2,37,
76053,Stacey,Arceneaux,Stacey Arceneaux,17/2/1936,Iowa State,USA,76,76053,FALSE,FALSE,FALSE,-22,-22,-22,
76054,Nate,Archibald,Nate Archibald,2/9/1948,Texas-El Paso,USA,73,150,TRUE,FALSE,FALSE,1970,2,19,
76055,Jim,Ard,Jim Ard,19/9/1948,Cincinnati,USA,81,215,FALSE,FALSE,TRUE,1970,1,6,
76056,Paul,Arizin,Paul Arizin,9/4/1928,Villanova,USA,76,190,FALSE,TRUE,FALSE,1950,,,
76057,Joe,Arlauckas,Joe Arlauckas,20/7/1965,Niagara,USA,81,230,FALSE,TRUE,FALSE,1987,4,74,
76059,Tate,Armstrong,Tate Armstrong,5/10/1955,Duke,USA,75,175,TRUE,FALSE,FALSE,1977,1,13,
76060,Paul,Armstrong,Paul Armstrong,1/11/1918,Indiana,USA,71,76060,TRUE,FALSE,FALSE,-22,-22,-22,
76061,Bob,Armstrong,Bob Armstrong,17/6/1933,Michigan State,USA,80,76061,FALSE,FALSE,TRUE,-22,-22,-22,
76062,Jesse,Arnelle,Jesse Arnelle,30/12/1933,Penn State,USA,77,220,FALSE,TRUE,FALSE,1955,2,13,
76063,Jay,Arnette,Jay Arnette,19/12/1938,Texas,USA,74,76063,TRUE,FALSE,FALSE,1960,2,9,
76064,Bob,Arnzen,Bob Arnzen,3/11/1947,Notre Dame,USA,77,76064,FALSE,TRUE,FALSE,1969,8,103,
76065,John,Arthurs,John Arthurs,15/8/1947,Tulane,USA,76,185,TRUE,FALSE,FALSE,1969,6,73,
76068,Don,Asmonga,Don Asmonga,15/2/1928,Alliance,USA,74,185,TRUE,FALSE,FALSE,-1,-1,-1,
76069,Richard,Atha,Richard Atha,21/9/1931,Indiana State,USA,74,190,TRUE,FALSE,FALSE,1953,,,
76070,Alvin,Attles,Alvin Attles,7/11/1936,North Carolina A&T,USA,73,76070,TRUE,FALSE,FALSE,1960,5,39,
76071,Chet,Aubuchon,Chet Aubuchon,8/5/1916,Michigan State,USA,70,137,TRUE,FALSE,FALSE,-1,-1,-1,
76073,John,Austin,John Austin,31/8/1944,Boston College,USA,72,76073,TRUE,FALSE,FALSE,1966,4,38,
76074,Ken,Austin,Ken Austin,15/7/1961,Rice,USA,81,76074,FALSE,TRUE,FALSE,1983,5,101,
76076,William,Averitt,William Averitt,22/7/1952,Pepperdine,USA,74,170,TRUE,FALSE,FALSE,1973,4,55,
76078,Dennis,Awtrey,Dennis Awtrey,22/2/1948,Santa Clara,USA,82,235,FALSE,FALSE,TRUE,1970,3,46,
76079,Milos,Babic,Milos Babic,23/11/1968,Tennessee Tech,USA,84,240,FALSE,FALSE,TRUE,1990,2,50,
76080,Johnny,Bach,Johnny Bach,10/7/1924,Fordham,USA,74,180,FALSE,TRUE,FALSE,1948,,,
76081,Jim,Baechtold,Jim Baechtold,9/12/1927,Eastern Kentucky,USA,76,205,FALSE,TRUE,FALSE,1952,1,2,
76082,John,Bagley,John Bagley,23/4/1960,Boston College,USA,72,185,TRUE,FALSE,FALSE,1982,1,12,
76083,Gus,Bailey,Gus Bailey,18/2/1951,Texas-El Paso,USA,77,185,TRUE,FALSE,FALSE,1974,2,23,
76084,Carl,Bailey,Carl Bailey,23/4/1958,Tuskegee,USA,84,210,FALSE,FALSE,TRUE,1980,3,66,
76085,James,Bailey,James Bailey,21/5/1957,Rutgers,USA,81,220,FALSE,TRUE,FALSE,1979,1,6,
76089,Norm,Baker,Norm Baker,17/2/1923,Victoria,Canada,72,180,TRUE,FALSE,FALSE,-1,-1,-1,
76090,Cedric,Ball,Cedric Ball,16/4/1968,North Carolina-Charlotte,USA,80,210,FALSE,TRUE,FALSE,-1,-1,-1,
76091,Greg,Ballard,Greg Ballard,29/1/1955,Oregon,USA,79,215,FALSE,TRUE,FALSE,1977,1,4,
76092,Herschel,Baltimore,Herschel Baltimore,21/6/1921,Penn State,USA,76,195,FALSE,TRUE,FALSE,-1,-1,-1,
76093,Gene,Banks,Gene Banks,15/5/1959,Duke,USA,79,215,FALSE,TRUE,FALSE,1981,2,28,
76094,Ken,Bannister,Ken Bannister,1/4/1960,St. Augustine's,USA,81,235,FALSE,TRUE,FALSE,1984,7,156,
76095,Mike,Bantom,Mike Bantom,3/12/1951,St. Joseph's (PA),USA,81,200,FALSE,TRUE,FALSE,1973,1,8,
76096,John,Barber,John Barber,27/6/1927,California State-Los Angeles,USA,78,210,FALSE,TRUE,FALSE,1956,,,
76097,Stephen,Bardo,Stephen Bardo,5/4/1968,Illinois,USA,77,190,TRUE,FALSE,FALSE,1990,2,41,
76098,Cliff,Barker,Cliff Barker,15/1/1921,Kentucky,USA,74,185,TRUE,FALSE,FALSE,1949,5,,
76099,Tom,Barker,Tom Barker,11/3/1955,Hawaii,USA,83,225,FALSE,FALSE,TRUE,1976,4,53,
76102,Don,Barksdale,Don Barksdale,31/3/1923,UCLA,USA,78,200,FALSE,TRUE,FALSE,-1,-1,-1,
76103,Harry,Barnes,Harry Barnes,25/7/1945,Northeastern,USA,75,76103,FALSE,TRUE,FALSE,1968,4,37,
76104,Marvin,Barnes,Marvin Barnes,27/7/1952,Providence,USA,81,210,FALSE,TRUE,FALSE,1974,1,2,
76105,Jim,Barnes,Jim Barnes,13/4/1941,Texas-El Paso,USA,80,210,FALSE,FALSE,TRUE,1964,1,1,
76106,Jim,Barnett,Jim Barnett,7/7/1944,Oregon,USA,76,170,TRUE,FALSE,FALSE,1966,1,8,
76107,Dick,Barnett,Dick Barnett,2/10/1936,Tennessee State,USA,76,76107,TRUE,FALSE,FALSE,1959,1,4,
76108,John,Barnhill,John Barnhill,20/3/1938,Tennessee State,USA,73,180,TRUE,FALSE,FALSE,1959,11,77,
76109,Norton,Barnhill,Norton Barnhill,15/7/1953,Washington State,USA,76,76109,TRUE,FALSE,FALSE,1976,8,134,
76110,Leo,Barnhorst,Leo Barnhorst,11/5/1924,Notre Dame,USA,76,190,FALSE,TRUE,FALSE,1949,2,,
76111,John,Barr,John Barr,18/8/1918,Penn State,USA,75,205,FALSE,TRUE,FALSE,-1,-1,-1,
76112,Mike,Barr,Mike Barr,19/10/1950,Duquesne,USA,75,76112,TRUE,FALSE,FALSE,1972,1,180,
76113,Thomas,Barr,Thomas Barr,19/6/1944,Duquesne,USA,76,76113,TRUE,FALSE,FALSE,-22,-22,-22,
76114,Ernie,Barrett,Ernie Barrett,27/8/1929,Kansas State,USA,,,,,,1951,1,7,
76117,Ed,Bartels,Ed Bartels,8/10/1925,North Carolina State,USA,78,195,FALSE,TRUE,FALSE,-1,-1,-1,
76118,Vic,Bartolome,Vic Bartolome,29/9/1948,Oregon State,USA,84,230,FALSE,FALSE,TRUE,1970,6,87,
76119,Jerry,Baskerville,Jerry Baskerville,10/11/1951,Temple,USA,79,76119,FALSE,TRUE,FALSE,-22,-22,-22,
76120,Tim,Bassett,Tim Bassett,1/4/1951,Georgia,USA,80,225,FALSE,TRUE,FALSE,1973,7,106,
76121,Billyray,Bates,Billyray Bates,31/5/1956,Kentucky State,USA,76,210,TRUE,FALSE,FALSE,1978,3,47,
76123,Kenny,Battle,Kenny Battle,10/10/1964,Illinois,USA,78,76123,TRUE,FALSE,FALSE,1989,1,27,
76124,Dave,Batton,Dave Batton,26/3/1956,Notre Dame,USA,82,240,FALSE,FALSE,TRUE,1978,3,62,
76125,Johnny,Baum,Johnny Baum,17/6/1946,Temple,USA,77,200,FALSE,TRUE,FALSE,1969,2,23,
76126,Frankie,Baumholtz,Frankie Baumholtz,7/10/1918,Ohio,USA,70,170,TRUE,FALSE,FALSE,-1,-1,-1,
76127,Elgin,Baylor,Elgin Baylor,16/9/1934,Seattle,USA,77,225,FALSE,TRUE,FALSE,1958,1,1,
76128,Sergei,Bazarevich,Sergei Bazarevich,15/3/1965,Tofas S.K.,Russia,74,168,TRUE,FALSE,FALSE,-1,-1,-1,
76129,Ed,Beach,Ed Beach,25/1/1929,West Virginia,USA,75,200,FALSE,TRUE,FALSE,1950,5,,
76130,Butch,Beard,Butch Beard,4/5/1947,Louisville,USA,75,185,TRUE,FALSE,FALSE,1969,1,10,
76131,Ralph,Beard,Ralph Beard,2/12/1927,Kentucky,USA,70,175,TRUE,FALSE,FALSE,1949,2,,
76133,Zelmo,Beaty,Zelmo Beaty,25/10/1939,Prairie View A&M,USA,81,225,FALSE,FALSE,TRUE,1962,1,3,
76134,Byron,Beck,Byron Beck,25/1/1945,Denver,USA,81,225,FALSE,FALSE,TRUE,1967,2,15,
76136,Ernie,Beck,Ernie Beck,11/12/1931,Pennsylvania,USA,76,190,TRUE,FALSE,FALSE,1953,,,
76137,Moe,Becker,Moe Becker,24/2/1917,Duquesne,USA,73,185,TRUE,FALSE,FALSE,-1,-1,-1,
76138,William,Bedford,William Bedford,14/12/1963,Memphis,USA,84,76138,FALSE,FALSE,TRUE,1986,1,6,
76139,Hank,Beenders,Hank Beenders,2/6/1916,Long Island-Brooklyn,USA,77,76139,FALSE,FALSE,TRUE,-22,-22,-22,
76140,Ron,Behagen,Ron Behagen,14/1/1951,Minnesota,USA,81,185,FALSE,TRUE,FALSE,1973,1,7,
76141,Elmer,Behnke,Elmer Behnke,3/2/1929,Bradley,USA,79,210,FALSE,FALSE,TRUE,1951,4,37,
76142,Dennis,Bell,Dennis Bell,2/6/1951,Drake,USA,77,185,FALSE,TRUE,FALSE,1973,5,83,
76143,William,Bell,William Bell,13/9/1932,North Carolina State,USA,72,180,TRUE,FALSE,FALSE,-1,-1,-1,
76144,Walt,Bellamy,Walt Bellamy,24/7/1939,Indiana,USA,82,225,FALSE,FALSE,TRUE,1961,1,1,
76145,Irv,Bemoras,Irv Bemoras,18/11/1930,Illinois,USA,75,185,FALSE,TRUE,FALSE,1953,,,
76146,Leon,Benbow,Leon Benbow,23/7/1950,Jacksonville,USA,76,185,TRUE,FALSE,FALSE,1974,2,27,
76148,Tony,Bennett,Tony Bennett,1/6/1969,Wisconsin-Green Bay,USA,72,175,TRUE,FALSE,FALSE,1992,2,35,
76151,Mel,Bennett,Mel Bennett,4/1/1955,Pittsburgh,USA,79,76151,FALSE,TRUE,FALSE,-22,-22,-22,
76152,Winston,Bennett,Winston Bennett,9/2/1965,Kentucky,USA,79,210,TRUE,FALSE,FALSE,1988,3,64,
76154,Kent,Benson,Kent Benson,27/12/1954,Indiana,USA,83,235,FALSE,FALSE,TRUE,1977,1,1,
76155,Gene,Berce,Gene Berce,22/11/1926,Marquette,USA,71,175,TRUE,FALSE,FALSE,1948,,,
76156,Gary,Bergen,Gary Bergen,16/7/1932,Utah,USA,80,210,FALSE,FALSE,TRUE,1956,,,
76157,Ricky,Berry,Ricky Berry,6/10/1964,San Jose State,USA,80,205,FALSE,TRUE,FALSE,1988,1,18,
76158,Walter,Berry,Walter Berry,14/5/1964,St. John's (NY),USA,80,215,FALSE,TRUE,FALSE,1986,1,14,
76159,Del,Beshore,Del Beshore,29/11/1956,California (PA),USA,71,76159,TRUE,FALSE,FALSE,-22,-22,-22,
76160,Al,Bianchi,Al Bianchi,26/3/1932,Bowling Green,USA,75,76160,TRUE,FALSE,FALSE,1954,2,18,
76161,Hank,Biasatti,Hank Biasatti,14/1/1922,Assumption,Canada,71,76161,FALSE,FALSE,FALSE,-22,-22,-22,
76162,Henry,Bibby,Henry Bibby,24/11/1949,UCLA,USA,73,185,TRUE,FALSE,FALSE,1972,4,58,
76163,Ed,Biedenbach,Ed Biedenbach,12/8/1945,North Carolina State,USA,73,175,TRUE,FALSE,FALSE,1968,4,45,
76164,Don,Bielke,Don Bielke,1/1/1933,Valparaiso,USA,79,240,FALSE,FALSE,TRUE,1954,8,67,
76165,Bob,Bigelow,Bob Bigelow,26/12/1953,Pennsylvania,USA,79,215,FALSE,TRUE,FALSE,1975,1,13,
76166,Dave,Bing,Dave Bing,24/11/1943,Syracuse,USA,75,76166,TRUE,FALSE,FALSE,1966,1,2,
76167,Joe,Binion,Joe Binion,26/3/1961,North Carolina A&T,USA,80,235,FALSE,TRUE,FALSE,1984,3,57,
76168,Jerry,Bird,Jerry Bird,2/2/1935,Kentucky,USA,78,210,FALSE,TRUE,FALSE,1956,,,
76170,Otis,Birdsong,Otis Birdsong,9/12/1955,Houston,USA,75,190,TRUE,FALSE,FALSE,1977,1,2,
76171,Gale,Bishop,Gale Bishop,4/6/1922,Washington State,USA,75,195,FALSE,TRUE,FALSE,-1,-1,-1,
76172,Uwe,Blab,Uwe Blab,26/3/1962,Indiana,USA,85,252,FALSE,FALSE,TRUE,1985,1,17,
76173,Charlie,Black,Charlie Black,15/6/1921,Kansas,USA,76,200,FALSE,TRUE,FALSE,-1,-1,-1,
76174,Norman,Black,Norman Black,12/11/1957,St. Joseph's (PA),USA,77,185,TRUE,FALSE,FALSE,-1,-1,-1,
76175,Tom,Black,Tom Black,9/7/1941,South Dakota State,USA,82,76175,FALSE,FALSE,TRUE,1964,9,72,
76176,Rolando,Blackman,Rolando Blackman,26/2/1959,Kansas State,USA,78,76176,TRUE,FALSE,FALSE,1981,1,9,
76177,Cory,Blackwell,Cory Blackwell,27/3/1963,Wisconsin,USA,78,210,FALSE,TRUE,FALSE,1984,2,28,
76179,Nate,Blackwell,Nate Blackwell,15/2/1965,Temple,USA,76,170,TRUE,FALSE,FALSE,1987,2,27,
76180,Alex,Blackwell,Alex Blackwell,27/6/1970,Monmouth,USA,78,250,FALSE,TRUE,FALSE,-1,-1,-1,
76182,George,Blaney,George Blaney,12/11/1939,Holy Cross,USA,73,76182,TRUE,FALSE,FALSE,1961,4,33,
76183,Lance,Blanks,Lance Blanks,9/9/1966,Texas-Austin,USA,76,190,TRUE,FALSE,FALSE,1990,1,26,
76184,Ricky,Blanton,Ricky Blanton,21/4/1966,Louisiana State,USA,79,215,FALSE,TRUE,FALSE,1989,2,46,
76186,Leon,Blevins,Leon Blevins,25/6/1926,Arizona,USA,74,160,TRUE,FALSE,FALSE,1950,7,,
76187,John,Block,John Block,16/4/1944,Southern California,USA,82,207,FALSE,TRUE,FALSE,1966,3,27,
76188,Mike,Bloom,Mike Bloom,14/1/1915,Temple,USA,78,190,FALSE,FALSE,TRUE,-1,-1,-1,
76189,Ray,Blume,Ray Blume,23/9/1958,Oregon State,USA,76,185,TRUE,FALSE,FALSE,1981,2,36,
76190,Nelson,Bobb,Nelson Bobb,25/2/1924,Temple,USA,72,170,TRUE,FALSE,FALSE,1949,3,,
76191,Arlen,Bockhorn,Arlen Bockhorn,8/7/1933,Dayton,USA,76,200,TRUE,FALSE,FALSE,1958,3,17,
76192,Tom,Boerwinkle,Tom Boerwinkle,23/8/1945,Tennessee,USA,84,76192,FALSE,FALSE,TRUE,1968,1,4,
76195,Manute,Bol,Manute Bol,16/10/1962,Bridgeport,USA,90,200,FALSE,FALSE,TRUE,1985,2,31,
76196,Bill,Bolger,Bill Bolger,21/8/1931,Georgetown,USA,77,205,FALSE,TRUE,FALSE,1953,,,
76197,Doug,Bolstorff,Doug Bolstorff,29/10/1931,Minnesota,USA,76,195,TRUE,FALSE,FALSE,1957,8,57,
76198,Phil,Bond,Phil Bond,27/7/1954,Louisville,USA,74,175,TRUE,FALSE,FALSE,1977,3,62,
76201,Ron,Bonham,Ron Bonham,31/5/1942,Cincinnati,USA,76,192,FALSE,TRUE,FALSE,1964,2,16,
76203,George H.,Bon Salle,George H. Bon Salle,1/7/1935,Illinois,USA,80,76203,FALSE,TRUE,FALSE,1957,1,7,
76204,Ron,Boone,Ron Boone,6/9/1946,Idaho State,USA,74,200,TRUE,FALSE,FALSE,1968,11,147,
76206,Bob,Boozer,Bob Boozer,26/4/1937,Kansas State,USA,80,215,FALSE,TRUE,FALSE,1959,1,1,
76207,Jake,Bornheimer,Jake Bornheimer,29/6/1927,Muhlenberg,USA,77,200,FALSE,TRUE,FALSE,-1,-1,-1,
76209,Costic,Borsavage,Costic Borsavage,25/7/1924,Temple,USA,80,220,FALSE,FALSE,TRUE,1950,5,,
76210,Vince,Boryla,Vince Boryla,11/3/1927,Denver,USA,77,210,FALSE,TRUE,FALSE,-1,-1,-1,
76211,Jim,Bostic,Jim Bostic,28/1/1953,New Mexico State,USA,79,76211,FALSE,TRUE,FALSE,1975,8,139,
76212,Lawrence,Boston,Lawrence Boston,18/5/1956,Maryland,USA,80,225,FALSE,TRUE,FALSE,1978,4,81,
76213,Tom,Boswell,Tom Boswell,2/10/1953,South Carolina,USA,80,220,FALSE,TRUE,FALSE,1975,1,17,
76214,Don,Boven,Don Boven,6/3/1925,Western Michigan,USA,76,210,FALSE,TRUE,FALSE,1949,6,,
76217,Sam,Bowie,Sam Bowie,17/3/1961,Kentucky,USA,85,235,FALSE,FALSE,TRUE,1984,1,2,
76219,Nate,Bowman,Nate Bowman,19/3/1943,Wichita State,USA,82,76219,FALSE,FALSE,TRUE,1965,1,7,
76221,Dennis,Boyd,Dennis Boyd,21/5/1954,Detroit,USA,73,175,TRUE,FALSE,FALSE,1977,4,72,
76222,Fred,Boyd,Fred Boyd,13/6/1950,Oregon State,USA,74,180,TRUE,FALSE,FALSE,1972,1,5,
76223,Ken,Boyd,Ken Boyd,25/3/1952,Boston University,USA,77,195,FALSE,TRUE,FALSE,1974,9,154,
76224,Harry,Boykoff,Harry Boykoff,24/7/1922,St. John's (NY),USA,81,225,FALSE,FALSE,TRUE,-1,-1,-1,
76225,Winford,Boynes,Winford Boynes,17/5/1957,San Francisco,USA,78,185,TRUE,FALSE,FALSE,1978,1,13,
76226,Steve,Bracey,Steve Bracey,1/8/1950,Tulsa,USA,73,175,TRUE,FALSE,FALSE,1972,2,21,
76227,Gary,Bradds,Gary Bradds,26/7/1942,Ohio State,USA,80,210,FALSE,TRUE,FALSE,1964,1,3,
76228,Alex,Bradley,Alex Bradley,30/10/1959,Villanova,USA,78,76228,FALSE,TRUE,FALSE,1981,4,86,
76229,Alonzo,Bradley,Alonzo Bradley,16/10/1953,Texas Southern,USA,78,190,FALSE,TRUE,FALSE,1977,2,29,
76230,Charles,Bradley,Charles Bradley,16/5/1959,Wyoming,USA,77,215,TRUE,FALSE,FALSE,1981,1,23,
76231,Dudley,Bradley,Dudley Bradley,19/3/1957,North Carolina,USA,78,195,TRUE,FALSE,FALSE,1979,1,13,
76232,Joe,Bradley,Joe Bradley,24/9/1928,Oklahoma State,USA,75,175,TRUE,FALSE,FALSE,-1,-1,-1,
76233,Bill,Bradley,Bill Bradley,28/7/1943,Princeton,USA,77,205,FALSE,TRUE,FALSE,1965,,,
76237,Adrian,Branch,Adrian Branch,17/11/1963,Maryland,USA,79,185,FALSE,TRUE,FALSE,1985,2,46,
76238,Bob,Brannum,Bob Brannum,28/5/1925,Michigan State,USA,78,215,FALSE,TRUE,FALSE,-1,-1,-1,
76239,Brad,Branson,Brad Branson,24/9/1958,Southern Methodist,USA,82,76239,FALSE,TRUE,FALSE,1980,2,45,
76240,Jesse,Branson,Jesse Branson,7/1/1942,Elon,USA,79,76240,FALSE,TRUE,FALSE,1965,2,13,
76241,Jim,Brasco,Jim Brasco,3/2/1931,New York University,USA,73,170,TRUE,FALSE,FALSE,1952,,,
76242,Mike,Bratz,Mike Bratz,17/10/1955,Stanford,USA,74,185,TRUE,FALSE,FALSE,1977,3,66,
76243,Carl,Braun,Carl Braun,25/9/1927,Colgate,USA,77,180,TRUE,FALSE,FALSE,-1,-1,-1,
76245,Pete,Brennan,Pete Brennan,23/9/1936,North Carolina,USA,78,205,FALSE,TRUE,FALSE,1958,1,4,
76246,Tom,Brennan,Tom Brennan,6/8/1930,Villanova,USA,75,76246,FALSE,TRUE,FALSE,-22,-22,-22,
76247,Randy,Breuer,Randy Breuer,11/10/1960,Minnesota,USA,87,230,FALSE,FALSE,TRUE,1983,1,18,
76248,Jim,Brewer,Jim Brewer,3/12/1951,Minnesota,USA,81,210,FALSE,TRUE,FALSE,1973,1,2,
76249,Ron,Brewer,Ron Brewer,16/9/1955,Arkansas,USA,76,180,TRUE,FALSE,FALSE,1978,1,7,
76250,Frank,Brian,Frank Brian,1/5/1923,Louisiana State,USA,73,180,TRUE,FALSE,FALSE,-1,-1,-1,
76252,Junior,Bridgeman,Junior Bridgeman,17/9/1953,Louisville,USA,77,210,FALSE,TRUE,FALSE,1975,1,8,
76253,Bill,Bridges,Bill Bridges,4/4/1939,Kansas,USA,77,76253,FALSE,TRUE,FALSE,1961,3,32,
76254,Al,Brightman,Al Brightman,22/9/1923,University of Charleston,USA,74,195,FALSE,TRUE,FALSE,-1,-1,-1,
76255,Audley,Brindley,Audley Brindley,31/12/1923,Dartmouth,USA,76,175,FALSE,TRUE,FALSE,-1,-1,-1,
76256,John,Brisker,John Brisker,15/6/1947,Toledo,USA,77,210,FALSE,TRUE,FALSE,-1,-1,-1,
76257,Allan,Bristow,Allan Bristow,23/8/1951,Virginia Tech,USA,79,210,FALSE,TRUE,FALSE,1973,2,21,
76258,Tyrone,Britt,Tyrone Britt,18/4/1944,Johnson C. Smith,USA,76,190,TRUE,FALSE,FALSE,-1,-1,-1,
76259,Wayman,Britt,Wayman Britt,31/8/1952,Michigan,USA,74,185,TRUE,FALSE,FALSE,1976,4,60,
76260,Mike,Brittain,Mike Brittain,21/6/1963,South Carolina,USA,84,235,FALSE,FALSE,TRUE,1985,2,29,
76261,David,Britton,David Britton,29/8/1958,Texas A&M,USA,76,180,TRUE,FALSE,FALSE,1980,3,57,
76262,Jim,Brogan,Jim Brogan,24/2/1958,West Virginia Wesleyan,USA,76,185,TRUE,FALSE,FALSE,-1,-1,-1,
76263,Gary,Brokaw,Gary Brokaw,11/1/1954,Notre Dame,USA,76,178,TRUE,FALSE,FALSE,1974,1,18,
76264,Price,Brookfield,Price Brookfield,11/5/1920,West Texas A&M,USA,76,185,FALSE,TRUE,FALSE,-1,-1,-1,
76265,Kevin,Brooks,Kevin Brooks,12/10/1969,Louisiana-Lafayette,USA,78,200,FALSE,TRUE,FALSE,1991,1,18,
76266,Michael,Brooks,Michael Brooks,17/8/1958,La Salle,USA,79,220,FALSE,TRUE,FALSE,1980,1,9,
76268,Tony,Brown,Tony Brown,29/7/1960,Arkansas,USA,78,76268,FALSE,TRUE,FALSE,1982,4,82,
76270,Darrell,Brown,Darrell Brown,14/3/1923,Humboldt State,USA,74,175,FALSE,TRUE,FALSE,1948,,,
76272,Fred,Brown,Fred Brown,7/8/1948,Iowa,USA,75,182,TRUE,FALSE,FALSE,1971,1,6,
76273,George,Brown,George Brown,30/10/1935,Wayne State,USA,78,190,FALSE,TRUE,FALSE,1957,4,27,
76275,Harold,Brown,Harold Brown,2/10/1923,Evansville,USA,72,155,TRUE,FALSE,FALSE,-1,-1,-1,
76276,John,Brown,John Brown,14/12/1951,Missouri,USA,79,220,FALSE,TRUE,FALSE,1973,1,10,
76277,Myron,Brown,Myron Brown,3/11/1969,Slippery Rock,USA,75,180,FALSE,TRUE,FALSE,1991,2,34,
76278,Leon,Brown,Leon Brown,12/10/1919,Wyoming,USA,75,190,FALSE,TRUE,FALSE,-1,-1,-1,
76279,Lewis,Brown,Lewis Brown,19/2/1955,UNLV,USA,83,225,FALSE,FALSE,TRUE,1977,4,69,
76282,Raymond,Brown,Raymond Brown,5/7/1965,Idaho,USA,80,220,FALSE,TRUE,FALSE,-1,-1,-1,
76283,Rickey,Brown,Rickey Brown,20/8/1958,Mississippi State,USA,82,215,FALSE,FALSE,TRUE,1980,1,13,
76284,Bob,Brown,Bob Brown,12/11/1923,Miami (Ohio),USA,76,76284,FALSE,FALSE,FALSE,-22,-22,-22,
76285,Stan,Brown,Stan Brown,27/6/1929,South Philadelphia HS (PA),USA,75,200,FALSE,TRUE,FALSE,-1,-1,-1,
76286,Roger,Brown,Roger Brown,23/2/1950,Kansas,USA,83,76286,FALSE,FALSE,TRUE,1971,4,64,
76287,Jim,Browne,Jim Browne,1/1/1930,Tilden Tech HS (IL),USA,82,235,FALSE,FALSE,TRUE,-1,-1,-1,
76288,Stanley,Brundy,Stanley Brundy,13/11/1967,DePaul,USA,78,210,FALSE,TRUE,FALSE,1989,2,32,
76289,Emmette,Bryant,Emmette Bryant,4/11/1938,DePaul,USA,73,175,TRUE,FALSE,FALSE,1964,7,53,
76290,Joe,Bryant,Joe Bryant,19/10/1954,La Salle,USA,82,185,FALSE,TRUE,FALSE,1975,1,14,
76291,Wallace,Bryant,Wallace Bryant,14/7/1959,San Francisco,USA,84,245,FALSE,FALSE,TRUE,1982,2,30,
76292,Torgeir,Bryn,Torgeir Bryn,8/8/1964,Texas State,Norway,81,250,FALSE,TRUE,FALSE,-1,-1,-1,
76293,Joe,Buckhalter,Joe Buckhalter,1/8/1937,Tennessee State,USA,79,210,FALSE,TRUE,FALSE,1958,12,81,
76294,Steve,Bucknall,Steve Bucknall,17/3/1966,North Carolina,USA,78,215,FALSE,TRUE,FALSE,-1,-1,-1,
76295,Cleveland,Buckner,Cleveland Buckner,17/8/1938,Jackson State,USA,81,210,FALSE,TRUE,FALSE,1961,6,51,
76296,Quinn,Buckner,Quinn Buckner,20/8/1954,Indiana,USA,75,190,TRUE,FALSE,FALSE,1976,1,7,
76297,Dave,Budd,Dave Budd,28/10/1938,Wake Forest,USA,78,205,FALSE,TRUE,FALSE,1960,2,10,
76298,Walter,Budko,Walter Budko,30/6/1925,Columbia,USA,77,220,FALSE,TRUE,FALSE,1948,1,6,
76300,Greg,Bunch,Greg Bunch,15/5/1956,California State-Fullerton,USA,78,190,FALSE,TRUE,FALSE,1978,2,34,
76301,Dick,Bunt,Dick Bunt,13/7/1930,New York University,USA,72,170,TRUE,FALSE,FALSE,1952,,,
76302,Bill,Buntin,Bill Buntin,5/5/1942,Michigan,USA,79,250,FALSE,FALSE,TRUE,1965,,,
76303,Luther,Burden,Luther Burden,28/2/1953,Utah,USA,74,185,TRUE,FALSE,FALSE,1975,2,26,
76304,Roger,Burkman,Roger Burkman,22/5/1958,Louisville,USA,77,175,TRUE,FALSE,FALSE,1981,6,130,
76305,Tom,Burleson,Tom Burleson,24/2/1952,North Carolina State,USA,86,225,FALSE,FALSE,TRUE,1974,1,3,
76306,Jack,Burmaster,Jack Burmaster,23/12/1926,Illinois,USA,75,76306,FALSE,FALSE,FALSE,-22,-22,-22,
76307,David,Burns,David Burns,3/7/1958,St. Louis,USA,74,180,TRUE,FALSE,FALSE,1981,3,49,
76308,Evers,Burns,Evers Burns,24/8/1971,Maryland,USA,80,260,FALSE,TRUE,FALSE,1993,2,31,
76309,Jim,Burns,Jim Burns,21/9/1945,Northwestern,USA,75,195,TRUE,FALSE,FALSE,1967,4,34,
76311,Art,Burris,Art Burris,7/4/1924,Tennessee,USA,77,220,FALSE,TRUE,FALSE,1950,3,,
76313,Bob,Burrow,Bob Burrow,29/6/1934,Kentucky,USA,79,228,FALSE,FALSE,TRUE,1956,,,
76314,Ed,Burton,Ed Burton,13/8/1939,Michigan State,USA,78,76314,FALSE,TRUE,FALSE,-22,-22,-22,
76316,Steve,Burtt,Steve Burtt,5/11/1962,Iona,USA,74,185,TRUE,FALSE,FALSE,1984,2,30,
76317,Don,Buse,Don Buse,10/8/1950,Evansville,USA,76,190,TRUE,FALSE,FALSE,1972,3,34,
76318,Donnie,Butcher,Donnie Butcher,8/2/1936,Pikeville,USA,74,200,TRUE,FALSE,FALSE,1961,7,60,
76319,Al,Butler,Al Butler,9/7/1938,Niagara,USA,74,175,TRUE,FALSE,FALSE,1961,2,17,
76320,Greg,Butler,Greg Butler,11/3/1966,Stanford,USA,83,240,FALSE,FALSE,TRUE,1988,2,37,
76321,Marty,Byrnes,Marty Byrnes,30/4/1956,Syracuse,USA,79,215,FALSE,TRUE,FALSE,1978,1,19,
76322,Tommy,Byrnes,Tommy Byrnes,19/2/1923,Seton Hall,USA,75,175,TRUE,FALSE,FALSE,-1,-1,-1,
76323,Mike,Bytzura,Mike Bytzura,18/6/1922,Long Island-Brooklyn,USA,73,170,FALSE,TRUE,FALSE,-1,-1,-1,
76324,Barney,Cable,Barney Cable,29/7/1935,Bradley,USA,79,175,FALSE,TRUE,FALSE,1958,2,10,
76326,Gerry,Calabrese,Gerry Calabrese,4/2/1925,St. John's (NY),USA,73,175,TRUE,FALSE,FALSE,1950,2,,
76328,Jim,Caldwell,Jim Caldwell,28/1/1943,Georgia Tech,USA,82,240,FALSE,FALSE,TRUE,1965,3,25,
76329,Joe,Caldwell,Joe Caldwell,1/11/1941,Arizona State,USA,77,195,FALSE,TRUE,FALSE,1964,1,2,
76330,Corky,Calhoun,Corky Calhoun,1/11/1950,Pennsylvania,USA,79,210,FALSE,TRUE,FALSE,1972,1,4,
76331,Bill,Calhoun,Bill Calhoun,4/11/1927,CC of San Francisco,USA,75,180,FALSE,TRUE,FALSE,-1,-1,-1,
76332,Demetrius,Calip,Demetrius Calip,18/11/1969,Michigan,USA,73,165,TRUE,FALSE,FALSE,-1,-1,-1,
76333,Tom,Callahan,Tom Callahan,2/6/1921,Rockhurst,USA,73,180,TRUE,FALSE,FALSE,-1,-1,-1,
76334,Rick,Calloway,Rick Calloway,12/10/1966,Kansas,USA,78,180,TRUE,FALSE,FALSE,-1,-1,-1,
76335,Ernie,Calverley,Ernie Calverley,30/1/1924,Rhode Island,USA,70,76335,FALSE,FALSE,FALSE,-22,-22,-22,
76336,Mack,Calvin,Mack Calvin,27/7/1947,Southern California,USA,72,165,TRUE,FALSE,FALSE,1969,14,187,
76337,Dexter,Cambridge,Dexter Cambridge,29/1/1970,Texas,USA,79,76337,FALSE,TRUE,FALSE,-22,-22,-22,
76338,Tony,Campbell,Tony Campbell,7/5/1962,Ohio State,USA,79,215,FALSE,TRUE,FALSE,1984,1,20,
76339,Larry,Cannon,Larry Cannon,12/4/1947,La Salle,USA,76,195,TRUE,FALSE,FALSE,1969,1,5,
76340,Howie,Carl,Howie Carl,7/6/1938,DePaul,USA,69,76340,TRUE,FALSE,FALSE,1961,5,50,
76341,Chet,Carlisle,Chet Carlisle,2/11/1916,California,USA,77,195,FALSE,TRUE,FALSE,-1,-1,-1,
76342,Rick,Carlisle,Rick Carlisle,27/10/1959,Virginia,USA,77,210,TRUE,FALSE,FALSE,1984,3,70,
76343,Al,Carlson,Al Carlson,17/9/1951,Oregon,USA,83,76343,FALSE,FALSE,TRUE,-22,-22,-22,
76344,Don,Carlson,Don Carlson,22/3/1921,Minnesota,USA,72,170,TRUE,FALSE,FALSE,-1,-1,-1,
76345,Bob,Carney,Bob Carney,3/8/1932,Bradley,USA,75,170,FALSE,FALSE,TRUE,1954,6,47,
76346,Bob,Carpenter,Bob Carpenter,6/11/1917,Texas A&M-Commerce,USA,77,200,FALSE,TRUE,FALSE,-1,-1,-1,
76348,Austin,Carr,Austin Carr,10/3/1948,Notre Dame,USA,76,200,TRUE,FALSE,FALSE,1971,1,1,
76350,Kenny,Carr,Kenny Carr,15/8/1955,North Carolina State,USA,79,220,FALSE,TRUE,FALSE,1977,1,6,
76351,M.L.,Carr,M.L. Carr,9/1/1951,Guilford,USA,78,205,FALSE,TRUE,FALSE,1973,5,76,
76352,Bob,Carrington,Bob Carrington,3/7/1953,Boston College,USA,78,76352,TRUE,FALSE,FALSE,1976,2,28,
76353,Joe Barry,Carroll,Joe Barry Carroll,24/7/1958,Purdue,USA,84,76353,FALSE,FALSE,TRUE,1980,1,1,
76355,Butch,Carter,Butch Carter,11/6/1958,Indiana,USA,77,180,TRUE,FALSE,FALSE,1980,2,37,
76356,Fred,Carter,Fred Carter,14/2/1945,Mount St. Mary's,USA,75,76356,TRUE,FALSE,FALSE,1969,3,43,
76357,George,Carter,George Carter,18/1/1944,St. Bonaventure,USA,76,76357,FALSE,TRUE,FALSE,1967,8,81,
76358,Howard,Carter,Howard Carter,26/10/1961,Louisiana State,USA,77,215,TRUE,FALSE,FALSE,1983,1,15,
76359,Jake,Carter,Jake Carter,25/7/1924,Texas A&M-Commerce,USA,76,195,FALSE,TRUE,FALSE,1948,,,
76360,Reggie,Carter,Reggie Carter,10/10/1957,St. John's (NY),USA,75,175,TRUE,FALSE,FALSE,1979,2,27,
76361,Ron,Carter,Ron Carter,31/8/1956,Virginia Military Institute,USA,77,190,TRUE,FALSE,FALSE,1978,2,26,
76362,Bill,Cartwright,Bill Cartwright,30/7/1957,San Francisco,USA,85,245,FALSE,FALSE,TRUE,1979,1,3,
76363,Jay,Carty,Jay Carty,4/7/1941,Oregon State,USA,79,220,FALSE,TRUE,FALSE,1962,6,46,
76364,Cornelius,Cash,Cornelius Cash,3/3/1952,Bowling Green,USA,80,76364,FALSE,TRUE,FALSE,1975,2,24,
76365,Harvey,Catchings,Harvey Catchings,2/9/1951,Hardin-Simmons,USA,81,218,FALSE,FALSE,TRUE,1974,3,42,
76367,Sid,Catlett,Sid Catlett,18/4/1948,Notre Dame,USA,78,230,FALSE,TRUE,FALSE,1971,4,55,
76368,Bobby,Cattage,Bobby Cattage,17/8/1958,Auburn,USA,81,250,FALSE,TRUE,FALSE,1981,8,165,
76370,Ron,Cavenall,Ron Cavenall,30/4/1959,Texas Southern,USA,85,230,FALSE,FALSE,TRUE,-1,-1,-1,
76373,Al,Cervi,Al Cervi,12/2/1917,East HS (NY),USA,71,170,TRUE,FALSE,FALSE,-1,-1,-1,
76374,Bill,Chamberlain,Bill Chamberlain,16/12/1949,North Carolina,USA,78,188,FALSE,TRUE,FALSE,1972,3,43,
76375,Wilt,Chamberlain,Wilt Chamberlain,21/8/1936,Kansas,USA,85,250,FALSE,FALSE,TRUE,1959,,,
76376,Jerry,Chambers,Jerry Chambers,18/7/1943,Utah,USA,77,185,FALSE,TRUE,FALSE,1966,1,7,
76378,Mike,Champion,Mike Champion,5/4/1964,Gonzaga,USA,82,230,FALSE,TRUE,FALSE,-1,-1,-1,
76379,Don,Chaney,Don Chaney,22/3/1946,Houston,USA,77,210,TRUE,FALSE,FALSE,1968,1,12,
76380,John,Chaney,John Chaney,29/2/1920,Louisiana State,USA,75,185,FALSE,TRUE,FALSE,-1,-1,-1,
76382,Len,Chappell,Len Chappell,31/1/1941,Wake Forest,USA,80,240,FALSE,TRUE,FALSE,1962,1,4,
76383,Ken,Charles,Ken Charles,10/7/1951,Fordham,USA,75,76383,TRUE,FALSE,FALSE,1973,3,38,
76384,Lorenzo,Charles,Lorenzo Charles,25/11/1963,North Carolina State,USA,79,225,FALSE,TRUE,FALSE,1985,2,41,
76385,Maurice,Cheeks,Maurice Cheeks,8/9/1956,West Texas A&M,USA,73,180,TRUE,FALSE,FALSE,1978,2,36,
76386,Phil,Chenier,Phil Chenier,30/10/1950,California,USA,75,76386,TRUE,FALSE,FALSE,-22,-22,-22,
76387,Derrick,Chievous,Derrick Chievous,3/7/1967,Missouri,USA,79,195,FALSE,TRUE,FALSE,1988,1,16,
76391,Leroy,Chollet,Leroy Chollet,5/3/1925,Canisius,USA,74,190,FALSE,TRUE,FALSE,-1,-1,-1,
76392,Jim,Chones,Jim Chones,30/11/1949,Marquette,USA,83,220,FALSE,FALSE,TRUE,1973,2,31,
76393,Fred,Christ,Fred Christ,6/8/1930,Fordham,USA,76,210,TRUE,FALSE,FALSE,-1,-1,-1,
76394,Cal,Christensen,Cal Christensen,8/6/1927,Toledo,USA,77,210,FALSE,TRUE,FALSE,1950,5,,
76395,Bob,Christian,Bob Christian,11/5/1944,Grambling,USA,82,255,FALSE,FALSE,TRUE,1969,8,109,
76397,Archie,Clark,Archie Clark,15/7/1941,Minnesota,USA,74,175,TRUE,FALSE,FALSE,1966,4,37,
76398,Carlos,Clark,Carlos Clark,10/8/1960,Mississippi,USA,76,76398,TRUE,FALSE,FALSE,1983,4,91,
76402,Jim,Cleamons,Jim Cleamons,13/9/1949,Ohio State,USA,75,185,TRUE,FALSE,FALSE,1971,1,13,
76403,John,Clemens,John Clemens,1/5/1943,Ohio Wesleyan,USA,78,210,FALSE,TRUE,FALSE,1965,3,19,
76404,Nat,Clifton,Nat Clifton,13/10/1922,Xavier of Louisiana,USA,78,220,FALSE,FALSE,TRUE,-1,-1,-1,
76406,Bill,Closs,Bill Closs,8/1/1922,Rice,USA,78,195,FALSE,TRUE,FALSE,-1,-1,-1,
76407,Paul,Cloyd,Paul Cloyd,13/6/1920,Wisconsin,USA,74,180,TRUE,FALSE,FALSE,1947,,,
76408,Marion,Cluggish,Marion Cluggish,18/9/1917,Kentucky,USA,82,235,FALSE,FALSE,TRUE,-1,-1,-1,
76409,Ben,Clyde,Ben Clyde,10/6/1951,Florida State,USA,79,198,FALSE,TRUE,FALSE,1974,5,89,
76410,Richard,Coffey,Richard Coffey,2/9/1965,Minnesota,USA,78,212,TRUE,FALSE,FALSE,-1,-1,-1,
76411,Fred,Cofield,Fred Cofield,4/1/1962,Eastern Michigan,USA,75,190,TRUE,FALSE,FALSE,1985,4,73,
76412,Ben,Coleman,Ben Coleman,14/11/1961,Maryland,USA,81,235,FALSE,TRUE,FALSE,1984,2,37,
76413,E.C.,Coleman,E.C. Coleman,25/9/1950,Houston Baptist,USA,80,225,FALSE,TRUE,FALSE,1973,3,51,
76414,Jack,Coleman,Jack Coleman,23/5/1924,Louisville,USA,79,195,FALSE,TRUE,FALSE,1949,2,,
76415,Norris,Coleman,Norris Coleman,27/9/1961,Kansas State,USA,80,210,FALSE,TRUE,FALSE,1987,2,38,
76416,Art,Collins,Art Collins,14/4/1954,St. Thomas (FL),USA,76,185,TRUE,FALSE,FALSE,1976,6,103,
76418,Don,Collins,Don Collins,28/11/1958,Washington State,USA,78,190,TRUE,FALSE,FALSE,1980,1,18,
76419,Jimmy,Collins,Jimmy Collins,24/11/1946,New Mexico State,USA,74,175,TRUE,FALSE,FALSE,1970,1,11,
76421,Doug,Collins,Doug Collins,28/7/1951,Illinois State,USA,78,180,TRUE,FALSE,FALSE,1973,1,1,
76422,Joe,Colone,Joe Colone,23/1/1926,Bloomsburg,USA,77,210,FALSE,TRUE,FALSE,-1,-1,-1,
76425,Leroy,Combs,Leroy Combs,1/1/1961,Oklahoma State,USA,80,76425,FALSE,TRUE,FALSE,1983,2,26,
76426,Dallas,Comegys,Dallas Comegys,17/8/1964,DePaul,USA,81,205,FALSE,FALSE,TRUE,1987,1,21,
76427,Larry,Comley,Larry Comley,17/8/1939,Kansas State,USA,77,210,TRUE,FALSE,FALSE,1961,10,91,
76428,Gene,Conley,Gene Conley,10/11/1930,Washington State,USA,80,225,FALSE,FALSE,TRUE,1952,10,,
76429,Ed,Conlin,Ed Conlin,2/9/1933,Fordham,USA,78,200,FALSE,TRUE,FALSE,1955,1,5,
76431,Lester,Conner,Lester Conner,17/9/1959,Oregon State,USA,76,180,TRUE,FALSE,FALSE,1982,1,14,
76432,Chuck,Connors,Chuck Connors,10/4/1921,Seton Hall,USA,77,190,FALSE,TRUE,FALSE,-1,-1,-1,
76433,Anthony,Cook,Anthony Cook,19/3/1967,Arizona,USA,81,76433,FALSE,TRUE,FALSE,1989,1,24,
76434,Bert,Cook,Bert Cook,26/4/1929,Utah State,USA,75,76434,TRUE,FALSE,FALSE,-22,-22,-22,
76435,Darwin,Cook,Darwin Cook,6/8/1958,Portland,USA,75,184,TRUE,FALSE,FALSE,1980,4,70,
76436,Jeff,Cook,Jeff Cook,21/10/1956,Idaho State,USA,82,215,FALSE,TRUE,FALSE,1978,3,49,
76437,Norm,Cook,Norm Cook,21/3/1955,Kansas,USA,80,210,FALSE,TRUE,FALSE,1976,1,16,
76438,Bobby,Cook,Bobby Cook,1/4/1923,Wisconsin,USA,70,155,TRUE,FALSE,FALSE,1948,,,
76439,David,Cooke,David Cooke,27/9/1963,St. Mary's (CA),USA,80,230,FALSE,TRUE,FALSE,-1,-1,-1,
76440,Joe,Cooke,Joe Cooke,14/8/1948,Indiana,USA,75,76440,TRUE,FALSE,FALSE,1970,6,94,
76441,Wayne,Cooper,Wayne Cooper,16/11/1956,New Orleans,USA,82,220,FALSE,FALSE,TRUE,1978,2,40,
76442,Chuck,Cooper,Chuck Cooper,29/9/1926,Duquesne,USA,77,210,FALSE,TRUE,FALSE,1950,2,,
76443,Joe,Cooper,Joe Cooper,1/9/1957,Colorado,USA,82,230,FALSE,FALSE,TRUE,1981,5,95,
76444,Michael,Cooper,Michael Cooper,15/4/1956,New Mexico,USA,79,170,TRUE,FALSE,FALSE,1978,3,60,
76446,Tom,Copa,Tom Copa,30/10/1964,Marquette,USA,82,275,FALSE,TRUE,FALSE,-1,-1,-1,
76447,Hollis,Copeland,Hollis Copeland,20/12/1955,Rutgers,USA,78,180,FALSE,TRUE,FALSE,1978,3,46,
76448,Lanard,Copeland,Lanard Copeland,16/7/1965,Georgia State,USA,78,190,FALSE,TRUE,FALSE,-1,-1,-1,
76450,Chris,Corchiani,Chris Corchiani,28/3/1968,North Carolina State,USA,72,185,TRUE,FALSE,FALSE,1991,2,36,
76451,Ken,Corley,Ken Corley,4/4/1905,Central Oklahoma,USA,,76451,FALSE,FALSE,FALSE,-22,-22,-22,
76452,Ray,Corley,Ray Corley,1/1/1928,Georgetown,USA,72,180,TRUE,FALSE,FALSE,1949,5,,
76453,Dave,Corzine,Dave Corzine,25/4/1956,DePaul,USA,83,250,FALSE,FALSE,TRUE,1978,1,18,
76454,Larry,Costello,Larry Costello,2/7/1931,Niagara,USA,73,186,TRUE,FALSE,FALSE,1954,2,12,
76456,Jack,Cotton,Jack Cotton,15/10/1924,Wyoming,USA,79,200,FALSE,TRUE,FALSE,-1,-1,-1,
76457,John,Coughran,John Coughran,12/9/1951,California,USA,79,225,FALSE,TRUE,FALSE,1973,5,74,
76458,Mel,Counts,Mel Counts,16/10/1941,Oregon State,USA,84,230,FALSE,FALSE,TRUE,1964,1,7,
76459,Steve,Courtin,Steve Courtin,21/9/1942,St. Joseph's (PA),USA,73,188,TRUE,FALSE,FALSE,1964,3,24,
76462,Dave,Cowens,Dave Cowens,25/10/1948,Florida State,USA,81,230,FALSE,FALSE,TRUE,1970,1,4,
76463,John,Cox,John Cox,29/12/1955,San Francisco,USA,74,180,TRUE,FALSE,FALSE,1978,8,159,
76464,Johnny,Cox,Johnny Cox,1/11/1936,Kentucky,USA,76,180,TRUE,FALSE,FALSE,1959,4,28,
76465,Wesley,Cox,Wesley Cox,27/1/1955,Louisville,USA,78,215,FALSE,TRUE,FALSE,1977,1,18,
76466,Freddie,Crawford,Freddie Crawford,23/12/1940,St. Bonaventure,USA,76,189,TRUE,FALSE,FALSE,1964,4,26,
76468,Jim,Creighton,Jim Creighton,18/4/1950,Colorado,USA,80,76468,FALSE,TRUE,FALSE,1972,3,40,
76469,Ron,Crevier,Ron Crevier,14/8/1958,Boston College,USA,84,235,FALSE,FALSE,TRUE,1983,4,75,
76470,Hal,Crisler,Hal Crisler,31/12/1923,Iowa State,USA,75,215,FALSE,TRUE,FALSE,-1,-1,-1,
76471,Charlie,Criss,Charlie Criss,6/11/1948,New Mexico State,USA,68,165,TRUE,FALSE,FALSE,-1,-1,-1,
76472,Winston,Crite,Winston Crite,20/6/1965,Texas A&M,USA,79,233,FALSE,TRUE,FALSE,1987,3,53,
76473,Dillard,Crocker,Dillard Crocker,19/1/1925,Western Michigan,USA,76,205,FALSE,TRUE,FALSE,-1,-1,-1,
76474,Jeffrey,Crompton,Jeffrey Crompton,4/7/1955,North Carolina,USA,83,280,FALSE,FALSE,TRUE,1978,4,70,
76475,Terry,Crosby,Terry Crosby,4/1/1957,Tennessee,USA,76,195,TRUE,FALSE,FALSE,1979,3,62,
76476,Jeff,Cross,Jeff Cross,1/9/1961,Maine,USA,82,240,FALSE,TRUE,FALSE,1984,3,61,
76477,Pete,Cross,Pete Cross,28/3/1948,San Francisco,USA,81,230,FALSE,FALSE,TRUE,1970,2,23,
76478,Russell,Cross,Russell Cross,5/9/1961,Purdue,USA,82,215,FALSE,FALSE,TRUE,1983,1,6,
76479,Francis,Crossin,Francis Crossin,4/7/1924,Pennsylvania,USA,73,165,TRUE,FALSE,FALSE,1947,1,6,
76481,Mark,Crow,Mark Crow,22/10/1954,Duke,USA,79,210,FALSE,TRUE,FALSE,1977,6,111,
76482,Corey,Crowder,Corey Crowder,13/4/1969,Kentucky Wesleyan,USA,77,214,FALSE,TRUE,FALSE,-1,-1,-1,
76483,Pat,Cummings,Pat Cummings,11/7/1956,Cincinnati,USA,81,230,FALSE,FALSE,TRUE,1978,3,59,
76485,Dick,Cunningham,Dick Cunningham,11/7/1946,Murray State,USA,82,245,FALSE,FALSE,TRUE,1968,2,21,
76487,Billy,Cunningham,Billy Cunningham,3/6/1943,North Carolina,USA,78,210,FALSE,TRUE,FALSE,1965,1,5,
76488,Radisav,Curcic,Radisav Curcic,26/9/1965,Union Olimpija,Serbia,82,275,FALSE,FALSE,TRUE,-1,-1,-1,
76489,Armand,Cure,Armand Cure,1/8/1919,Rhode Island,USA,72,198,FALSE,TRUE,FALSE,-1,-1,-1,
76492,Fran,Curran,Fran Curran,19/9/1925,Notre Dame,USA,72,175,TRUE,FALSE,FALSE,-1,-1,-1,
76496,Ed,Dahler,Ed Dahler,31/1/1926,Duquesne,USA,77,190,FALSE,TRUE,FALSE,1950,2,,
76497,Quintin,Dailey,Quintin Dailey,22/1/1961,San Francisco,USA,75,180,TRUE,FALSE,FALSE,1982,1,7,
76498,Howie,Dallmar,Howie Dallmar,24/5/1922,Stanford,USA,76,200,FALSE,TRUE,FALSE,-1,-1,-1,
76499,Lou,Dampier,Lou Dampier,20/11/1944,Kentucky,USA,72,76499,FALSE,FALSE,FALSE,1967,4,38,
76500,Bob,Dandridge,Bob Dandridge,15/11/1947,Norfolk State,USA,78,195,FALSE,TRUE,FALSE,1969,4,45,
76502,Mel,Daniels,Mel Daniels,20/7/1944,New Mexico,USA,81,76502,FALSE,FALSE,TRUE,1967,1,9,
76504,Adrian,Dantley,Adrian Dantley,26/2/1955,Notre Dame,USA,77,208,FALSE,TRUE,FALSE,1976,1,6,
76505,Mike,D'Antoni,Mike D'Antoni,8/5/1951,Marshall,USA,75,185,TRUE,FALSE,FALSE,1973,2,20,
76506,Henry,Darcey,Henry Darcey,3/3/1930,Oklahoma State,USA,79,217,FALSE,FALSE,TRUE,-1,-1,-1,
76507,Jimmy,Darden,Jimmy Darden,19/6/1922,Denver,USA,73,170,TRUE,FALSE,FALSE,1947,,,
76509,Jesse,Dark,Jesse Dark,2/9/1951,Virginia Commonwealth,USA,76,210,TRUE,FALSE,FALSE,1974,2,32,
76511,Jimmy,Darrow,Jimmy Darrow,25/9/1937,Bowling Green,USA,70,76511,FALSE,FALSE,FALSE,1960,5,38,
76514,Bob,Davies,Bob Davies,15/1/1920,Seton Hall,USA,73,175,TRUE,FALSE,FALSE,-1,-1,-1,
76515,Aubrey,Davis,Aubrey Davis,28/3/1921,Oklahoma Baptist,USA,74,175,TRUE,FALSE,FALSE,-1,-1,-1,
76516,Brad,Davis,Brad Davis,17/12/1955,Maryland,USA,75,180,TRUE,FALSE,FALSE,1977,1,15,
76517,Brian,Davis,Brian Davis,21/6/1970,Duke,USA,79,200,FALSE,TRUE,FALSE,1992,2,48,
76518,Charles,Davis,Charles Davis,5/10/1958,Vanderbilt,USA,79,215,FALSE,TRUE,FALSE,1981,2,35,modified
76519,Charlie,Davis,Charlie Davis,7/9/1949,Wake Forest,USA,73,160,TRUE,FALSE,FALSE,1971,8,120,
76520,Monti,Davis,Monti Davis,26/7/1958,Tennessee State,USA,79,205,FALSE,TRUE,FALSE,1980,1,21,
76521,Double D,Davis,Double D Davis,11/10/1949,Houston,USA,80,220,FALSE,TRUE,FALSE,1972,1,3,
76522,Edward,Davis,Edward Davis,16/6/1950,Duquesne,USA,79,195,FALSE,TRUE,FALSE,1972,7,113,
76523,Harry,Davis,Harry Davis,27/1/1956,Florida State,USA,79,220,FALSE,TRUE,FALSE,1978,2,33,
76524,James,Davis,James Davis,22/4/1932,St. John's (NY),USA,79,220,FALSE,FALSE,TRUE,1954,6,52,
76525,Jim,Davis,Jim Davis,18/12/1941,Colorado,USA,81,225,FALSE,FALSE,TRUE,1964,4,27,
76526,Johnny,Davis,Johnny Davis,21/10/1955,Dayton,USA,74,170,TRUE,FALSE,FALSE,1976,2,22,
76528,Mark,Davis,Mark Davis,8/6/1963,Old Dominion,USA,78,195,FALSE,TRUE,FALSE,1985,4,79,
76529,Mel,Davis,Mel Davis,9/11/1950,St. John's (NY),USA,78,220,FALSE,TRUE,FALSE,1973,1,14,
76530,Michael,Davis,Michael Davis,2/8/1956,Maryland,USA,82,230,FALSE,TRUE,FALSE,-1,-1,-1,
76531,Mike,Davis,Mike Davis,26/7/1946,Virginia Union,USA,75,185,TRUE,FALSE,FALSE,1969,1,14,
76532,Ralph,Davis,Ralph Davis,7/9/1938,Cincinnati,USA,76,76532,TRUE,FALSE,FALSE,1960,3,17,
76533,Bob,Davis,Bob Davis,2/4/1950,Weber State,USA,79,215,FALSE,TRUE,FALSE,1972,2,14,
76534,Ron,Davis,Ron Davis,1/5/1954,Washington State,USA,78,198,TRUE,FALSE,FALSE,1976,5,70,
76536,Walt,Davis,Walt Davis,5/1/1931,Texas A&M,USA,80,205,FALSE,FALSE,TRUE,1952,2,,
76538,Bill,Davis,Bill Davis,3/10/1921,Notre Dame,USA,75,215,FALSE,TRUE,FALSE,1968,12,160,
76539,Darryl,Dawkins,Darryl Dawkins,11/1/1957,Maynard Evans HS (FL),USA,83,251,FALSE,FALSE,TRUE,1975,1,5,
76541,Paul,Dawkins,Paul Dawkins,10/6/1957,Northern Illinois,USA,77,76541,FALSE,TRUE,FALSE,1979,1,185,
76542,Tony,Dawson,Tony Dawson,25/8/1967,Florida State,USA,79,76542,FALSE,TRUE,FALSE,-22,-22,-22,
76543,Darren,Daye,Darren Daye,30/11/1960,UCLA,USA,80,220,FALSE,TRUE,FALSE,1983,3,57,
76544,Greg,Deane,Greg Deane,6/12/1957,Utah,USA,76,190,TRUE,FALSE,FALSE,1979,4,67,
76545,Dave,DeBusschere,Dave DeBusschere,16/10/1940,Detroit,USA,78,220,FALSE,TRUE,FALSE,1962,,,
76546,Archie,Dees,Archie Dees,22/2/1936,Indiana,USA,80,205,FALSE,TRUE,FALSE,1958,1,2,
76548,Red,Dehnert,Red Dehnert,7/4/1905,Columbia,USA,,76548,FALSE,FALSE,FALSE,-22,-22,-22,
76551,Nate,DeLong,Nate DeLong,5/1/1926,Wisconsin-River Falls,USA,78,220,FALSE,FALSE,TRUE,1950,9,,
76552,Fennis,Dembo,Fennis Dembo,24/1/1966,Wyoming,USA,77,76552,FALSE,TRUE,FALSE,1988,2,30,
76553,Larry,Demic,Larry Demic,27/6/1957,Arizona,USA,81,225,FALSE,TRUE,FALSE,1979,1,9,
76555,George,Dempsey,George Dempsey,19/7/1929,King's,USA,75,190,TRUE,FALSE,FALSE,1951,7,68,
76556,Kenny,Dennard,Kenny Dennard,18/10/1958,Duke,USA,80,220,FALSE,TRUE,FALSE,1981,4,78,
76557,Blaine,Denning,Blaine Denning,19/9/1930,Lawrence Tech,USA,74,175,TRUE,FALSE,FALSE,1952,,,
76558,Randy,Denton,Randy Denton,18/2/1949,Duke,USA,82,76558,FALSE,FALSE,TRUE,1971,4,61,
76559,Rod,Derline,Rod Derline,11/3/1952,Seattle,USA,72,175,TRUE,FALSE,FALSE,1974,10,169,
76560,Dave,Deutsch,Dave Deutsch,13/5/1945,Rochester,USA,73,170,TRUE,FALSE,FALSE,1966,12,98,
76561,Walter,Devlin,Walter Devlin,21/12/1931,George Washington,USA,77,195,TRUE,FALSE,FALSE,1955,2,9,
76562,Hank,DeZonie,Hank DeZonie,12/2/1922,Clark Atlanta,USA,77,215,FALSE,TRUE,FALSE,-1,-1,-1,
76563,Henry,Dickerson,Henry Dickerson,27/11/1951,University of Charleston,USA,76,190,TRUE,FALSE,FALSE,-1,-1,-1,
76564,Derrek,Dickey,Derrek Dickey,20/3/1951,Cincinnati,USA,79,218,FALSE,TRUE,FALSE,1973,2,29,
76565,Dick,Dickey,Dick Dickey,26/10/1926,North Carolina State,USA,73,175,TRUE,FALSE,FALSE,1950,3,,
76566,Connie,Dierking,Connie Dierking,2/10/1936,Cincinnati,USA,82,76566,FALSE,FALSE,TRUE,1958,1,5,
76567,Coby,Dietrick,Coby Dietrick,23/7/1948,San Jose State,USA,83,76567,FALSE,FALSE,TRUE,1970,1,155,
76568,Ernie,DiGregorio,Ernie DiGregorio,15/1/1951,Providence,USA,72,180,TRUE,FALSE,FALSE,1973,1,3,
76569,Mickey,Dillard,Mickey Dillard,15/10/1958,Florida State,USA,75,170,TRUE,FALSE,FALSE,1981,3,55,
76570,Bob,Dille,Bob Dille,2/7/1917,Valparaiso,USA,75,190,FALSE,TRUE,FALSE,-1,-1,-1,
76571,John,Dillon,John Dillon,8/1/1924,North Carolina,USA,75,180,FALSE,TRUE,FALSE,1948,,,
76574,Byron,Dinkins,Byron Dinkins,15/6/1967,North Carolina-Charlotte,USA,73,170,TRUE,FALSE,FALSE,-1,-1,-1,
76575,Jackie,Dinkins,Jackie Dinkins,22/1/1950,Voorhees,USA,77,210,FALSE,TRUE,FALSE,1971,9,150,
76576,Bill,Dinwiddie,Bill Dinwiddie,15/7/1943,New Mexico Highlands,USA,79,220,FALSE,TRUE,FALSE,-1,-1,-1,
76577,Terry,Dischinger,Terry Dischinger,21/11/1940,Purdue,USA,79,189,FALSE,TRUE,FALSE,1962,2,8,
76578,Fred,Diute,Fred Diute,9/1/1929,St. Bonaventure,USA,75,76578,TRUE,FALSE,FALSE,1951,3,27,
76580,Earl,Dodd,Earl Dodd,1/11/1924,Truman State,USA,77,175,FALSE,TRUE,FALSE,1949,5,,
76581,Joe,Dolhon,Joe Dolhon,9/7/1927,New York University,USA,72,175,TRUE,FALSE,FALSE,-1,-1,-1,
76582,Bob,Doll,Bob Doll,10/8/1919,Colorado,USA,76,195,FALSE,TRUE,FALSE,-1,-1,-1,
76583,James,Donaldson,James Donaldson,16/8/1957,Washington State,USA,86,275,FALSE,FALSE,TRUE,1979,4,73,
76584,Bob,Donham,Bob Donham,11/10/1926,Ohio State,USA,74,190,TRUE,FALSE,FALSE,1950,3,,
76585,Harry,Donovan,Harry Donovan,10/9/1926,Muhlenberg,USA,74,180,TRUE,FALSE,FALSE,1949,2,,
76586,Billy,Donovan,Billy Donovan,30/5/1965,Providence,USA,71,76586,TRUE,FALSE,FALSE,1987,3,68,
76587,Jacky,Dorsey,Jacky Dorsey,18/12/1954,Georgia,USA,79,230,FALSE,TRUE,FALSE,1976,2,26,
76588,Bruce,Douglas,Bruce Douglas,9/4/1964,Illinois,USA,75,195,TRUE,FALSE,FALSE,1986,3,57,
76589,John,Douglas,John Douglas,12/6/1956,Kansas,USA,74,170,TRUE,FALSE,FALSE,1978,6,118,
76590,Leon,Douglas,Leon Douglas,26/8/1954,Alabama,USA,82,76590,FALSE,FALSE,TRUE,1976,1,4,
76592,Lloyd,Dove,Lloyd Dove,16/8/1945,St. John's (NY),USA,80,198,FALSE,TRUE,FALSE,1967,1,4,
76593,Bill,Downey,Bill Downey,11/11/1923,Marquette,USA,78,210,FALSE,FALSE,TRUE,-1,-1,-1,
76594,Steve,Downing,Steve Downing,9/9/1950,Indiana,USA,80,225,FALSE,FALSE,TRUE,1973,1,17,
76595,Danny,Doyle,Danny Doyle,6/2/1940,Belmont Abbey,USA,80,200,FALSE,TRUE,FALSE,1961,5,44,
76596,Terry,Dozier,Terry Dozier,29/6/1966,South Carolina,USA,81,210,FALSE,TRUE,FALSE,-1,-1,-1,
76598,John,Drew,John Drew,30/9/1954,Gardner-Webb,USA,78,205,FALSE,TRUE,FALSE,1974,2,25,
76599,Larry,Drew,Larry Drew,2/4/1958,Missouri,USA,73,170,TRUE,FALSE,FALSE,1980,1,17,
76603,Terry,Driscoll,Terry Driscoll,28/8/1947,Boston College,USA,79,215,FALSE,TRUE,FALSE,1969,1,4,
76604,Ralph,Drollinger,Ralph Drollinger,20/4/1954,UCLA,USA,86,250,FALSE,FALSE,TRUE,1978,5,105,
76605,Dick,Duckett,Dick Duckett,25/3/1933,St. John's (NY),USA,73,185,TRUE,FALSE,FALSE,1957,2,9,
76607,Charles,Dudley,Charles Dudley,5/3/1950,Washington,USA,74,180,TRUE,FALSE,FALSE,1972,5,76,
76608,Terry,Duerod,Terry Duerod,29/7/1956,Detroit,USA,74,180,TRUE,FALSE,FALSE,1979,3,48,
76609,Bob,Duffy,Bob Duffy,5/7/1922,Tulane,USA,76,175,FALSE,TRUE,FALSE,1962,2,10,
76610,Bob,Duffy,Bob Duffy,26/9/1940,Colgate,USA,75,185,TRUE,FALSE,FALSE,1962,2,10,
76611,Walter,Dukes,Walter Dukes,23/6/1930,Seton Hall,USA,84,220,FALSE,FALSE,TRUE,1953,,,
76615,Andy,Duncan,Andy Duncan,17/4/1922,William & Mary,USA,78,195,FALSE,TRUE,FALSE,1947,,,
76616,Mike,Dunleavy,Mike Dunleavy,21/3/1954,South Carolina,USA,75,180,TRUE,FALSE,FALSE,1976,6,99,
76617,Pat,Dunn,Pat Dunn,17/3/1931,Utah State,USA,74,76617,TRUE,FALSE,FALSE,-22,-22,-22,
76618,T.R.,Dunn,T.R. Dunn,1/2/1955,Alabama,USA,76,76618,TRUE,FALSE,FALSE,1977,2,41,
76619,John,Duren,John Duren,30/10/1958,Georgetown,USA,75,195,TRUE,FALSE,FALSE,1980,1,19,
76621,Devin,Durrant,Devin Durrant,20/10/1960,Brigham Young,USA,79,200,FALSE,TRUE,FALSE,1984,2,25,
76622,Ken,Durrett,Ken Durrett,8/12/1948,La Salle,USA,79,190,FALSE,TRUE,FALSE,1971,1,4,
76623,Dennis,DuVal,Dennis DuVal,31/3/1952,Syracuse,USA,75,175,TRUE,FALSE,FALSE,1974,2,30,
76624,Jack,Dwan,Jack Dwan,3/5/1921,Loyola-Chicago,USA,76,76624,FALSE,TRUE,FALSE,-22,-22,-22,
76625,Craig,Dykema,Craig Dykema,11/6/1959,Long Beach State,USA,80,190,FALSE,TRUE,FALSE,1981,3,66,
76626,Gene,Dyker,Gene Dyker,17/2/1930,DePaul,USA,78,225,FALSE,TRUE,FALSE,1953,,,
76628,Jim,Eakins,Jim Eakins,24/5/1946,Brigham Young,USA,83,215,FALSE,FALSE,TRUE,1968,5,57,
76630,Ed,Earle,Ed Earle,28/4/1927,Loyola-Chicago,USA,75,190,FALSE,TRUE,FALSE,-1,-1,-1,
76631,Mark,Eaton,Mark Eaton,24/1/1957,UCLA,USA,88,76631,FALSE,FALSE,TRUE,1982,4,72,
76632,Jerry,Eaves,Jerry Eaves,8/2/1959,Louisville,USA,76,180,TRUE,FALSE,FALSE,1982,3,55,
76633,Bill,Ebben,Bill Ebben,7/10/1935,Detroit,USA,76,190,TRUE,FALSE,FALSE,1957,3,18,
76634,Al,Eberhard,Al Eberhard,10/5/1952,Missouri,USA,78,225,FALSE,TRUE,FALSE,1974,1,15,
76635,Patrick,Eddie,Patrick Eddie,27/12/1967,Mississippi,USA,83,240,FALSE,FALSE,TRUE,-1,-1,-1,
76636,Dike,Eddleman,Dike Eddleman,27/12/1922,Illinois,USA,74,189,FALSE,TRUE,FALSE,1949,3,,modified
76637,Kent,Edelin,Kent Edelin,24/5/1962,Virginia,USA,80,205,FALSE,TRUE,FALSE,1984,7,140,
76638,Keith,Edmonson,Keith Edmonson,28/9/1960,Purdue,USA,77,76638,TRUE,FALSE,FALSE,1982,1,10,
76641,Franklin,Edwards,Franklin Edwards,2/2/1959,Cleveland State,USA,73,170,TRUE,FALSE,FALSE,1981,1,22,
76643,Jay,Edwards,Jay Edwards,3/1/1969,Indiana,USA,76,185,FALSE,TRUE,FALSE,1989,2,33,
76646,Bill,Edwards,Bill Edwards,22/9/1971,Wright State,USA,80,215,FALSE,TRUE,FALSE,-1,-1,-1,
76647,Johnny,Egan,Johnny Egan,31/1/1939,Providence,USA,72,76647,TRUE,FALSE,FALSE,1961,2,12,
76648,Lonnie,Eggleston,Lonnie Eggleston,8/6/1918,Oklahoma State,USA,72,170,TRUE,FALSE,FALSE,-1,-1,-1,
76649,Eddie,Ehlers,Eddie Ehlers,10/3/1923,Purdue,USA,75,198,TRUE,FALSE,FALSE,1947,1,3,
76651,Dick,Eichhorst,Dick Eichhorst,21/10/1933,Southeast Missouri,USA,75,76651,FALSE,FALSE,FALSE,-22,-22,-22,
76653,Don,Eliason,Don Eliason,24/7/1918,Hamline,USA,74,210,FALSE,TRUE,FALSE,-1,-1,-1,
76655,Ray,Ellefson,Ray Ellefson,18/11/1922,West Texas A&M,USA,80,230,FALSE,FALSE,TRUE,-1,-1,-1,
76656,Bob,Elliott,Bob Elliott,18/8/1955,Arizona,USA,81,76656,FALSE,FALSE,TRUE,1977,2,42,
76658,Alexander,Ellis,Alexander Ellis,11/2/1936,Niagara,USA,77,185,FALSE,TRUE,FALSE,1958,3,16,
76661,Joe,Ellis,Joe Ellis,3/5/1944,San Francisco,USA,78,175,FALSE,TRUE,FALSE,1966,2,13,
76663,Leroy,Ellis,Leroy Ellis,10/3/1940,St. John's (NY),USA,83,210,FALSE,TRUE,FALSE,1962,1,6,
76664,Bo,Ellis,Bo Ellis,8/8/1954,Marquette,USA,81,76664,FALSE,TRUE,FALSE,1977,1,17,
76667,Darrell,Elston,Darrell Elston,15/8/1952,North Carolina,USA,75,76667,TRUE,FALSE,FALSE,1974,3,43,
76668,Wayne,Embry,Wayne Embry,26/3/1937,Miami (Ohio),USA,80,240,FALSE,FALSE,TRUE,1958,3,22,
76669,Ned,Endress,Ned Endress,2/3/1918,Akron,USA,74,200,FALSE,TRUE,FALSE,-1,-1,-1,
76670,Chris,Engler,Chris Engler,1/3/1959,Wyoming,USA,83,245,FALSE,FALSE,TRUE,1982,3,60,
76671,Wayne,Englestad,Wayne Englestad,6/12/1963,California-Irvine,USA,80,245,FALSE,TRUE,FALSE,-1,-1,-1,
76672,A.J.,English,A.J. English,11/7/1967,Virginia Union,USA,75,175,TRUE,FALSE,FALSE,1990,2,37,
76673,Alex,English,Alex English,5/1/1954,South Carolina,USA,80,190,FALSE,TRUE,FALSE,1976,2,23,
76674,Claude,English,Claude English,26/12/1946,Rhode Island,USA,76,76674,TRUE,FALSE,FALSE,1970,7,110,
76675,Scott,English,Scott English,20/10/1950,Texas-El Paso,USA,78,205,FALSE,TRUE,FALSE,1972,3,33,
76676,Jojo,English,Jojo English,4/2/1970,South Carolina,USA,76,195,TRUE,FALSE,FALSE,-1,-1,-1,
76677,Gene,Englund,Gene Englund,21/10/1917,Wisconsin,USA,76,205,FALSE,TRUE,FALSE,-1,-1,-1,
76678,Ray,Epps,Ray Epps,20/8/1956,Norfolk State,USA,78,76678,FALSE,TRUE,FALSE,1977,5,104,
76679,Bo,Erias,Bo Erias,30/7/1932,Niagara,USA,75,220,FALSE,TRUE,FALSE,1954,5,43,
76680,Keith,Erickson,Keith Erickson,19/4/1944,UCLA,USA,77,195,FALSE,TRUE,FALSE,1965,3,18,
76681,Julius,Erving,Julius Erving,22/2/1950,Massachusetts,USA,79,200,FALSE,TRUE,FALSE,1972,1,12,
76682,Jack,Eskridge,Jack Eskridge,21/1/1924,Kansas,USA,77,200,FALSE,FALSE,TRUE,-1,-1,-1,
76683,Vincenzo,Esposito,Vincenzo Esposito,1/3/1969,Fortitudo Bologna,Italy,75,198,TRUE,FALSE,FALSE,-1,-1,-1,
76685,Earl,Evans,Earl Evans,11/11/1955,UNLV,USA,80,202,FALSE,TRUE,FALSE,1978,8,157,
76686,Mike,Evans,Mike Evans,19/4/1955,Kansas State,USA,73,76686,TRUE,FALSE,FALSE,1978,1,21,
76687,Bob,Evans,Bob Evans,31/5/1925,Butler,USA,74,175,TRUE,FALSE,FALSE,1949,4,,
76689,Johnny,Ezersky,Johnny Ezersky,4/4/1905,Rhode Island,USA,,,,,,1947,,,
76690,Joe,Fabel,Joe Fabel,4/9/1913,Pittsburgh,USA,73,190,FALSE,TRUE,FALSE,-1,-1,-1,
76691,John,Fairchild,John Fairchild,28/4/1943,Brigham Young,USA,79,205,FALSE,TRUE,FALSE,1965,2,16,
76692,Phil,Farbman,Phil Farbman,3/4/1924,City College of New York,USA,73,185,FALSE,TRUE,FALSE,-1,-1,-1,
76693,Dick,Farley,Dick Farley,13/4/1932,Indiana,USA,76,190,TRUE,FALSE,FALSE,1954,2,15,
76694,Mike,Farmer,Mike Farmer,26/9/1936,San Francisco,USA,79,210,FALSE,TRUE,FALSE,1958,1,3,
76695,Jim,Farmer,Jim Farmer,23/9/1964,Alabama,USA,76,190,FALSE,TRUE,FALSE,1987,1,20,
76696,Bob,Faught,Bob Faught,2/9/1921,Notre Dame,USA,77,76696,FALSE,FALSE,FALSE,-22,-22,-22,
76697,Dave,Fedor,Dave Fedor,10/12/1940,Florida State,USA,78,190,FALSE,TRUE,FALSE,1962,3,23,
76698,Bob,Feerick,Bob Feerick,2/1/1920,Santa Clara,USA,75,76698,FALSE,FALSE,FALSE,-22,-22,-22,
76699,Butch,Feher,Butch Feher,19/5/1954,Vanderbilt,USA,76,76699,TRUE,FALSE,FALSE,1976,2,33,
76701,Ron,Feiereisel,Ron Feiereisel,6/8/1931,DePaul,USA,75,185,TRUE,FALSE,FALSE,1953,,,
76702,George,Feigenbaum,George Feigenbaum,2/7/1929,Kentucky,USA,73,76702,FALSE,FALSE,FALSE,-22,-22,-22,
76703,Dave,Feitl,Dave Feitl,8/6/1962,Texas-El Paso,USA,83,235,FALSE,FALSE,TRUE,1986,2,43,
76704,Ray,Felix,Ray Felix,10/12/1930,Long Island-Brooklyn,USA,83,220,FALSE,FALSE,TRUE,1953,1,1,
76705,Jake,Fendley,Jake Fendley,12/6/1929,Northwestern,USA,72,180,TRUE,FALSE,FALSE,1951,3,23,
76706,Bill,Fenley,Bill Fenley,8/2/1922,Manhattan,USA,75,190,FALSE,TRUE,FALSE,-1,-1,-1,
76707,Eric,Fernsten,Eric Fernsten,1/11/1953,San Francisco,USA,82,205,FALSE,FALSE,TRUE,1975,4,62,
76708,Al,Ferrari,Al Ferrari,6/7/1933,Michigan State,USA,76,190,TRUE,FALSE,FALSE,1955,3,15,
76709,Rolando,Ferreira,Rolando Ferreira,24/5/1964,Houston,USA,85,240,FALSE,TRUE,FALSE,1988,2,26,
76711,Arnie,Ferrin,Arnie Ferrin,29/7/1925,Utah,USA,76,180,FALSE,TRUE,FALSE,1948,,,
76712,Bob,Ferry,Bob Ferry,31/5/1937,St. Louis,USA,80,230,FALSE,FALSE,TRUE,1959,,,
76713,Kenny,Fields,Kenny Fields,9/2/1962,UCLA,USA,77,220,FALSE,TRUE,FALSE,1984,1,21,
76714,Ron,Filipek,Ron Filipek,5/2/1944,Tennessee Tech,USA,77,205,FALSE,TRUE,FALSE,1967,9,100,
76715,Greg,Fillmore,Greg Fillmore,7/3/1947,Cheyney,USA,85,240,FALSE,FALSE,TRUE,1970,8,136,
76716,Hank,Finkel,Hank Finkel,20/4/1942,Dayton,USA,84,240,FALSE,FALSE,TRUE,1966,2,17,
76717,Danny,Finn,Danny Finn,27/5/1928,St. John's (NY),USA,73,185,TRUE,FALSE,FALSE,-1,-1,-1,
76719,Dick,Fitzgerald,Dick Fitzgerald,18/11/1920,Seton Hall,USA,74,175,FALSE,TRUE,FALSE,-1,-1,-1,
76720,Bob,Fitzgerald,Bob Fitzgerald,14/3/1923,Fordham,USA,77,76720,FALSE,TRUE,FALSE,-22,-22,-22,
76721,Jerry,Fleishman,Jerry Fleishman,14/2/1922,New York University,USA,74,190,TRUE,FALSE,FALSE,-1,-1,-1,
76722,Al,Fleming,Al Fleming,5/4/1954,Arizona,USA,79,215,FALSE,TRUE,FALSE,1976,2,30,
76723,Ed,Fleming,Ed Fleming,25/7/1933,Niagara,USA,75,189,TRUE,FALSE,FALSE,1955,3,16,
76725,Bruce,Flowers,Bruce Flowers,13/6/1957,Notre Dame,USA,80,225,FALSE,TRUE,FALSE,1979,2,26,
76726,Sleepy,Floyd,Sleepy Floyd,6/3/1960,Georgetown,USA,75,170,TRUE,FALSE,FALSE,1982,1,13,
76727,Mike,Flynn,Mike Flynn,31/7/1953,Kentucky,USA,74,76727,TRUE,FALSE,FALSE,1975,7,113,
76728,Larry,Fogle,Larry Fogle,19/3/1953,Canisius,USA,77,76728,TRUE,FALSE,FALSE,1975,2,34,
76729,Jack,Foley,Jack Foley,19/4/1939,Holy Cross,USA,75,170,FALSE,TRUE,FALSE,1962,2,16,
76731,Levi,Fontaine,Levi Fontaine,1/11/1948,Maryland-Eastern Shore,USA,76,76731,TRUE,FALSE,FALSE,1970,5,70,
76732,Alphonso,Ford,Alphonso Ford,31/10/1971,Mississippi Valley State,USA,73,76732,FALSE,TRUE,FALSE,1993,2,32,
76733,Chris,Ford,Chris Ford,11/1/1949,Villanova,USA,77,190,TRUE,FALSE,FALSE,1972,2,17,
76734,Don,Ford,Don Ford,31/12/1952,California-Santa Barbara,USA,81,215,FALSE,TRUE,FALSE,1975,6,92,
76735,Jake,Ford,Jake Ford,29/4/1946,Maryland-Eastern Shore,USA,75,180,TRUE,FALSE,FALSE,1970,2,20,
76736,Phil,Ford,Phil Ford,9/2/1956,North Carolina,USA,74,175,TRUE,FALSE,FALSE,1978,1,2,
76738,Donnie,Forman,Donnie Forman,17/1/1926,New York University,USA,70,175,TRUE,FALSE,FALSE,-1,-1,-1,
76739,Bayard,Forrest,Bayard Forrest,8/7/1954,Grand Canyon,USA,82,235,FALSE,FALSE,TRUE,1976,2,19,
76740,Fred,Foster,Fred Foster,18/3/1946,Miami (Ohio),USA,77,76740,FALSE,TRUE,FALSE,1968,3,28,
76742,Rod,Foster,Rod Foster,10/10/1960,UCLA,USA,73,160,TRUE,FALSE,FALSE,1983,2,28,
76744,Larry,Foust,Larry Foust,24/6/1928,La Salle,USA,81,215,FALSE,FALSE,TRUE,1950,1,5,
76745,Jerry,Fowler,Jerry Fowler,20/6/1927,Missouri,USA,79,230,FALSE,FALSE,TRUE,-1,-1,-1,
76746,Harold,Fox,Harold Fox,29/8/1949,Jacksonville,USA,74,175,TRUE,FALSE,FALSE,1972,2,15,
76747,Jim,Fox,Jim Fox,7/4/1943,South Carolina,USA,82,230,FALSE,FALSE,TRUE,1965,8,67,
76748,Tellis,Frank,Tellis Frank,26/4/1965,Western Kentucky,USA,82,225,FALSE,TRUE,FALSE,1987,1,14,
76749,Nat,Frankel,Nat Frankel,3/11/1913,Brooklyn,USA,72,195,FALSE,TRUE,FALSE,-1,-1,-1,
76750,Walt,Frazier,Walt Frazier,29/3/1945,Southern Illinois,USA,76,200,TRUE,FALSE,FALSE,1967,1,5,
76751,Will,Frazier,Will Frazier,24/8/1942,Grambling,USA,79,210,FALSE,TRUE,FALSE,1965,2,9,
76752,Anthony,Frederick,Anthony Frederick,7/12/1964,Pepperdine,USA,79,205,FALSE,TRUE,FALSE,1986,6,133,
76753,World,Free,World Free,9/12/1953,Guilford,USA,75,185,TRUE,FALSE,FALSE,1975,2,23,
76754,Donnie,Freeman,Donnie Freeman,18/7/1944,Illinois,USA,75,76754,TRUE,FALSE,FALSE,1966,3,29,
76755,Gary,Freeman,Gary Freeman,25/7/1948,Oregon State,USA,81,76755,FALSE,TRUE,FALSE,1970,1,16,
76756,Rod,Freeman,Rod Freeman,5/11/1950,Vanderbilt,USA,79,225,FALSE,TRUE,FALSE,1973,11,166,
76757,Frido,Frey,Frido Frey,26/10/1921,Long Island-Brooklyn,USA,74,195,FALSE,TRUE,FALSE,-1,-1,-1,
76758,Larry,Friend,Larry Friend,14/4/1935,California,USA,76,185,TRUE,FALSE,FALSE,1957,2,13,
76759,Pat,Frink,Pat Frink,18/2/1945,Colorado,USA,76,195,TRUE,FALSE,FALSE,1968,3,27,
76760,Jim,Fritsche,Jim Fritsche,10/12/1931,Hamline,USA,80,210,FALSE,FALSE,TRUE,1953,1,7,
76761,Bernie,Fryer,Bernie Fryer,25/12/1949,Brigham Young,USA,75,185,TRUE,FALSE,FALSE,1972,7,109,
76762,Frank,Fucarino,Frank Fucarino,24/7/1920,Long Island-Brooklyn,USA,74,175,FALSE,TRUE,FALSE,-1,-1,-1,
76763,Herm,Fuetsch,Herm Fuetsch,6/7/1918,Polytechnic HS (CA),USA,72,170,TRUE,FALSE,FALSE,-1,-1,-1,
76764,Joe,Fulks,Joe Fulks,26/10/1921,Murray State,USA,77,190,FALSE,TRUE,FALSE,-1,-1,-1,
76765,Tony,Fuller,Tony Fuller,4/9/1958,Pepperdine,USA,76,180,TRUE,FALSE,FALSE,1980,5,93,
76767,Terry,Furlow,Terry Furlow,18/10/1954,Michigan State,USA,77,190,TRUE,FALSE,FALSE,1976,1,12,
76768,Billy,Gabor,Billy Gabor,13/5/1922,Syracuse,USA,71,170,TRUE,FALSE,FALSE,1948,,,
76769,Elmer R.,Gainer,Elmer R. Gainer,2/4/1905,DePaul,USA,,,,,,1947,,,
76770,Corey,Gaines,Corey Gaines,1/6/1965,Loyola-Marymount,USA,75,195,TRUE,FALSE,FALSE,1988,3,65,
76771,Mike,Gale,Mike Gale,18/7/1950,Elizabeth City State,USA,76,185,TRUE,FALSE,FALSE,1971,3,47,
76772,Chad,Gallagher,Chad Gallagher,30/5/1969,Creighton,USA,82,255,FALSE,FALSE,TRUE,1991,2,32,
76773,Harry,Gallatin,Harry Gallatin,26/4/1927,Truman State,USA,78,210,FALSE,TRUE,FALSE,1948,,,
76774,Dave,Gambee,Dave Gambee,16/4/1937,Oregon State,USA,78,215,FALSE,TRUE,FALSE,1958,1,6,
76776,Bob,Gantt,Bob Gantt,22/6/1922,Duke,USA,76,205,FALSE,TRUE,FALSE,-1,-1,-1,
76778,Earl,Gardner,Earl Gardner,18/9/1923,DePauw,USA,75,195,FALSE,TRUE,FALSE,1948,,,
76779,Vern,Gardner,Vern Gardner,14/5/1925,Utah,USA,77,200,FALSE,FALSE,TRUE,1949,1,5,
76780,Jack,Garfinkel,Jack Garfinkel,13/6/1918,St. John's (NY),USA,72,190,TRUE,FALSE,FALSE,-1,-1,-1,
76781,Gary,Garland,Gary Garland,12/10/1957,DePaul,USA,76,180,TRUE,FALSE,FALSE,1979,2,30,
76782,Winston,Garland,Winston Garland,19/12/1964,Missouri State,USA,74,76782,TRUE,FALSE,FALSE,1987,2,40,
76783,Dick,Garmaker,Dick Garmaker,29/10/1932,Minnesota,USA,75,200,TRUE,FALSE,FALSE,1955,,,
76785,Bill,Garnett,Bill Garnett,22/4/1960,Wyoming,USA,81,225,FALSE,TRUE,FALSE,1982,1,4,
76786,Calvin,Garrett,Calvin Garrett,11/7/1956,Oral Roberts,USA,79,190,FALSE,TRUE,FALSE,1979,3,47,
76788,Eldo,Garrett,Eldo Garrett,31/1/1947,Southern Illinois,USA,75,185,TRUE,FALSE,FALSE,1969,2,27,
76789,Rowland,Garrett,Rowland Garrett,16/7/1950,Florida State,USA,78,210,FALSE,TRUE,FALSE,1972,5,78,
76790,Tom,Garrick,Tom Garrick,7/7/1966,Rhode Island,USA,74,185,TRUE,FALSE,FALSE,1988,2,45,
76791,John,Garris,John Garris,6/6/1959,Boston College,USA,80,205,FALSE,TRUE,FALSE,1983,2,27,
76793,Jim,Garvin,Jim Garvin,5/2/1950,Boston University,USA,79,200,FALSE,TRUE,FALSE,1973,17,204,
76794,Frank,Gates,Frank Gates,12/4/1920,Sam Houston State,USA,72,76794,FALSE,FALSE,FALSE,-22,-22,-22,
76797,Ed,Gayda,Ed Gayda,11/5/1927,Washington State,USA,76,210,TRUE,FALSE,FALSE,1950,2,,
76800,Jack,George,Jack George,13/11/1928,La Salle,USA,75,190,TRUE,FALSE,FALSE,1953,,,
76801,Tate,George,Tate George,29/5/1968,Connecticut,USA,77,76801,TRUE,FALSE,FALSE,1990,1,22,
76802,Gus,Gerard,Gus Gerard,27/7/1953,Virginia,USA,80,200,FALSE,TRUE,FALSE,1975,3,50,
76803,Derrick,Gervin,Derrick Gervin,28/3/1963,Texas-San Antonio,USA,80,200,FALSE,TRUE,FALSE,1985,4,90,
76804,George,Gervin,George Gervin,27/4/1952,Eastern Michigan,USA,79,180,TRUE,FALSE,FALSE,1974,3,40,
76805,Gorham,Getchell,Gorham Getchell,14/8/1920,Temple,USA,76,205,FALSE,FALSE,TRUE,-1,-1,-1,
76806,John,Gianelli,John Gianelli,10/6/1950,Pacific,USA,82,220,FALSE,FALSE,TRUE,1972,2,20,
76807,Dick,Gibbs,Dick Gibbs,20/12/1948,Texas-El Paso,USA,77,210,FALSE,TRUE,FALSE,1971,3,49,
76808,Dee,Gibson,Dee Gibson,25/8/1923,Western Kentucky,USA,71,175,TRUE,FALSE,FALSE,1948,,,
76809,Mel,Gibson,Mel Gibson,30/12/1940,Western Carolina,USA,75,76809,TRUE,FALSE,FALSE,1963,2,16,
76810,Mike,Gibson,Mike Gibson,27/10/1960,South Carolina Upstate,USA,82,205,FALSE,TRUE,FALSE,1982,2,44,
76811,Ward,Gibson,Ward Gibson,5/12/1921,Creighton,USA,77,198,FALSE,FALSE,TRUE,-1,-1,-1,
76812,Ben,Gillery,Ben Gillery,19/9/1965,Georgetown,USA,84,235,FALSE,FALSE,TRUE,-1,-1,-1,
76813,Gene,Gillette,Gene Gillette,4/4/1905,St. Mary's (CA),USA,,,,,,-1,-1,-1,
76815,Herm,Gilliam,Herm Gilliam,5/5/1946,Purdue,USA,75,190,TRUE,FALSE,FALSE,1969,1,8,
76817,Walt,Gilmore,Walt Gilmore,27/2/1947,Fort Valley State,USA,78,76817,FALSE,TRUE,FALSE,1970,2,25,
76818,Chuck,Gilmur,Chuck Gilmur,13/8/1922,Washington,USA,76,225,FALSE,TRUE,FALSE,-1,-1,-1,
76819,Jack,Givens,Jack Givens,21/9/1956,Kentucky,USA,77,76819,FALSE,TRUE,FALSE,1978,1,16,
76820,George,Glamack,George Glamack,7/6/1919,North Carolina,USA,78,225,FALSE,FALSE,TRUE,-1,-1,-1,
76821,Gerald,Glass,Gerald Glass,12/11/1967,Mississippi,USA,77,221,FALSE,TRUE,FALSE,1990,1,20,
76822,Mike,Glenn,Mike Glenn,10/9/1955,Southern Illinois,USA,74,175,TRUE,FALSE,FALSE,1977,2,23,
76823,Norman,Glick,Norman Glick,10/11/1927,Loyola-Marymount,USA,78,190,FALSE,TRUE,FALSE,-1,-1,-1,
76824,Georgi,Glouchkov,Georgi Glouchkov,10/1/1960,Akademik Varna,Bulgaria,80,235,FALSE,TRUE,FALSE,1985,7,148,
76825,Clarence,Glover,Clarence Glover,1/11/1947,Western Kentucky,USA,80,210,FALSE,TRUE,FALSE,1971,1,10,
76826,Mike,Gminski,Mike Gminski,3/8/1959,Duke,USA,83,250,FALSE,FALSE,TRUE,1980,1,7,
76827,Dan,Godfread,Dan Godfread,14/6/1967,Evansville,USA,82,250,FALSE,TRUE,FALSE,-1,-1,-1,
76828,Tom,Gola,Tom Gola,13/1/1933,La Salle,USA,78,205,TRUE,FALSE,FALSE,1955,,,
76829,Ben,Goldfaden,Ben Goldfaden,6/9/1913,George Washington,USA,73,76829,FALSE,FALSE,FALSE,-22,-22,-22,
76830,Glen,Gondrezick,Glen Gondrezick,30/8/1955,UNLV,USA,78,218,FALSE,TRUE,FALSE,1977,2,26,
76831,Grant,Gondrezick,Grant Gondrezick,19/1/1963,Pepperdine,USA,77,205,TRUE,FALSE,FALSE,1986,4,77,
76832,Gail,Goodrich,Gail Goodrich,23/4/1943,UCLA,USA,73,170,TRUE,FALSE,FALSE,1965,,,
76833,Wilfred,Goodwin,Wilfred Goodwin,22/12/1920,St John's Prep HS (NY),USA,74,203,FALSE,TRUE,FALSE,-1,-1,-1,
76834,Lancaster,Gordon,Lancaster Gordon,24/6/1962,Louisville,USA,75,185,TRUE,FALSE,FALSE,1984,1,8,
76835,Paul,Gordon,Paul Gordon,8/4/1927,Notre Dame,USA,75,76835,FALSE,FALSE,FALSE,-22,-22,-22,
76836,Leo,Gottlieb,Leo Gottlieb,28/11/1920,DeWitt Clinton HS (NY),USA,71,180,TRUE,FALSE,FALSE,-1,-1,-1,
76837,Bato,Govedarica,Bato Govedarica,17/4/1928,DePaul,USA,71,185,TRUE,FALSE,FALSE,1951,3,24,
76838,Joe,Graboski,Joe Graboski,15/1/1930,Tuley HS (IL),USA,80,195,FALSE,TRUE,FALSE,-1,-1,-1,
76839,Ricky,Grace,Ricky Grace,20/8/1967,Oklahoma,USA,73,76839,TRUE,FALSE,FALSE,1988,3,67,
76841,Orlando,Graham,Orlando Graham,5/5/1965,Auburn-Montgomery,USA,80,220,FALSE,TRUE,FALSE,1988,2,40,
76842,Paul,Graham,Paul Graham,28/11/1967,Ohio,USA,78,200,TRUE,FALSE,FALSE,-1,-1,-1,
76843,Mal,Graham,Mal Graham,23/2/1945,New York University,USA,73,185,TRUE,FALSE,FALSE,1967,1,11,
76844,Jim,Grandholm,Jim Grandholm,4/10/1960,South Florida,USA,84,235,FALSE,FALSE,TRUE,1984,4,76,
76847,Stewart,Granger,Stewart Granger,27/10/1961,Villanova,USA,75,190,TRUE,FALSE,FALSE,1983,1,24,
76850,Bud,Grant,Bud Grant,20/5/1927,Minnesota,USA,75,195,FALSE,TRUE,FALSE,1950,4,,
76852,Josh,Grant,Josh Grant,7/8/1967,Utah,USA,81,76852,FALSE,TRUE,FALSE,1993,2,43,
76853,Travis,Grant,Travis Grant,1/1/1950,Kentucky State,USA,79,215,FALSE,TRUE,FALSE,1972,1,13,
76854,Don,Grate,Don Grate,27/8/1923,Ohio State,USA,74,185,TRUE,FALSE,FALSE,-1,-1,-1,
76855,Butch,Graves,Butch Graves,5/1/1962,Yale,USA,75,200,FALSE,TRUE,FALSE,1984,3,68,
76859,Gary,Gray,Gary Gray,23/2/1945,Oklahoma City,USA,73,185,TRUE,FALSE,FALSE,1967,3,26,
76860,Leonard,Gray,Leonard Gray,19/12/1951,Long Beach State,USA,80,240,FALSE,TRUE,FALSE,1974,2,26,
76861,Stuart,Gray,Stuart Gray,27/5/1963,UCLA,USA,84,235,FALSE,FALSE,TRUE,1984,2,29,
76862,Sylvester,Gray,Sylvester Gray,8/7/1967,Memphis,USA,78,230,FALSE,TRUE,FALSE,1988,2,35,
76863,Wyndol,Gray,Wyndol Gray,20/3/1922,Harvard,USA,73,175,TRUE,FALSE,FALSE,-1,-1,-1,
76865,Bob,Greacen,Bob Greacen,15/9/1947,Rutgers,USA,79,206,FALSE,TRUE,FALSE,1969,2,17,
76867,Johnny,Green,Johnny Green,8/12/1933,Michigan State,USA,77,76867,FALSE,TRUE,FALSE,1959,1,5,
76868,Ken,Green,Ken Green,19/9/1959,Texas-Pan American,USA,80,215,FALSE,TRUE,FALSE,1981,2,34,
76869,Kenny,Green,Kenny Green,11/10/1964,Wake Forest,USA,78,210,TRUE,FALSE,FALSE,1985,1,12,
76872,Luther,Green,Luther Green,13/11/1946,Long Island-Brooklyn,USA,79,190,FALSE,TRUE,FALSE,1969,3,41,
76873,Mike,Green,Mike Green,6/8/1951,Louisiana Tech,USA,82,200,FALSE,FALSE,TRUE,1973,1,4,
76874,Rickey,Green,Rickey Green,18/8/1954,Michigan,USA,72,170,TRUE,FALSE,FALSE,1977,1,16,
76875,Sean,Green,Sean Green,2/2/1970,Iona,USA,77,210,TRUE,FALSE,FALSE,1991,2,41,
76876,Sidney,Green,Sidney Green,4/1/1961,UNLV,USA,81,220,FALSE,TRUE,FALSE,1983,1,5,
76877,Si,Green,Si Green,20/8/1933,Duquesne,USA,74,185,TRUE,FALSE,FALSE,1956,1,1,
76878,Steve,Green,Steve Green,4/10/1953,Indiana,USA,79,220,FALSE,TRUE,FALSE,1975,2,30,
76879,Tommy,Green,Tommy Green,8/4/1956,Southern,USA,74,185,TRUE,FALSE,FALSE,1978,2,35,
76880,Jerry,Greenspan,Jerry Greenspan,22/11/1941,Maryland,USA,77,195,FALSE,TRUE,FALSE,1963,3,24,
76881,David,Greenwood,David Greenwood,27/5/1957,UCLA,USA,81,222,FALSE,TRUE,FALSE,1979,1,2,
76882,Hal,Greer,Hal Greer,26/6/1936,Marshall,USA,74,76882,TRUE,FALSE,FALSE,1958,2,13,
76883,Gary,Gregor,Gary Gregor,13/8/1945,South Carolina,USA,79,76883,FALSE,TRUE,FALSE,1968,1,8,
76884,Claude,Gregory,Claude Gregory,26/12/1958,Wisconsin,USA,80,205,FALSE,TRUE,FALSE,1981,2,41,
76885,John,Greig,John Greig,28/4/1961,Oregon,USA,79,215,FALSE,TRUE,FALSE,1982,3,65,
76886,Norm,Grekin,Norm Grekin,22/6/1930,La Salle,USA,77,180,FALSE,TRUE,FALSE,1953,3,,
76887,Kevin,Grevey,Kevin Grevey,12/5/1953,Kentucky,USA,77,76887,TRUE,FALSE,FALSE,1975,1,18,
76888,Greg,Griffin,Greg Griffin,6/9/1952,Idaho State,USA,79,190,FALSE,TRUE,FALSE,1977,4,71,
76889,Paul,Griffin,Paul Griffin,20/1/1954,Western Michigan,USA,81,205,FALSE,TRUE,FALSE,1976,5,74,
76890,Darrell,Griffith,Darrell Griffith,16/6/1958,Louisville,USA,76,190,TRUE,FALSE,FALSE,1980,1,2,
76891,Chuck,Grigsby,Chuck Grigsby,15/8/1928,Dayton,USA,77,190,TRUE,FALSE,FALSE,1952,,,
76893,George,Grimshaw,George Grimshaw,24/9/1919,Brown,USA,73,185,TRUE,FALSE,FALSE,-1,-1,-1,
76894,Dick,Groat,Dick Groat,4/11/1930,Duke,USA,71,180,TRUE,FALSE,FALSE,1952,1,3,
76895,Bob,Gross,Bob Gross,3/8/1953,Long Beach State,USA,78,200,FALSE,TRUE,FALSE,1975,2,25,
76896,Jerry,Grote,Jerry Grote,28/12/1940,Loyola-Marymount,USA,76,215,TRUE,FALSE,FALSE,1962,4,28,
76897,Alex,Groza,Alex Groza,7/10/1926,Kentucky,USA,79,76897,FALSE,FALSE,FALSE,1949,1,2,
76899,Ernie,Grunfeld,Ernie Grunfeld,24/4/1955,Tennessee,USA,78,210,TRUE,FALSE,FALSE,1977,1,11,
76900,Gene,Guarilia,Gene Guarilia,13/9/1937,George Washington,USA,77,220,FALSE,TRUE,FALSE,1959,2,14,
76901,Petur,Gudmundsson,Petur Gudmundsson,30/10/1958,Washington,USA,86,260,FALSE,FALSE,TRUE,1981,3,61,
76902,Richie,Guerin,Richie Guerin,29/5/1932,Iona,USA,76,195,TRUE,FALSE,FALSE,1954,2,17,
76903,Andres,Guibert,Andres Guibert,28/10/1968,Cantera Instituto,Cuba,82,225,FALSE,FALSE,TRUE,-1,-1,-1,
76904,Jay,Guidinger,Jay Guidinger,18/8/1969,Minnesota-Duluth,USA,82,255,FALSE,FALSE,TRUE,-1,-1,-1,
76905,Coulby,Gunther,Coulby Gunther,5/2/1923,Boston College,USA,76,190,FALSE,TRUE,FALSE,-1,-1,-1,
76906,Dave,Gunther,Dave Gunther,22/7/1937,Iowa,USA,79,190,FALSE,TRUE,FALSE,1959,8,56,
76907,Al,Guokas,Al Guokas,7/8/1925,St. Joseph's (PA),USA,77,200,FALSE,TRUE,FALSE,-1,-1,-1,
76908,Matt,Guokas,Matt Guokas,25/2/1944,St. Joseph's (PA),USA,78,175,TRUE,FALSE,FALSE,1966,1,9,
76909,Matt,Guokas,Matt Guokas,11/11/1915,St. Joseph's (PA),USA,75,76909,FALSE,FALSE,FALSE,-22,-22,-22,
76910,Rudy,Hackett,Rudy Hackett,10/5/1953,Syracuse,USA,81,76910,FALSE,TRUE,FALSE,1975,3,37,
76911,Scott,Haffner,Scott Haffner,2/2/1966,Evansville,USA,75,180,TRUE,FALSE,FALSE,1989,2,45,
76912,Cliff,Hagan,Cliff Hagan,9/12/1931,Kentucky,USA,76,210,FALSE,TRUE,FALSE,1953,3,,
76913,Glenn,Hagan,Glenn Hagan,25/6/1955,St. Bonaventure,USA,72,170,TRUE,FALSE,FALSE,1978,2,43,
76914,Bob,Hahn,Bob Hahn,25/8/1925,North Carolina State,USA,82,240,FALSE,FALSE,TRUE,-1,-1,-1,
76915,Al,Hairston,Al Hairston,11/12/1945,Bowling Green,USA,73,170,TRUE,FALSE,FALSE,1968,5,52,
76916,Happy,Hairston,Happy Hairston,31/5/1942,New York University,USA,79,225,FALSE,TRUE,FALSE,1964,4,33,
76917,Lindsay,Hairston,Lindsay Hairston,8/12/1951,Michigan State,USA,79,76917,FALSE,TRUE,FALSE,1975,4,64,
76918,Chuck,Halbert,Chuck Halbert,27/2/1919,West Texas A&M,USA,81,225,FALSE,FALSE,TRUE,-1,-1,-1,
76919,Harvey,Halbrook,Harvey Halbrook,30/1/1933,Oregon State,USA,87,76919,FALSE,FALSE,TRUE,-22,-22,-22,
76920,Bruce,Hale,Bruce Hale,30/8/1918,Santa Clara,USA,73,170,TRUE,FALSE,FALSE,-1,-1,-1,
76922,Shaler,Halimon,Shaler Halimon,30/3/1945,Utah State,USA,77,199,TRUE,FALSE,FALSE,1968,1,14,
76923,Jeff,Halliburton,Jeff Halliburton,3/7/1949,Drake,USA,77,193,TRUE,FALSE,FALSE,1971,3,39,
76925,Dale,Hamilton,Dale Hamilton,16/8/1919,Franklin,USA,72,180,TRUE,FALSE,FALSE,-1,-1,-1,
76926,Dennis,Hamilton,Dennis Hamilton,8/5/1944,Arizona State,USA,80,210,FALSE,TRUE,FALSE,-1,-1,-1,
76927,Ralph,Hamilton,Ralph Hamilton,10/6/1921,Indiana,USA,73,188,TRUE,FALSE,FALSE,-1,-1,-1,
76928,Roylee,Hamilton,Roylee Hamilton,20/7/1957,UCLA,USA,74,76928,TRUE,FALSE,FALSE,1979,1,10,
76929,Steve,Hamilton,Steve Hamilton,30/11/1935,Morehead State,USA,78,190,FALSE,TRUE,FALSE,1958,2,8,
76935,Cecil,Hankins,Cecil Hankins,6/1/1922,Oklahoma State,USA,73,175,TRUE,FALSE,FALSE,-1,-1,-1,
76936,Phil,Hankinson,Phil Hankinson,26/7/1951,Pennsylvania,USA,80,195,FALSE,TRUE,FALSE,1973,2,35,
76937,Alex,Hannum,Alex Hannum,19/7/1923,Southern California,USA,79,210,FALSE,TRUE,FALSE,1948,,,
76938,Don,Hanrahan,Don Hanrahan,6/2/1929,Loyola-Chicago,USA,79,200,FALSE,TRUE,FALSE,-1,-1,-1,
76939,Rollen,Hans,Rollen Hans,13/4/1931,Long Island-Brooklyn,USA,74,210,TRUE,FALSE,FALSE,-1,-1,-1,
76940,Glenn,Hansen,Glenn Hansen,21/4/1952,Louisiana State,USA,76,205,TRUE,FALSE,FALSE,1975,2,31,
76941,Lars,Hansen,Lars Hansen,14/9/1954,Washington,USA,82,225,FALSE,FALSE,TRUE,1977,7,151,
76942,Bob,Hansen,Bob Hansen,18/1/1961,Iowa,USA,78,190,TRUE,FALSE,FALSE,1983,3,54,
76944,Bill,Hanzlik,Bill Hanzlik,6/12/1957,Notre Dame,USA,79,185,FALSE,TRUE,FALSE,1980,1,20,
76945,Reggie,Harding,Reggie Harding,4/5/1942,Eastern HS (MI),USA,84,249,FALSE,FALSE,TRUE,1963,6,48,
76946,Charlie,Hardnett,Charlie Hardnett,13/9/1938,Grambling,USA,80,225,FALSE,TRUE,FALSE,1962,3,19,
76947,Alan,Hardy,Alan Hardy,25/5/1957,Michigan,USA,78,195,TRUE,FALSE,FALSE,-1,-1,-1,
76948,James,Hardy,James Hardy,1/12/1956,San Francisco,USA,80,220,FALSE,TRUE,FALSE,1978,1,11,
76949,John,Hargis,John Hargis,20/8/1920,Texas-Austin,USA,74,180,TRUE,FALSE,FALSE,-1,-1,-1,
76950,Jerry,Harkness,Jerry Harkness,7/5/1940,Loyola-Chicago,USA,74,175,TRUE,FALSE,FALSE,1963,2,9,
76951,Skip,Harlicka,Skip Harlicka,14/10/1946,South Carolina,USA,73,185,TRUE,FALSE,FALSE,1968,1,13,
76952,Jerome,Harmon,Jerome Harmon,6/2/1969,Louisville,USA,76,190,TRUE,FALSE,FALSE,-1,-1,-1,
76954,Mike,Harper,Mike Harper,9/12/1957,North Park,USA,82,195,FALSE,FALSE,TRUE,1980,3,56,
76956,Art,Harris,Art Harris,13/1/1947,Stanford,USA,76,185,TRUE,FALSE,FALSE,1968,2,16,
76957,Bernie,Harris,Bernie Harris,26/11/1950,Virginia Commonwealth,USA,82,200,FALSE,TRUE,FALSE,1974,4,63,
76958,Chris,Harris,Chris Harris,11/8/1933,Dayton,USA,75,190,TRUE,FALSE,FALSE,-1,-1,-1,
76959,Bob,Harris,Bob Harris,16/3/1927,Oklahoma State,USA,79,195,FALSE,TRUE,FALSE,1949,1,3,
76960,Steve,Harris,Steve Harris,15/10/1963,Tulsa,USA,77,195,TRUE,FALSE,FALSE,1985,1,19,
76961,Tony,Harris,Tony Harris,13/5/1967,New Orleans,USA,75,190,TRUE,FALSE,FALSE,-1,-1,-1,
76962,Bob,Harrison,Bob Harrison,12/8/1927,Michigan,USA,73,190,TRUE,FALSE,FALSE,1949,,,
76965,Clem,Haskins,Clem Haskins,11/7/1943,Western Kentucky,USA,75,195,TRUE,FALSE,FALSE,1967,1,3,
76966,Joey,Hassett,Joey Hassett,11/9/1955,Providence,USA,77,180,TRUE,FALSE,FALSE,1977,3,52,
76967,Billy,Hassett,Billy Hassett,21/10/1921,Notre Dame,USA,70,180,TRUE,FALSE,FALSE,-1,-1,-1,
76968,Scott,Hastings,Scott Hastings,3/6/1960,Arkansas,USA,82,235,FALSE,TRUE,FALSE,1982,2,29,
76969,Vern,Hatton,Vern Hatton,13/1/1936,Kentucky,USA,75,195,TRUE,FALSE,FALSE,1958,2,9,
76970,John,Havlicek,John Havlicek,8/4/1940,Ohio State,USA,77,203,FALSE,TRUE,FALSE,1962,1,7,
76971,Steve,Hawes,Steve Hawes,26/5/1950,Washington,USA,81,220,FALSE,FALSE,TRUE,1972,2,24,
76972,Connie,Hawkins,Connie Hawkins,17/7/1942,Iowa,USA,80,210,FALSE,TRUE,FALSE,-1,-1,-1,
76974,Marshall,Hawkins,Marshall Hawkins,3/8/1924,Tennessee,USA,75,205,FALSE,TRUE,FALSE,1948,,,
76975,Robert,Hawkins,Robert Hawkins,30/6/1954,Illinois State,USA,76,190,TRUE,FALSE,FALSE,1975,3,51,
76977,Tom,Hawkins,Tom Hawkins,22/12/1936,Notre Dame,USA,77,210,FALSE,TRUE,FALSE,1959,1,3,
76978,Nate,Hawthorne,Nate Hawthorne,19/1/1951,Southern Illinois,USA,76,190,TRUE,FALSE,FALSE,1973,7,118,
76979,Elvin,Hayes,Elvin Hayes,17/11/1945,Houston,USA,81,235,FALSE,TRUE,FALSE,1968,1,1,
76980,Steve,Hayes,Steve Hayes,2/8/1955,Idaho State,USA,84,205,FALSE,FALSE,TRUE,1977,4,76,
76981,Spencer,Haywood,Spencer Haywood,22/4/1949,Detroit,USA,80,225,FALSE,TRUE,FALSE,1971,2,30,
76982,John W.,Hazen,John W. Hazen,2/3/1927,Indiana State,USA,74,172,TRUE,FALSE,FALSE,-1,-1,-1,
76983,Walt,Hazzard,Walt Hazzard,15/4/1942,UCLA,USA,74,185,TRUE,FALSE,FALSE,1964,,,
76984,Brian,Heaney,Brian Heaney,3/9/1946,Acadia (CAN),USA,74,180,TRUE,FALSE,FALSE,1969,19,215,
76985,Garfield,Heard,Garfield Heard,3/5/1948,Oklahoma,USA,78,219,FALSE,TRUE,FALSE,1970,3,40,
76986,Herm,Hedderick,Herm Hedderick,1/1/1930,Canisius,USA,77,76986,TRUE,FALSE,FALSE,-22,-22,-22,
76987,Alvin,Heggs,Alvin Heggs,8/12/1967,Texas-Austin,USA,80,225,FALSE,TRUE,FALSE,-1,-1,-1,
76988,Tom,Heinsohn,Tom Heinsohn,26/8/1934,Holy Cross,USA,79,218,FALSE,TRUE,FALSE,1956,,,
76989,Dick,Hemric,Dick Hemric,29/8/1933,Wake Forest,USA,78,220,FALSE,TRUE,FALSE,1955,2,10,
76990,Cedric,Henderson,Cedric Henderson,3/10/1965,Georgia,USA,80,210,FALSE,TRUE,FALSE,1986,2,32,
76991,Dave,Henderson,Dave Henderson,21/7/1964,Duke,USA,77,195,TRUE,FALSE,FALSE,1986,3,58,
76992,Jerome,Henderson,Jerome Henderson,5/10/1959,New Mexico,USA,83,230,FALSE,TRUE,FALSE,-1,-1,-1,
76993,Gerald,Henderson,Gerald Henderson,16/1/1956,Virginia Commonwealth,USA,74,175,TRUE,FALSE,FALSE,1978,3,64,
76994,Kevin,Henderson,Kevin Henderson,22/3/1964,California State-Fullerton,USA,76,195,TRUE,FALSE,FALSE,1986,3,50,
76996,Tom,Henderson,Tom Henderson,26/1/1952,Hawaii,USA,75,190,TRUE,FALSE,FALSE,1974,1,7,
76998,Larry,Hennessy,Larry Hennessy,20/5/1929,Villanova,USA,75,185,TRUE,FALSE,FALSE,1953,2,,
76999,Don,Henriksen,Don Henriksen,10/10/1929,California,USA,79,225,FALSE,TRUE,FALSE,-1,-1,-1,
77000,Al,Henry,Al Henry,9/2/1949,Wisconsin,USA,81,190,FALSE,FALSE,TRUE,1970,1,12,
77001,Carl,Henry,Carl Henry,16/8/1960,Kansas,USA,78,205,TRUE,FALSE,FALSE,1984,4,80,
77002,Conner,Henry,Conner Henry,21/7/1963,California-Santa Barbara,USA,79,195,TRUE,FALSE,FALSE,1986,4,89,
77003,Skeeter,Henry,Skeeter Henry,8/12/1967,Oklahoma,USA,79,190,TRUE,FALSE,FALSE,-1,-1,-1,
77004,Bill,Henry,Bill Henry,27/12/1924,Rice,USA,81,215,FALSE,FALSE,TRUE,-1,-1,-1,
77006,Bill,Herman,Bill Herman,17/5/1924,Mount Union,USA,75,170,TRUE,FALSE,FALSE,-1,-1,-1,
77007,Clarence,Hermsen,Clarence Hermsen,12/3/1923,Minnesota,USA,81,225,FALSE,FALSE,TRUE,-1,-1,-1,
77010,Keith,Herron,Keith Herron,14/6/1956,Villanova,USA,78,195,TRUE,FALSE,FALSE,1978,2,24,
77011,Sidney,Hertzberg,Sidney Hertzberg,29/7/1922,City College of New York,USA,70,175,TRUE,FALSE,FALSE,-1,-1,-1,
77012,Fred,Hetzel,Fred Hetzel,21/7/1942,Davidson,USA,80,220,FALSE,TRUE,FALSE,1965,1,1,
77013,Bill,Hewitt,Bill Hewitt,8/8/1944,Southern California,USA,79,77013,FALSE,TRUE,FALSE,1968,1,11,
77014,Jack,Hewson,Jack Hewson,7/9/1924,Temple,USA,78,195,FALSE,TRUE,FALSE,1947,,,
77015,Art,Heyman,Art Heyman,24/6/1941,Duke,USA,77,205,TRUE,FALSE,FALSE,1963,1,1,
77016,Matthew,Hickey,Matthew Hickey,30/1/1902,Hoboken HS (NJ),USA,71,180,TRUE,FALSE,FALSE,-1,-1,-1,
77017,Phil,Hicks,Phil Hicks,31/1/1953,Tulane,USA,79,205,FALSE,TRUE,FALSE,1976,2,27,
77019,Rod,Higgins,Rod Higgins,31/1/1960,Fresno State,USA,79,200,FALSE,TRUE,FALSE,1982,2,31,
77021,Kenny,Higgs,Kenny Higgs,31/1/1955,Louisiana State,USA,72,180,TRUE,FALSE,FALSE,-1,-1,-1,
77022,Johnny,High,Johnny High,25/4/1957,Nevada-Reno,USA,75,185,TRUE,FALSE,FALSE,1979,2,24,
77023,Wayne,Hightower,Wayne Hightower,14/1/1940,Kansas,USA,80,192,FALSE,TRUE,FALSE,1962,1,5,
77024,Armond,Hill,Armond Hill,31/3/1953,Princeton,USA,76,190,TRUE,FALSE,FALSE,1976,1,9,
77025,Cleo,Hill,Cleo Hill,24/5/1938,Winston-Salem State,USA,73,77025,TRUE,FALSE,FALSE,1961,1,8,
77026,Gary,Hill,Gary Hill,7/10/1941,Oklahoma City,USA,76,185,TRUE,FALSE,FALSE,1963,2,11,
77027,Art,Hillhouse,Art Hillhouse,12/6/1916,Long Island-Brooklyn,USA,79,77027,FALSE,FALSE,TRUE,-22,-22,-22,
77028,Darnell,Hillman,Darnell Hillman,29/8/1949,San Jose State,USA,81,215,FALSE,TRUE,FALSE,1971,1,8,
77029,Fred,Hilton,Fred Hilton,15/1/1948,Grambling,USA,75,77029,TRUE,FALSE,FALSE,1971,2,19,
77030,Roy,Hinson,Roy Hinson,2/5/1961,Rutgers,USA,81,210,FALSE,FALSE,TRUE,1983,1,20,
77031,Mel,Hirsch,Mel Hirsch,31/7/1921,Brooklyn,USA,66,165,TRUE,FALSE,FALSE,-1,-1,-1,
77032,Lew,Hitch,Lew Hitch,16/7/1929,Kansas State,USA,80,200,FALSE,TRUE,FALSE,1951,2,19,
77034,Craig,Hodges,Craig Hodges,27/6/1960,Long Beach State,USA,74,190,TRUE,FALSE,FALSE,1982,3,48,
77035,Adolph,Hoefer,Adolph Hoefer,12/7/1917,Queens,USA,69,158,TRUE,FALSE,FALSE,-1,-1,-1,
77036,"Bear, The Body",Hoffman,"Bear, The Body Hoffman",5/5/1925,Purdue,USA,74,195,TRUE,FALSE,FALSE,1947,,,
77037,Bob,Hogsett,Bob Hogsett,29/1/1941,Tennessee,USA,79,77037,FALSE,TRUE,FALSE,-22,-22,-22,
77038,Paul,Hogue,Paul Hogue,28/4/1940,Cincinnati,USA,81,240,FALSE,FALSE,TRUE,1962,1,2,
77039,Doug,Holcomb,Doug Holcomb,9/2/1925,Wisconsin,USA,76,200,FALSE,TRUE,FALSE,-1,-1,-1,
77040,Brad,Holland,Brad Holland,6/12/1956,UCLA,USA,75,180,TRUE,FALSE,FALSE,1979,1,14,
77041,Joe,Holland,Joe Holland,26/9/1925,Kentucky,USA,76,185,FALSE,TRUE,FALSE,1948,,,
77042,Wilbur,Holland,Wilbur Holland,8/11/1951,New Orleans,USA,72,175,TRUE,FALSE,FALSE,1975,5,75,
77043,Lionel,Hollins,Lionel Hollins,19/10/1953,Arizona State,USA,75,185,TRUE,FALSE,FALSE,1975,1,6,
77044,Essie,Hollis,Essie Hollis,16/5/1955,St. Bonaventure,USA,78,195,FALSE,TRUE,FALSE,1977,2,44,
77045,Jim,Holstein,Jim Holstein,24/9/1930,Cincinnati,USA,75,180,FALSE,TRUE,FALSE,1952,,,
77046,Alvin,Holt,Alvin Holt,26/8/1946,Jackson State,USA,79,77046,FALSE,TRUE,FALSE,-22,-22,-22,
77047,Michael,Holton,Michael Holton,4/8/1961,UCLA,USA,76,185,TRUE,FALSE,FALSE,1983,3,53,
77048,Dick,Holub,Dick Holub,29/10/1921,Long Island-Brooklyn,USA,78,77048,FALSE,FALSE,TRUE,1947,1,5,
77049,Joe,Holup,Joe Holup,26/2/1934,George Washington,USA,78,215,FALSE,TRUE,FALSE,1956,1,5,
77050,Red,Holzman,Red Holzman,10/8/1920,City College of New York,USA,70,175,TRUE,FALSE,FALSE,-1,-1,-1,
77051,Tom,Hoover,Tom Hoover,23/1/1941,Villanova,USA,81,230,FALSE,FALSE,TRUE,1963,1,6,
77052,Bob,Hopkins,Bob Hopkins,3/11/1934,Grambling,USA,80,205,FALSE,FALSE,TRUE,1956,10,75,
77053,Dave,Hoppen,Dave Hoppen,13/3/1964,Nebraska,USA,83,235,FALSE,FALSE,TRUE,1986,3,65,
77054,Dennis,Hopson,Dennis Hopson,22/4/1965,Ohio State,USA,77,200,FALSE,TRUE,FALSE,1987,1,3,
77055,Johnny,Horan,Johnny Horan,24/11/1932,Dayton,USA,80,190,FALSE,TRUE,FALSE,1955,1,6,
77056,Cedrick,Hordges,Cedrick Hordges,8/1/1957,South Carolina,USA,80,220,FALSE,FALSE,TRUE,1979,3,49,
77057,Tito,Horford,Tito Horford,19/1/1966,Miami,USA,85,245,FALSE,FALSE,TRUE,1988,2,39,
77058,Ron,Horn,Ron Horn,24/5/1938,Indiana,USA,79,77058,FALSE,TRUE,FALSE,1961,2,16,
77060,Ed,Horton,Ed Horton,17/12/1967,Iowa,USA,80,230,FALSE,FALSE,TRUE,1989,2,39,
77061,Wilmer,Hosket,Wilmer Hosket,20/12/1946,Ohio State,USA,79,225,FALSE,TRUE,FALSE,1968,1,10,
77062,Bob,Houbregs,Bob Houbregs,12/3/1932,Washington,USA,80,77062,FALSE,FALSE,TRUE,1953,1,2,
77064,Tom,Hovasse,Tom Hovasse,31/1/1967,Penn State,USA,80,205,FALSE,TRUE,FALSE,-1,-1,-1,
77065,Brian,Howard,Brian Howard,19/10/1967,North Carolina State,USA,78,204,FALSE,TRUE,FALSE,-1,-1,-1,
77066,Greg,Howard,Greg Howard,8/1/1948,New Mexico,USA,81,215,FALSE,TRUE,FALSE,1970,1,10,
77067,Mo,Howard,Mo Howard,24/8/1954,Maryland,USA,74,77067,TRUE,FALSE,FALSE,1976,2,32,
77069,Otis,Howard,Otis Howard,5/11/1956,Austin Peay,USA,79,220,FALSE,TRUE,FALSE,1978,4,80,
77070,Bailey,Howell,Bailey Howell,20/1/1937,Mississippi State,USA,79,210,FALSE,TRUE,FALSE,1959,1,2,
77071,Phil,Hubbard,Phil Hubbard,13/12/1956,Michigan,USA,80,215,FALSE,TRUE,FALSE,1979,1,15,
77072,Bob,Hubbard,Bob Hubbard,27/12/1922,Springfield,USA,78,215,FALSE,FALSE,TRUE,1947,,,
77074,Lou,Hudson,Lou Hudson,11/7/1944,Minnesota,USA,77,210,FALSE,TRUE,FALSE,1966,1,4,
77076,Alfredrick,Hughes,Alfredrick Hughes,19/7/1962,Loyola-Chicago,USA,77,215,FALSE,TRUE,FALSE,1985,1,14,
77077,Eddie,Hughes,Eddie Hughes,26/5/1960,Colorado State,USA,70,165,TRUE,FALSE,FALSE,1982,7,140,
77078,Kim,Hughes,Kim Hughes,4/6/1952,Wisconsin,USA,83,220,FALSE,FALSE,TRUE,1974,3,45,
77080,John,Hummer,John Hummer,4/5/1948,Princeton,USA,81,77080,FALSE,TRUE,FALSE,1970,1,15,
77081,Jay,Humphries,Jay Humphries,17/10/1962,Colorado,USA,75,185,TRUE,FALSE,FALSE,1984,1,13,
77082,Rod,Hundley,Rod Hundley,26/10/1934,West Virginia,USA,76,185,TRUE,FALSE,FALSE,1957,1,1,
77083,Cedric,Hunter,Cedric Hunter,16/1/1965,Kansas,USA,72,180,FALSE,TRUE,FALSE,-1,-1,-1,
77084,Les,Hunter,Les Hunter,16/8/1942,Loyola-Chicago,USA,79,210,FALSE,TRUE,FALSE,1964,2,9,
77086,Roy,Hurley,Roy Hurley,12/8/1922,Murray State,USA,74,170,FALSE,TRUE,FALSE,-1,-1,-1,
77087,Geoff,Huston,Geoff Huston,8/11/1957,Texas Tech,USA,74,175,TRUE,FALSE,FALSE,1979,3,50,
77088,Paul,Huston,Paul Huston,2/6/1925,Ohio State,USA,75,77088,FALSE,FALSE,FALSE,1947,1,8,
77089,Mel,Hutchins,Mel Hutchins,22/11/1928,Brigham Young,USA,78,200,FALSE,TRUE,FALSE,1951,1,2,
77090,Joe,Hutton,Joe Hutton,6/10/1928,Hamline,USA,73,170,TRUE,FALSE,FALSE,1950,7,,
77091,Greg,Hyder,Greg Hyder,21/6/1948,Eastern New Mexico,USA,78,77091,FALSE,TRUE,FALSE,1970,3,39,
77092,Marc,Iavaroni,Marc Iavaroni,15/9/1956,Virginia,USA,82,210,FALSE,TRUE,FALSE,1978,3,55,
77093,Darrall,Imhoff,Darrall Imhoff,11/10/1938,California,USA,82,220,FALSE,FALSE,TRUE,1960,1,3,
77094,Tom,Ingelsby,Tom Ingelsby,12/2/1951,Villanova,USA,75,180,TRUE,FALSE,FALSE,1973,2,27,
77095,Joel,Ingram,Joel Ingram,31/8/1931,Jackson State,USA,72,77095,FALSE,TRUE,FALSE,-22,-22,-22,
77096,Byron,Irvin,Byron Irvin,2/12/1966,Missouri,USA,77,190,TRUE,FALSE,FALSE,1989,1,22,
77097,Dan,Issel,Dan Issel,25/10/1948,Kentucky,USA,81,77097,FALSE,FALSE,TRUE,1970,8,122,
77098,Mike,Iuzzolino,Mike Iuzzolino,22/1/1968,St. Francis (PA),USA,70,175,TRUE,FALSE,FALSE,1991,2,35,
77099,Al,Jackson,Al Jackson,29/7/1943,Wilberforce,USA,73,185,TRUE,FALSE,FALSE,-1,-1,-1,
77100,Tony,Jackson,Tony Jackson,17/1/1958,Florida State,USA,72,170,TRUE,FALSE,FALSE,1980,4,87,
77101,Greg,Jackson,Greg Jackson,2/8/1952,Guilford,USA,72,180,TRUE,FALSE,FALSE,1974,5,86,
77103,Lucious,Jackson,Lucious Jackson,31/10/1941,Texas-Pan American,USA,81,240,FALSE,TRUE,FALSE,1964,1,4,
77104,Michael,Jackson,Michael Jackson,13/7/1964,Georgetown,USA,74,77104,TRUE,FALSE,FALSE,1986,2,47,
77105,Myron,Jackson,Myron Jackson,6/5/1964,Arkansas-Little Rock,USA,75,185,TRUE,FALSE,FALSE,1986,4,85,
77106,Phil,Jackson,Phil Jackson,17/9/1945,North Dakota,USA,80,220,FALSE,TRUE,FALSE,1967,2,17,
77107,Ralph,Jackson,Ralph Jackson,26/10/1962,UCLA,USA,74,190,TRUE,FALSE,FALSE,1984,4,71,
77109,Stanley,Jackson,Stanley Jackson,10/10/1970,Alabama-Birmingham,USA,75,77109,TRUE,FALSE,FALSE,-22,-22,-22,
77110,Tracy,Jackson,Tracy Jackson,21/4/1959,Notre Dame,USA,78,205,TRUE,FALSE,FALSE,1981,2,25,
77111,Wardell,Jackson,Wardell Jackson,18/7/1951,Ohio State,USA,79,200,FALSE,TRUE,FALSE,1974,6,98,
77112,Winfred,Jacobs,Winfred Jacobs,2/12/1922,Denver,USA,75,175,FALSE,TRUE,FALSE,-1,-1,-1,
77114,Dave,Jamerson,Dave Jamerson,13/8/1967,Ohio,USA,77,190,TRUE,FALSE,FALSE,1990,1,15,
77115,Aaron,James,Aaron James,5/10/1952,Grambling,USA,80,77115,FALSE,TRUE,FALSE,1974,2,28,
77116,Gene,James,Gene James,15/2/1925,Marshall,USA,76,180,FALSE,TRUE,FALSE,-1,-1,-1,
77120,John,Janisch,John Janisch,15/3/1920,Valparaiso,USA,75,77120,FALSE,FALSE,FALSE,-22,-22,-22,
77122,Howie,Janotta,Howie Janotta,19/10/1924,Seton Hall,USA,75,185,FALSE,TRUE,FALSE,-1,-1,-1,
77123,Tony,Jaros,Tony Jaros,22/2/1920,Minnesota,USA,75,185,FALSE,TRUE,FALSE,-1,-1,-1,
77125,Buddy,Jeannette,Buddy Jeannette,15/9/1917,Washington & Jefferson,USA,71,175,TRUE,FALSE,FALSE,-1,-1,-1,
77126,Abdul,Jeelani,Abdul Jeelani,10/2/1954,Wisconsin-Parkside,USA,80,210,FALSE,TRUE,FALSE,-1,-1,-1,
77129,Les,Jepsen,Les Jepsen,24/6/1967,Iowa,USA,84,237,TRUE,FALSE,FALSE,1990,2,28,
77130,Buck,Johnson,Buck Johnson,3/1/1964,Alabama,USA,79,190,FALSE,TRUE,FALSE,1986,1,20,
77131,Andy,Johnson,Andy Johnson,21/4/1931,Portland,USA,77,215,FALSE,TRUE,FALSE,-1,-1,-1,
77132,Arnie,Johnson,Arnie Johnson,17/5/1920,Bemidji State,USA,77,236,FALSE,TRUE,FALSE,-1,-1,-1,
77133,Charlie,Johnson,Charlie Johnson,31/3/1949,California,USA,72,170,TRUE,FALSE,FALSE,1971,6,93,
77134,Steve,Johnson,Steve Johnson,3/11/1957,Oregon State,USA,82,235,FALSE,FALSE,TRUE,1981,1,7,
77135,Clay,Johnson,Clay Johnson,18/7/1956,Missouri,USA,76,175,TRUE,FALSE,FALSE,1978,5,110,
77136,Clemon,Johnson,Clemon Johnson,12/9/1956,Florida A&M,USA,82,240,FALSE,FALSE,TRUE,1978,2,44,
77138,Dave,Johnson,Dave Johnson,16/11/1970,Syracuse,USA,79,77138,TRUE,FALSE,FALSE,1992,1,26,
77139,David,Johnson,David Johnson,6/12/1921,Huntington,USA,71,170,TRUE,FALSE,FALSE,-1,-1,-1,
77141,Dennis,Johnson,Dennis Johnson,18/9/1954,Pepperdine,USA,76,185,TRUE,FALSE,FALSE,1976,2,29,
77142,Magic,Johnson,Magic Johnson,14/8/1959,Michigan State,USA,81,220,TRUE,TRUE,FALSE,1979,1,1,
77144,Eddie,Johnson,Eddie Johnson,24/2/1955,Auburn,USA,74,180,TRUE,FALSE,FALSE,1977,3,49,
77145,Eric,Johnson,Eric Johnson,7/2/1966,Nebraska,USA,74,77145,TRUE,FALSE,FALSE,-22,-22,-22,
77146,Frank,Johnson,Frank Johnson,23/11/1958,Wake Forest,USA,75,185,TRUE,FALSE,FALSE,1981,1,11,
77147,George,Johnson,George Johnson,19/6/1947,Stephen F. Austin,USA,83,245,FALSE,FALSE,TRUE,1970,1,9,
77148,George,Johnson,George Johnson,8/12/1956,St. John's (NY),USA,79,210,FALSE,TRUE,FALSE,1978,1,12,
77149,George,Johnson,George Johnson,18/12/1948,Dillard,USA,83,205,FALSE,FALSE,TRUE,1970,5,79,
77150,Gus,Johnson,Gus Johnson,13/12/1935,Idaho,USA,78,230,FALSE,TRUE,FALSE,1963,2,10,
77151,Harold,Johnson,Harold Johnson,20/1/1920,Indiana State,USA,78,77151,FALSE,FALSE,FALSE,-22,-22,-22,
77152,John,Johnson,John Johnson,18/10/1947,Iowa,USA,79,200,FALSE,TRUE,FALSE,1970,1,7,
77153,Kannard,Johnson,Kannard Johnson,24/6/1965,Western Kentucky,USA,81,220,FALSE,TRUE,FALSE,1987,2,41,
77154,Ken,Johnson,Ken Johnson,7/11/1962,Michigan State,USA,80,240,FALSE,TRUE,FALSE,1985,2,28,
77156,Larry,Johnson,Larry Johnson,28/11/1954,Kentucky,USA,75,205,TRUE,FALSE,FALSE,1977,2,24,
77158,Lee,Johnson,Lee Johnson,16/6/1957,Texas A&M-Commerce,USA,83,205,FALSE,TRUE,FALSE,1979,1,17,
77159,Lynbert,Johnson,Lynbert Johnson,7/9/1957,Wichita State,USA,77,195,FALSE,TRUE,FALSE,1979,3,54,
77160,Marques,Johnson,Marques Johnson,8/2/1956,UCLA,USA,79,218,FALSE,TRUE,FALSE,1977,1,3,
77161,Neil,Johnson,Neil Johnson,17/4/1943,Creighton,USA,79,220,FALSE,TRUE,FALSE,1966,2,15,
77162,Ollie,Johnson,Ollie Johnson,11/5/1949,Temple,USA,78,77162,FALSE,TRUE,FALSE,1972,2,30,
77163,Reggie,Johnson,Reggie Johnson,25/6/1957,Tennessee,USA,81,205,FALSE,TRUE,FALSE,1980,1,15,
77164,Rich,Johnson,Rich Johnson,18/12/1946,Grambling,USA,79,210,FALSE,FALSE,TRUE,1968,4,46,
77165,Ron,Johnson,Ron Johnson,20/7/1938,Minnesota,USA,80,77165,FALSE,TRUE,FALSE,1960,2,12,
77166,Steffond,Johnson,Steffond Johnson,4/11/1962,San Diego State,USA,80,240,FALSE,TRUE,FALSE,1986,5,100,
77167,Vinnie,Johnson,Vinnie Johnson,1/9/1956,Baylor,USA,74,200,TRUE,FALSE,FALSE,1979,1,7,
77168,Mickey,Johnson,Mickey Johnson,31/8/1952,Aurora,USA,82,190,FALSE,TRUE,FALSE,1974,4,56,
77169,Neil,Johnston,Neil Johnston,4/2/1929,Ohio State,USA,80,210,FALSE,FALSE,TRUE,-1,-1,-1,
77170,Nate,Johnston,Nate Johnston,18/12/1966,Tampa,USA,80,210,FALSE,FALSE,TRUE,1988,3,59,
77171,Jim,Johnstone,Jim Johnstone,20/9/1960,Wake Forest,USA,83,245,FALSE,FALSE,TRUE,1982,3,51,
77172,Howie,Jolliff,Howie Jolliff,20/7/1938,Ohio,USA,79,218,FALSE,TRUE,FALSE,1960,7,50,
77173,Anthony,Jones,Anthony Jones,13/9/1962,UNLV,USA,78,195,TRUE,FALSE,FALSE,1986,1,21,
77174,Askia,Jones,Askia Jones,3/12/1971,Kansas State,USA,77,200,FALSE,TRUE,FALSE,-1,-1,-1,
77175,Caldwell,Jones,Caldwell Jones,4/8/1950,Albany State (GA),USA,83,77175,FALSE,FALSE,TRUE,1973,2,32,
77178,Charles,Jones,Charles Jones,12/1/1962,Louisville,USA,80,215,FALSE,TRUE,FALSE,1984,2,36,
77180,Bill,Jones,Bill Jones,18/3/1966,Iowa,USA,79,175,FALSE,TRUE,FALSE,1968,7,90,
77182,Dwight,Jones,Dwight Jones,27/2/1952,Houston,USA,82,210,FALSE,TRUE,FALSE,1973,1,9,
77183,Earl,Jones,Earl Jones,13/1/1961,District of Columbia,USA,84,210,FALSE,FALSE,TRUE,1984,1,23,
77184,Edgar,Jones,Edgar Jones,17/6/1956,Nevada-Reno,USA,82,225,FALSE,TRUE,FALSE,1979,2,31,
77185,Jake,Jones,Jake Jones,9/5/1949,Assumption,USA,75,180,TRUE,FALSE,FALSE,1971,6,97,
77186,Jimmy,Jones,Jimmy Jones,1/1/1945,Grambling,USA,76,188,TRUE,FALSE,FALSE,1967,2,13,
77187,Johnny,Jones,Johnny Jones,12/3/1943,California State-Los Angeles,USA,79,205,FALSE,TRUE,FALSE,-1,-1,-1,
77188,K.C.,Jones,K.C. Jones,25/5/1932,San Francisco,USA,73,200,TRUE,FALSE,FALSE,1956,2,,
77189,Major,Jones,Major Jones,9/7/1953,Albany State (GA),USA,81,225,FALSE,TRUE,FALSE,1976,2,20,
77191,Ozell,Jones,Ozell Jones,20/11/1960,California State-Fullerton,USA,83,235,FALSE,FALSE,TRUE,1984,4,90,
77192,Rich,Jones,Rich Jones,27/12/1946,Memphis,USA,80,77192,FALSE,TRUE,FALSE,1969,5,58,
77193,Bobby,Jones,Bobby Jones,18/12/1951,North Carolina,USA,81,210,FALSE,TRUE,FALSE,1974,1,5,
77194,Robin,Jones,Robin Jones,2/2/1954,St. Louis,USA,81,225,FALSE,FALSE,TRUE,-1,-1,-1,
77195,Nick,Jones,Nick Jones,28/3/1945,Oregon,USA,74,77195,TRUE,FALSE,FALSE,1967,3,31,
77196,Sam,Jones,Sam Jones,24/6/1933,North Carolina Central,USA,76,77196,TRUE,FALSE,FALSE,1957,1,8,
77197,Steve,Jones,Steve Jones,17/10/1942,Oregon,USA,77,77197,TRUE,FALSE,FALSE,-22,-22,-22,
77198,Wali,Jones,Wali Jones,14/2/1942,Villanova,USA,74,180,TRUE,FALSE,FALSE,1964,3,18,
77199,Wallace,Jones,Wallace Jones,14/7/1926,Kentucky,USA,76,225,FALSE,TRUE,FALSE,1949,1,8,
77200,Larry,Jones,Larry Jones,22/9/1942,Toledo,USA,74,180,TRUE,FALSE,FALSE,1964,3,20,
77201,Wil,Jones,Wil Jones,27/2/1947,Albany State (GA),USA,80,205,FALSE,TRUE,FALSE,1969,5,69,
77202,Willie,Jones,Willie Jones,29/6/1936,Northwestern,USA,75,77202,TRUE,FALSE,FALSE,1960,5,36,
77203,Willie,Jones,Willie Jones,1/9/1959,Vanderbilt,USA,80,190,FALSE,TRUE,FALSE,1982,3,54,
77205,Eddie,Jordan,Eddie Jordan,29/1/1955,Rutgers,USA,73,170,TRUE,FALSE,FALSE,1977,2,33,
77208,Thomas,Jordan,Thomas Jordan,23/5/1968,Oklahoma State,USA,82,220,FALSE,TRUE,FALSE,-1,-1,-1,
77209,Walter,Jordan,Walter Jordan,19/2/1956,Purdue,USA,79,77209,FALSE,TRUE,FALSE,1978,4,84,
77210,Phil,Jordon,Phil Jordon,12/9/1933,Whitworth,USA,82,205,FALSE,FALSE,TRUE,1956,,,
77211,Johnny,Jorgensen,Johnny Jorgensen,28/12/1921,DePaul,USA,74,185,TRUE,FALSE,FALSE,-1,-1,-1,
77212,Noble,Jorgensen,Noble Jorgensen,18/5/1925,Iowa,USA,81,228,FALSE,FALSE,TRUE,-1,-1,-1,
77213,Roger,Jorgensen,Roger Jorgensen,2/9/1920,Ohio State,USA,77,200,FALSE,FALSE,TRUE,-1,-1,-1,
77214,Yvon,Joseph,Yvon Joseph,31/10/1957,Georgia Tech,USA,83,245,FALSE,TRUE,FALSE,1985,2,36,
77215,Jeff,Judkins,Jeff Judkins,23/3/1956,Utah,USA,78,77215,TRUE,FALSE,FALSE,1978,2,30,
77217,Edwin,Kachan,Edwin Kachan,15/9/1925,DePaul,USA,74,175,TRUE,FALSE,FALSE,1948,,,
77218,George,Kaftan,George Kaftan,22/2/1928,Holy Cross,USA,75,190,FALSE,TRUE,FALSE,1949,2,,
77219,Ed,Kalafat,Ed Kalafat,13/10/1932,Minnesota,USA,78,245,FALSE,FALSE,TRUE,1954,1,9,
77221,Ralph,Kaplowitz,Ralph Kaplowitz,18/5/1919,New York University,USA,74,170,TRUE,FALSE,FALSE,-1,-1,-1,
77222,Tony,Kappen,Tony Kappen,13/4/1919,Forest Hills HS (NY),USA,70,165,TRUE,FALSE,FALSE,-1,-1,-1,
77223,George,Karl,George Karl,12/5/1951,North Carolina,USA,74,185,TRUE,FALSE,FALSE,1973,4,66,
77225,Ed,Kasid,Ed Kasid,13/8/1923,Minneapolis Vocational HS (MN),USA,71,185,TRUE,FALSE,FALSE,-1,-1,-1,
77226,Leo,Katkaveck,Leo Katkaveck,17/4/1923,North Carolina State,USA,72,185,TRUE,FALSE,FALSE,1948,,,
77227,Bob,Kauffman,Bob Kauffman,13/7/1946,Guilford,USA,80,240,FALSE,TRUE,FALSE,1968,1,3,
77228,Wilbert,Kautz,Wilbert Kautz,7/9/1915,Loyola-Chicago,USA,71,180,TRUE,FALSE,FALSE,-1,-1,-1,
77229,Clarence,Kea,Clarence Kea,2/2/1959,Lamar,USA,78,77229,FALSE,TRUE,FALSE,1980,8,169,
77230,Michael,Kearns,Michael Kearns,18/6/1929,Princeton,USA,74,178,TRUE,FALSE,FALSE,1951,5,48,
77231,Tommy,Kearns,Tommy Kearns,6/10/1936,North Carolina,USA,71,185,TRUE,FALSE,FALSE,1958,4,29,
77233,Harold,Keeling,Harold Keeling,18/9/1963,Santa Clara,USA,76,185,TRUE,FALSE,FALSE,1985,3,63,
77234,Ken,Keller,Ken Keller,5/4/1905,St. John's (NY),USA,,,,,,-1,-1,-1,
77235,Rich,Kelley,Rich Kelley,23/3/1953,Stanford,USA,84,235,FALSE,FALSE,TRUE,1975,1,7,
77236,Clark,Kellogg,Clark Kellogg,2/7/1961,Ohio State,USA,79,225,FALSE,TRUE,FALSE,1982,1,8,
77237,Gerard,Kelly,Gerard Kelly,14/6/1918,Marshall,USA,74,172,FALSE,TRUE,FALSE,-1,-1,-1,
77238,Tom,Kelly,Tom Kelly,5/3/1924,New York University,USA,72,170,TRUE,FALSE,FALSE,1948,,,
77239,Greg,Kelser,Greg Kelser,17/9/1957,Michigan State,USA,79,190,FALSE,TRUE,FALSE,1979,1,4,
77240,Ben,Kelso,Ben Kelso,11/4/1949,Central Michigan,USA,75,195,TRUE,FALSE,FALSE,1973,8,129,
77242,Frank,Kendrick,Frank Kendrick,11/9/1950,Purdue,USA,78,198,FALSE,TRUE,FALSE,1974,3,47,
77243,Eugene,Kennedy,Eugene Kennedy,23/8/1949,TCU,USA,77,77243,FALSE,FALSE,FALSE,1971,9,139,
77244,Joe,Kennedy,Joe Kennedy,12/1/1947,Duke,USA,78,210,FALSE,TRUE,FALSE,1968,10,122,
77245,William,Kennedy,William Kennedy,17/5/1938,Temple,USA,71,77245,TRUE,FALSE,FALSE,1960,2,15,
77246,Larry,Kenon,Larry Kenon,13/12/1952,Memphis,USA,81,77246,FALSE,TRUE,FALSE,1973,3,50,
77247,Bill,Kenville,Bill Kenville,1/12/1930,St. Bonaventure,USA,74,187,TRUE,FALSE,FALSE,1953,,,
77248,Johnny,Kerr,Johnny Kerr,17/8/1932,Illinois,USA,81,230,FALSE,FALSE,TRUE,1954,1,6,
77249,Jack,Kerris,Jack Kerris,30/1/1925,Loyola-Chicago,USA,78,215,FALSE,TRUE,FALSE,1949,1,9,
77251,Alec,Kessler,Alec Kessler,13/1/1967,Georgia,USA,83,230,FALSE,TRUE,FALSE,1990,1,12,
77254,Warren,Kidd,Warren Kidd,9/9/1970,Middle Tennessee State,USA,81,235,FALSE,TRUE,FALSE,-1,-1,-1,
77255,Irv,Kiffin,Irv Kiffin,8/8/1951,Oklahoma Baptist,USA,81,225,FALSE,TRUE,FALSE,-1,-1,-1,
77256,Jack,Kiley,Jack Kiley,5/1/1929,Syracuse,USA,73,170,TRUE,FALSE,FALSE,1951,2,13,
77257,Ernie,Killum,Ernie Killum,11/6/1948,Stetson,USA,75,77257,TRUE,FALSE,FALSE,1970,2,30,
77258,Carl,Kilpatrick,Carl Kilpatrick,16/5/1956,Louisiana-Monroe,USA,82,230,FALSE,FALSE,TRUE,1978,8,158,
77259,Toby,Kimball,Toby Kimball,7/9/1942,Connecticut,USA,78,220,FALSE,TRUE,FALSE,1965,3,26,
77260,Bo,Kimble,Bo Kimble,9/4/1966,Loyola-Marymount,USA,76,190,TRUE,FALSE,FALSE,1990,1,8,
77261,Stan,Kimbrough,Stan Kimbrough,24/4/1966,Xavier,USA,71,153,FALSE,TRUE,FALSE,-1,-1,-1,
77262,Chad,Kinch,Chad Kinch,22/5/1958,North Carolina-Charlotte,USA,76,190,TRUE,FALSE,FALSE,1980,1,22,
77263,Albert,King,Albert King,17/12/1959,Maryland,USA,78,190,FALSE,TRUE,FALSE,1981,1,10,
77264,Bernard,King,Bernard King,4/12/1956,Tennessee,USA,79,205,FALSE,TRUE,FALSE,1977,1,7,
77266,Dan,King,Dan King,7/1/1931,Western Kentucky,USA,78,77266,FALSE,FALSE,FALSE,-22,-22,-22,
77268,George,King,George King,16/8/1928,University of Charleston,USA,72,175,TRUE,FALSE,FALSE,1950,8,,
77270,Jim,King,Jim King,7/2/1941,Tulsa,USA,74,175,TRUE,FALSE,FALSE,1963,2,13,
77272,Maury,King,Maury King,12/3/1935,Kansas,USA,74,195,TRUE,FALSE,FALSE,1957,6,48,
77273,Reggie,King,Reggie King,14/2/1957,Alabama,USA,78,225,FALSE,TRUE,FALSE,1979,1,18,
77276,Tom,King,Tom King,9/3/1924,Michigan,USA,72,165,TRUE,FALSE,FALSE,-1,-1,-1,
77277,Bob,Kinney,Bob Kinney,16/9/1920,Rice,USA,78,77277,FALSE,FALSE,TRUE,-22,-22,-22,
77278,Walt,Kirk,Walt Kirk,3/9/1924,Illinois,USA,75,77278,TRUE,FALSE,FALSE,-22,-22,-22,
77279,Doug,Kistler,Doug Kistler,21/3/1938,Duke,USA,81,77279,FALSE,TRUE,FALSE,1961,3,26,
77280,Curtis,Kitchen,Curtis Kitchen,30/1/1964,South Florida,USA,81,77280,FALSE,TRUE,FALSE,1986,6,122,
77283,Leo,Klier,Leo Klier,21/5/1923,Notre Dame,USA,74,170,TRUE,FALSE,FALSE,-1,-1,-1,
77284,Herm,Klotz,Herm Klotz,21/10/1921,Villanova,USA,67,150,TRUE,FALSE,FALSE,-1,-1,-1,
77285,Duane,Klueh,Duane Klueh,6/1/1926,Indiana State,USA,75,175,TRUE,FALSE,FALSE,1949,8,,
77287,Bob,Knight,Bob Knight,14/4/1905,Weaver HS (CT),USA,74,185,TRUE,TRUE,FALSE,-1,-1,-1,
77288,Ron,Knight,Ron Knight,4/8/1947,California State-Los Angeles,USA,79,77288,FALSE,TRUE,FALSE,1970,5,76,
77289,Toby,Knight,Toby Knight,3/5/1955,Notre Dame,USA,81,210,FALSE,TRUE,FALSE,1977,2,32,
77290,Billy,Knight,Billy Knight,9/6/1952,Pittsburgh,USA,78,77290,FALSE,TRUE,FALSE,1974,2,21,
77291,Lee,Knorek,Lee Knorek,15/7/1921,Detroit,USA,79,215,FALSE,FALSE,TRUE,-1,-1,-1,
77292,Dick,Knostman,Dick Knostman,9/8/1931,Kansas State,USA,78,215,FALSE,FALSE,TRUE,1953,,,
77293,Rod,Knowles,Rod Knowles,27/2/1946,Davidson,USA,81,215,FALSE,FALSE,TRUE,1968,6,77,
77294,Bart,Kofoed,Bart Kofoed,24/3/1964,Nebraska-Kearney,USA,76,210,FALSE,TRUE,FALSE,1987,5,107,
77295,Don,Kojis,Don Kojis,15/7/1939,Marquette,USA,75,202,FALSE,TRUE,FALSE,1961,2,21,
77296,Milo,Komenich,Milo Komenich,22/6/1920,Wyoming,USA,79,212,FALSE,FALSE,TRUE,-1,-1,-1,
77297,Howard,Komives,Howard Komives,9/5/1941,Bowling Green,USA,73,77297,TRUE,FALSE,FALSE,1964,2,13,
77299,Bud,Koper,Bud Koper,9/8/1942,Oklahoma City,USA,78,210,TRUE,FALSE,FALSE,1964,2,14,
77300,Joe,Kopicki,Joe Kopicki,12/6/1960,Detroit,USA,81,240,FALSE,TRUE,FALSE,1982,3,56,
77301,Frank,Kornet,Frank Kornet,27/1/1967,Vanderbilt,USA,81,225,FALSE,TRUE,FALSE,1989,2,30,
77302,Len,Kosmalski,Len Kosmalski,29/11/1951,Tennessee,USA,83,245,FALSE,FALSE,TRUE,1974,2,24,
77303,Andy,Kostecka,Andy Kostecka,10/2/1921,Georgetown,USA,75,77303,FALSE,FALSE,FALSE,-22,-22,-22,
77304,Harold,Kottman,Harold Kottman,22/8/1922,Culver-Stockton,USA,80,77304,FALSE,FALSE,TRUE,-22,-22,-22,
77305,Tom,Kozelko,Tom Kozelko,1/7/1951,Toledo,USA,80,220,FALSE,TRUE,FALSE,1973,3,48,
77306,Arvid,Kramer,Arvid Kramer,2/10/1956,Augustana (SD),USA,81,220,FALSE,FALSE,TRUE,1979,3,45,
77307,Barry,Kramer,Barry Kramer,10/11/1942,New York University,USA,76,200,FALSE,TRUE,FALSE,1964,1,6,
77308,Joel,Kramer,Joel Kramer,30/11/1955,San Diego State,USA,79,203,FALSE,TRUE,FALSE,1978,3,63,
77309,Dan,Kraus,Dan Kraus,13/2/1923,Georgetown,USA,72,195,TRUE,FALSE,FALSE,1948,,,
77310,Herb,Krautblatt,Herb Krautblatt,19/11/1926,Rider,USA,73,190,TRUE,FALSE,FALSE,1948,,,
77311,Jim,Krebs,Jim Krebs,8/9/1935,Southern Methodist,USA,80,230,FALSE,FALSE,TRUE,1957,1,3,
77312,Wayne,Kreklow,Wayne Kreklow,4/1/1957,Drake,USA,76,175,TRUE,FALSE,FALSE,1979,3,53,
77313,Tom,Kron,Tom Kron,28/2/1943,Kentucky,USA,77,200,TRUE,FALSE,FALSE,1966,3,24,
77314,Tom,Kropp,Tom Kropp,12/2/1953,Nebraska-Kearney,USA,75,77314,TRUE,FALSE,FALSE,1975,3,48,
77316,Steve,Kuberski,Steve Kuberski,6/11/1947,Bradley,USA,80,215,FALSE,TRUE,FALSE,1969,4,52,
77317,Leo,Kubiak,Leo Kubiak,25/12/1926,Bowling Green,USA,71,160,TRUE,FALSE,FALSE,1948,,,
77318,Bruce,Kuczenski,Bruce Kuczenski,3/2/1961,Connecticut,USA,82,77318,FALSE,TRUE,FALSE,1983,3,59,
77319,Frank,Kudelka,Frank Kudelka,25/6/1925,St. Mary's (CA),USA,74,193,TRUE,FALSE,FALSE,-1,-1,-1,
77320,John,Kuester,John Kuester,6/2/1955,North Carolina,USA,74,180,TRUE,FALSE,FALSE,1977,3,53,
77322,Ray,Kuka,Ray Kuka,17/2/1922,Notre Dame,USA,75,200,FALSE,TRUE,FALSE,-1,-1,-1,
77323,Kevin,Kunnert,Kevin Kunnert,11/11/1951,Iowa,USA,84,230,FALSE,FALSE,TRUE,1973,1,12,
77324,Mitch,Kupchak,Mitch Kupchak,24/5/1954,North Carolina,USA,81,230,FALSE,TRUE,FALSE,1976,1,13,
77325,Charles,Kupec,Charles Kupec,16/1/1953,Michigan,USA,78,220,FALSE,FALSE,TRUE,1975,4,56,
77326,Sam,Lacey,Sam Lacey,28/3/1948,New Mexico State,USA,82,77326,FALSE,FALSE,TRUE,1970,1,5,
77327,Fred,LaCour,Fred LaCour,7/2/1938,San Francisco,USA,77,77327,TRUE,FALSE,FALSE,1960,3,22,
77328,Tom,LaGarde,Tom LaGarde,10/2/1955,North Carolina,USA,82,220,FALSE,FALSE,TRUE,1977,1,9,
77329,Pete,Lalich,Pete Lalich,23/6/1920,Ohio,USA,74,190,FALSE,TRUE,FALSE,-1,-1,-1,
77330,Bo,Lamar,Bo Lamar,7/4/1951,Louisiana-Lafayette,USA,73,77330,TRUE,FALSE,FALSE,1973,3,44,
77331,John,Lambert,John Lambert,14/1/1953,Southern California,USA,82,225,FALSE,FALSE,TRUE,1975,1,15,
77332,Jeff,Lamp,Jeff Lamp,9/3/1959,Virginia,USA,78,195,TRUE,FALSE,FALSE,1981,1,15,
77333,Jim,Lampley,Jim Lampley,2/7/1960,Arkansas-Little Rock,USA,82,230,FALSE,TRUE,FALSE,1983,5,102,
77334,Mark,Landsberger,Mark Landsberger,21/5/1955,Arizona State,USA,80,215,FALSE,TRUE,FALSE,1977,2,35,
77335,Jerome,Lane,Jerome Lane,4/12/1966,Pittsburgh,USA,78,77335,FALSE,TRUE,FALSE,1988,1,23,
77338,Stu,Lantz,Stu Lantz,13/7/1946,Nebraska,USA,75,175,TRUE,FALSE,FALSE,1968,3,23,
77339,York,Larese,York Larese,18/7/1938,North Carolina,USA,76,183,TRUE,FALSE,FALSE,1961,2,20,
77340,Rudy,LaRusso,Rudy LaRusso,11/11/1937,Dartmouth,USA,80,220,FALSE,TRUE,FALSE,1959,2,10,
77341,John,Laskowski,John Laskowski,7/6/1953,Indiana,USA,78,77341,TRUE,FALSE,FALSE,1975,2,32,
77342,Dave,Lattin,Dave Lattin,23/12/1943,Texas-El Paso,USA,78,77342,FALSE,TRUE,FALSE,1967,1,10,
77344,Rich,Laurel,Rich Laurel,11/7/1954,Hofstra,USA,78,190,TRUE,FALSE,FALSE,1977,1,19,
77345,Walt,Lautenbach,Walt Lautenbach,17/11/1922,Wisconsin,USA,74,185,FALSE,TRUE,FALSE,-1,-1,-1,
77346,Tony,Lavelli,Tony Lavelli,11/7/1926,Yale,USA,75,185,FALSE,TRUE,FALSE,1949,1,4,
77347,Bob,Lavoy,Bob Lavoy,29/6/1926,Western Kentucky,USA,79,185,FALSE,TRUE,FALSE,1950,1,8,
77348,Ed,Lawrence,Ed Lawrence,8/12/1952,McNeese State,USA,83,228,FALSE,FALSE,TRUE,1976,5,84,
77350,Dennis,Layton,Dennis Layton,24/12/1948,Southern California,USA,73,180,TRUE,FALSE,FALSE,1971,3,48,
77351,Emanuel,Leaks,Emanuel Leaks,27/11/1945,Niagara,USA,80,225,FALSE,FALSE,TRUE,1968,2,20,
77352,Hal,Lear,Hal Lear,31/1/1935,Temple,USA,71,163,TRUE,FALSE,FALSE,1956,1,7,
77353,Allen,Leavell,Allen Leavell,27/5/1957,Oklahoma City,USA,73,170,TRUE,FALSE,FALSE,1979,5,104,
77354,Jeff,Lebo,Jeff Lebo,5/10/1966,North Carolina,USA,74,77354,FALSE,TRUE,FALSE,-22,-22,-22,
77356,Butch,Lee,Butch Lee,5/12/1956,Marquette,USA,72,185,TRUE,FALSE,FALSE,1978,1,10,
77357,Clyde,Lee,Clyde Lee,14/3/1944,Vanderbilt,USA,82,205,FALSE,TRUE,FALSE,1966,1,3,
77358,Doug,Lee,Doug Lee,24/10/1964,Purdue,USA,77,200,TRUE,FALSE,FALSE,1987,2,35,
77359,George,Lee,George Lee,23/11/1936,Michigan,USA,76,200,FALSE,TRUE,FALSE,1959,4,24,
77360,Greg,Lee,Greg Lee,12/12/1951,UCLA,USA,75,77360,TRUE,FALSE,FALSE,1974,7,115,
77361,Keith,Lee,Keith Lee,28/12/1962,Memphis,USA,82,77361,FALSE,TRUE,FALSE,1985,1,11,
77362,Kurk,Lee,Kurk Lee,3/6/1967,Towson,USA,75,190,TRUE,FALSE,FALSE,-1,-1,-1,
77363,Rock,Lee,Rock Lee,1/5/1955,San Diego State,USA,82,220,FALSE,FALSE,TRUE,-1,-1,-1,
77364,Ron,Lee,Ron Lee,2/11/1952,Oregon,USA,75,193,TRUE,FALSE,FALSE,1976,1,10,
77365,Russell,Lee,Russell Lee,27/1/1950,Marshall,USA,77,185,FALSE,TRUE,FALSE,1972,1,6,
77366,Ed,Leede,Ed Leede,17/7/1927,Dartmouth,USA,75,77366,TRUE,FALSE,FALSE,-22,-22,-22,
77367,Hank,Lefkowitz,Hank Lefkowitz,31/8/1923,Case Western Reserve,USA,74,190,FALSE,TRUE,FALSE,-1,-1,-1,
77369,George,Lehmann,George Lehmann,1/5/1942,Campbell,USA,72,180,TRUE,FALSE,FALSE,-1,-1,-1,
77370,Gary,Leonard,Gary Leonard,16/2/1967,Missouri,USA,85,250,FALSE,FALSE,TRUE,1989,2,34,
77371,Bob,Leonard,Bob Leonard,17/7/1932,Indiana,USA,75,185,TRUE,FALSE,FALSE,1954,2,10,
77372,Jim,Les,Jim Les,18/8/1963,Bradley,USA,71,165,TRUE,FALSE,FALSE,1986,3,70,
77373,Ronnie,Lester,Ronnie Lester,1/1/1959,Iowa,USA,74,175,TRUE,FALSE,FALSE,1980,1,10,
77374,Clifford,Lett,Clifford Lett,23/12/1965,Florida,USA,75,170,TRUE,FALSE,FALSE,-1,-1,-1,
77375,Andrew,Levane,Andrew Levane,11/4/1920,St. John's (NY),USA,74,190,FALSE,TRUE,FALSE,-1,-1,-1,
77376,Lafayette,Lever,Lafayette Lever,18/8/1960,Arizona State,USA,75,170,TRUE,FALSE,FALSE,1982,1,11,
77377,Cliff,Levingston,Cliff Levingston,4/1/1961,Wichita State,USA,80,210,FALSE,TRUE,FALSE,1982,1,9,
77379,Fred,Lewis,Fred Lewis,6/1/1921,Eastern Kentucky,USA,74,195,FALSE,TRUE,FALSE,-1,-1,-1,
77380,Freddie,Lewis,Freddie Lewis,1/7/1943,Arizona State,USA,72,175,TRUE,FALSE,FALSE,1966,10,88,
77381,Grady,Lewis,Grady Lewis,25/3/1917,Oklahoma,USA,79,215,FALSE,TRUE,FALSE,-1,-1,-1,
77383,Ralph,Lewis,Ralph Lewis,28/3/1963,La Salle,USA,78,200,TRUE,FALSE,FALSE,1985,6,139,
77384,Reggie,Lewis,Reggie Lewis,21/11/1965,Northeastern,USA,79,195,TRUE,FALSE,FALSE,1987,1,22,
77385,Bobby,Lewis,Bobby Lewis,20/3/1945,North Carolina,USA,75,175,TRUE,FALSE,FALSE,1967,4,39,
77386,Marcus,Liberty,Marcus Liberty,27/10/1968,Illinois,USA,80,205,FALSE,TRUE,FALSE,1990,2,42,
77387,Todd,Lichti,Todd Lichti,8/1/1967,Stanford,USA,76,205,TRUE,FALSE,FALSE,1989,1,15,
77388,Bill,Ligon,Bill Ligon,19/5/1952,Vanderbilt,USA,76,180,TRUE,FALSE,FALSE,1974,10,175,
77389,Steve,Lingenfelter,Steve Lingenfelter,10/6/1958,South Dakota State,USA,81,225,FALSE,TRUE,FALSE,1981,2,44,
77392,Ron,Livingstone,Ron Livingstone,9/10/1925,Wyoming,USA,82,220,FALSE,FALSE,TRUE,1949,1,6,
77394,Earl,Lloyd,Earl Lloyd,3/4/1928,West Virginia State,USA,78,200,FALSE,TRUE,FALSE,1950,9,,
77395,Lewis,Lloyd,Lewis Lloyd,22/2/1959,Drake,USA,78,205,TRUE,FALSE,FALSE,1981,4,76,
77396,Scott,Lloyd,Scott Lloyd,19/12/1952,Arizona State,USA,82,230,FALSE,FALSE,TRUE,1976,2,24,
77397,Bob,Lochmueller,Bob Lochmueller,5/6/1927,Louisville,USA,77,185,FALSE,TRUE,FALSE,1952,1,7,
77398,Robert,Lock,Robert Lock,22/5/1966,Kentucky,USA,81,225,FALSE,TRUE,FALSE,1988,3,51,
77399,Darrell,Lockhart,Darrell Lockhart,14/9/1960,Auburn,USA,81,245,FALSE,TRUE,FALSE,1983,2,35,
77401,Kevin,Loder,Kevin Loder,15/3/1959,Alabama State,USA,78,205,FALSE,TRUE,FALSE,1981,1,17,
77402,Don,Lofgran,Don Lofgran,18/11/1928,San Francisco,USA,77,200,FALSE,TRUE,FALSE,1950,1,11,
77403,Johnny,Logan,Johnny Logan,1/1/1921,Indiana,USA,74,175,TRUE,FALSE,FALSE,-1,-1,-1,
77406,Paul,Long,Paul Long,8/2/1944,Wake Forest,USA,74,180,TRUE,FALSE,FALSE,1967,5,45,
77409,Jim,Loscutoff,Jim Loscutoff,4/2/1930,Oregon,USA,77,220,FALSE,TRUE,FALSE,1955,1,3,
77410,Plummer,Lott,Plummer Lott,11/12/1945,Seattle,USA,77,210,FALSE,TRUE,FALSE,1967,5,54,
77411,Kevin,Loughery,Kevin Loughery,28/3/1940,St. John's (NY),USA,75,190,TRUE,FALSE,FALSE,1962,2,11,
77412,Bob,Love,Bob Love,8/12/1942,Southern,USA,80,215,FALSE,TRUE,FALSE,1965,4,33,
77413,Stan,Love,Stan Love,9/4/1949,Oregon,USA,81,215,FALSE,TRUE,FALSE,1971,1,9,
77414,Clyde,Lovellette,Clyde Lovellette,7/9/1929,Kansas,USA,81,234,FALSE,FALSE,TRUE,1952,1,9,
77415,Sidney,Lowe,Sidney Lowe,21/1/1960,North Carolina State,USA,72,195,TRUE,FALSE,FALSE,1983,2,25,
77416,Chuck,Lowery,Chuck Lowery,12/11/1949,Puget Sound,USA,75,77416,TRUE,FALSE,FALSE,1971,8,125,
77417,Al,Lucas,Al Lucas,4/7/1922,Fordham,USA,75,195,FALSE,TRUE,FALSE,-1,-1,-1,
77418,Jerry,Lucas,Jerry Lucas,30/3/1940,Ohio State,USA,80,77418,FALSE,TRUE,FALSE,-22,-22,-22,
77419,John,Lucas,John Lucas,31/10/1953,Maryland,USA,75,175,TRUE,FALSE,FALSE,1976,1,1,
77420,Maurice,Lucas,Maurice Lucas,18/2/1952,Marquette,USA,81,215,FALSE,TRUE,FALSE,1974,1,14,
77421,Ted,Luckenbill,Ted Luckenbill,27/7/1939,Houston,USA,78,205,FALSE,TRUE,FALSE,1961,2,15,
77422,Jim,Luisi,Jim Luisi,2/11/1928,St. Francis (NY),USA,74,180,TRUE,FALSE,FALSE,1951,6,56,
77423,Al,Lujack,Al Lujack,5/10/1921,Georgetown,USA,75,220,FALSE,TRUE,FALSE,-1,-1,-1,
77424,Phil,Lumpkin,Phil Lumpkin,20/12/1951,Miami (Ohio),USA,72,165,TRUE,FALSE,FALSE,1974,2,34,
77425,Ray,Lumpp,Ray Lumpp,11/7/1923,New York University,USA,73,178,TRUE,FALSE,FALSE,1948,,,
77426,Kevin,Lynch,Kevin Lynch,24/12/1968,Minnesota,USA,77,195,FALSE,TRUE,FALSE,1991,2,28,
77427,Mike,Lynn,Mike Lynn,25/11/1945,UCLA,USA,79,215,FALSE,TRUE,FALSE,1968,4,39,
77428,Mike,Macaluso,Mike Macaluso,20/7/1951,Canisius,USA,77,210,FALSE,TRUE,FALSE,1973,6,88,
77429,Ed,Macauley,Ed Macauley,22/3/1928,St. Louis,USA,80,185,FALSE,FALSE,TRUE,1949,,,
77430,Ronnie,MacGilvray,Ronnie MacGilvray,20/7/1930,St. John's (NY),USA,74,185,TRUE,FALSE,FALSE,1952,,,
77432,Ollie,Mack,Ollie Mack,6/6/1957,East Carolina,USA,75,185,TRUE,FALSE,FALSE,1979,2,25,
77435,Rudy,Macklin,Rudy Macklin,19/2/1958,Louisiana State,USA,79,77435,FALSE,TRUE,FALSE,1981,3,52,
77436,Johnny,Macknowski,Johnny Macknowski,7/1/1923,Seton Hall,USA,73,77436,TRUE,FALSE,FALSE,-22,-22,-22,
77438,Kyle,Macy,Kyle Macy,9/4/1957,Kentucky,USA,75,175,TRUE,FALSE,FALSE,1979,1,22,
77439,Jack,Maddox,Jack Maddox,10/12/1921,West Texas A&M,USA,74,185,FALSE,TRUE,FALSE,-1,-1,-1,
77441,Norm,Mager,Norm Mager,23/3/1926,City College of New York,USA,77,185,FALSE,TRUE,FALSE,1950,5,,
77442,Dave,Magley,Dave Magley,24/11/1959,Kansas,USA,80,202,FALSE,TRUE,FALSE,1982,2,28,
77443,John,Mahnken,John Mahnken,16/6/1922,Georgetown,USA,80,220,FALSE,FALSE,TRUE,-1,-1,-1,
77444,Francis,Mahoney,Francis Mahoney,20/11/1927,Brown,USA,74,205,FALSE,TRUE,FALSE,1950,6,,
77447,Lionel,Malamed,Lionel Malamed,15/11/1924,City College of New York,USA,69,150,TRUE,FALSE,FALSE,-1,-1,-1,
77449,Moses,Malone,Moses Malone,23/3/1955,Petersburg HS (VA),USA,82,215,FALSE,FALSE,TRUE,-1,-1,-1,
77450,Steve,Malovic,Steve Malovic,21/7/1956,San Diego State,USA,82,230,FALSE,TRUE,FALSE,1978,7,149,
77451,Ted,Manakas,Ted Manakas,22/2/1951,Princeton,USA,74,180,TRUE,FALSE,FALSE,1973,3,36,
77452,John,Mandic,John Mandic,3/10/1919,Oregon State,USA,76,205,FALSE,TRUE,FALSE,1947,,,
77453,Frank,Mangiapane,Frank Mangiapane,25/8/1925,New York University,USA,70,195,TRUE,FALSE,FALSE,-1,-1,-1,
77454,Ed,Manning,Ed Manning,2/1/1944,Jackson State,USA,79,210,FALSE,TRUE,FALSE,1967,8,80,
77456,Pace,Mannion,Pace Mannion,22/9/1960,Utah,USA,79,190,TRUE,FALSE,FALSE,1983,2,43,
77457,Nick,Mantis,Nick Mantis,7/12/1935,Northwestern,USA,75,190,TRUE,FALSE,FALSE,1959,5,37,
77458,Peter,Maravich,Peter Maravich,20/8/1920,Davis & Elkins,USA,72,77458,FALSE,FALSE,FALSE,-22,-22,-22,
77459,Pete,Maravich,Pete Maravich,22/6/1947,Louisiana State,USA,77,77459,TRUE,FALSE,FALSE,1970,1,3,
77460,Roy,Marble,Roy Marble,13/12/1966,Iowa,USA,78,190,TRUE,FALSE,FALSE,1989,1,23,
77462,Saul,Mariaschin,Saul Mariaschin,1/9/1924,Harvard,USA,71,165,TRUE,FALSE,FALSE,1947,,,
77463,Jack,Marin,Jack Marin,12/10/1944,Duke,USA,78,77463,FALSE,TRUE,FALSE,1966,1,5,
77464,Harvey,Marlatt,Harvey Marlatt,26/8/1948,Eastern Michigan,USA,75,185,TRUE,FALSE,FALSE,-1,-1,-1,
77465,Eric,Marsh,Eric Marsh,10/3/1954,Manhattan,USA,75,200,TRUE,FALSE,FALSE,1977,8,165,
77466,Jim,Marsh,Jim Marsh,26/4/1946,Southern California,USA,79,215,FALSE,TRUE,FALSE,1968,11,136,
77467,Tom,Marshall,Tom Marshall,6/1/1931,Western Kentucky,USA,76,215,FALSE,TRUE,FALSE,1954,1,7,
77468,Vester,Marshall,Vester Marshall,22/12/1948,Oklahoma,USA,79,200,FALSE,TRUE,FALSE,-1,-1,-1,
77469,Brian,Martin,Brian Martin,18/8/1962,Kansas,USA,81,212,FALSE,TRUE,FALSE,1984,9,185,
77471,Donald,Martin,Donald Martin,25/5/1920,Georgetown,USA,68,160,TRUE,FALSE,FALSE,-1,-1,-1,
77472,Fernando,Martin,Fernando Martin,25/3/1962,Real Madrid,Spain,81,220,FALSE,FALSE,TRUE,1985,2,38,
77473,Don,Martin,Don Martin,7/2/1920,Central Missouri,USA,79,77473,FALSE,FALSE,FALSE,-22,-22,-22,
77474,Jeff,Martin,Jeff Martin,14/1/1967,Murray State,USA,77,195,TRUE,FALSE,FALSE,1989,2,31,
77475,Larue,Martin,Larue Martin,26/3/1950,Loyola-Chicago,USA,83,208,FALSE,FALSE,TRUE,1972,1,1,
77476,Mo,Martin,Mo Martin,2/7/1964,St. Joseph's (PA),USA,78,200,TRUE,FALSE,FALSE,1986,1,16,
77477,Phil,Martin,Phil Martin,2/4/1928,Toledo,USA,75,77477,TRUE,FALSE,FALSE,1954,4,29,
77478,Bob,Martin,Bob Martin,7/10/1969,Minnesota,USA,84,250,FALSE,FALSE,TRUE,-1,-1,-1,
77479,Ronald,Martin,Ronald Martin,11/4/1939,St. Bonaventure,USA,74,77479,TRUE,FALSE,FALSE,1961,2,10,
77480,Slater,Martin,Slater Martin,22/10/1925,Texas-Austin,USA,70,170,TRUE,FALSE,FALSE,-1,-1,-1,
77481,Bill,Martin,Bill Martin,16/8/1962,Georgetown,USA,79,205,FALSE,TRUE,FALSE,1985,2,26,
77482,Al,Masino,Al Masino,5/2/1928,Canisius,USA,70,174,TRUE,FALSE,FALSE,-1,-1,-1,
77483,Eddie,Mast,Eddie Mast,3/10/1948,Temple,USA,81,220,FALSE,TRUE,FALSE,1969,3,40,
77484,Wes,Matthews,Wes Matthews,24/8/1959,Wisconsin,USA,73,170,TRUE,FALSE,FALSE,1980,1,14,
77485,Ariel,Maughan,Ariel Maughan,23/2/1923,Utah State,USA,76,190,FALSE,TRUE,FALSE,-1,-1,-1,
77486,Marlon,Maxey,Marlon Maxey,19/2/1969,Texas-El Paso,USA,80,250,FALSE,TRUE,FALSE,1992,2,28,
77487,Cedric,Maxwell,Cedric Maxwell,21/11/1955,North Carolina-Charlotte,USA,80,205,FALSE,TRUE,FALSE,1977,1,12,
77489,Don,May,Don May,3/1/1946,Dayton,USA,76,200,FALSE,TRUE,FALSE,1968,3,30,
77490,Scott,May,Scott May,19/3/1954,Indiana,USA,78,215,FALSE,TRUE,FALSE,1976,1,2,
77492,Clyde,Mayes,Clyde Mayes,17/3/1953,Furman,USA,80,225,FALSE,TRUE,FALSE,1975,2,22,
77493,Tharon,Mayes,Tharon Mayes,9/9/1968,Florida State,USA,75,77493,TRUE,FALSE,FALSE,-22,-22,-22,
77494,Ken,Mayfield,Ken Mayfield,11/5/1948,Tuskegee,USA,74,77494,TRUE,FALSE,FALSE,1971,3,50,
77495,Bill,Mayfield,Bill Mayfield,17/10/1957,Iowa,USA,79,205,FALSE,TRUE,FALSE,-1,-1,-1,
77496,Travis,Mays,Travis Mays,19/6/1968,Texas-Austin,USA,74,190,TRUE,FALSE,FALSE,1990,1,14,
77497,Matt,Mazza,Matt Mazza,23/9/1923,Michigan State,USA,75,210,FALSE,TRUE,FALSE,-1,-1,-1,
77498,Bob,McAdoo,Bob McAdoo,25/9/1951,North Carolina,USA,81,210,FALSE,FALSE,TRUE,1972,1,2,
77499,Ken,McBride,Ken McBride,14/4/1905,Maryland-Eastern Shore,USA,75,190,FALSE,TRUE,FALSE,1952,,,
77500,Brendan,McCann,Brendan McCann,5/7/1935,St. Bonaventure,USA,74,178,TRUE,FALSE,FALSE,1957,1,5,
77502,Mel,McCants,Mel McCants,19/8/1967,Purdue,USA,80,240,FALSE,TRUE,FALSE,-1,-1,-1,
77503,Mike,McCarron,Mike McCarron,2/3/1922,Seton Hall,USA,71,180,TRUE,FALSE,FALSE,-1,-1,-1,
77504,Andre,McCarter,Andre McCarter,25/8/1953,UCLA,USA,75,190,TRUE,FALSE,FALSE,1976,6,89,
77505,Willie,McCarter,Willie McCarter,26/7/1946,Drake,USA,75,175,TRUE,FALSE,FALSE,1969,1,12,
77506,Johnny,McCarthy,Johnny McCarthy,25/4/1934,Canisius,USA,73,77506,TRUE,FALSE,FALSE,-22,-22,-22,
77507,Howie,McCarty,Howie McCarty,2/4/1905,Wayne State,USA,,,,,,-1,-1,-1,
77509,Dwayne,McClain,Dwayne McClain,7/2/1963,Villanova,USA,78,185,TRUE,FALSE,FALSE,1985,2,27,
77510,Ted,McClain,Ted McClain,30/8/1946,Tennessee State,USA,73,180,TRUE,FALSE,FALSE,1971,2,22,
77512,Jack,McCloskey,Jack McCloskey,19/9/1925,Pennsylvania,USA,74,190,TRUE,FALSE,FALSE,-1,-1,-1,
77513,John,McConathy,John McConathy,9/4/1930,Northwestern State,USA,77,195,FALSE,TRUE,FALSE,1951,1,5,
77514,Paul,McConnell,Paul McConnell,1/7/1928,Marshall,USA,70,77514,FALSE,FALSE,FALSE,-22,-22,-22,
77515,Keith,McCord,Keith McCord,22/6/1957,Alabama-Birmingham,USA,79,77515,TRUE,FALSE,FALSE,1979,1,198,
77516,Tim,McCormick,Tim McCormick,10/3/1962,Michigan,USA,83,240,FALSE,FALSE,TRUE,1984,1,12,
77517,Paul,McCracken,Paul McCracken,11/9/1950,California State-Northridge,USA,76,180,TRUE,FALSE,FALSE,-1,-1,-1,
77518,Scooter,McCray,Scooter McCray,8/2/1960,Louisville,USA,81,215,FALSE,TRUE,FALSE,1983,2,36,
77520,John,McCullough,John McCullough,5/10/1956,Oklahoma,USA,76,190,TRUE,FALSE,FALSE,1979,4,85,
77523,Jim,McDaniels,Jim McDaniels,2/4/1948,Western Kentucky,USA,83,228,FALSE,FALSE,TRUE,1971,2,23,
77524,Ben,McDonald,Ben McDonald,20/7/1962,California-Irvine,USA,80,210,FALSE,TRUE,FALSE,1984,3,50,
77525,Glenn,McDonald,Glenn McDonald,18/3/1952,Long Beach State,USA,78,190,FALSE,TRUE,FALSE,1974,1,17,
77527,Hank,McDowell,Hank McDowell,13/11/1959,Memphis,USA,81,215,FALSE,TRUE,FALSE,1981,5,102,
77528,Jim,McElroy,Jim McElroy,4/10/1953,Central Michigan,USA,75,190,TRUE,FALSE,FALSE,1975,3,38,
77529,Mel,McGaha,Mel McGaha,26/9/1926,Arkansas,USA,73,77529,TRUE,FALSE,FALSE,-22,-22,-22,
77530,Mike,McGee,Mike McGee,29/7/1959,Michigan,USA,77,190,FALSE,TRUE,FALSE,1981,1,19,
77531,Bill,McGill,Bill McGill,16/9/1939,Utah,USA,81,225,FALSE,FALSE,TRUE,1962,1,1,
77532,George,McGinnis,George McGinnis,12/8/1950,Indiana,USA,80,235,FALSE,TRUE,FALSE,1973,2,22,
77533,Jon,McGlocklin,Jon McGlocklin,10/6/1943,Indiana,USA,77,77533,TRUE,FALSE,FALSE,1965,3,24,
77534,Gil,McGregor,Gil McGregor,14/6/1949,Wake Forest,USA,80,240,FALSE,TRUE,FALSE,1971,6,89,
77535,Allie,McGuire,Allie McGuire,10/7/1951,Marquette,USA,75,175,TRUE,FALSE,FALSE,1973,3,49,
77536,Al,McGuire,Al McGuire,7/9/1928,St. John's (NY),USA,74,180,TRUE,FALSE,FALSE,1951,6,55,
77537,Dick,McGuire,Dick McGuire,25/1/1926,St. John's (NY),USA,72,180,TRUE,FALSE,FALSE,1949,1,7,
77540,Kenny,McIntosh,Kenny McIntosh,21/1/1949,Eastern Michigan,USA,79,225,FALSE,TRUE,FALSE,1971,1,15,
77541,Kevin,McKenna,Kevin McKenna,8/1/1959,Creighton,USA,77,195,FALSE,TRUE,FALSE,1981,4,88,
77542,Forrest,McKenzie,Forrest McKenzie,16/2/1963,Loyola-Marymount,USA,79,200,FALSE,TRUE,FALSE,1986,3,48,
77543,Stan,McKenzie,Stan McKenzie,6/10/1944,New York University,USA,77,195,FALSE,TRUE,FALSE,1966,11,94,
77545,Carlton,McKinney,Carlton McKinney,21/10/1964,Southern Methodist,USA,76,190,FALSE,TRUE,FALSE,-1,-1,-1,
77546,Horace,McKinney,Horace McKinney,1/1/1919,North Carolina,USA,78,185,FALSE,TRUE,FALSE,-1,-1,-1,
77547,Billy,McKinney,Billy McKinney,5/6/1955,Northwestern,USA,72,77547,FALSE,FALSE,FALSE,1977,6,115,
77548,Mccoy,McLemore,Mccoy McLemore,3/4/1942,Drake,USA,79,230,FALSE,TRUE,FALSE,1964,3,23,
77549,George,McLeod,George McLeod,3/1/1931,TCU,USA,77,77549,FALSE,FALSE,FALSE,-22,-22,-22,
77551,Jack,McMahon,Jack McMahon,3/12/1928,St. John's (NY),USA,73,185,TRUE,FALSE,FALSE,1952,,,
77553,Tom,McMillen,Tom McMillen,26/5/1952,Maryland,USA,83,215,FALSE,TRUE,FALSE,1974,1,9,
77554,Jim,McMillian,Jim McMillian,11/3/1948,Columbia,USA,77,215,FALSE,TRUE,FALSE,1970,1,13,
77555,Shellie,McMillon,Shellie McMillon,11/3/1936,Bradley,USA,77,205,FALSE,TRUE,FALSE,1958,6,42,
77556,Mal,McMullan,Mal McMullan,23/8/1927,Xavier,USA,,77556,FALSE,FALSE,FALSE,-22,-22,-22,
77557,Chet,McNabb,Chet McNabb,4/4/1905,Arizona State,USA,,77557,FALSE,FALSE,FALSE,-22,-22,-22,
77558,Mark,McNamara,Mark McNamara,8/6/1959,California,USA,83,235,FALSE,FALSE,TRUE,1982,1,22,
77559,Joe,McNamee,Joe McNamee,24/9/1926,San Francisco,USA,78,210,FALSE,FALSE,TRUE,1950,1,9,
77560,Chris,McNealy,Chris McNealy,15/7/1961,San Jose State,USA,79,77560,FALSE,TRUE,FALSE,1983,2,38,
77561,Larry,McNeill,Larry McNeill,31/1/1951,Marquette,USA,81,195,FALSE,TRUE,FALSE,1973,2,25,
77562,Bob,McNeill,Bob McNeill,22/10/1938,St. Joseph's (PA),USA,73,170,TRUE,FALSE,FALSE,1960,3,19,
77563,Carl,McNulty,Carl McNulty,14/2/1930,Purdue,USA,75,185,TRUE,FALSE,FALSE,1952,,,
77565,Cozell,McQueen,Cozell McQueen,18/1/1962,North Carolina State,USA,83,77565,FALSE,TRUE,FALSE,1985,4,91,
77566,Thales,McReynolds,Thales McReynolds,8/6/1943,Miles,USA,75,185,TRUE,FALSE,FALSE,1965,11,82,
77567,Eric,McWilliams,Eric McWilliams,18/4/1950,Long Beach State,USA,80,200,FALSE,TRUE,FALSE,1972,3,37,
77568,George,Mearns,George Mearns,18/4/1922,Rhode Island,USA,75,175,FALSE,TRUE,FALSE,-1,-1,-1,
77570,Cliff,Meely,Cliff Meely,10/7/1947,Colorado,USA,80,215,FALSE,TRUE,FALSE,1971,1,7,
77571,Scott,Meents,Scott Meents,4/1/1964,Illinois,USA,82,77571,FALSE,TRUE,FALSE,1986,4,74,
77572,Dick,Mehen,Dick Mehen,20/5/1922,Tennessee,USA,77,195,FALSE,TRUE,FALSE,-1,-1,-1,
77573,Don,Meineke,Don Meineke,30/10/1930,Dayton,USA,79,208,FALSE,TRUE,FALSE,1952,,,
77574,Carl,Meinhold,Carl Meinhold,29/3/1926,Long Island-Brooklyn,USA,74,77574,FALSE,FALSE,FALSE,-22,-22,-22,
77575,Gary,Melchionni,Gary Melchionni,19/1/1951,Duke,USA,74,77575,TRUE,FALSE,FALSE,1973,2,33,
77576,Bill,Melchionni,Bill Melchionni,19/10/1944,Villanova,USA,73,165,TRUE,FALSE,FALSE,1966,2,19,
77577,Ed,Melvin,Ed Melvin,13/2/1916,Duquesne,USA,69,170,FALSE,TRUE,FALSE,-1,-1,-1,
77578,Dean,Meminger,Dean Meminger,13/5/1948,Marquette,USA,73,175,TRUE,FALSE,FALSE,1971,1,16,
77579,Chuck,Mencel,Chuck Mencel,21/4/1933,Minnesota,USA,72,168,TRUE,FALSE,FALSE,1955,2,12,
77580,John,Mengelt,John Mengelt,16/10/1949,Auburn,USA,74,195,TRUE,FALSE,FALSE,1971,2,21,
77581,Ken,Menke,Ken Menke,2/10/1922,Illinois,USA,72,168,TRUE,FALSE,FALSE,-1,-1,-1,
77582,Joe,Meriweather,Joe Meriweather,26/10/1953,Southern Illinois,USA,82,215,FALSE,FALSE,TRUE,1975,1,11,
77583,Porter,Meriwether,Porter Meriwether,16/3/1940,Tennessee State,USA,74,180,TRUE,FALSE,FALSE,1962,3,21,
77584,Tom,Meschery,Tom Meschery,26/10/1938,St. Mary's (CA),USA,78,215,FALSE,TRUE,FALSE,1961,1,7,
77586,Dave,Meyers,Dave Meyers,21/4/1953,UCLA,USA,81,215,FALSE,TRUE,FALSE,1975,1,2,
77587,Stan,Miasek,Stan Miasek,8/8/1924,No School,USA,77,210,FALSE,TRUE,FALSE,-1,-1,-1,
77588,Larry,Micheaux,Larry Micheaux,24/3/1960,Houston,USA,81,220,FALSE,TRUE,FALSE,1983,2,29,
77589,Zigmund,Mihalik,Zigmund Mihalik,22/9/1916,Ford City HS (PA),USA,72,180,TRUE,FALSE,FALSE,-1,-1,-1,
77590,Ed,Mikan,Ed Mikan,20/10/1925,DePaul,USA,80,230,FALSE,FALSE,TRUE,1948,1,5,
77591,Larry,Mikan,Larry Mikan,8/4/1948,Minnesota,USA,79,77591,FALSE,TRUE,FALSE,1970,4,64,
77593,Vern,Mikkelsen,Vern Mikkelsen,21/10/1928,Hamline,USA,79,230,FALSE,TRUE,FALSE,1949,,,
77594,Al,Miksis,Al Miksis,2/2/1928,Western Illinois,USA,79,210,FALSE,FALSE,TRUE,-1,-1,-1,
77596,Eddie,Miles,Eddie Miles,5/7/1940,Seattle,USA,76,195,TRUE,FALSE,FALSE,1963,1,4,
77598,Nat,Militzok,Nat Militzok,3/5/1923,Cornell,USA,75,195,FALSE,TRUE,FALSE,-1,-1,-1,
77599,Eddie,Miller,Eddie Miller,18/6/1931,Syracuse,USA,80,225,FALSE,TRUE,FALSE,1952,,,
77600,Harry,Miller,Harry Miller,28/7/1923,North Carolina,USA,76,230,FALSE,FALSE,TRUE,-1,-1,-1,
77601,Jay,Miller,Jay Miller,19/7/1943,Notre Dame,USA,77,205,FALSE,TRUE,FALSE,-1,-1,-1,
77602,Dick,Miller,Dick Miller,26/4/1958,Toledo,USA,78,215,FALSE,TRUE,FALSE,1980,2,40,
77603,Bob,Miller,Bob Miller,9/7/1956,Cincinnati,USA,82,230,FALSE,TRUE,FALSE,1978,4,85,
77604,Walt,Miller,Walt Miller,30/7/1915,Duquesne,USA,74,190,FALSE,TRUE,FALSE,-1,-1,-1,
77605,Bill,Miller,Bill Miller,24/11/1924,North Carolina,USA,75,190,FALSE,TRUE,FALSE,-1,-1,-1,
77606,John,Mills,John Mills,7/9/1919,Western Kentucky,USA,80,203,FALSE,FALSE,TRUE,-1,-1,-1,
77609,Dirk,Minniefield,Dirk Minniefield,17/1/1961,Kentucky,USA,75,77609,TRUE,FALSE,FALSE,1983,2,33,
77610,Dave,Minor,Dave Minor,23/2/1922,UCLA,USA,74,185,TRUE,FALSE,FALSE,-1,-1,-1,
77612,Mark,Minor,Mark Minor,14/5/1950,Ohio State,USA,78,77612,FALSE,TRUE,FALSE,1972,1,165,
77613,Wat,Misaka,Wat Misaka,21/12/1923,Utah,USA,67,150,TRUE,FALSE,FALSE,1947,,,
77614,Todd,Mitchell,Todd Mitchell,26/7/1966,Purdue,USA,79,77614,FALSE,TRUE,FALSE,1988,2,43,
77615,Mike,Mitchell,Mike Mitchell,1/1/1956,Auburn,USA,79,215,FALSE,TRUE,FALSE,1978,1,15,
77616,Murray,Mitchell,Murray Mitchell,19/3/1923,Sam Houston State,USA,78,,FALSE,FALSE,TRUE,1948,,,
77618,Steve,Mix,Steve Mix,30/12/1947,Toledo,USA,79,215,FALSE,TRUE,FALSE,1969,5,61,
77619,Bill,Mlkvy,Bill Mlkvy,19/1/1931,Temple,USA,76,190,FALSE,TRUE,FALSE,1952,,,
77621,Larry,Moffett,Larry Moffett,5/11/1954,UNLV,USA,80,210,FALSE,TRUE,FALSE,1977,2,34,
77622,Leo,Mogus,Leo Mogus,13/4/1921,Youngstown State,USA,76,190,FALSE,TRUE,FALSE,-1,-1,-1,
77623,Paul,Mokeski,Paul Mokeski,3/1/1957,Kansas,USA,84,250,FALSE,FALSE,TRUE,1979,2,42,
77624,Jack,Molinas,Jack Molinas,1/10/1931,Columbia,USA,78,200,FALSE,TRUE,FALSE,1953,1,3,
77625,Wayne,Molis,Wayne Molis,17/4/1943,Lewis,USA,80,230,FALSE,TRUE,FALSE,1965,10,75,
77626,Sidney,Moncrief,Sidney Moncrief,21/9/1957,Arkansas,USA,76,180,TRUE,FALSE,FALSE,1979,1,5,
77627,Eric,Money,Eric Money,6/2/1955,Arizona,USA,72,170,TRUE,FALSE,FALSE,1974,2,33,
77628,Rodney,Monroe,Rodney Monroe,16/4/1968,North Carolina State,USA,75,185,TRUE,FALSE,FALSE,1991,2,30,
77630,Howie,Montgomery,Howie Montgomery,22/8/1940,Texas-Pan American,USA,76,220,FALSE,TRUE,FALSE,1962,7,59,
77631,Jim,Mooney,Jim Mooney,8/7/1930,Villanova,USA,77,215,FALSE,TRUE,FALSE,-1,-1,-1,
77632,Andre,Moore,Andre Moore,2/7/1964,Loyola-Chicago,USA,81,215,FALSE,TRUE,FALSE,1987,2,31,
77633,Johnny,Moore,Johnny Moore,3/3/1958,Texas-Austin,USA,73,175,TRUE,FALSE,FALSE,1979,2,43,
77634,Jackie,Moore,Jackie Moore,24/9/1932,La Salle,USA,77,180,FALSE,TRUE,FALSE,-1,-1,-1,
77635,Lowes,Moore,Lowes Moore,5/5/1957,West Virginia,USA,73,170,TRUE,FALSE,FALSE,1980,3,52,
77636,Otto,Moore,Otto Moore,27/8/1946,Texas-Pan American,USA,83,205,FALSE,FALSE,TRUE,1968,1,6,
77637,Ron,Moore,Ron Moore,16/1/1962,West Virginia State,USA,84,260,FALSE,FALSE,TRUE,1987,2,25,
77639,Jackie,Moreland,Jackie Moreland,11/3/1938,Louisiana Tech,USA,79,215,FALSE,TRUE,FALSE,1960,1,4,
77640,Guy,Morgan,Guy Morgan,23/8/1960,Wake Forest,USA,80,205,TRUE,FALSE,FALSE,1982,2,40,
77641,Rex,Morgan,Rex Morgan,27/10/1948,Jacksonville,USA,77,77641,TRUE,FALSE,FALSE,1970,2,21,
77642,Elmo,Morgenthaler,Elmo Morgenthaler,3/8/1922,New Mexico Tech,USA,81,230,FALSE,FALSE,TRUE,-1,-1,-1,
77644,Darren,Morningstar,Darren Morningstar,22/4/1969,Pittsburgh,USA,82,235,FALSE,FALSE,TRUE,1992,2,47,
77646,Max,Morris,Max Morris,14/3/1925,Northwestern,USA,74,195,FALSE,TRUE,FALSE,-1,-1,-1,
77647,Isaiah,Morris,Isaiah Morris,2/4/1969,Arkansas,USA,80,229,FALSE,TRUE,FALSE,1992,2,37,
77648,Dwight,Morrison,Dwight Morrison,26/4/1932,Idaho,USA,80,77648,FALSE,TRUE,FALSE,1954,2,14,
77649,Mike,Morrison,Mike Morrison,16/8/1967,Loyola-Maryland,USA,76,195,TRUE,FALSE,FALSE,1989,2,51,
77652,Richard,Morton,Richard Morton,2/2/1966,California State-Fullerton,USA,75,77652,FALSE,TRUE,FALSE,-22,-22,-22,
77653,Glenn,Mosley,Glenn Mosley,26/12/1955,Seton Hall,USA,80,195,FALSE,TRUE,FALSE,1977,1,20,
77654,Perry,Moss,Perry Moss,11/11/1958,Northeastern,USA,74,185,TRUE,FALSE,FALSE,1982,3,69,
77657,Chuck,Mrazovich,Chuck Mrazovich,26/2/1924,Eastern Kentucky,USA,77,185,FALSE,TRUE,FALSE,1950,3,,
77658,Erwin,Mueller,Erwin Mueller,12/3/1944,San Francisco,USA,80,230,FALSE,TRUE,FALSE,1966,2,20,
77659,Joe,Mullaney,Joe Mullaney,17/11/1925,Holy Cross,USA,72,77659,TRUE,FALSE,FALSE,-22,-22,-22,
77660,Bob,Mullens,Bob Mullens,1/11/1922,Fordham,USA,73,77660,FALSE,FALSE,FALSE,-22,-22,-22,
77662,Jeff,Mullins,Jeff Mullins,18/3/1942,Duke,USA,76,77662,TRUE,FALSE,FALSE,1964,1,5,
77664,Chris,Munk,Chris Munk,5/8/1967,Southern California,USA,81,77664,FALSE,TRUE,FALSE,-22,-22,-22,
77665,George,Munroe,George Munroe,5/1/1922,Dartmouth,USA,71,170,TRUE,FALSE,FALSE,-1,-1,-1,
77668,Allen,Murphy,Allen Murphy,15/7/1952,Louisville,USA,76,77668,TRUE,FALSE,FALSE,1975,2,35,
77669,Calvin,Murphy,Calvin Murphy,9/5/1948,Niagara,USA,69,165,TRUE,FALSE,FALSE,1970,2,18,
77670,Jay,Murphy,Jay Murphy,26/6/1962,Boston College,USA,81,220,FALSE,TRUE,FALSE,1984,2,31,
77671,John,Murphy,John Murphy,13/9/1924,Simon Gratz HS (PA),USA,74,175,FALSE,TRUE,FALSE,1975,8,140,
77672,Dick,Murphy,Dick Murphy,10/3/1921,Manhattan,USA,73,77672,TRUE,FALSE,FALSE,-22,-22,-22,
77673,Ronnie,Murphy,Ronnie Murphy,29/7/1964,Jacksonville,USA,77,225,FALSE,TRUE,FALSE,1987,1,17,
77674,Tod,Murphy,Tod Murphy,24/12/1963,California-Irvine,USA,81,220,FALSE,FALSE,TRUE,1986,3,53,
77675,Ken,Murray,Ken Murray,20/4/1928,St. Bonaventure,USA,74,190,TRUE,FALSE,FALSE,1950,4,,
77676,Dorie,Murrey,Dorie Murrey,7/9/1943,Detroit,USA,80,215,FALSE,TRUE,FALSE,1966,2,12,
77677,Angelo,Musi,Angelo Musi,25/7/1918,Temple,USA,69,145,TRUE,FALSE,FALSE,-1,-1,-1,
77681,Bob,Naber,Bob Naber,3/9/1929,Louisville,USA,75,185,FALSE,TRUE,FALSE,-1,-1,-1,
77682,Boris,Nachamkin,Boris Nachamkin,6/12/1933,New York University,USA,78,210,FALSE,TRUE,FALSE,1954,2,16,
77683,Jerry,Nagel,Jerry Nagel,18/5/1928,Loyola-Chicago,USA,72,190,TRUE,FALSE,FALSE,1949,4,,
77684,Fred,Nagy,Fred Nagy,3/1/1924,Akron,USA,73,185,TRUE,FALSE,FALSE,1947,,,
77685,Larry,Nance,Larry Nance,12/2/1959,Clemson,USA,82,77685,FALSE,TRUE,FALSE,1981,1,20,
77686,Paul,Napolitano,Paul Napolitano,3/2/1923,San Francisco,USA,74,77686,FALSE,FALSE,FALSE,-22,-22,-22,
77687,Charles,Nash,Charles Nash,24/7/1942,Kentucky,USA,77,215,FALSE,TRUE,FALSE,1964,2,12,
77688,Bob,Nash,Bob Nash,24/8/1950,Hawaii,USA,80,195,FALSE,TRUE,FALSE,1972,1,9,
77689,Swen,Nater,Swen Nater,14/1/1950,UCLA,USA,83,240,FALSE,FALSE,TRUE,1973,1,16,
77690,Howard,Nathan,Howard Nathan,21/1/1972,Louisiana-Monroe,USA,71,175,TRUE,FALSE,FALSE,-1,-1,-1,
77691,Calvin,Natt,Calvin Natt,8/1/1957,Louisiana-Monroe,USA,78,77691,FALSE,TRUE,FALSE,1979,1,8,
77692,Kenny,Natt,Kenny Natt,5/10/1958,Louisiana-Monroe,USA,75,185,TRUE,FALSE,FALSE,1980,2,30,
77693,Willie,Naulls,Willie Naulls,7/10/1934,UCLA,USA,78,225,FALSE,TRUE,FALSE,1956,,,
77694,Craig,Neal,Craig Neal,16/2/1964,Georgia Tech,USA,77,165,TRUE,FALSE,FALSE,1988,3,71,
77695,Jim,Neal,Jim Neal,21/5/1930,Wofford,USA,83,235,FALSE,FALSE,TRUE,1953,1,6,
77696,Lloyd,Neal,Lloyd Neal,10/12/1950,Tennessee State,USA,79,77696,FALSE,TRUE,FALSE,1972,3,31,
77697,Ed,Nealy,Ed Nealy,19/2/1960,Kansas State,USA,79,238,FALSE,TRUE,FALSE,1982,8,166,
77698,Al,Negratti,Al Negratti,12/6/1921,Seton Hall,USA,75,200,FALSE,TRUE,FALSE,-1,-1,-1,
77699,Barry,Nelson,Barry Nelson,19/9/1949,Duquesne,USA,82,77699,FALSE,FALSE,TRUE,1971,5,85,
77700,Don,Nelson,Don Nelson,15/5/1940,Iowa,USA,78,210,FALSE,TRUE,FALSE,1962,3,17,
77701,Louie,Nelson,Louie Nelson,28/5/1951,Washington,USA,75,190,TRUE,FALSE,FALSE,1973,2,19,
77704,Martin,Nessley,Martin Nessley,16/2/1965,Duke,USA,86,260,FALSE,TRUE,FALSE,1987,6,116,
77705,Johnny,Neumann,Johnny Neumann,11/9/1951,Mississippi,USA,78,200,TRUE,FALSE,FALSE,1973,6,98,
77706,Paul,Neumann,Paul Neumann,30/1/1938,Stanford,USA,73,175,TRUE,FALSE,FALSE,1959,4,27,
77707,Chuck,Nevitt,Chuck Nevitt,13/6/1959,North Carolina State,USA,89,77707,FALSE,FALSE,TRUE,1982,3,63,
77710,Mike,Newlin,Mike Newlin,2/1/1949,Utah,USA,76,77710,TRUE,FALSE,FALSE,1971,2,24,
77712,Dave,Newmark,Dave Newmark,11/9/1946,Columbia,USA,84,240,FALSE,FALSE,TRUE,1968,3,31,
77713,Jack,Nichols,Jack Nichols,9/4/1926,Washington,USA,79,222,FALSE,FALSE,TRUE,1948,1,12,
77715,Carl,Nicks,Carl Nicks,6/10/1958,Indiana State,USA,73,175,TRUE,FALSE,FALSE,1980,1,23,
77716,Rich,Niemann,Rich Niemann,2/7/1946,St. Louis,USA,84,77716,FALSE,FALSE,TRUE,1968,4,42,
77717,John,Niemiera,John Niemiera,26/5/1921,Notre Dame,USA,73,165,TRUE,FALSE,FALSE,-1,-1,-1,
77718,Mike,Niles,Mike Niles,31/3/1955,California State-Fullerton,USA,78,225,FALSE,TRUE,FALSE,1979,4,83,
77719,Kurt,Nimphius,Kurt Nimphius,13/3/1958,Arizona State,USA,82,218,FALSE,FALSE,TRUE,1980,3,47,
77720,Dyron,Nix,Dyron Nix,11/2/1967,Tennessee,USA,79,210,TRUE,FALSE,FALSE,1989,2,29,
77721,Norm,Nixon,Norm Nixon,11/10/1955,Duquesne,USA,74,170,TRUE,FALSE,FALSE,1977,1,22,
77722,Chuck,Noble,Chuck Noble,24/7/1931,Louisville,USA,76,190,TRUE,FALSE,FALSE,1954,4,30,
77723,Paul,Noel,Paul Noel,4/8/1924,Kentucky,USA,76,185,FALSE,TRUE,FALSE,-1,-1,-1,
77724,Jim,Nolan,Jim Nolan,9/6/1927,Georgia Tech,USA,80,210,FALSE,FALSE,TRUE,1949,2,,
77725,Paul,Nolen,Paul Nolen,3/9/1929,Texas Tech,USA,82,,FALSE,FALSE,TRUE,1953,,,
77727,Robert,Nordmann,Robert Nordmann,11/12/1939,St. Louis,USA,82,225,FALSE,FALSE,TRUE,1961,3,25,
77728,Johnny,Norlander,Johnny Norlander,5/3/1921,Hamline,USA,75,180,FALSE,TRUE,FALSE,-1,-1,-1,
77729,Connie,Norman,Connie Norman,24/9/1953,Arizona,USA,75,175,TRUE,FALSE,FALSE,1974,3,37,
77731,Audie,Norris,Audie Norris,18/12/1960,Jackson State,USA,81,230,FALSE,FALSE,TRUE,1982,2,37,
77732,Sylvester,Norris,Sylvester Norris,18/2/1957,Jackson State,USA,83,220,FALSE,FALSE,TRUE,1979,3,63,
77733,Willie,Norwood,Willie Norwood,8/8/1947,Alcorn State,USA,79,77733,FALSE,TRUE,FALSE,1969,2,19,
77734,George,Nostrand,George Nostrand,25/1/1924,Wyoming,USA,80,195,FALSE,FALSE,TRUE,-1,-1,-1,
77735,Stan,Noszka,Stan Noszka,19/9/1920,Duquesne,USA,73,185,TRUE,FALSE,FALSE,-1,-1,-1,
77736,Mike,Novak,Mike Novak,23/4/1915,Loyola-Chicago,USA,81,219,FALSE,FALSE,TRUE,-1,-1,-1,
77737,Mel,Nowell,Mel Nowell,27/12/1939,Ohio State,USA,74,170,TRUE,FALSE,FALSE,1962,12,90,
77738,Dennis,Nutt,Dennis Nutt,25/3/1963,TCU,USA,74,170,TRUE,FALSE,FALSE,-1,-1,-1,
77741,Ed,O'Bannon,Ed O'Bannon,,,,,,,,,,,,
77742,John,O'Boyle,John O'Boyle,7/3/1928,Colorado State,USA,74,185,TRUE,FALSE,FALSE,-1,-1,-1,
77743,Buckshot,O'Brien,Buckshot O'Brien,28/4/1928,Butler,USA,,,,,,1950,6,,
77744,Bob,O'Brien,Bob O'Brien,26/1/1927,Pepperdine,USA,76,190,FALSE,TRUE,FALSE,-1,-1,-1,
77745,Dermie,O'Connell,Dermie O'Connell,13/4/1928,Holy Cross,USA,72,174,TRUE,FALSE,FALSE,-1,-1,-1,
77746,Andy,O'Donnell,Andy O'Donnell,10/3/1925,Loyola-Maryland,USA,73,180,TRUE,FALSE,FALSE,-1,-1,-1,
77747,Carlos,Ogden,Carlos Ogden,29/12/1946,Santa Clara,USA,78,215,FALSE,TRUE,FALSE,1969,1,13,
77748,Ralph,Ogden,Ralph Ogden,25/1/1948,Santa Clara,USA,77,205,FALSE,TRUE,FALSE,1970,4,53,
77750,Francis,O'Grady,Francis O'Grady,19/1/1920,Georgetown,USA,71,160,TRUE,FALSE,FALSE,-1,-1,-1,
77751,Don,Ohl,Don Ohl,18/4/1936,Illinois,USA,75,190,TRUE,FALSE,FALSE,1958,5,36,
77752,Dick,O'Keefe,Dick O'Keefe,29/9/1923,Santa Clara,USA,74,77752,FALSE,FALSE,FALSE,1947,1,9,
77753,Tommy,O'Keefe,Tommy O'Keefe,16/7/1926,Georgetown,USA,74,185,TRUE,FALSE,FALSE,1950,4,,
77754,Mike,O'Koren,Mike O'Koren,7/2/1958,North Carolina,USA,79,207,FALSE,TRUE,FALSE,1980,1,6,
77756,Mark,Olberding,Mark Olberding,21/4/1956,Minnesota,USA,80,225,FALSE,TRUE,FALSE,-1,-1,-1,
77757,Jawann,Oldham,Jawann Oldham,4/7/1957,Seattle,USA,84,215,FALSE,FALSE,TRUE,1980,2,41,
77758,Johnny,Oldham,Johnny Oldham,22/6/1923,Western Kentucky,USA,75,175,TRUE,FALSE,FALSE,1949,2,,
77759,Frank,Oleynick,Frank Oleynick,20/2/1955,Seattle,USA,74,77759,TRUE,FALSE,FALSE,1975,1,12,
77760,John,Olive,John Olive,1/3/1955,Villanova,USA,79,210,FALSE,TRUE,FALSE,1977,8,168,
77764,Gene,Ollrich,Gene Ollrich,30/6/1922,Drake,USA,71,160,TRUE,FALSE,FALSE,-1,-1,-1,
77765,Enoch,Olsen,Enoch Olsen,25/7/1940,Louisville,USA,80,220,FALSE,TRUE,FALSE,1962,2,13,
77766,Grady,O'Malley,Grady O'Malley,25/4/1948,Manhattan,USA,77,77766,FALSE,TRUE,FALSE,1969,1,214,
77767,Mike,O'Neill,Mike O'Neill,10/4/1905,California,USA,75,210,FALSE,TRUE,FALSE,-1,-1,-1,
77768,Barry,Orms,Barry Orms,1/5/1946,St. Louis,USA,75,190,TRUE,FALSE,FALSE,1968,8,96,
77769,Johnny,Orr,Johnny Orr,10/6/1927,Beloit,USA,75,77769,FALSE,FALSE,FALSE,-22,-22,-22,
77770,Louis,Orr,Louis Orr,7/5/1958,Syracuse,USA,80,175,FALSE,TRUE,FALSE,1980,2,29,
77771,Jose,Ortiz,Jose Ortiz,25/10/1963,Oregon State,USA,82,225,FALSE,TRUE,FALSE,1987,1,15,
77772,Chuck,Osborne,Chuck Osborne,21/1/1939,Western Kentucky,USA,78,77772,FALSE,TRUE,FALSE,1961,3,28,
77773,Kevin,O'Shea,Kevin O'Shea,10/7/1925,Notre Dame,USA,74,77773,FALSE,FALSE,FALSE,1950,1,10,
77774,Garland,O'Shields,Garland O'Shields,23/5/1921,Tennessee,USA,73,195,TRUE,FALSE,FALSE,-1,-1,-1,
77775,Wally,Osterkorn,Wally Osterkorn,6/7/1928,Illinois,USA,77,215,FALSE,TRUE,FALSE,1950,2,,
77776,Dan,O'Sullivan,Dan O'Sullivan,3/3/1968,Fordham,USA,82,250,,,,-1,-1,-1,
77777,Matt,Othick,Matt Othick,16/3/1969,Arizona,USA,74,165,TRUE,FALSE,FALSE,-1,-1,-1,
77778,Don,Otten,Don Otten,18/4/1921,Bowling Green,USA,82,240,FALSE,FALSE,TRUE,-1,-1,-1,
77779,Mac,Otten,Mac Otten,16/12/1925,Bowling Green,USA,79,220,FALSE,TRUE,FALSE,1949,3,,
77780,Claude,Overton,Claude Overton,16/12/1927,East Central,USA,74,195,TRUE,FALSE,FALSE,1950,5,,
77782,Eddie,Owens,Eddie Owens,26/12/1953,UNLV,USA,79,210,FALSE,TRUE,FALSE,1977,2,31,
77783,James,Owens,James Owens,2/9/1925,Baylor,USA,75,185,TRUE,FALSE,FALSE,-1,-1,-1,
77784,Jim,Owens,Jim Owens,1/5/1950,Arizona State,USA,77,200,FALSE,TRUE,FALSE,1973,8,128,
77785,Keith,Owens,Keith Owens,31/5/1969,UCLA,USA,79,225,FALSE,TRUE,FALSE,-1,-1,-1,
77786,Tom,Owens,Tom Owens,28/6/1949,South Carolina,USA,82,215,FALSE,FALSE,TRUE,1971,4,58,
77788,Joe,Pace,Joe Pace,18/12/1953,Coppin State,USA,82,220,FALSE,FALSE,TRUE,1976,2,31,
77789,Gerald,Paddio,Gerald Paddio,21/4/1965,UNLV,USA,79,205,FALSE,TRUE,FALSE,1988,3,74,
77790,Fred,Paine,Fred Paine,7/12/1925,Westminster,USA,77,210,FALSE,TRUE,FALSE,-1,-1,-1,
77791,Togo,Palazzi,Togo Palazzi,8/8/1932,Holy Cross,USA,76,205,FALSE,TRUE,FALSE,1954,1,5,
77792,Jim,Palmer,Jim Palmer,8/6/1933,Dayton,USA,80,224,FALSE,TRUE,FALSE,1957,2,12,
77793,John,Palmer,John Palmer,14/9/1921,Princeton,USA,76,180,FALSE,TRUE,FALSE,-1,-1,-1,
77794,Walter,Palmer,Walter Palmer,23/10/1968,Dartmouth,USA,85,215,FALSE,FALSE,TRUE,1990,2,33,
77797,Estes,Parham,Estes Parham,27/12/1921,Texas Wesleyan,USA,75,200,FALSE,TRUE,FALSE,1948,,,
77799,Medford,Park,Medford Park,11/4/1933,Missouri,USA,74,205,TRUE,FALSE,FALSE,-1,-1,-1,
77800,Sonny,Parker,Sonny Parker,22/3/1955,Texas A&M,USA,78,200,FALSE,TRUE,FALSE,1976,1,17,
77801,Jack,Parkinson,Jack Parkinson,4/3/1924,Kentucky,USA,72,174,TRUE,FALSE,FALSE,1948,,,
77802,Jack,Parr,Jack Parr,13/3/1936,Kansas State,USA,81,220,FALSE,FALSE,TRUE,1958,10,70,
77803,Doyle,Parrack,Doyle Parrack,6/12/1921,Oklahoma State,USA,72,165,FALSE,TRUE,FALSE,-1,-1,-1,
77804,Charlie,Parsley,Charlie Parsley,13/10/1925,Western Kentucky,USA,74,175,TRUE,FALSE,FALSE,-1,-1,-1,
77806,Marty,Passaglia,Marty Passaglia,22/4/1919,Santa Clara,USA,72,170,TRUE,FALSE,FALSE,-1,-1,-1,
77807,George A.,Pastushok,George A. Pastushok,6/4/1905,St. John's (NY),USA,,,,,,-1,-1,-1,
77808,Myles,Patrick,Myles Patrick,16/11/1954,Auburn,USA,80,220,FALSE,TRUE,FALSE,-1,-1,-1,
77809,Stan,Patrick,Stan Patrick,5/5/1922,Illinois,USA,74,185,FALSE,TRUE,FALSE,-1,-1,-1,
77811,George,Patterson,George Patterson,26/11/1939,Toledo,USA,79,230,FALSE,FALSE,TRUE,1961,12,100,
77812,Steve,Patterson,Steve Patterson,24/6/1948,UCLA,USA,81,77812,FALSE,FALSE,TRUE,1971,2,18,
77813,Tommy,Patterson,Tommy Patterson,15/10/1948,Ouachita Baptist,USA,78,220,FALSE,TRUE,FALSE,1972,2,25,
77814,Worthy,Patterson,Worthy Patterson,17/6/1931,Connecticut,USA,74,175,TRUE,FALSE,FALSE,-1,-1,-1,
77815,Charlie,Paulk,Charlie Paulk,14/6/1946,Northeastern State,USA,80,219,FALSE,TRUE,FALSE,1968,1,7,
77816,Jerry,Paulson,Jerry Paulson,21/7/1935,Manhattan,USA,74,185,TRUE,FALSE,FALSE,1957,3,17,
77817,Billy,Paultz,Billy Paultz,30/7/1948,St. John's (NY),USA,83,235,FALSE,FALSE,TRUE,1970,7,103,
77818,Jim,Paxson,Jim Paxson,19/12/1932,Dayton,USA,78,200,TRUE,FALSE,FALSE,1956,1,3,
77819,Jim,Paxson,Jim Paxson,9/7/1957,Dayton,USA,78,200,TRUE,FALSE,FALSE,1979,1,12,
77820,John,Paxson,John Paxson,29/9/1960,Notre Dame,USA,74,185,TRUE,FALSE,FALSE,1983,1,19,
77821,Johnny,Payak,Johnny Payak,20/11/1926,Bowling Green,USA,76,174,TRUE,FALSE,FALSE,-1,-1,-1,
77822,Kenny,Payne,Kenny Payne,25/11/1966,Louisville,USA,80,195,FALSE,TRUE,FALSE,1989,1,19,
77823,Tom,Payne,Tom Payne,19/11/1950,Kentucky,USA,86,240,FALSE,FALSE,TRUE,-1,-1,-1,
77824,Mel,Payton,Mel Payton,16/7/1926,Tulane,USA,76,185,TRUE,FALSE,FALSE,1951,2,18,
77825,George,Pearcy,George Pearcy,2/7/1919,Indiana State,USA,73,165,TRUE,FALSE,FALSE,-1,-1,-1,
77826,Henry,Pearcy,Henry Pearcy,21/7/1922,Indiana State,USA,73,170,TRUE,FALSE,FALSE,-1,-1,-1,
77827,Wiley,Peck,Wiley Peck,15/9/1957,Mississippi State,USA,79,220,TRUE,FALSE,FALSE,1979,1,19,
77828,Jake,Pelkington,Jake Pelkington,3/1/1916,Manhattan,USA,78,220,FALSE,FALSE,TRUE,-1,-1,-1,
77829,Sam,Pellom,Sam Pellom,2/10/1951,Buffalo State,USA,81,225,FALSE,TRUE,FALSE,-1,-1,-1,
77834,Warren,Perkins,Warren Perkins,2/2/1924,Tulane,USA,75,190,TRUE,FALSE,FALSE,1949,4,,
77835,Curtis,Perry,Curtis Perry,13/9/1948,Missouri State,USA,79,77835,FALSE,TRUE,FALSE,1970,3,35,
77839,Jim,Petersen,Jim Petersen,22/2/1962,Minnesota,USA,82,235,FALSE,TRUE,FALSE,1984,3,51,
77840,Loy,Petersen,Loy Petersen,26/7/1945,Oregon State,USA,77,77840,TRUE,FALSE,FALSE,1968,2,17,
77841,Ed,Peterson,Ed Peterson,27/6/1924,Cornell,USA,81,220,FALSE,FALSE,TRUE,1948,,,
77842,Mel,Peterson,Mel Peterson,23/3/1938,Wheaton,USA,76,185,TRUE,FALSE,FALSE,1960,11,78,
77843,Bob,Peterson,Bob Peterson,25/1/1932,Oregon,USA,77,210,FALSE,TRUE,FALSE,1953,,,
77844,Geoff,Petrie,Geoff Petrie,17/4/1948,Princeton,USA,76,190,TRUE,FALSE,FALSE,1970,1,8,
77845,Drazen,Petrovic,Drazen Petrovic,22/10/1964,Real Madrid,Croatia,77,195,TRUE,FALSE,FALSE,1986,3,60,
77846,Richard,Petruska,Richard Petruska,25/1/1969,UCLA,USA,82,260,FALSE,FALSE,TRUE,1993,2,46,
77847,Bob,Pettit,Bob Pettit,12/12/1932,Louisiana State,USA,81,205,FALSE,TRUE,FALSE,1954,1,2,
77848,Roger,Phegley,Roger Phegley,16/10/1956,Bradley,USA,78,205,TRUE,FALSE,FALSE,1978,1,14,
77849,Jim,Phelan,Jim Phelan,19/3/1929,La Salle,USA,73,175,TRUE,FALSE,FALSE,1951,8,77,
77850,Jack,Phelan,Jack Phelan,6/11/1925,DePaul,USA,77,195,FALSE,TRUE,FALSE,-1,-1,-1,
77852,Mike,Phelps,Mike Phelps,3/10/1961,Alcorn State,USA,76,180,TRUE,FALSE,FALSE,1985,7,144,
77853,Andy,Phillip,Andy Phillip,7/3/1922,Illinois,USA,75,77853,TRUE,FALSE,FALSE,-22,-22,-22,
77854,Eddie,Phillips,Eddie Phillips,29/9/1961,Alabama,USA,79,225,FALSE,TRUE,FALSE,1982,1,21,
77855,Gary,Phillips,Gary Phillips,7/12/1939,Houston,USA,75,189,TRUE,FALSE,FALSE,1961,1,9,
77858,Stan,Pietkiewicz,Stan Pietkiewicz,14/7/1956,Auburn,USA,77,200,TRUE,FALSE,FALSE,1978,7,133,
77859,John,Pilch,John Pilch,11/7/1925,Wyoming,USA,75,185,FALSE,TRUE,FALSE,1950,2,,
77861,John,Pinone,John Pinone,19/2/1961,Villanova,USA,80,77861,FALSE,TRUE,FALSE,1983,3,58,
77862,Dave,Piontek,Dave Piontek,27/8/1934,Xavier,USA,78,230,FALSE,TRUE,FALSE,1956,,,
77863,Tom,Piotrowski,Tom Piotrowski,17/10/1960,La Salle,USA,85,240,FALSE,FALSE,TRUE,1983,3,62,
77864,Charlie,Pittman,Charlie Pittman,23/3/1958,Maryland,USA,80,220,FALSE,TRUE,FALSE,1982,3,61,
77865,Gary,Plummer,Gary Plummer,21/2/1962,Boston University,USA,81,215,FALSE,TRUE,FALSE,1984,2,45,
77866,Dwayne,Polee,Dwayne Polee,2/3/1963,Pepperdine,USA,77,180,FALSE,TRUE,FALSE,1986,3,54,
77867,Jim,Pollard,Jim Pollard,9/7/1922,Stanford,USA,75,77867,FALSE,TRUE,FALSE,-22,-22,-22,
77868,Ralph,Polson,Ralph Polson,26/10/1929,Whitworth,USA,79,77868,FALSE,TRUE,FALSE,1952,1,5,
77869,Cliff,Pondexter,Cliff Pondexter,15/9/1954,Long Beach State,USA,81,233,FALSE,TRUE,FALSE,1974,1,16,
77870,David,Pope,David Pope,15/4/1962,Norfolk State,USA,79,220,FALSE,TRUE,FALSE,1984,3,62,
77872,Dave,Popson,Dave Popson,17/5/1964,North Carolina,USA,82,220,FALSE,FALSE,TRUE,1987,4,88,
77873,Ben,Poquette,Ben Poquette,7/5/1955,Central Michigan,USA,81,235,FALSE,TRUE,FALSE,1977,2,36,
77875,Howard,Porter,Howard Porter,31/8/1948,Villanova,USA,80,220,FALSE,TRUE,FALSE,1971,2,32,
77876,Kevin,Porter,Kevin Porter,17/4/1950,St. Francis (PA),USA,72,170,TRUE,FALSE,FALSE,1972,3,39,
77878,Bob,Portman,Bob Portman,22/3/1947,Creighton,USA,77,200,FALSE,TRUE,FALSE,1969,1,7,
77879,Paul,Pressey,Paul Pressey,24/12/1958,Tulsa,USA,77,185,TRUE,FALSE,FALSE,1982,1,20,
77880,Dominic,Pressley,Dominic Pressley,30/5/1964,Boston College,USA,74,77880,TRUE,FALSE,FALSE,1986,5,99,
77881,Harold,Pressley,Harold Pressley,14/7/1963,Villanova,USA,79,210,FALSE,TRUE,FALSE,1986,1,17,
77882,Tony,Price,Tony Price,5/1/1957,Pennsylvania,USA,78,190,TRUE,FALSE,FALSE,1979,2,29,
77883,Jim,Price,Jim Price,27/11/1949,Louisville,USA,75,77883,TRUE,FALSE,FALSE,1972,2,16,
77884,Mike,Price,Mike Price,11/9/1948,Illinois,USA,75,77884,TRUE,FALSE,FALSE,1970,1,17,
77886,Bob,Priddy,Bob Priddy,24/3/1930,New Mexico State,USA,75,77886,FALSE,FALSE,FALSE,-22,-22,-22,
77887,John,Pritchard,John Pritchard,23/1/1927,Drake,USA,81,220,FALSE,FALSE,TRUE,1949,7,,
77888,Les,Pugh,Les Pugh,18/9/1923,Ohio State,USA,79,190,FALSE,FALSE,TRUE,-1,-1,-1,
77889,Roy,Pugh,Roy Pugh,21/3/1923,Southern Methodist,USA,,,,,,1948,,,
77890,Anthony,Pullard,Anthony Pullard,23/6/1966,McNeese State,USA,82,245,FALSE,TRUE,FALSE,-1,-1,-1,
77891,Don,Putman,Don Putman,13/11/1922,Denver,USA,73,77891,FALSE,FALSE,FALSE,-22,-22,-22,
77892,Bob,Quick,Bob Quick,5/3/1946,Xavier,USA,77,77892,FALSE,TRUE,FALSE,1968,2,18,
77893,Brian,Quinnett,Brian Quinnett,30/5/1966,Washington State,USA,80,235,TRUE,FALSE,FALSE,1989,2,50,
77894,Luke,Rackley,Luke Rackley,11/6/1946,Xavier,USA,82,220,FALSE,FALSE,TRUE,1969,3,37,
77895,Howie,Rader,Howie Rader,29/3/1921,Long Island-Brooklyn,USA,73,190,TRUE,FALSE,FALSE,-1,-1,-1,
77896,Mark,Radford,Mark Radford,5/7/1959,Oregon State,USA,76,190,TRUE,FALSE,FALSE,1981,3,53,
77897,Wayne,Radford,Wayne Radford,29/5/1956,Indiana,USA,75,205,TRUE,FALSE,FALSE,1978,2,27,
77899,Frank,Radovich,Frank Radovich,3/3/1938,Indiana,USA,80,235,FALSE,TRUE,FALSE,1960,2,14,
77900,Moe,Radovich,Moe Radovich,5/5/1929,Wyoming,USA,72,160,TRUE,FALSE,FALSE,1952,,,
77901,Ray,Radziszewski,Ray Radziszewski,1/3/1935,St. Joseph's (PA),USA,77,77901,FALSE,TRUE,FALSE,1957,4,30,
77902,Ray,Ragelis,Ray Ragelis,10/12/1928,Northwestern,USA,76,205,FALSE,TRUE,FALSE,1951,2,17,
77903,Sherwin,Raiken,Sherwin Raiken,29/10/1928,Villanova,USA,74,185,TRUE,FALSE,FALSE,-1,-1,-1,
77904,Ed,Rains,Ed Rains,24/12/1956,South Alabama,USA,79,190,FALSE,TRUE,FALSE,1981,2,30,
77905,Kurt,Rambis,Kurt Rambis,25/2/1958,Santa Clara,USA,80,213,FALSE,TRUE,FALSE,1980,3,58,
77906,Cal,Ramsey,Cal Ramsey,13/7/1937,New York University,USA,76,200,FALSE,TRUE,FALSE,1959,2,13,
77907,Frank,Ramsey,Frank Ramsey,13/7/1931,Kentucky,USA,75,190,FALSE,TRUE,FALSE,1953,1,5,
77908,Ray,Ramsey,Ray Ramsey,18/7/1921,Bradley,USA,74,165,TRUE,FALSE,FALSE,-1,-1,-1,
77910,Wally,Rank,Wally Rank,1/3/1958,San Jose State,USA,78,220,FALSE,TRUE,FALSE,1980,5,99,
77911,Kelvin,Ransey,Kelvin Ransey,3/5/1958,Ohio State,USA,74,170,TRUE,FALSE,FALSE,1980,1,4,
77912,Sam,Ranzino,Sam Ranzino,21/6/1927,North Carolina State,USA,73,185,TRUE,FALSE,FALSE,1951,1,8,
77913,George,Ratkovicz,George Ratkovicz,13/11/1922,Lindblom HS (IL),USA,79,77913,FALSE,TRUE,FALSE,-22,-22,-22,
77914,Ed,Ratleff,Ed Ratleff,29/3/1950,Long Beach State,USA,78,195,TRUE,FALSE,FALSE,1973,1,6,
77915,Mike,Ratliff,Mike Ratliff,7/6/1951,Wisconsin-Eau Claire,USA,82,230,FALSE,FALSE,TRUE,1972,2,28,
77916,Leo,Rautins,Leo Rautins,20/3/1960,Syracuse,USA,80,215,FALSE,TRUE,FALSE,1983,1,17,
77917,Clifford,Ray,Clifford Ray,21/1/1949,Oklahoma,USA,81,230,FALSE,FALSE,TRUE,1971,3,40,
77918,Don,Ray,Don Ray,8/7/1921,Western Kentucky,USA,77,190,FALSE,TRUE,FALSE,1948,1,11,
77919,Jim,Ray,Jim Ray,12/1/1934,Toledo,USA,72,180,TRUE,FALSE,FALSE,1956,,,
77920,Jamesearl,Ray,Jamesearl Ray,27/7/1957,Jacksonville,USA,80,215,FALSE,TRUE,FALSE,1980,1,5,
77921,Craig,Raymond,Craig Raymond,5/4/1945,Brigham Young,USA,83,235,FALSE,FALSE,TRUE,1967,1,12,
77922,Connie,Rea,Connie Rea,27/1/1935,Centenary-Louisiana,USA,75,175,TRUE,FALSE,FALSE,1953,,,
77923,Joe,Reaves,Joe Reaves,27/5/1950,Bethel,USA,77,210,FALSE,TRUE,FALSE,1973,3,42,
77925,Frank,Reddout,Frank Reddout,14/4/1905,Syracuse,USA,77,195,FALSE,TRUE,FALSE,1953,,,
77926,Marlon,Redmond,Marlon Redmond,15/4/1955,San Francisco,USA,78,188,TRUE,FALSE,FALSE,1977,3,60,
77927,Hub,Reed,Hub Reed,4/10/1936,Oklahoma City,USA,81,77927,FALSE,FALSE,TRUE,1958,2,14,
77928,Ron,Reed,Ron Reed,2/11/1942,Notre Dame,USA,77,205,FALSE,TRUE,FALSE,1965,3,20,
77929,Willis,Reed,Willis Reed,25/6/1942,Grambling,USA,82,235,FALSE,FALSE,TRUE,1964,2,8,
77932,Richie,Regan,Richie Regan,30/11/1930,Seton Hall,USA,74,77932,TRUE,FALSE,FALSE,1953,1,4,
77933,Don,Rehfeldt,Don Rehfeldt,7/1/1927,Wisconsin,USA,78,210,FALSE,TRUE,FALSE,1950,1,2,
77935,Jim,Reid,Jim Reid,3/8/1945,Winston-Salem State,USA,78,77935,FALSE,FALSE,TRUE,-22,-22,-22,
77936,Robert,Reid,Robert Reid,30/8/1955,St. Mary's (TX),USA,80,205,FALSE,TRUE,FALSE,1977,2,40,
77937,Billy,Reid,Billy Reid,10/9/1957,San Francisco,USA,77,190,TRUE,FALSE,FALSE,1980,9,182,
77938,Joseph,Reiser,Joseph Reiser,17/12/1914,New York University,USA,71,165,TRUE,FALSE,FALSE,1947,,,
77939,Richard,Rellford,Richard Rellford,16/2/1964,Michigan,USA,78,230,FALSE,TRUE,FALSE,1986,5,95,
77941,John,Rennicke,John Rennicke,11/8/1929,Drake,USA,74,185,TRUE,FALSE,FALSE,1951,6,51,
77942,Rob,Rensberger,Rob Rensberger,7/3/1921,Notre Dame,USA,74,77942,FALSE,FALSE,FALSE,-22,-22,-22,
77944,Kevin,Restani,Kevin Restani,23/12/1951,San Francisco,USA,81,225,FALSE,TRUE,FALSE,1974,3,39,
77945,George,Reynolds,George Reynolds,23/11/1947,Houston,USA,76,195,TRUE,FALSE,FALSE,1969,9,117,
77946,Jerry,Reynolds,Jerry Reynolds,23/12/1962,Louisiana State,USA,80,200,TRUE,FALSE,FALSE,1985,1,22,
77947,Gene,Rhodes,Gene Rhodes,2/9/1927,Western Kentucky,USA,73,77947,FALSE,FALSE,FALSE,-22,-22,-22,
77950,Clint,Richardson,Clint Richardson,7/8/1956,Seattle,USA,75,77950,TRUE,FALSE,FALSE,1979,2,36,
77952,Micheal Ray,Richardson,Micheal Ray Richardson,11/4/1955,Montana,USA,77,189,TRUE,FALSE,FALSE,1978,1,4,
77954,John,Richter,John Richter,12/3/1937,North Carolina State,USA,81,225,FALSE,TRUE,FALSE,1959,1,6,
77955,Dick,Ricketts,Dick Ricketts,4/12/1933,Duquesne,USA,79,215,FALSE,TRUE,FALSE,1955,1,1,
77957,Jackie,Ridgle,Jackie Ridgle,13/2/1948,California,USA,76,195,TRUE,FALSE,FALSE,1971,3,41,
77958,Mel,Riebe,Mel Riebe,12/7/1916,Wooster,USA,71,77958,FALSE,FALSE,FALSE,-22,-22,-22,
77959,Jim,Riffey,Jim Riffey,14/12/1923,Tulane,USA,76,77959,FALSE,TRUE,FALSE,-22,-22,-22,
77960,Tom,Riker,Tom Riker,28/2/1950,South Carolina,USA,82,225,FALSE,TRUE,FALSE,1972,1,8,
77962,Pat,Riley,Pat Riley,20/3/1945,Kentucky,USA,76,205,TRUE,FALSE,FALSE,1967,1,7,
77963,Bob,Riley,Bob Riley,6/7/1948,Mount St. Mary's,USA,81,77963,FALSE,TRUE,FALSE,1970,5,82,
77964,Ron,Riley,Ron Riley,11/11/1950,Southern California,USA,80,195,FALSE,TRUE,FALSE,1972,3,38,
77965,Rich,Rinaldi,Rich Rinaldi,3/8/1949,St. Peter's,USA,75,77965,TRUE,FALSE,FALSE,1971,3,43,
77966,Mike,Riordan,Mike Riordan,9/7/1945,Providence,USA,76,200,FALSE,TRUE,FALSE,1967,12,128,
77967,Arnie,Risen,Arnie Risen,9/10/1924,Ohio State,USA,81,200,FALSE,FALSE,TRUE,-1,-1,-1,
77968,Goebel,Ritter,Goebel Ritter,26/2/1924,Eastern Kentucky,USA,74,77968,TRUE,FALSE,FALSE,-22,-22,-22,
77969,Ramon,Rivas,Ramon Rivas,3/6/1966,Temple,Puerto Rico,82,260,FALSE,TRUE,FALSE,-1,-1,-1,
77970,David,Rivers,David Rivers,20/1/1965,Notre Dame,USA,72,77970,TRUE,FALSE,FALSE,1988,1,25,
77972,Lee,Robbins,Lee Robbins,11/2/1922,Colorado,USA,75,175,FALSE,TRUE,FALSE,-1,-1,-1,
77973,Rick,Roberson,Rick Roberson,7/7/1947,Cincinnati,USA,81,231,FALSE,FALSE,TRUE,1969,1,15,
77975,Anthony,Roberts,Anthony Roberts,15/4/1955,Oral Roberts,USA,77,185,FALSE,TRUE,FALSE,1977,1,21,
77977,Joe,Roberts,Joe Roberts,18/5/1936,Ohio State,USA,78,214,FALSE,TRUE,FALSE,1960,3,21,
77978,Marv,Roberts,Marv Roberts,29/1/1950,Utah State,USA,80,77978,FALSE,TRUE,FALSE,1971,3,45,
77979,Bill,Roberts,Bill Roberts,8/4/1905,Wyoming,USA,,,,,,-1,-1,-1,
77983,Tony,Robertson,Tony Robertson,1/1/1956,West Virginia,USA,76,195,TRUE,FALSE,FALSE,1977,4,88,
77984,Rick,Robey,Rick Robey,30/1/1956,Kentucky,USA,83,230,FALSE,FALSE,TRUE,1978,1,3,
77986,Cliff T.,Robinson,Cliff T. Robinson,13/3/1960,Southern California,USA,81,220,FALSE,TRUE,FALSE,1979,1,11,
77988,Flynn,Robinson,Flynn Robinson,28/4/1941,Wyoming,USA,73,185,TRUE,FALSE,FALSE,1965,2,15,
77989,Jackie,Robinson,Jackie Robinson,20/5/1955,UNLV,USA,78,210,FALSE,TRUE,FALSE,1978,4,67,
77993,Truck,Robinson,Truck Robinson,4/10/1951,Tennessee State,USA,79,225,FALSE,TRUE,FALSE,1974,2,22,
77994,Oliver,Robinson,Oliver Robinson,13/3/1960,Alabama-Birmingham,USA,76,180,TRUE,FALSE,FALSE,1982,2,24,
77996,Wayne,Robinson,Wayne Robinson,19/4/1958,Virginia Tech,USA,80,217,FALSE,TRUE,FALSE,1980,2,31,
77997,Bill,Robinzine,Bill Robinzine,20/1/1953,DePaul,USA,79,230,FALSE,TRUE,FALSE,1975,1,10,
77998,Dave,Robisch,Dave Robisch,22/12/1949,Kansas,USA,82,235,FALSE,FALSE,TRUE,1971,3,44,
77999,Red,Rocha,Red Rocha,18/9/1923,Oregon State,USA,81,185,FALSE,FALSE,TRUE,1947,,,
78000,John,Roche,John Roche,26/9/1949,South Carolina,USA,75,170,TRUE,FALSE,FALSE,1971,1,14,
78001,Gene,Rock,Gene Rock,4/11/1921,Southern California,USA,69,155,TRUE,FALSE,FALSE,-1,-1,-1,
78002,Jack,Rocker,Jack Rocker,12/8/1922,California,USA,77,78002,FALSE,FALSE,TRUE,-22,-22,-22,
78003,Guy,Rodgers,Guy Rodgers,1/9/1935,Temple,USA,72,78003,TRUE,FALSE,FALSE,-22,-22,-22,
78007,Johnny,Rogers,Johnny Rogers,30/12/1963,California-Irvine,USA,82,225,FALSE,TRUE,FALSE,1986,2,34,
78008,Marshall,Rogers,Marshall Rogers,27/8/1953,Texas-Pan American,USA,73,190,TRUE,FALSE,FALSE,1976,2,34,
78010,Al,Roges,Al Roges,25/10/1930,Long Island-Brooklyn,USA,76,195,FALSE,TRUE,FALSE,-1,-1,-1,
78011,Ken,Rohloff,Ken Rohloff,18/4/1939,North Carolina State,USA,72,195,TRUE,FALSE,FALSE,1963,7,59,
78012,Kenny,Rollins,Kenny Rollins,14/9/1923,Kentucky,USA,72,168,TRUE,FALSE,FALSE,1948,,,
78013,Phil,Rollins,Phil Rollins,19/1/1934,Louisville,USA,74,185,TRUE,FALSE,FALSE,1956,,,
78014,Tree,Rollins,Tree Rollins,16/6/1955,Clemson,USA,85,235,FALSE,FALSE,TRUE,1977,1,14,
78015,Lorenzo,Romar,Lorenzo Romar,13/11/1958,Washington,USA,73,175,TRUE,FALSE,FALSE,1980,7,141,
78016,Robert,Rose,Robert Rose,27/12/1964,George Mason,USA,77,180,FALSE,TRUE,FALSE,-1,-1,-1,
78017,Alexander,Rosenberg,Alexander Rosenberg,7/4/1918,St. Joseph's (PA),USA,70,165,TRUE,FALSE,FALSE,-1,-1,-1,
78018,Lennie,Rosenbluth,Lennie Rosenbluth,22/1/1933,North Carolina,USA,76,190,FALSE,TRUE,FALSE,1957,1,6,
78019,Hank,Rosenstein,Hank Rosenstein,16/6/1920,City College of New York,USA,76,185,FALSE,TRUE,FALSE,-1,-1,-1,
78020,Dick,Rosenthal,Dick Rosenthal,20/1/1933,Notre Dame,USA,77,205,FALSE,TRUE,FALSE,1954,1,4,
78021,Doug,Roth,Doug Roth,24/8/1967,Tennessee,USA,83,255,FALSE,TRUE,FALSE,1989,2,41,
78022,Scott,Roth,Scott Roth,3/6/1963,Wisconsin,USA,80,212,FALSE,TRUE,FALSE,1985,4,82,
78023,Irv,Rothenberg,Irv Rothenberg,31/12/1921,Long Island-Brooklyn,USA,79,215,FALSE,FALSE,TRUE,1947,,,
78024,Mickey,Rottner,Mickey Rottner,23/3/1919,Loyola-Chicago,USA,70,180,TRUE,FALSE,FALSE,-1,-1,-1,
78025,Dan,Roundfield,Dan Roundfield,26/5/1953,Central Michigan,USA,80,205,FALSE,TRUE,FALSE,1975,2,28,
78026,Giff,Roux,Giff Roux,28/6/1923,Kansas,USA,77,195,FALSE,TRUE,FALSE,-1,-1,-1,
78027,Ron,Rowan,Ron Rowan,23/4/1962,St. John's (NY),USA,77,200,FALSE,TRUE,FALSE,1986,3,67,
78028,Curtis,Rowe,Curtis Rowe,2/7/1949,UCLA,USA,79,225,FALSE,TRUE,FALSE,1971,1,11,
78029,Jim,Rowinski,Jim Rowinski,4/1/1961,Purdue,USA,80,250,FALSE,FALSE,TRUE,1984,4,86,
78030,Derrick,Rowland,Derrick Rowland,21/6/1959,SUNY-Potsdam,USA,77,195,FALSE,TRUE,FALSE,1981,10,211,
78031,Brian,Rowsom,Brian Rowsom,23/10/1965,North Carolina-Wilmington,USA,81,220,FALSE,TRUE,FALSE,1987,2,34,
78033,Bob,Royer,Bob Royer,15/10/1927,Indiana State,USA,70,155,TRUE,FALSE,FALSE,1949,8,,
78035,Delaney,Rudd,Delaney Rudd,8/11/1962,Wake Forest,USA,74,180,TRUE,FALSE,FALSE,1985,4,83,
78036,John,Rudd,John Rudd,7/8/1955,McNeese State,USA,79,230,FALSE,TRUE,FALSE,1978,2,32,
78037,John,Rudometkin,John Rudometkin,6/6/1940,Southern California,USA,78,205,FALSE,TRUE,FALSE,1962,2,9,
78039,Paul,Ruffner,Paul Ruffner,15/10/1948,Brigham Young,USA,82,225,FALSE,FALSE,TRUE,1970,2,28,
78040,Joe,Ruklick,Joe Ruklick,3/8/1938,Northwestern,USA,81,220,FALSE,TRUE,FALSE,1959,2,9,
78041,Jeff,Ruland,Jeff Ruland,16/12/1958,Iona,USA,82,78041,FALSE,FALSE,TRUE,1980,2,25,
78042,Bob,Rule,Bob Rule,29/6/1944,Colorado State,USA,81,220,FALSE,FALSE,TRUE,1967,2,19,
78043,Jerry,Rullo,Jerry Rullo,23/6/1923,Temple,USA,70,165,TRUE,FALSE,FALSE,-1,-1,-1,
78045,Cazzie,Russell,Cazzie Russell,7/6/1944,Michigan,USA,77,218,FALSE,TRUE,FALSE,1966,1,1,
78046,Frank,Russell,Frank Russell,17/4/1949,Detroit,USA,75,180,TRUE,FALSE,FALSE,1972,3,35,
78047,Campy,Russell,Campy Russell,12/1/1952,Michigan,USA,80,215,FALSE,TRUE,FALSE,1974,1,8,
78048,Walker,Russell,Walker Russell,26/10/1960,Western Michigan,USA,77,195,TRUE,FALSE,FALSE,1982,4,78,
78049,Bill,Russell,Bill Russell,12/2/1934,San Francisco,USA,82,215,FALSE,FALSE,TRUE,1956,1,2,
78050,Ed,Sadowski,Ed Sadowski,11/7/1917,Seton Hall,USA,77,240,FALSE,FALSE,TRUE,-1,-1,-1,
78051,Kenny,Sailors,Kenny Sailors,14/1/1922,Wyoming,USA,70,175,TRUE,FALSE,FALSE,-1,-1,-1,
78055,Ralph,Sampson,Ralph Sampson,7/7/1960,Virginia,USA,88,78055,FALSE,FALSE,TRUE,1983,1,1,
78057,Frankie,Sanders,Frankie Sanders,23/1/1957,Southern,USA,78,200,FALSE,TRUE,FALSE,1978,1,20,
78059,Mike,Sanders,Mike Sanders,7/5/1960,UCLA,USA,78,210,FALSE,TRUE,FALSE,1982,4,74,
78060,Thomas,Sanders,Thomas Sanders,8/11/1938,New York University,USA,78,210,FALSE,TRUE,FALSE,1960,1,8,
78061,Bob,Santini,Bob Santini,17/2/1935,Iona,USA,77,190,FALSE,TRUE,FALSE,1953,5,,
78062,Wayne,Sappleton,Wayne Sappleton,17/11/1960,Loyola-Chicago,USA,81,215,FALSE,TRUE,FALSE,1982,2,38,
78063,Frank,Saul,Frank Saul,16/2/1924,Seton Hall,USA,74,185,TRUE,FALSE,FALSE,1949,1,10,
78064,Woody,Sauldsberry,Woody Sauldsberry,11/7/1934,Texas Southern,USA,79,220,FALSE,TRUE,FALSE,1957,8,60,
78065,Fred,Saunders,Fred Saunders,13/6/1951,Syracuse,USA,79,210,FALSE,TRUE,FALSE,1974,2,31,
78066,Don,Savage,Don Savage,9/4/1928,Le Moyne,USA,75,205,FALSE,TRUE,FALSE,1951,2,14,
78067,Alan,Sawyer,Alan Sawyer,1/1/1928,UCLA,USA,77,195,FALSE,TRUE,FALSE,1950,3,,
78068,Dewayne,Scales,Dewayne Scales,28/12/1958,Louisiana State,USA,80,208,FALSE,TRUE,FALSE,1980,2,36,
78069,Frank,Schade,Frank Schade,22/1/1950,Wisconsin-Eau Claire,USA,73,170,TRUE,FALSE,FALSE,1972,4,53,
78070,Ben,Schadler,Ben Schadler,9/3/1924,Northwestern,USA,72,185,FALSE,TRUE,FALSE,1947,,,
78071,Herm,Schaefer,Herm Schaefer,20/12/1919,Indiana,USA,72,175,TRUE,FALSE,FALSE,-1,-1,-1,
78072,Bob,Schafer,Bob Schafer,16/4/1905,Villanova,USA,75,195,TRUE,FALSE,FALSE,1955,3,17,
78073,Ben,Scharnus,Ben Scharnus,11/12/1917,Seton Hall,USA,74,173,FALSE,TRUE,FALSE,-1,-1,-1,
78074,Marv,Schatzman,Marv Schatzman,18/2/1927,St. Louis,USA,77,200,FALSE,TRUE,FALSE,1949,,,
78075,Fred,Schaus,Fred Schaus,30/6/1925,West Virginia,USA,77,78075,FALSE,TRUE,FALSE,-22,-22,-22,
78076,Dolph,Schayes,Dolph Schayes,19/5/1928,New York University,USA,80,195,FALSE,TRUE,FALSE,1948,1,4,
78078,Ossie,Schectman,Ossie Schectman,30/3/1919,Long Island-Brooklyn,USA,72,175,TRUE,FALSE,FALSE,-1,-1,-1,
78080,Tom,Scheffler,Tom Scheffler,27/10/1954,Purdue,USA,83,240,FALSE,FALSE,TRUE,1977,6,117,
78081,Dave,Schellhase,Dave Schellhase,14/10/1944,Purdue,USA,75,205,TRUE,FALSE,FALSE,1966,1,10,
78082,Herb,Scherer,Herb Scherer,21/12/1929,Long Island-Brooklyn,USA,81,212,FALSE,FALSE,TRUE,1950,2,,
78084,Dale,Schlueter,Dale Schlueter,12/11/1945,Colorado State,USA,82,225,FALSE,FALSE,TRUE,1967,6,63,
78085,Otto,Schnellbacher,Otto Schnellbacher,15/4/1923,Kansas,USA,76,78085,FALSE,FALSE,FALSE,-22,-22,-22,
78086,Dick,Schnittker,Dick Schnittker,27/5/1928,Ohio State,USA,77,200,FALSE,TRUE,FALSE,1950,1,4,
78087,Russ,Schoene,Russ Schoene,16/4/1960,Tennessee-Chattanooga,USA,82,210,FALSE,TRUE,FALSE,1982,2,45,
78088,Dave,Scholz,Dave Scholz,12/4/1948,Illinois,USA,80,220,FALSE,TRUE,FALSE,1969,4,56,
78089,Milt,Schoon,Milt Schoon,25/2/1922,Valparaiso,USA,79,230,FALSE,FALSE,TRUE,-1,-1,-1,
78091,Howie,Schultz,Howie Schultz,3/7/1922,Hamline,USA,78,200,FALSE,TRUE,FALSE,-1,-1,-1,
78092,Dick,Schulz,Dick Schulz,3/1/1917,Wisconsin,USA,74,192,FALSE,TRUE,FALSE,-1,-1,-1,
78093,John,Schweitz,John Schweitz,19/4/1960,Richmond,USA,78,78093,TRUE,FALSE,FALSE,1982,6,138,
78094,Freddie,Scolari,Freddie Scolari,1/3/1922,San Francisco,USA,71,180,TRUE,FALSE,FALSE,-1,-1,-1,
78095,Alvin,Scott,Alvin Scott,14/9/1955,Oral Roberts,USA,79,78095,FALSE,TRUE,FALSE,1977,7,136,
78097,Charlie,Scott,Charlie Scott,15/12/1948,North Carolina,USA,77,78097,TRUE,FALSE,FALSE,1970,7,106,
78100,Ray,Scott,Ray Scott,12/7/1938,Portland,USA,81,215,FALSE,TRUE,FALSE,1961,1,4,
78102,Carey,Scurry,Carey Scurry,4/12/1962,Long Island-Brooklyn,USA,79,188,FALSE,TRUE,FALSE,1985,2,37,
78103,Bruce,Seals,Bruce Seals,18/6/1953,Xavier of Louisiana,USA,80,210,FALSE,TRUE,FALSE,1975,2,21,
78105,Ed,Searcy,Ed Searcy,17/4/1952,St. John's (NY),USA,78,78105,FALSE,TRUE,FALSE,1974,5,82,
78106,Ken,Sears,Ken Sears,17/8/1933,Santa Clara,USA,81,198,FALSE,TRUE,FALSE,1955,1,4,
78107,Wayne,See,Wayne See,3/11/1923,Northern Arizona,USA,75,190,TRUE,FALSE,FALSE,-1,-1,-1,
78109,Glen,Selbo,Glen Selbo,29/3/1926,Wisconsin,USA,75,196,FALSE,TRUE,FALSE,1947,1,2,
78110,Brad,Sellers,Brad Sellers,17/12/1962,Ohio State,USA,84,210,FALSE,TRUE,FALSE,1986,1,9,
78111,Phil,Sellers,Phil Sellers,20/11/1953,Rutgers,USA,76,195,FALSE,TRUE,FALSE,1976,3,38,
78112,Rollie,Seltz,Rollie Seltz,25/1/1924,Hamline,USA,70,165,TRUE,FALSE,FALSE,-1,-1,-1,
78113,Frank,Selvy,Frank Selvy,9/11/1932,Furman,USA,74,180,TRUE,FALSE,FALSE,1954,1,1,
78114,Jim,Seminoff,Jim Seminoff,1/9/1922,Southern California,USA,74,190,TRUE,FALSE,FALSE,-1,-1,-1,
78115,George,Senesky,George Senesky,4/4/1922,St. Joseph's (PA),USA,74,78115,TRUE,FALSE,FALSE,-22,-22,-22,
78116,Tom,Sewell,Tom Sewell,11/3/1962,Lamar,USA,77,185,TRUE,FALSE,FALSE,1984,1,22,
78117,Paul,Seymour,Paul Seymour,30/1/1928,Toledo,USA,73,180,TRUE,FALSE,FALSE,-1,-1,-1,
78118,Nick,Shaback,Nick Shaback,10/9/1918,James Monroe HS (NY),USA,71,180,TRUE,FALSE,FALSE,-1,-1,-1,
78120,Carl,Shaeffer,Carl Shaeffer,25/10/1924,Alabama,USA,75,185,TRUE,FALSE,FALSE,-1,-1,-1,
78121,Lee,Shaffer,Lee Shaffer,23/2/1939,North Carolina,USA,79,220,FALSE,TRUE,FALSE,1960,1,5,
78123,Earl,Shannon,Earl Shannon,23/11/1921,Rhode Island,USA,71,170,TRUE,FALSE,FALSE,-1,-1,-1,
78124,Howie,Shannon,Howie Shannon,10/6/1923,Kansas State,USA,74,175,TRUE,FALSE,FALSE,1949,1,1,
78125,Charlie,Share,Charlie Share,14/3/1927,Bowling Green,USA,83,235,FALSE,FALSE,TRUE,1950,1,1,
78126,Bill,Sharman,Bill Sharman,25/5/1926,Southern California,USA,73,175,TRUE,FALSE,FALSE,1950,2,,
78128,Ron,Shavlik,Ron Shavlik,4/12/1933,North Carolina State,USA,80,200,FALSE,TRUE,FALSE,1956,1,4,
78130,Bob,Shea,Bob Shea,11/9/1924,Rhode Island,USA,74,194,FALSE,TRUE,FALSE,-1,-1,-1,
78131,Fred,Sheffield,Fred Sheffield,5/11/1923,Utah,USA,74,165,FALSE,TRUE,FALSE,-1,-1,-1,
78132,Craig,Shelton,Craig Shelton,1/5/1957,Georgetown,USA,79,210,FALSE,TRUE,FALSE,1980,2,28,
78133,Lonnie,Shelton,Lonnie Shelton,19/10/1955,Oregon State,USA,80,240,FALSE,TRUE,FALSE,1976,2,25,
78135,Steve,Sheppard,Steve Sheppard,21/3/1954,Maryland,USA,78,215,FALSE,TRUE,FALSE,1977,2,30,
78136,Edmund,Sherod,Edmund Sherod,13/9/1959,Virginia Commonwealth,USA,74,170,TRUE,FALSE,FALSE,1981,4,72,
78138,Gene,Short,Gene Short,7/8/1953,Jackson State,USA,78,78138,FALSE,TRUE,FALSE,1975,1,9,
78139,Purvis,Short,Purvis Short,2/7/1957,Jackson State,USA,79,210,FALSE,TRUE,FALSE,1978,1,5,
78140,Dexter,Shouse,Dexter Shouse,24/3/1963,South Alabama,USA,74,200,FALSE,TRUE,FALSE,1985,4,92,
78141,Dick,Shrider,Dick Shrider,7/2/1923,Ohio,USA,74,78141,TRUE,FALSE,FALSE,-22,-22,-22,
78142,Gene,Shue,Gene Shue,18/12/1931,Maryland,USA,74,78142,TRUE,FALSE,FALSE,1954,1,3,
78143,John,Shumate,John Shumate,6/4/1952,Notre Dame,USA,81,235,FALSE,TRUE,FALSE,1974,1,4,
78144,Sam,Sibert,Sam Sibert,11/2/1949,Kentucky State,USA,79,78144,FALSE,TRUE,FALSE,1972,2,19,
78145,Mark,Sibley,Mark Sibley,13/11/1950,Northwestern,USA,74,175,TRUE,FALSE,FALSE,1973,4,64,
78146,Jerry,Sichting,Jerry Sichting,29/11/1956,Purdue,USA,73,168,TRUE,FALSE,FALSE,1979,4,82,
78147,Larry,Siegfried,Larry Siegfried,22/5/1939,Ohio State,USA,75,190,TRUE,FALSE,FALSE,1961,1,3,
78148,Ralph,Siewert,Ralph Siewert,31/12/1923,Dakota Wesleyan,USA,85,230,FALSE,FALSE,TRUE,-1,-1,-1,
78149,Jack,Sikma,Jack Sikma,14/11/1955,Illinois Wesleyan,USA,83,78149,FALSE,FALSE,TRUE,1977,1,8,
78150,James,Silas,James Silas,11/2/1949,Stephen F. Austin,USA,73,180,TRUE,FALSE,FALSE,1972,5,70,
78151,Paul,Silas,Paul Silas,12/7/1943,Creighton,USA,79,220,FALSE,TRUE,FALSE,1964,2,10,
78152,Mike,Silliman,Mike Silliman,4/5/1944,Army,USA,78,78152,FALSE,TRUE,FALSE,1966,8,69,
78153,Connie,Simmons,Connie Simmons,15/3/1925,Flushing HS (NY),USA,80,78153,FALSE,FALSE,TRUE,-22,-22,-22,
78154,Johnny,Simmons,Johnny Simmons,7/7/1924,New York University,USA,73,78154,TRUE,FALSE,FALSE,-22,-22,-22,
78157,Ralph,Simpson,Ralph Simpson,10/8/1949,Michigan State,USA,77,200,TRUE,FALSE,FALSE,1972,1,11,
78159,Doug,Sims,Doug Sims,29/6/1943,Kent State,USA,79,195,FALSE,TRUE,FALSE,-1,-1,-1,
78160,Bob,Sims,Bob Sims,9/10/1938,Pepperdine,USA,77,78160,FALSE,TRUE,FALSE,1960,7,54,
78161,Scott,Sims,Scott Sims,18/4/1955,Missouri,USA,73,170,TRUE,FALSE,FALSE,1977,5,103,
78162,Mckinley,Singleton,Mckinley Singleton,29/10/1961,Alabama-Birmingham,USA,77,175,FALSE,TRUE,FALSE,1984,6,120,
78163,Zeke,Sinicola,Zeke Sinicola,25/1/1929,Niagara,USA,70,165,TRUE,FALSE,FALSE,1951,1,4,
78164,Charlie,Sitton,Charlie Sitton,3/7/1962,Oregon State,USA,80,210,FALSE,TRUE,FALSE,1984,2,38,
78167,Al,Skinner,Al Skinner,16/6/1952,Massachusetts,USA,75,190,TRUE,FALSE,FALSE,1974,9,160,
78168,Talvin,Skinner,Talvin Skinner,10/9/1952,Maryland-Eastern Shore,USA,77,195,FALSE,TRUE,FALSE,1974,3,44,
78169,Whitey,Skoog,Whitey Skoog,2/11/1926,Minnesota,USA,71,180,TRUE,FALSE,FALSE,1951,,,
78170,Jeff,Slade,Jeff Slade,1/3/1941,Kenyon,USA,78,220,FALSE,TRUE,FALSE,1962,11,85,
78171,Jim,Slaughter,Jim Slaughter,13/5/1928,South Carolina,USA,83,210,FALSE,FALSE,TRUE,1951,4,31,
78172,Jose,Slaughter,Jose Slaughter,9/9/1960,Portland,USA,77,205,TRUE,FALSE,FALSE,1982,2,43,
78173,Jerry,Sloan,Jerry Sloan,28/3/1942,Evansville,USA,77,195,TRUE,FALSE,FALSE,1965,1,4,
78174,Tom,Sluby,Tom Sluby,18/2/1962,Notre Dame,USA,76,200,TRUE,FALSE,FALSE,1984,2,41,
78175,Keith,Smart,Keith Smart,21/9/1964,Indiana,USA,73,175,TRUE,FALSE,FALSE,1988,2,41,
78176,Belus,Smawley,Belus Smawley,20/3/1918,Appalachian State,USA,73,195,TRUE,FALSE,FALSE,-1,-1,-1,
78177,Jack,Smiley,Jack Smiley,22/12/1922,Illinois,USA,75,190,TRUE,FALSE,FALSE,-1,-1,-1,
78178,Adrian,Smith,Adrian Smith,5/10/1936,Kentucky,USA,73,180,TRUE,FALSE,FALSE,1958,15,85,
78179,Charles,Smith,Charles Smith,29/11/1967,Georgetown,USA,73,160,FALSE,TRUE,FALSE,-1,-1,-1,
78181,Clinton,Smith,Clinton Smith,19/1/1964,Cleveland State,USA,78,210,FALSE,TRUE,FALSE,1986,5,97,
78182,Deb,Smith,Deb Smith,7/1/1920,Utah,USA,75,78182,FALSE,FALSE,FALSE,-22,-22,-22,
78183,Derek,Smith,Derek Smith,1/11/1961,Louisville,USA,78,205,TRUE,FALSE,FALSE,1982,2,35,
78184,Don,Smith,Don Smith,10/10/1951,Dayton,USA,72,160,TRUE,FALSE,FALSE,1974,2,19,
78185,Donald,Smith,Donald Smith,27/7/1920,Minnesota,USA,74,190,FALSE,TRUE,FALSE,1947,,,
78187,Ed,Smith,Ed Smith,5/7/1929,Harvard,USA,78,180,FALSE,TRUE,FALSE,1951,1,6,
78188,Elmore,Smith,Elmore Smith,9/5/1949,Kentucky State,USA,85,250,FALSE,FALSE,TRUE,1971,1,3,
78189,Garfield,Smith,Garfield Smith,18/11/1945,Eastern Kentucky,USA,81,235,FALSE,FALSE,TRUE,1968,3,32,
78190,Greg,Smith,Greg Smith,28/1/1947,Western Kentucky,USA,77,195,FALSE,TRUE,FALSE,1968,4,50,
78191,Jim,Smith,Jim Smith,12/4/1958,Ohio State,USA,81,225,FALSE,TRUE,FALSE,1981,3,54,
78192,Keith,Smith,Keith Smith,9/3/1964,Loyola-Marymount,USA,75,180,TRUE,FALSE,FALSE,1986,2,45,
78194,Labradford,Smith,Labradford Smith,3/4/1969,Louisville,USA,75,200,FALSE,TRUE,FALSE,1991,1,19,
78195,Larry,Smith,Larry Smith,18/1/1958,Alcorn State,USA,80,215,FALSE,TRUE,FALSE,1980,2,24,
78197,Michael,Smith,Michael Smith,19/5/1965,Brigham Young,USA,82,225,TRUE,FALSE,FALSE,1989,1,13,
78198,Otis,Smith,Otis Smith,30/1/1964,Jacksonville,USA,77,210,FALSE,TRUE,FALSE,1986,2,41,
78199,Phil,Smith,Phil Smith,22/4/1952,San Francisco,USA,76,185,TRUE,FALSE,FALSE,1974,2,29,
78200,Randy,Smith,Randy Smith,12/12/1948,Buffalo State,USA,75,78200,TRUE,FALSE,FALSE,1971,7,104,
78201,Reggie,Smith,Reggie Smith,21/8/1970,TCU,USA,82,78201,FALSE,TRUE,FALSE,1992,2,31,
78202,Bingo,Smith,Bingo Smith,26/2/1946,Tulsa,USA,77,195,FALSE,TRUE,FALSE,1969,1,6,
78203,Bobby,Smith,Bobby Smith,20/8/1937,West Virginia,USA,76,78203,TRUE,FALSE,FALSE,1959,3,18,
78204,Robert,Smith,Robert Smith,10/3/1955,UNLV,USA,71,78204,TRUE,FALSE,FALSE,1977,3,65,
78205,Sammy,Smith,Sammy Smith,8/1/1955,UNLV,USA,76,200,FALSE,TRUE,FALSE,1977,3,48,
78207,Bill,Smith,Bill Smith,14/2/1949,Syracuse,USA,84,220,FALSE,FALSE,TRUE,1971,3,42,
78208,Willie,Smith,Willie Smith,26/10/1953,Missouri,USA,74,170,TRUE,FALSE,FALSE,1976,2,18,
78209,Bill,Smith,Bill Smith,26/4/1939,St. Peter's,USA,77,78209,FALSE,FALSE,FALSE,1961,5,42,
78212,Joe,Smyth,Joe Smyth,22/5/1929,Niagara,USA,75,215,FALSE,TRUE,FALSE,1953,,,
78213,Dick,Snyder,Dick Snyder,1/2/1944,Davidson,USA,77,78213,TRUE,FALSE,FALSE,1966,2,14,
78214,George,Sobek,George Sobek,10/2/1920,Notre Dame,USA,72,180,TRUE,FALSE,FALSE,-1,-1,-1,
78215,Ricky,Sobers,Ricky Sobers,15/1/1953,UNLV,USA,75,198,TRUE,FALSE,FALSE,1975,1,16,
78216,Ron,Sobie,Ron Sobie,21/9/1934,DePaul,USA,75,185,TRUE,FALSE,FALSE,1956,1,6,
78217,Mike,Sojourner,Mike Sojourner,16/10/1953,Utah,USA,81,225,FALSE,FALSE,TRUE,1974,1,10,
78219,Willie,Somerset,Willie Somerset,17/3/1942,Duquesne,USA,68,170,TRUE,FALSE,FALSE,1965,7,56,
78220,Dave,Sorenson,Dave Sorenson,8/7/1948,Ohio State,USA,80,225,FALSE,TRUE,FALSE,1970,2,26,
78221,Gino,Sovran,Gino Sovran,17/12/1924,Detroit,USA,74,175,FALSE,TRUE,FALSE,-1,-1,-1,
78222,Jim,Spanarkel,Jim Spanarkel,28/6/1957,Duke,USA,77,78222,TRUE,FALSE,FALSE,1979,1,16,
78223,Guy,Sparrow,Guy Sparrow,2/11/1932,Detroit,USA,78,218,FALSE,TRUE,FALSE,1955,3,19,
78225,Odie,Spears,Odie Spears,26/6/1925,Western Kentucky,USA,77,205,FALSE,TRUE,FALSE,1948,,,
78226,Art,Spector,Art Spector,17/10/1920,Villanova,USA,76,200,FALSE,TRUE,FALSE,-1,-1,-1,
78227,Andre,Spencer,Andre Spencer,20/7/1964,Northern Arizona,USA,78,210,FALSE,TRUE,FALSE,-1,-1,-1,
78230,Lou,Spicer,Lou Spicer,12/11/1922,Syracuse,USA,74,195,FALSE,TRUE,FALSE,-1,-1,-1,
78231,Craig,Spitzer,Craig Spitzer,18/12/1945,Tulane,USA,84,78231,FALSE,FALSE,TRUE,-22,-22,-22,
78232,Art,Spoelstra,Art Spoelstra,11/9/1932,Western Kentucky,USA,81,220,FALSE,FALSE,TRUE,1954,4,34,
78233,Larry,Spriggs,Larry Spriggs,8/9/1959,Howard,USA,79,230,FALSE,TRUE,FALSE,1981,4,81,
78234,Jim,Springer,Jim Springer,17/6/1926,Canterbury,USA,81,235,FALSE,FALSE,TRUE,1956,,,
78235,Jim,Spruill,Jim Spruill,26/2/1923,Rice,USA,74,225,FALSE,TRUE,FALSE,-1,-1,-1,
78237,Kevin,Stacom,Kevin Stacom,4/9/1951,Providence,USA,75,185,TRUE,FALSE,FALSE,1974,2,35,
78238,Dave,Stallworth,Dave Stallworth,20/12/1941,Wichita State,USA,79,200,FALSE,TRUE,FALSE,1965,1,3,
78239,Isaac,Stallworth,Isaac Stallworth,18/1/1950,Kansas,USA,77,190,FALSE,TRUE,FALSE,1972,1,7,
78240,Ed,Stanczak,Ed Stanczak,15/8/1921,Central HS (IN),USA,73,185,FALSE,TRUE,FALSE,-1,-1,-1,
78241,Terence,Stansbury,Terence Stansbury,27/2/1961,Temple,USA,77,78241,TRUE,FALSE,FALSE,1984,1,15,
78243,Keith,Starr,Keith Starr,14/3/1954,Pittsburgh,USA,78,78243,TRUE,FALSE,FALSE,1976,4,52,
78244,Larry,Staverman,Larry Staverman,11/10/1936,Thomas More,USA,79,205,FALSE,TRUE,FALSE,1958,9,64,
78245,Larry,Steele,Larry Steele,5/5/1949,Kentucky,USA,77,180,TRUE,FALSE,FALSE,1971,3,37,
78247,Everette,Stephens,Everette Stephens,21/10/1966,Purdue,USA,74,78247,TRUE,FALSE,FALSE,1988,2,31,
78249,Jack,Stephens,Jack Stephens,18/5/1933,Notre Dame,USA,75,78249,TRUE,FALSE,FALSE,1955,2,7,
78250,Brook,Steppe,Brook Steppe,7/11/1959,Georgia Tech,USA,77,78250,TRUE,FALSE,FALSE,1982,1,17,
78251,Barry,Stevens,Barry Stevens,17/1/1963,Iowa State,USA,77,195,TRUE,FALSE,FALSE,1985,2,43,
78252,Wayne,Stevens,Wayne Stevens,19/6/1936,Cincinnati,USA,75,185,FALSE,TRUE,FALSE,1958,7,49,
78253,Dennis,Stewart,Dennis Stewart,11/4/1947,Michigan,USA,78,78253,FALSE,TRUE,FALSE,1969,4,44,
78256,Norm,Stewart,Norm Stewart,20/1/1935,Missouri,USA,77,205,FALSE,TRUE,FALSE,1956,,,
78257,Steve,Stipanovich,Steve Stipanovich,17/11/1960,Missouri,USA,83,245,FALSE,FALSE,TRUE,1983,1,2,
78259,Sam,Stith,Sam Stith,22/7/1937,St. Bonaventure,USA,74,78259,TRUE,FALSE,FALSE,1960,8,56,
78260,Tom,Stith,Tom Stith,21/1/1939,St. Bonaventure,USA,77,78260,FALSE,TRUE,FALSE,1961,1,2,
78261,Alex,Stivrins,Alex Stivrins,29/11/1962,Colorado,USA,80,220,FALSE,TRUE,FALSE,1985,4,75,
78264,Greg,Stokes,Greg Stokes,5/8/1963,Iowa,USA,82,220,FALSE,TRUE,FALSE,1985,2,33,
78266,Art,Stolkey,Art Stolkey,23/10/1920,Detroit,USA,73,180,TRUE,FALSE,FALSE,-1,-1,-1,
78267,Paul,Stovall,Paul Stovall,16/8/1948,Arizona State,USA,76,215,FALSE,TRUE,FALSE,1972,2,22,
78268,Joe,Strawder,Joe Strawder,21/9/1940,Bradley,USA,82,78268,FALSE,FALSE,TRUE,1964,4,34,
78269,Bill,Stricker,Bill Stricker,22/1/1948,Pacific,USA,80,78269,FALSE,TRUE,FALSE,1970,4,54,
78270,Roger,Strickland,Roger Strickland,4/9/1940,Jacksonville,USA,77,200,FALSE,TRUE,FALSE,1963,1,7,
78271,John,Stroeder,John Stroeder,24/7/1958,Montana,USA,82,260,FALSE,TRUE,FALSE,1980,8,168,
78273,Lamont,Strothers,Lamont Strothers,10/5/1968,Christopher Newport,USA,76,190,TRUE,FALSE,FALSE,1991,2,43,
78274,John,Stroud,John Stroud,29/10/1957,Mississippi,USA,79,215,FALSE,TRUE,FALSE,1980,2,27,
78275,Gene,Stump,Gene Stump,13/11/1923,DePaul,USA,74,185,FALSE,TRUE,FALSE,1947,,,
78276,Stan,Stutz,Stan Stutz,14/4/1920,Rhode Island,USA,70,78276,FALSE,FALSE,FALSE,-22,-22,-22,
78277,Gary,Suiter,Gary Suiter,18/1/1945,Midwestern State,USA,81,78277,FALSE,FALSE,TRUE,-22,-22,-22,
78278,Don,Sunderlage,Don Sunderlage,20/12/1929,Illinois,USA,73,180,TRUE,FALSE,FALSE,1951,1,9,
78279,Jon,Sundvold,Jon Sundvold,2/7/1961,Missouri,USA,74,170,TRUE,FALSE,FALSE,1983,1,16,
78280,Dick,Surhoff,Dick Surhoff,16/11/1929,Long Island-Brooklyn,USA,76,210,FALSE,TRUE,FALSE,1952,,,
78281,Dane,Suttle,Dane Suttle,9/8/1961,Pepperdine,USA,75,190,TRUE,FALSE,FALSE,1983,7,152,
78283,Bennie,Swain,Bennie Swain,16/12/1933,Texas Southern,USA,80,220,FALSE,TRUE,FALSE,1958,1,7,
78284,Norm,Swanson,Norm Swanson,4/10/1930,Detroit,USA,78,210,FALSE,TRUE,FALSE,1953,,,
78285,Dan,Swartz,Dan Swartz,23/12/1934,Morehead State,USA,76,215,FALSE,TRUE,FALSE,1956,4,,
78286,Aaron,Swinson,Aaron Swinson,21/12/1970,Auburn,USA,77,230,FALSE,TRUE,FALSE,-1,-1,-1,
78287,Wallace,Sydnor,Wallace Sydnor,19/9/1921,Western Kentucky,USA,70,175,TRUE,FALSE,FALSE,-1,-1,-1,
78291,Sid,Tannenbaum,Sid Tannenbaum,8/10/1925,New York University,USA,72,78291,TRUE,FALSE,FALSE,-22,-22,-22,
78293,Roy,Tarpley,Roy Tarpley,28/11/1964,Michigan,USA,84,230,FALSE,TRUE,FALSE,1986,1,7,
78294,Earl,Tatum,Earl Tatum,26/7/1953,Marquette,USA,76,185,TRUE,FALSE,FALSE,1976,2,21,
78295,Anthony,Taylor,Anthony Taylor,30/11/1965,Oregon,USA,76,175,TRUE,FALSE,FALSE,1988,2,44,
78296,Brian,Taylor,Brian Taylor,9/6/1951,Princeton,USA,74,185,TRUE,FALSE,FALSE,1972,2,23,
78297,Jay,Taylor,Jay Taylor,3/10/1967,Eastern Illinois,USA,75,190,FALSE,TRUE,FALSE,-1,-1,-1,
78298,Fred,Taylor,Fred Taylor,5/2/1948,Texas-Pan American,USA,77,180,TRUE,FALSE,FALSE,1970,2,27,
78299,Jeff,Taylor,Jeff Taylor,1/1/1960,Texas Tech,USA,76,175,TRUE,FALSE,FALSE,1982,2,42,
78301,Leonard,Taylor,Leonard Taylor,2/5/1966,California,USA,80,78301,FALSE,TRUE,FALSE,-22,-22,-22,
78302,Roland,Taylor,Roland Taylor,13/3/1946,La Salle,USA,72,175,TRUE,FALSE,FALSE,1969,12,167,
78303,Vince,Taylor,Vince Taylor,11/9/1960,Duke,USA,77,180,TRUE,FALSE,FALSE,1982,2,34,
78304,Terry,Teagle,Terry Teagle,10/4/1960,Baylor,USA,77,195,TRUE,FALSE,FALSE,1982,1,16,
78305,Ira,Terrell,Ira Terrell,19/6/1954,Southern Methodist,USA,80,200,FALSE,TRUE,FALSE,1976,3,45,
78306,Chuck,Terry,Chuck Terry,27/9/1950,Long Beach State,USA,78,215,TRUE,FALSE,FALSE,1972,2,29,
78307,Carlos,Terry,Carlos Terry,22/6/1956,Winston-Salem State,USA,76,210,TRUE,FALSE,FALSE,1978,5,104,
78308,Claude,Terry,Claude Terry,12/1/1950,Stanford,USA,77,195,TRUE,FALSE,FALSE,1972,3,42,
78309,Tom,Thacker,Tom Thacker,2/11/1939,Cincinnati,USA,74,170,TRUE,FALSE,FALSE,1963,,,
78310,Reggie,Theus,Reggie Theus,13/10/1957,UNLV,USA,78,190,TRUE,FALSE,FALSE,1978,1,9,
78311,Peter,Thibeaux,Peter Thibeaux,3/10/1961,St. Mary's (CA),USA,79,210,FALSE,TRUE,FALSE,1983,4,77,
78312,Bill,Thieben,Bill Thieben,28/3/1935,Hofstra,USA,78,215,FALSE,TRUE,FALSE,1956,,,
78313,Justus,Thigpen,Justus Thigpen,13/8/1947,Weber State,USA,73,160,TRUE,FALSE,FALSE,1969,11,147,
78314,David,Thirdkill,David Thirdkill,12/4/1960,Bradley,USA,79,195,FALSE,TRUE,FALSE,1982,1,15,
78316,Charles,Thomas,Charles Thomas,3/10/1969,Eastern Michigan,USA,75,175,TRUE,FALSE,FALSE,-1,-1,-1,
78317,Irving,Thomas,Irving Thomas,2/1/1966,Florida State,USA,80,225,FALSE,TRUE,FALSE,-1,-1,-1,
78318,Isiah,Thomas,Isiah Thomas,30/4/1961,Indiana,USA,73,180,TRUE,FALSE,FALSE,1981,1,2,
78320,Jim,Thomas,Jim Thomas,19/10/1960,Indiana,USA,75,190,TRUE,FALSE,FALSE,1983,2,40,
78321,Joe,Thomas,Joe Thomas,27/6/1948,Marquette,USA,78,78321,FALSE,TRUE,FALSE,1970,6,95,
78322,Terry,Thomas,Terry Thomas,20/8/1953,Detroit,USA,80,220,FALSE,TRUE,FALSE,1975,9,151,
78323,Bernard,Thompson,Bernard Thompson,30/8/1962,Fresno State,USA,78,210,TRUE,FALSE,FALSE,1984,1,19,
78325,Corny,Thompson,Corny Thompson,5/2/1960,Connecticut,USA,80,225,FALSE,TRUE,FALSE,1982,3,50,
78326,David,Thompson,David Thompson,13/7/1954,North Carolina State,USA,76,195,TRUE,FALSE,FALSE,1975,1,1,
78327,George,Thompson,George Thompson,29/11/1947,Marquette,USA,74,78327,TRUE,FALSE,FALSE,1969,5,66,
78328,John,Thompson,John Thompson,2/9/1941,Providence,USA,82,78328,FALSE,TRUE,FALSE,1964,3,25,
78329,Kevin,Thompson,Kevin Thompson,7/2/1971,North Carolina State,USA,83,260,FALSE,FALSE,TRUE,1993,2,48,
78331,Mychal,Thompson,Mychal Thompson,30/1/1955,Minnesota,USA,82,226,FALSE,FALSE,TRUE,1978,1,1,
78332,Paul,Thompson,Paul Thompson,25/5/1961,Tulane,USA,78,78332,TRUE,FALSE,FALSE,1983,3,50,
78333,Stephen,Thompson,Stephen Thompson,2/12/1968,Syracuse,USA,76,185,FALSE,TRUE,FALSE,-1,-1,-1,
78335,Rod,Thorn,Rod Thorn,23/5/1941,West Virginia,USA,76,195,TRUE,FALSE,FALSE,1963,1,2,
78340,Mel,Thurston,Mel Thurston,16/1/1919,Canisius,USA,72,175,TRUE,FALSE,FALSE,-1,-1,-1,
78341,Howard,Tidrick,Howard Tidrick,14/6/1915,Washington & Jefferson,USA,73,190,TRUE,FALSE,FALSE,-1,-1,-1,
78342,Dan,Tieman,Dan Tieman,30/11/1940,Thomas More,USA,72,185,TRUE,FALSE,FALSE,-1,-1,-1,
78343,Darren,Tillis,Darren Tillis,23/2/1960,Cleveland State,USA,83,215,FALSE,FALSE,TRUE,1982,1,23,
78344,Jack,Tingle,Jack Tingle,30/12/1924,Kentucky,USA,76,78344,FALSE,FALSE,FALSE,-22,-22,-22,
78346,Marko,Todorovich,Marko Todorovich,11/6/1923,Wyoming,USA,77,78346,FALSE,TRUE,FALSE,1947,-22,-22,
78347,Tom,Tolbert,Tom Tolbert,16/10/1965,Arizona,USA,79,78347,FALSE,TRUE,FALSE,1988,2,34,
78348,Ray,Tolbert,Ray Tolbert,10/9/1958,Indiana,USA,81,225,FALSE,TRUE,FALSE,1981,1,18,
78349,Dean,Tolson,Dean Tolson,25/11/1951,Arkansas,USA,80,190,FALSE,TRUE,FALSE,1974,5,80,
78350,Rudy,Tomjanovich,Rudy Tomjanovich,24/11/1948,Michigan,USA,80,218,FALSE,TRUE,FALSE,1970,1,2,
78351,Andrew,Toney,Andrew Toney,23/11/1957,Louisiana-Lafayette,USA,75,178,TRUE,FALSE,FALSE,1980,1,8,
78352,Sedric,Toney,Sedric Toney,13/4/1962,Dayton,USA,74,178,TRUE,FALSE,FALSE,1985,3,59,
78353,Andy,Tonkovich,Andy Tonkovich,1/11/1922,Marshall,USA,73,185,TRUE,FALSE,FALSE,1948,1,1,
78355,Jack,Toomay,Jack Toomay,9/8/1922,Pacific,USA,78,78355,FALSE,FALSE,FALSE,-22,-22,-22,
78356,Bernard,Toone,Bernard Toone,14/7/1956,Marquette,USA,81,210,FALSE,TRUE,FALSE,1979,2,37,
78357,Irv,Torgoff,Irv Torgoff,6/3/1917,Long Island-Brooklyn,USA,73,192,FALSE,TRUE,FALSE,-1,-1,-1,
78358,Gene,Tormohlen,Gene Tormohlen,12/5/1937,Tennessee,USA,80,78358,FALSE,FALSE,TRUE,1959,2,11,
78359,Bill,Tosheff,Bill Tosheff,2/6/1926,Indiana,USA,73,175,TRUE,FALSE,FALSE,1951,4,32,
78360,Bob,Tough,Bob Tough,28/8/1920,St. John's (NY),USA,72,185,TRUE,FALSE,FALSE,-1,-1,-1,
78361,Monte,Towe,Monte Towe,27/9/1953,North Carolina State,USA,67,150,TRUE,FALSE,FALSE,1975,4,57,
78363,William,Towery,William Towery,20/6/1920,Western Kentucky,USA,76,210,FALSE,FALSE,TRUE,-1,-1,-1,
78364,Linton,Townes,Linton Townes,30/11/1959,James Madison,USA,79,78364,FALSE,TRUE,FALSE,1982,2,33,
78365,Raymond,Townsend,Raymond Townsend,20/12/1955,UCLA,USA,75,175,TRUE,FALSE,FALSE,1978,1,22,
78366,George,Trapp,George Trapp,11/7/1948,Long Beach State,USA,80,205,FALSE,TRUE,FALSE,1971,1,5,
78367,John,Trapp,John Trapp,2/10/1945,UNLV,USA,79,210,FALSE,TRUE,FALSE,1968,2,15,
78368,Dick,Triptow,Dick Triptow,3/11/1922,DePaul,USA,72,170,TRUE,FALSE,FALSE,-1,-1,-1,
78369,Kelly,Tripucka,Kelly Tripucka,16/2/1959,Notre Dame,USA,78,220,FALSE,TRUE,FALSE,1981,1,12,
78370,John,Tschogl,John Tschogl,25/4/1950,California-Santa Barbara,USA,78,206,FALSE,TRUE,FALSE,-1,-1,-1,
78371,Lou,Tsioropoulos,Lou Tsioropoulos,31/8/1930,Kentucky,USA,77,190,FALSE,TRUE,FALSE,1953,7,,
78372,Al,Tucker,Al Tucker,24/2/1943,Oklahoma Baptist,USA,80,190,FALSE,TRUE,FALSE,1967,1,6,
78374,Jim,Tucker,Jim Tucker,11/12/1932,Duquesne,USA,79,185,FALSE,TRUE,FALSE,1954,3,24,
78375,Trent,Tucker,Trent Tucker,20/12/1959,Minnesota,USA,77,193,TRUE,FALSE,FALSE,1982,1,6,
78377,Andre,Turner,Andre Turner,13/12/1964,Memphis,USA,71,160,TRUE,FALSE,FALSE,1986,3,69,
78378,Elston,Turner,Elston Turner,10/6/1959,Mississippi,USA,77,190,TRUE,FALSE,FALSE,1981,2,43,
78379,Henry,Turner,Henry Turner,18/8/1966,California State-Fullerton,USA,79,200,TRUE,FALSE,FALSE,-1,-1,-1,
78380,Jack,Turner,Jack Turner,29/6/1930,Western Kentucky,USA,76,170,TRUE,FALSE,FALSE,1954,1,8,
78381,Jeff,Turner,Jeff Turner,9/4/1962,Vanderbilt,USA,81,78381,FALSE,TRUE,FALSE,1984,1,17,
78382,Jack,Turner,Jack Turner,5/6/1939,Louisville,USA,77,78382,FALSE,FALSE,FALSE,1961,2,18,
78385,Bill,Turner,Bill Turner,18/2/1944,Akron,USA,79,220,FALSE,TRUE,FALSE,1967,3,27,
78386,Melvin,Turpin,Melvin Turpin,28/12/1960,Kentucky,USA,83,240,FALSE,FALSE,TRUE,1984,1,6,
78387,Dave,Twardzik,Dave Twardzik,20/9/1950,Old Dominion,USA,73,175,TRUE,FALSE,FALSE,1972,2,26,
78388,Jack,Twyman,Jack Twyman,11/5/1934,Cincinnati,USA,78,210,FALSE,TRUE,FALSE,1955,2,8,
78390,Terry,Tyler,Terry Tyler,30/10/1956,Detroit,USA,79,215,FALSE,TRUE,FALSE,1978,2,23,
78391,Charlie,Tyra,Charlie Tyra,16/8/1935,Louisville,USA,80,230,FALSE,FALSE,TRUE,1957,1,2,
78392,Wes,Unseld,Wes Unseld,14/3/1946,Louisville,USA,79,245,FALSE,FALSE,TRUE,1968,1,2,
78393,Hal,Uplinger,Hal Uplinger,30/9/1929,Long Island-Brooklyn,USA,76,185,TRUE,FALSE,FALSE,-1,-1,-1,
78394,Kelvin,Upshaw,Kelvin Upshaw,24/1/1963,Utah,USA,74,180,TRUE,FALSE,FALSE,-1,-1,-1,
78395,Darnell,Valentine,Darnell Valentine,3/2/1959,Kansas,USA,74,183,TRUE,FALSE,FALSE,1981,1,16,
78396,Ron,Valentine,Ron Valentine,27/11/1957,Old Dominion,USA,79,210,FALSE,TRUE,FALSE,1980,3,51,
78397,John,Vallely,John Vallely,3/10/1948,UCLA,USA,75,185,TRUE,FALSE,FALSE,1970,1,14,
78398,Dick,Van Arsdale,Dick Van Arsdale,22/2/1943,Indiana,USA,77,210,TRUE,FALSE,FALSE,1965,2,10,
78399,Tom,Van Arsdale,Tom Van Arsdale,22/2/1943,Indiana,USA,77,202,FALSE,TRUE,FALSE,1965,2,11,
78400,Jan,Van Breda Kolff,Jan Van Breda Kolff,16/12/1951,Vanderbilt,USA,79,195,FALSE,TRUE,FALSE,1974,2,20,
78401,Butch,Van Breda Kolff,Butch Van Breda Kolff,28/10/1922,New York University,USA,75,185,TRUE,TRUE,FALSE,-1,-1,-1,
78402,Gene,Vance,Gene Vance,25/2/1923,Illinois,USA,75,195,TRUE,FALSE,FALSE,1947,,,
78403,Log,Vander Velden,Log Vander Velden,3/4/1971,Wisconsin-Green Bay,USA,80,215,FALSE,TRUE,FALSE,-1,-1,-1,
78404,Kiki,Vandeweghe,Kiki Vandeweghe,1/8/1958,UCLA,USA,80,220,FALSE,TRUE,FALSE,1980,1,11,
78405,Ernie,Vandeweghe,Ernie Vandeweghe,12/9/1928,Colgate,USA,75,78405,FALSE,TRUE,FALSE,-22,-22,-22,
78406,Norm,Van Lier,Norm Van Lier,1/4/1947,St. Francis (PA),USA,73,173,TRUE,FALSE,FALSE,1969,3,34,
78407,Nick,Vanos,Nick Vanos,13/4/1963,Santa Clara,USA,85,255,FALSE,FALSE,TRUE,1985,2,32,
78409,Charles,Vaughn,Charles Vaughn,19/2/1940,Southern Illinois,USA,75,190,TRUE,FALSE,FALSE,1962,4,26,
78411,Virgil,Vaughn,Virgil Vaughn,15/5/1918,Western Kentucky,USA,76,205,FALSE,TRUE,FALSE,-1,-1,-1,
78412,Loy,Vaught,Loy Vaught,,,,,,,,,,,,
78413,Bob,Verga,Bob Verga,7/9/1945,Duke,USA,73,190,TRUE,FALSE,FALSE,1967,3,25,
78414,Peter,Verhoeven,Peter Verhoeven,15/2/1959,Fresno State,USA,81,215,FALSE,TRUE,FALSE,1981,4,85,
78415,Gundars,Vetra,Gundars Vetra,22/5/1967,VEF Riga,Latvia,78,195,FALSE,TRUE,FALSE,-1,-1,-1,
78416,Joao,Vianna,Joao Vianna,15/11/1966,Travajara,Brazil,81,215,FALSE,TRUE,FALSE,-1,-1,-1,
78417,Sam,Vincent,Sam Vincent,18/5/1963,Michigan State,USA,74,185,TRUE,FALSE,FALSE,1985,1,20,
78418,Jay,Vincent,Jay Vincent,10/6/1959,Michigan State,USA,79,220,FALSE,TRUE,FALSE,1981,2,24,
78419,Gary,Voce,Gary Voce,24/11/1965,Notre Dame,USA,81,240,FALSE,TRUE,FALSE,-1,-1,-1,
78420,Floyd,Volker,Floyd Volker,21/6/1921,Wyoming,USA,76,205,FALSE,TRUE,FALSE,-1,-1,-1,
78421,Alexander,Volkov,Alexander Volkov,29/3/1964,Stroitel,Ukraine,82,218,FALSE,FALSE,TRUE,1986,6,134,
78422,Whitey,Von Nieda,Whitey Von Nieda,19/6/1922,Penn State,USA,,,,,,-1,-1,-1,
78423,Danny,Vranes,Danny Vranes,29/10/1958,Utah,USA,79,210,FALSE,TRUE,FALSE,1981,1,5,
78425,Brett,Vroman,Brett Vroman,25/12/1955,UNLV,USA,84,220,FALSE,FALSE,TRUE,1978,4,87,
78426,Mark,Wade,Mark Wade,15/10/1965,UNLV,USA,71,160,TRUE,FALSE,FALSE,-1,-1,-1,
78427,Clint,Wager,Clint Wager,20/1/1920,St. Mary's (MN),USA,77,210,FALSE,FALSE,TRUE,-1,-1,-1,
78428,Danny,Wagner,Danny Wagner,1/8/1922,Texas-Austin,USA,72,170,TRUE,FALSE,FALSE,-1,-1,-1,
78429,Milt,Wagner,Milt Wagner,20/2/1963,Louisville,USA,77,185,TRUE,FALSE,FALSE,1986,2,35,
78430,Granville,Waiters,Granville Waiters,8/1/1961,Ohio State,USA,83,78430,FALSE,FALSE,TRUE,1983,2,39,
78431,Andre,Wakefield,Andre Wakefield,11/1/1955,Loyola-Chicago,USA,74,175,TRUE,FALSE,FALSE,1978,5,107,
78432,Neal,Walk,Neal Walk,29/7/1948,Florida,USA,82,220,FALSE,FALSE,TRUE,1969,1,2,
78433,Andy,Walker,Andy Walker,25/3/1955,Niagara,USA,76,78433,TRUE,FALSE,FALSE,1976,7,111,
78434,Brady,Walker,Brady Walker,15/3/1921,Brigham Young,USA,78,205,FALSE,TRUE,FALSE,1948,,,
78435,Chet,Walker,Chet Walker,22/2/1940,Bradley,USA,79,212,FALSE,TRUE,FALSE,1962,2,12,
78436,Foots,Walker,Foots Walker,21/5/1951,West Georgia,USA,73,172,TRUE,FALSE,FALSE,1974,3,38,
78437,Darrell,Walker,Darrell Walker,9/3/1961,Arkansas,USA,76,180,TRUE,FALSE,FALSE,1983,1,12,
78438,Horace,Walker,Horace Walker,17/4/1938,Michigan State,USA,75,78438,FALSE,TRUE,FALSE,1960,4,30,
78439,Jimmy,Walker,Jimmy Walker,8/4/1944,Providence,USA,75,195,TRUE,FALSE,FALSE,1967,1,1,
78440,Kenny,Walker,Kenny Walker,18/8/1964,Kentucky,USA,80,210,FALSE,TRUE,FALSE,1986,1,5,
78441,Phil,Walker,Phil Walker,20/3/1956,Millersville,USA,75,180,TRUE,FALSE,FALSE,1977,2,39,
78442,Wally,Walker,Wally Walker,18/7/1954,Virginia,USA,80,190,FALSE,TRUE,FALSE,1976,1,5,
78443,Michael,Wallace,Michael Wallace,12/7/1918,Scranton,USA,73,185,TRUE,FALSE,FALSE,-1,-1,-1,
78444,Dwight,Waller,Dwight Waller,5/10/1945,Tennessee State,USA,78,220,FALSE,TRUE,FALSE,1968,10,131,
78445,Jamie,Waller,Jamie Waller,20/11/1964,Virginia Union,USA,76,215,FALSE,TRUE,FALSE,1987,3,48,
78446,Jim,Walsh,Jim Walsh,29/8/1931,Stanford,USA,76,195,FALSE,TRUE,FALSE,1952,,,
78447,Paul,Walther,Paul Walther,23/3/1927,Tennessee,USA,74,78447,TRUE,FALSE,FALSE,-22,-22,-22,
78448,Rabbit,Walthour,Rabbit Walthour,11/4/1905,Benjamin Franklin HS (NY),USA,71,163,TRUE,FALSE,FALSE,-1,-1,-1,
78449,Lloyd,Walton,Lloyd Walton,23/11/1953,Marquette,USA,72,160,TRUE,FALSE,FALSE,1976,3,40,
78450,Bill,Walton,Bill Walton,5/11/1952,UCLA,USA,83,78450,FALSE,FALSE,TRUE,1974,1,1,
78453,Bobby,Wanzer,Bobby Wanzer,4/6/1921,Seton Hall,USA,72,170,TRUE,FALSE,FALSE,1948,1,10,
78454,Perry,Warbington,Perry Warbington,7/9/1952,Georgia Southern,USA,74,78454,TRUE,FALSE,FALSE,1974,9,145,
78455,Gerry,Ward,Gerry Ward,6/9/1941,Boston College,USA,76,195,TRUE,FALSE,FALSE,1963,1,5,
78456,Henry,Ward,Henry Ward,30/1/1952,Jackson State,USA,76,195,TRUE,FALSE,FALSE,1975,6,99,
78457,Jim,Ware,Jim Ware,2/5/1944,Oklahoma City,USA,79,210,FALSE,TRUE,FALSE,1966,3,26,
78458,Ben,Warley,Ben Warley,4/9/1936,Tennessee State,USA,77,200,FALSE,TRUE,FALSE,1961,1,6,
78459,Bob,Warlick,Bob Warlick,20/3/1941,Pepperdine,USA,77,78459,TRUE,FALSE,FALSE,-22,-22,-22,
78460,Cornell,Warner,Cornell Warner,12/8/1948,Jackson State,USA,81,220,FALSE,TRUE,FALSE,1970,2,24,
78461,Johnny,Warren,Johnny Warren,7/7/1947,St. John's (NY),USA,75,180,TRUE,FALSE,FALSE,1969,1,11,
78462,Bryan,Warrick,Bryan Warrick,22/7/1959,St. Joseph's (PA),USA,77,195,TRUE,FALSE,FALSE,1982,2,25,
78463,Chris,Washburn,Chris Washburn,13/5/1965,North Carolina State,USA,83,225,FALSE,FALSE,TRUE,1986,1,3,
78464,Duane,Washington,Duane Washington,31/8/1964,Middle Tennessee State,USA,76,195,TRUE,FALSE,FALSE,1987,2,36,
78465,Dwayne,Washington,Dwayne Washington,6/1/1964,Syracuse,USA,74,190,TRUE,FALSE,FALSE,1986,1,13,
78466,Jim,Washington,Jim Washington,1/7/1943,Villanova,USA,79,210,FALSE,TRUE,FALSE,1965,1,6,
78467,Kermit,Washington,Kermit Washington,17/9/1951,American,USA,80,230,FALSE,TRUE,FALSE,1973,1,5,
78468,Richard,Washington,Richard Washington,15/7/1955,UCLA,USA,82,220,FALSE,TRUE,FALSE,1976,1,3,
78469,Bobby,Washington,Bobby Washington,11/7/1947,Eastern Kentucky,USA,71,175,TRUE,FALSE,FALSE,-1,-1,-1,
78470,Stan,Washington,Stan Washington,23/1/1952,San Diego,USA,76,78470,TRUE,FALSE,FALSE,1974,4,66,
78471,Wilson,Washington,Wilson Washington,3/8/1955,Old Dominion,USA,81,227,FALSE,TRUE,FALSE,1977,2,25,
78473,Slick,Watts,Slick Watts,22/7/1951,Xavier of Louisiana,USA,73,175,TRUE,FALSE,FALSE,-1,-1,-1,
78474,Ron,Watts,Ron Watts,21/5/1943,Wake Forest,USA,78,210,FALSE,TRUE,FALSE,1965,2,17,
78475,Nick,Weatherspoon,Nick Weatherspoon,20/7/1950,Illinois,USA,79,195,FALSE,TRUE,FALSE,1973,1,13,
78477,Jeff,Webb,Jeff Webb,6/7/1948,Kansas State,USA,76,170,TRUE,FALSE,FALSE,-1,-1,-1,
78478,Marcus,Webb,Marcus Webb,9/5/1970,Alabama,USA,81,255,FALSE,TRUE,FALSE,-1,-1,-1,
78479,Forest,Weber,Forest Weber,18/3/1918,Purdue,USA,78,225,FALSE,FALSE,TRUE,-1,-1,-1,
78481,Marvin,Webster,Marvin Webster,13/4/1952,Morgan State,USA,85,78481,FALSE,FALSE,TRUE,1975,1,3,
78482,Scott,Wedman,Scott Wedman,29/7/1952,Colorado,USA,79,215,FALSE,TRUE,FALSE,1974,1,6,
78483,Dick,Wehr,Dick Wehr,9/12/1925,Rice,USA,76,78483,FALSE,FALSE,FALSE,-22,-22,-22,
78484,Brant,Weidner,Brant Weidner,28/10/1960,William & Mary,USA,81,230,FALSE,TRUE,FALSE,1983,4,90,
78485,Bob,Weiss,Bob Weiss,7/5/1942,Penn State,USA,75,180,TRUE,FALSE,FALSE,1965,3,22,
78486,Rick,Weitzman,Rick Weitzman,30/4/1946,Northeastern,USA,74,78486,TRUE,FALSE,FALSE,1967,1,110,
78488,Owen,Wells,Owen Wells,9/12/1950,Detroit,USA,79,200,FALSE,TRUE,FALSE,1974,5,77,
78489,Ralph,Wells,Ralph Wells,3/9/1940,Northwestern,USA,73,180,TRUE,FALSE,FALSE,-1,-1,-1,
78492,Matt,Wenstrom,Matt Wenstrom,4/11/1970,North Carolina,USA,85,250,FALSE,FALSE,TRUE,-1,-1,-1,
78493,Robert,Werdann,Robert Werdann,,,,,,,,,,,,
78494,Ray,Wertis,Ray Wertis,1/1/1922,St. John's (NY),USA,71,,TRUE,FALSE,FALSE,-1,-1,-1,
78495,Walt,Wesley,Walt Wesley,25/1/1945,Kansas,USA,83,220,FALSE,FALSE,TRUE,1966,1,6,
78497,Jerry,West,Jerry West,28/5/1938,West Virginia,USA,75,175,TRUE,FALSE,FALSE,1960,1,2,
78499,Roland,West,Roland West,6/6/1944,Cincinnati,USA,76,178,TRUE,FALSE,FALSE,1967,20,162,
78500,Paul,Westphal,Paul Westphal,30/11/1950,Southern California,USA,76,195,TRUE,FALSE,FALSE,1972,1,10,
78501,John,Wetzel,John Wetzel,22/10/1944,Virginia Tech,USA,77,78501,TRUE,FALSE,FALSE,1966,8,75,
78504,Clinton,Wheeler,Clinton Wheeler,27/10/1959,William Paterson,USA,73,185,TRUE,FALSE,FALSE,1981,7,150,
78506,Lucian,Whitaker,Lucian Whitaker,29/8/1930,Kentucky,USA,73,180,TRUE,FALSE,FALSE,1952,,,
78507,Eric,White,Eric White,30/12/1965,Pepperdine,USA,80,200,FALSE,TRUE,FALSE,1987,3,65,
78508,Herb,White,Herb White,15/6/1948,Georgia,USA,74,78508,TRUE,FALSE,FALSE,1970,8,133,
78509,Hubie,White,Hubie White,26/1/1940,Villanova,USA,76,205,TRUE,FALSE,FALSE,1962,2,14,
78510,Jojo,White,Jojo White,16/11/1946,Kansas,USA,75,190,TRUE,FALSE,FALSE,1969,1,9,
78512,Rory,White,Rory White,16/8/1959,South Alabama,USA,80,210,FALSE,TRUE,FALSE,1982,4,86,
78513,Rudy,White,Rudy White,23/6/1953,Arizona State,USA,74,195,TRUE,FALSE,FALSE,1975,3,47,
78514,Tony,White,Tony White,15/2/1965,Tennessee,USA,74,170,TRUE,FALSE,FALSE,1987,2,33,
78515,Willie,White,Willie White,20/8/1962,Tennessee-Chattanooga,USA,75,195,TRUE,FALSE,FALSE,1984,2,42,
78516,Jerome,Whitehead,Jerome Whitehead,30/9/1956,Marquette,USA,82,220,FALSE,FALSE,TRUE,1978,2,41,
78519,Charles,Whitney,Charles Whitney,22/6/1957,North Carolina State,USA,77,235,FALSE,TRUE,FALSE,1980,1,16,
78520,Sidney,Wicks,Sidney Wicks,19/9/1949,UCLA,USA,81,78520,FALSE,TRUE,FALSE,1971,1,2,
78521,Murray,Wier,Murray Wier,12/12/1926,Iowa,USA,69,155,TRUE,FALSE,FALSE,1948,,,
78522,Bob,Wiesenhahn,Bob Wiesenhahn,22/12/1938,Cincinnati,USA,76,215,FALSE,TRUE,FALSE,1961,2,11,
78523,Mitchell,Wiggins,Mitchell Wiggins,28/9/1959,Florida State,USA,76,78523,TRUE,FALSE,FALSE,1983,1,23,
78524,Ken,Wilburn,Ken Wilburn,8/6/1944,Central State,USA,78,195,FALSE,TRUE,FALSE,1966,4,39,
78525,D.C.,Wilcutt,D.C. Wilcutt,25/3/1923,St. Louis,USA,74,165,TRUE,FALSE,FALSE,1948,,,
78526,Gene,Wiley,Gene Wiley,12/11/1937,Wichita State,USA,82,210,FALSE,FALSE,TRUE,1962,2,15,
78527,Michael,Wiley,Michael Wiley,16/10/1957,Long Beach State,USA,81,200,FALSE,TRUE,FALSE,1980,2,39,
78528,Morlon,Wiley,Morlon Wiley,24/9/1966,Long Beach State,USA,76,185,TRUE,FALSE,FALSE,1988,2,46,
78529,Win,Wilfong,Win Wilfong,18/3/1932,Memphis,USA,74,185,TRUE,FALSE,FALSE,1957,1,4,
78530,Lenny,Wilkens,Lenny Wilkens,28/10/1937,Providence,USA,73,180,TRUE,FALSE,FALSE,1960,1,6,
78531,Bob,Wilkerson,Bob Wilkerson,15/8/1954,Indiana,USA,78,195,TRUE,FALSE,FALSE,1976,1,11,
78532,Jamaal,Wilkes,Jamaal Wilkes,2/5/1953,UCLA,USA,78,190,FALSE,TRUE,FALSE,1974,1,11,
78533,James,Wilkes,James Wilkes,12/3/1958,UCLA,USA,79,195,FALSE,TRUE,FALSE,1980,3,50,
78534,Eddielee,Wilkins,Eddielee Wilkins,7/5/1962,Gardner-Webb,USA,82,220,FALSE,FALSE,TRUE,1984,6,133,
78537,Jeff,Wilkins,Jeff Wilkins,9/3/1955,Illinois State,USA,82,230,FALSE,FALSE,TRUE,1977,2,37,
78538,Dale,Wilkinson,Dale Wilkinson,18/3/1960,Idaho State,USA,82,220,FALSE,TRUE,FALSE,1982,10,221,
78539,Arthur,Williams,Arthur Williams,29/9/1939,California State-Poly Pomona,USA,73,180,TRUE,FALSE,FALSE,-1,-1,-1,
78540,Bernie,Williams,Bernie Williams,30/12/1945,La Salle,USA,75,175,TRUE,FALSE,FALSE,1969,2,21,
78541,Chuckie,Williams,Chuckie Williams,31/12/1953,Kansas State,USA,75,78541,TRUE,FALSE,FALSE,1976,1,15,
78543,Cliff,Williams,Cliff Williams,15/4/1945,Bowling Green,USA,75,180,TRUE,FALSE,FALSE,-1,-1,-1,
78545,Don,Williams,Don Williams,2/8/1956,Notre Dame,USA,74,180,TRUE,FALSE,FALSE,1978,5,96,
78546,Earl,Williams,Earl Williams,24/3/1951,Winston-Salem State,USA,79,230,FALSE,FALSE,TRUE,1974,3,49,
78547,Chuck,Williams,Chuck Williams,6/6/1946,Colorado,USA,74,175,TRUE,FALSE,FALSE,1968,6,76,
78548,Freeman,Williams,Freeman Williams,15/5/1956,Portland State,USA,76,190,TRUE,FALSE,FALSE,1978,1,8,
78549,Gus,Williams,Gus Williams,10/10/1953,Southern California,USA,74,175,TRUE,FALSE,FALSE,1975,2,20,
78550,Guy,Williams,Guy Williams,1/7/1960,Washington State,USA,81,200,FALSE,TRUE,FALSE,1983,2,34,
78554,John,Williams,John Williams,26/10/1966,Louisiana State,USA,80,235,FALSE,TRUE,FALSE,1986,1,12,
78555,Kenny,Williams,Kenny Williams,9/6/1969,Elizabeth City State,USA,81,78555,FALSE,TRUE,FALSE,1990,2,46,
78556,Kevin,Williams,Kevin Williams,11/9/1961,St. John's (NY),USA,74,175,TRUE,FALSE,FALSE,1983,2,46,
78558,Mike,Williams,Mike Williams,14/8/1963,Bradley,USA,80,255,TRUE,FALSE,FALSE,1986,3,51,
78560,Milt,Williams,Milt Williams,22/11/1945,Lincoln (MO),USA,74,182,TRUE,FALSE,FALSE,1968,17,202,
78561,Nate,Williams,Nate Williams,2/5/1950,Utah State,USA,76,215,TRUE,FALSE,FALSE,1976,5,69,
78563,Rickey,Williams,Rickey Williams,12/3/1957,Long Beach State,USA,73,175,TRUE,FALSE,FALSE,1978,10,190,
78564,Bob,Williams,Bob Williams,12/5/1931,Florida A&M,USA,78,230,FALSE,TRUE,FALSE,-1,-1,-1,
78565,Rob,Williams,Rob Williams,5/5/1961,Houston,USA,74,175,TRUE,FALSE,FALSE,1982,1,19,
78566,Pete,Williams,Pete Williams,10/3/1965,Arizona,USA,79,190,FALSE,TRUE,FALSE,1985,4,89,
78567,Ron,Williams,Ron Williams,24/9/1944,West Virginia,USA,75,188,TRUE,FALSE,FALSE,1968,1,9,
78568,Sam,Williams,Sam Williams,22/1/1945,Iowa,USA,75,180,TRUE,FALSE,FALSE,1968,3,35,
78569,Samuel,Williams,Samuel Williams,7/3/1959,Arizona State,USA,80,210,FALSE,TRUE,FALSE,1981,2,33,
78570,Sly,Williams,Sly Williams,26/1/1958,Rhode Island,USA,79,210,FALSE,TRUE,FALSE,1979,1,21,
78571,Ray,Williams,Ray Williams,14/10/1954,Minnesota,USA,75,188,TRUE,FALSE,FALSE,1977,1,10,
78573,Ward,Williams,Ward Williams,26/6/1923,Indiana,USA,76,195,FALSE,TRUE,FALSE,1948,1,8,
78574,Willie,Williams,Willie Williams,28/7/1946,Florida State,USA,79,78574,FALSE,TRUE,FALSE,1970,3,38,
78575,John,Williamson,John Williamson,10/11/1951,New Mexico State,USA,74,185,TRUE,FALSE,FALSE,1973,6,96,
78577,Bill,Willoughby,Bill Willoughby,20/5/1957,Dwight Morrow HS (NJ),USA,80,205,FALSE,TRUE,FALSE,1975,2,19,
78578,Othell,Wilson,Othell Wilson,26/10/1961,Virginia,USA,72,190,TRUE,FALSE,FALSE,1984,2,35,
78579,George,Wilson,George Wilson,9/5/1942,Cincinnati,USA,80,225,FALSE,FALSE,TRUE,1964,,,
78580,Isaiah,Wilson,Isaiah Wilson,31/5/1948,Baltimore,USA,74,175,TRUE,FALSE,FALSE,1971,2,29,
78581,Mike,Wilson,Mike Wilson,15/9/1959,Marquette,USA,75,175,TRUE,FALSE,FALSE,1982,3,47,
78582,Nikita,Wilson,Nikita Wilson,25/2/1964,Louisiana State,USA,80,200,FALSE,TRUE,FALSE,1987,2,30,
78583,Rick,Wilson,Rick Wilson,7/2/1956,Louisville,USA,76,200,TRUE,FALSE,FALSE,1978,2,25,
78584,Ricky,Wilson,Ricky Wilson,16/7/1964,George Mason,USA,75,195,TRUE,FALSE,FALSE,1986,3,52,
78585,Bobby,Wilson,Bobby Wilson,15/1/1951,Wichita State,USA,74,175,TRUE,FALSE,FALSE,1974,3,52,
78586,Bob,Wilson,Bob Wilson,8/3/1926,West Virginia State,USA,76,185,TRUE,FALSE,FALSE,-1,-1,-1,
78587,Thomas,Wilson,Thomas Wilson,7/8/1955,Western Carolina,USA,75,175,TRUE,FALSE,FALSE,1978,5,101,
78589,Kennard,Winchester,Kennard Winchester,3/9/1966,Averett,USA,77,210,FALSE,TRUE,FALSE,-1,-1,-1,
78590,Tony,Windis,Tony Windis,27/1/1933,Wyoming,USA,73,160,TRUE,FALSE,FALSE,1959,5,32,
78591,John,Windsor,John Windsor,3/4/1940,Stanford,USA,80,215,FALSE,TRUE,FALSE,1962,5,39,
78592,Lee,Winfield,Lee Winfield,4/2/1947,North Texas,USA,74,174,TRUE,FALSE,FALSE,1969,3,32,
78596,Harthorne,Wingo,Harthorne Wingo,9/9/1947,Friendship (SC),USA,78,210,FALSE,TRUE,FALSE,-1,-1,-1,
78597,Marv,Winkler,Marv Winkler,18/2/1948,Louisiana-Lafayette,USA,73,164,TRUE,FALSE,FALSE,1970,3,50,
78600,Brian,Winters,Brian Winters,1/3/1952,South Carolina,USA,76,185,TRUE,FALSE,FALSE,1974,1,12,
78601,Voise,Winters,Voise Winters,12/10/1962,Bradley,USA,80,200,FALSE,TRUE,FALSE,1985,2,44,
78602,Willie,Wise,Willie Wise,3/3/1947,Drake,USA,78,210,FALSE,TRUE,FALSE,1969,5,64,
78603,Luke,Witte,Luke Witte,19/10/1950,Ohio State,USA,84,235,FALSE,FALSE,TRUE,1973,4,57,
78605,Garry,Witts,Garry Witts,3/7/1959,Holy Cross,USA,79,190,TRUE,FALSE,FALSE,1981,5,103,
78606,Dave,Wohl,Dave Wohl,2/11/1949,Pennsylvania,USA,74,185,TRUE,FALSE,FALSE,1971,3,46,
78609,Howard,Wood,Howard Wood,20/5/1959,Tennessee,USA,79,78609,FALSE,TRUE,FALSE,1981,2,27,
78610,Al,Wood,Al Wood,2/6/1958,North Carolina,USA,78,193,TRUE,FALSE,FALSE,1981,1,4,
78611,Leon,Wood,Leon Wood,25/3/1962,California State-Fullerton,USA,75,185,TRUE,FALSE,FALSE,1984,1,10,
78612,Bob,Wood,Bob Wood,7/10/1921,Northern Illinois,USA,70,,TRUE,FALSE,FALSE,-1,-1,-1,
78614,Mike,Woodson,Mike Woodson,24/3/1958,Indiana,USA,77,195,TRUE,FALSE,FALSE,1980,1,12,
78615,Orlando,Woolridge,Orlando Woolridge,16/12/1959,Notre Dame,USA,81,78615,FALSE,TRUE,FALSE,1981,1,6,
78616,Mark,Workman,Mark Workman,10/3/1930,West Virginia,USA,81,215,FALSE,FALSE,TRUE,1952,1,1,
78617,Tom,Workman,Tom Workman,14/11/1944,Seattle,USA,79,218,FALSE,TRUE,FALSE,1967,1,8,
78618,Sam,Worthen,Sam Worthen,17/1/1958,Marquette,USA,77,195,TRUE,FALSE,FALSE,1980,2,26,
78620,Brad,Wright,Brad Wright,26/3/1962,UCLA,USA,83,225,FALSE,TRUE,FALSE,1985,3,49,
78621,Howard,Wright,Howard Wright,20/12/1967,Stanford,USA,80,220,FALSE,TRUE,FALSE,-1,-1,-1,
78622,Joby,Wright,Joby Wright,5/9/1950,Indiana,USA,80,220,FALSE,TRUE,FALSE,1972,2,18,
78623,Larry,Wright,Larry Wright,23/11/1954,Grambling,USA,73,160,TRUE,FALSE,FALSE,1976,1,14,
78627,A.J.,Wynder,A.J. Wynder,11/9/1964,Fairfield,USA,74,180,TRUE,FALSE,FALSE,-1,-1,-1,
78628,George,Yardley,George Yardley,3/11/1928,Stanford,USA,77,190,FALSE,TRUE,FALSE,1950,1,7,
78629,Barry,Yates,Barry Yates,30/1/1946,Maryland,USA,79,215,FALSE,TRUE,FALSE,1971,8,131,
78630,Wayne,Yates,Wayne Yates,7/11/1937,Memphis,USA,80,235,FALSE,FALSE,TRUE,1961,1,5,
78631,Charlie,Yelverton,Charlie Yelverton,5/12/1948,Fordham,USA,74,190,TRUE,FALSE,FALSE,1971,2,25,
78632,Rich,Yonakor,Rich Yonakor,3/10/1958,North Carolina,USA,81,78632,FALSE,TRUE,FALSE,1980,3,61,
78633,Danny,Young,Danny Young,26/7/1962,Wake Forest,USA,76,175,TRUE,FALSE,FALSE,1984,2,39,
78634,Michael,Young,Michael Young,2/1/1961,Houston,USA,79,220,TRUE,FALSE,FALSE,1984,1,24,
78635,Perry,Young,Perry Young,4/8/1963,Virginia Tech,USA,77,210,TRUE,FALSE,FALSE,1985,3,61,
78638,Max,Zaslofsky,Max Zaslofsky,7/12/1925,St. John's (NY),USA,74,170,TRUE,FALSE,FALSE,-1,-1,-1,
78639,Robert,Zawoluk,Robert Zawoluk,13/10/1930,St. John's (NY),USA,79,215,FALSE,TRUE,FALSE,1952,,,
78640,Dave,Zeller,Dave Zeller,8/6/1939,Miami (Ohio),USA,73,78640,TRUE,FALSE,FALSE,1961,7,61,
78641,Gary,Zeller,Gary Zeller,20/11/1947,Drake,USA,75,205,TRUE,FALSE,FALSE,1970,5,83,
78642,Hank,Zeller,Hank Zeller,10/7/1918,Washington & Jefferson,USA,76,210,FALSE,FALSE,TRUE,-1,-1,-1,
78643,Tony,Zeno,Tony Zeno,1/10/1957,Arizona State,USA,80,210,FALSE,TRUE,FALSE,1979,2,32,
78644,Phil,Zevenbergen,Phil Zevenbergen,13/4/1964,Washington,USA,82,230,FALSE,TRUE,FALSE,1987,3,50,
78647,Jim,Zoet,Jim Zoet,30/12/1953,Kent State,USA,85,240,FALSE,FALSE,TRUE,-1,-1,-1,
78648,Bill,Zopf,Bill Zopf,7/6/1948,Duquesne,USA,73,78648,TRUE,FALSE,FALSE,1970,2,33,
78650,Matt,Zunic,Matt Zunic,19/12/1919,George Washington,USA,75,195,TRUE,FALSE,FALSE,1947,,,
78651,John,Tresvant,John Tresvant,6/11/1939,Seattle,USA,79,215,FALSE,TRUE,FALSE,1964,5,40,
78653,Charlie,Shipp,Charlie Shipp,3/12/1913,Catholic,USA,73,200,TRUE,FALSE,FALSE,-1,-1,-1,
78654,Barry,Sumpter,Barry Sumpter,11/11/1965,Austin Peay,USA,83,215,FALSE,TRUE,FALSE,1988,3,56,
78655,John,Coker,John Coker,,,,,,,,,,,,
78656,Blair,Rasmussen,Blair Rasmussen,13/11/1962,Oregon,USA,76,172,FALSE,TRUE,FALSE,1985,1,15,
79635,Bobby,Watson,Bobby Watson,,,,,,,,,,,,
90000,Mark,Jones,Mark Jones,10/4/1961,St. Bonaventure,USA,,,,,,1983,4,82,
100263,Bill,Laimbeer,Bill Laimbeer,1/1/1900,,USA,83,245,FALSE,FALSE,TRUE,1979,3,65,
100686,Michaela,Pavlickova,Michaela Pavlickova,,,,,,,,,,,,
100729,Michelle,Snow,Michelle Snow,,,,,,,,,,,,
101106,Andrew,Bogut,Andrew Bogut,28/11/1984,Utah,Australia,84,260,FALSE,FALSE,TRUE,2005,1,1,
101107,Marvin,Williams,Marvin Williams,19/6/1986,North Carolina,USA,80,237,FALSE,TRUE,FALSE,2005,1,2,
101108,Chris,Paul,Chris Paul,,,,,,FALSE,FALSE,FALSE,,,,
101109,Raymond,Felton,Raymond Felton,26/6/1984,North Carolina,USA,73,205,TRUE,FALSE,FALSE,2005,1,5,
101110,Martell,Webster,Martell Webster,4/12/1986,Seattle Preparatory HS (WA),USA,79,230,TRUE,TRUE,FALSE,2005,1,6,
101111,Charlie,Villanueva,Charlie Villanueva,24/8/1984,Connecticut,USA,83,232,FALSE,TRUE,FALSE,2005,1,7,
101112,Channing,Frye,Channing Frye,17/5/1983,Arizona,USA,84,255,FALSE,TRUE,TRUE,2005,1,8,
101113,Ike,Diogu,Ike Diogu,11/9/1983,Arizona State,USA,81,250,FALSE,TRUE,FALSE,2005,1,9,
101114,Deron,Williams,Deron Williams,26/6/1984,Illinois,USA,75,200,TRUE,FALSE,FALSE,2005,1,3,
101115,Andrew,Bynum,Andrew Bynum,27/10/1987,St. Joseph HS (NJ),USA,84,285,FALSE,FALSE,TRUE,2005,1,10,
101117,Yaroslav,Korolev,Yaroslav Korolev,7/5/1987,CSKA Moscow,Russia,81,203,FALSE,TRUE,FALSE,2005,1,12,
101118,Sean,May,Sean May,4/4/1984,North Carolina,USA,81,266,FALSE,TRUE,TRUE,2005,1,13,
101119,Rashad,McCants,Rashad McCants,25/9/1984,North Carolina,USA,76,215,TRUE,FALSE,FALSE,2005,1,14,
101120,Antoine,Wright,Antoine Wright,6/2/1984,Texas A&M,USA,79,215,TRUE,TRUE,FALSE,2005,1,15,
101121,Joey,Graham,Joey Graham,11/6/1982,Oklahoma State,USA,79,230,FALSE,TRUE,FALSE,2005,1,16,
101122,Danny,Granger,Danny Granger,20/4/1983,New Mexico,USA,81,222,TRUE,TRUE,FALSE,2005,1,17,
101123,Gerald,Green,Gerald Green,26/1/1986,No College,USA,79,205,TRUE,TRUE,FALSE,2005,1,18,
101124,Hakim,Warrick,Hakim Warrick,8/7/1982,Syracuse,USA,81,219,FALSE,TRUE,FALSE,2005,1,19,
101125,Julius,Hodge,Julius Hodge,18/11/1983,North Carolina State,USA,79,220,TRUE,FALSE,FALSE,2005,1,20,
101126,Nate,Robinson,Nate Robinson,31/5/1984,Washington,USA,69,180,TRUE,FALSE,FALSE,2005,1,21,
101127,Jarrett,Jack,Jarrett Jack,28/10/1983,Georgia Tech,USA,75,200,TRUE,FALSE,FALSE,2005,1,22,
101128,Francisco,Garcia,Francisco Garcia,31/12/1981,Louisville,Dominican Republic,79,215,TRUE,TRUE,FALSE,2005,1,23,
101129,Luther,Head,Luther Head,26/11/1982,Illinois,USA,75,185,TRUE,FALSE,FALSE,2005,1,24,
101130,Johan,Petro,Johan Petro,27/1/1986,Pau Orthez,France,84,247,FALSE,FALSE,TRUE,2005,1,25,
101131,Jason,Maxiell,Jason Maxiell,18/2/1983,Cincinnati,USA,79,260,FALSE,TRUE,FALSE,2005,1,26,
101132,Linas,Kleiza,Linas Kleiza,3/1/1985,Missouri,Lithuania,80,234,FALSE,TRUE,FALSE,2005,1,27,
101133,Ian,Mahinmi,Ian Mahinmi,5/11/1986,,France,83,262,FALSE,FALSE,TRUE,2005,1,28,
101134,Wayne,Simien,Wayne Simien,9/3/1983,Kansas,USA,81,250,FALSE,TRUE,FALSE,2005,1,29,
101135,David,Lee,David Lee,29/4/1983,Florida,USA,81,245,FALSE,TRUE,TRUE,2005,1,30,
101136,Salim,Stoudamire,Salim Stoudamire,11/10/1982,Arizona,USA,73,101136,FALSE,FALSE,FALSE,2005,2,31,
101137,Daniel,Ewing,Daniel Ewing,26/3/1983,Duke,USA,75,185,TRUE,FALSE,FALSE,2005,2,32,
101138,Brandon,Bass,Brandon Bass,30/4/1985,Louisiana State,USA,80,250,FALSE,TRUE,FALSE,2005,2,33,
101139,CJ,Miles,CJ Miles,18/3/1987,No College,USA,78,220,TRUE,FALSE,FALSE,2005,2,34,
101141,Ersan,Ilyasova,Ersan Ilyasova,15/5/1987,FC Barcelona,Turkey,81,235,FALSE,TRUE,FALSE,2005,2,36,
101142,Ronny,Turiaf,Ronny Turiaf,13/1/1983,Gonzaga,France,82,101142,FALSE,FALSE,FALSE,2005,2,37,
101143,Travis,Diener,Travis Diener,1/3/1982,Marquette,USA,73,175,TRUE,FALSE,FALSE,2005,2,38,
101144,Von,Wafer,Von Wafer,21/7/1985,Florida State,USA,77,101144,TRUE,FALSE,FALSE,2005,2,39,
101145,Monta,Ellis,Monta Ellis,26/10/1985,No College,USA,75,185,TRUE,FALSE,FALSE,2005,2,40,
101146,Roko,Ukic,Roko Ukic,5/12/1984,Virtus Roma,Croatia,77,190,TRUE,FALSE,FALSE,2005,2,41,
101147,Chris,Taft,Chris Taft,10/3/1985,Pittsburgh,USA,82,261,FALSE,TRUE,FALSE,2005,2,42,
101148,Mile,Ilic,Mile Ilic,2/6/1984,FMP,Serbia,85,255,FALSE,FALSE,TRUE,2005,2,43,
101149,Martynas,Andriuskevicius,Martynas Andriuskevicius,12/3/1986,Zalgiris,Lithuania,86,240,FALSE,FALSE,TRUE,2005,2,44,
101150,Lou,Williams,Lou Williams,27/10/1986,South Gwinnett HS (GA),USA,74,175,TRUE,FALSE,FALSE,2005,2,45,
101151,Erazem,Lorbek,Erazem Lorbek,,,,,,,,,,,,
101152,Bracey,Wright,Bracey Wright,1/7/1984,Indiana,USA,75,201,TRUE,FALSE,FALSE,2005,2,47,
101153,Mickael,Gelabale,Mickael Gelabale,22/5/1983,Real Madrid,France,79,215,FALSE,TRUE,FALSE,2005,2,48,
101154,Andray,Blatche,Andray Blatche,22/8/1986,South Kent HS (CT),USA,83,260,FALSE,TRUE,TRUE,2005,2,49,
101155,Ryan,Gomes,Ryan Gomes,1/9/1982,Providence,USA,79,245,FALSE,TRUE,FALSE,2005,2,50,
101156,Robert,Whaley,Robert Whaley,16/4/1982,Walsh,USA,82,260,FALSE,FALSE,TRUE,2005,2,51,
101158,Orien,Greene,Orien Greene,4/2/1982,Louisiana-Lafayette,USA,76,208,TRUE,FALSE,FALSE,2005,2,53,
101159,Dijon,Thompson,Dijon Thompson,23/3/1983,UCLA,USA,80,200,TRUE,TRUE,FALSE,2005,2,54,
101160,Lawrence,Roberts,Lawrence Roberts,20/10/1982,Mississippi State,USA,81,240,FALSE,TRUE,FALSE,2005,2,55,
101161,Amir,Johnson,Amir Johnson,1/5/1987,No College,USA,81,240,FALSE,TRUE,TRUE,2005,2,56,
101162,Marcin,Gortat,Marcin Gortat,17/2/1984,RheinEnergie Cologne,Poland,83,240,FALSE,FALSE,TRUE,2005,2,57,
101165,Alex,Acker,Alex Acker,21/1/1983,Pepperdine,USA,77,185,TRUE,FALSE,FALSE,2005,2,60,
101166,Uros,Slokar,Uros Slokar,14/5/1983,Benetton Treviso,Slovenia,82,238,FALSE,TRUE,FALSE,2005,2,58,
101177,Fabricio,Oberto,Fabricio Oberto,21/3/1975,Valencia,Argentina,82,245,FALSE,FALSE,TRUE,-1,-1,-1,
101178,Arvydas,Macijauskas,Arvydas Macijauskas,19/1/1980,Tau Ceramica,Lithuania,76,214,TRUE,FALSE,FALSE,-1,-1,-1,
101179,Ronnie,Price,Ronnie Price,21/6/1983,Utah Valley,USA,74,190,TRUE,FALSE,FALSE,-1,-1,-1,
101180,Sarunas,Jasikevicius,Sarunas Jasikevicius,5/3/1976,Maryland,Lithuania,,,,,,-1,-1,-1,
101181,Jose,Calderon,Jose Calderon,28/9/1981,Tau Ceramica,Spain,75,200,TRUE,FALSE,FALSE,-1,-1,-1,
101182,Donell,Taylor,Donell Taylor,26/7/1982,Alabama-Birmingham,USA,77,193,TRUE,FALSE,FALSE,-1,-1,-1,
101183,Shavlik,Randolph,Shavlik Randolph,24/11/1983,Duke,USA,82,236,FALSE,TRUE,FALSE,-1,-1,-1,
101184,Deng,Gai,Deng Gai,22/3/1982,Fairfield,South Sudan,81,250,FALSE,TRUE,FALSE,-1,-1,-1,
101185,Rawle,Marshall,Rawle Marshall,20/2/1982,Oakland,USA,79,190,TRUE,TRUE,FALSE,-1,-1,-1,
101186,Lucas,Tischer,Lucas Tischer,,,,,,,,,,,,
101187,Alan,Anderson,Alan Anderson,16/10/1982,Michigan State,USA,78,220,TRUE,TRUE,FALSE,-1,-1,-1,
101188,Eddie,Basden,Eddie Basden,15/2/1983,North Carolina-Charlotte,USA,77,215,TRUE,FALSE,FALSE,-1,-1,-1,
101189,James,Singleton,James Singleton,20/7/1981,Murray State,USA,80,230,FALSE,TRUE,FALSE,-1,-1,-1,
101190,Matt,Walsh,Matt Walsh,2/12/1982,Florida,USA,78,220,TRUE,TRUE,FALSE,-1,-1,-1,
101194,Anthony,Roberson,Anthony Roberson,14/2/1983,Florida,USA,74,101194,TRUE,FALSE,FALSE,-22,-22,-22,
101195,Luke,Schenscher,Luke Schenscher,31/12/1981,Georgia Tech,USA,85,101195,FALSE,FALSE,TRUE,-22,-22,-22,
101198,Will,Bynum,Will Bynum,4/1/1983,Georgia Tech,USA,72,185,TRUE,FALSE,FALSE,-1,-1,-1,
101204,Dwayne,Jones,Dwayne Jones,9/6/1983,St. Joseph's (PA),USA,83,248,FALSE,TRUE,TRUE,-1,-1,-1,
101207,Kevin,Burleson,Kevin Burleson,9/4/1979,Minnesota,USA,75,205,TRUE,FALSE,FALSE,-1,-1,-1,
101208,Spencer,Nelson,Spencer Nelson,,,,,,,,,,,,
101209,Devin,Green,Devin Green,25/10/1982,Hampton,USA,79,212,TRUE,TRUE,FALSE,-1,-1,-1,
101211,Stephen,Graham,Stephen Graham,11/6/1982,Oklahoma State,USA,78,101211,TRUE,TRUE,FALSE,-22,-22,-22,
101212,Esteban,Batista,Esteban Batista,2/9/1983,Trouville,Uruguay,82,101212,FALSE,TRUE,TRUE,-22,-22,-22,
101213,Sharrod,Ford,Sharrod Ford,9/1/1982,Clemson,USA,81,101213,FALSE,FALSE,FALSE,-22,-22,-22,
101214,Jawad,Williams,Jawad Williams,19/2/1983,North Carolina,USA,81,225,FALSE,TRUE,FALSE,-1,-1,-1,
101215,Will,Conroy,Will Conroy,8/12/1982,Washington,USA,74,195,TRUE,FALSE,FALSE,-1,-1,-1,
101216,Marcus,Campbell,Marcus Campbell,,,,,,,,,,,,
101217,D'or,Fischer,D'or Fischer,,,,,,,,,,,,
101219,Anthony,Grundy,Anthony Grundy,15/4/1979,North Carolina State,USA,75,185,TRUE,FALSE,FALSE,-1,-1,-1,
101223,Aaron,Miles,Aaron Miles,13/4/1983,Kansas,USA,73,190,TRUE,FALSE,FALSE,-1,-1,-1,
101224,Deji,Akindele,Deji Akindele,,,,,,,,,,,,
101225,Justin,Davis,Justin Davis,,,,,,,,,,,,
101226,Matt,Nelson,Matt Nelson,,,,,,,,,,,,
101227,Kennedy,Winston,Kennedy Winston,,,,,,,,,,,,
101228,Kyle,Bailey,Kyle Bailey,,,,,,,,,,,,
101230,Noel,Felix,Noel Felix,4/10/1981,Fresno State,USA,81,225,FALSE,TRUE,FALSE,-1,-1,-1,
101232,Roger,Powell,Roger Powell,15/1/1983,Illinois,USA,78,101232,FALSE,FALSE,FALSE,-22,-22,-22,
101235,Kelenna,Azubuike,Kelenna Azubuike,16/12/1983,Kentucky,United Kingdom,77,215,TRUE,FALSE,FALSE,-1,-1,-1,
101236,Chuck,Hayes,Chuck Hayes,11/6/1983,Kentucky,USA,78,240,FALSE,TRUE,TRUE,-1,-1,-1,
101238,Boniface,Ndong,Boniface Ndong,3/9/1977,Dijon,Senegal,84,205,FALSE,FALSE,TRUE,-1,-1,-1,
101239,Otis,George,Otis George,,,,,,,,,,,,
101240,Kevin,Braswell,Kevin Braswell,,,,,,,,,,,,
101242,Jason,Capel,Jason Capel,,,,,,,,,,,,
101243,Chris,Alexander,Chris Alexander,,,,,,,,,,,,
101245,Filiberto,Rivera,Filiberto Rivera,,,,,,,,,,,,
101247,Keith,Langford,Keith Langford,15/9/1983,Kansas,USA,76,215,TRUE,FALSE,FALSE,-1,-1,-1,
101249,John,Lucas III,John Lucas III,21/11/1982,Oklahoma State,USA,71,166,TRUE,FALSE,FALSE,-1,-1,-1,
101250,Adam,Chubb,Adam Chubb,,,,,,,,,,,,
101251,Ricky,Shields,Ricky Shields,,,,,,,,,,,,
101252,Sean,Banks,Sean Banks,,,,,,,,,,,,
101253,Olu,Famutimi,Olu Famutimi,,,,,,,,,,,,
101254,Herve,Lamizana,Herve Lamizana,,,,,,,,,,,,
101255,Steve,Castleberry,Steve Castleberry,,,,,,,,,,,,
101256,Anthony,Lever-Pedroza,Anthony Lever-Pedroza,,,,,,,,,,,,
101257,Eric,Sandrin,Eric Sandrin,,,,,,,,,,,,
101258,Corey,Williams,Corey Williams,8/8/1977,Oklahoma State,USA,75,101258,TRUE,FALSE,FALSE,1992,2,33,
101259,Toree,Morris,Toree Morris,,,,,,,,,,,,
101260,Bryant,Matthews,Bryant Matthews,,,,,,,,,,,,
101261,Andre,Owens,Andre Owens,31/10/1980,Houston,USA,76,200,TRUE,FALSE,FALSE,-1,-1,-1,
101262,Cory,Violette,Cory Violette,,,,,,,,,,,,
162777,Georges,Niang,Georges Niang,,,,,,,,,,,,
200081,Jamario,Moon,Jamario Moon,13/6/1980,Meridian CC,USA,80,205,FALSE,TRUE,FALSE,-1,-1,-1,
200390,Cheyne,Gadson,Cheyne Gadson,,,,,,,,,,,,
200510,Charles,Gaines,Charles Gaines,,,,,,,,,,,,
200517,Joe,Shipp,Joe Shipp,,,,,,,,,,,,
200555,TJ,Cummings,TJ Cummings,,,,,,,,,,,,
200557,Chet,Mason,Chet Mason,,,,,,,,,,,,
200575,Romel,Beck,Romel Beck,,,,,,,,,,,,
200583,Brandon,Robinson,Brandon Robinson,,,,,,,,,,,,
200745,Andrea,Bargnani,Andrea Bargnani,26/10/1985,Benetton Treviso,Italy,84,200745,FALSE,FALSE,FALSE,2006,1,1,
200746,LaMarcus,Aldridge,LaMarcus Aldridge,19/7/1985,University of Texas at Austin,USA,83,250,FALSE,TRUE,TRUE,2006,1,2,
200747,Adam,Morrison,Adam Morrison,19/7/1984,Gonzaga,USA,80,205,FALSE,TRUE,FALSE,2006,1,3,
200748,Tyrus,Thomas,Tyrus Thomas,17/8/1986,Louisiana State,USA,82,225,FALSE,TRUE,FALSE,2006,1,4,
200749,Shelden,Williams,Shelden Williams,21/10/1983,Duke,USA,81,200749,FALSE,TRUE,TRUE,2006,1,5,
200750,Brandon,Roy,Brandon Roy,23/7/1984,Washington,USA,78,211,TRUE,FALSE,FALSE,2006,1,6,
200751,Randy,Foye,Randy Foye,24/9/1983,Villanova,USA,76,218,TRUE,FALSE,FALSE,2006,1,7,
200752,Rudy,Gay,Rudy Gay,17/8/1986,Connecticut,USA,80,250,TRUE,TRUE,FALSE,2006,1,8,
200753,Patrick,O'Bryant,Patrick O'Bryant,20/6/1986,Bradley,USA,84,250,FALSE,FALSE,TRUE,2006,1,9,
200754,Mouhamed,Sene,Mouhamed Sene,12/5/1986,Verviers-Pepinster,Senegal,83,200754,FALSE,FALSE,TRUE,2006,1,10,
200755,JJ,Redick,JJ Redick,24/6/1984,Duke,USA,75,200755,TRUE,FALSE,FALSE,2006,1,11,
200756,Hilton,Armstrong,Hilton Armstrong,23/11/1984,Connecticut,USA,83,235,FALSE,TRUE,TRUE,2006,1,12,
200757,Thabo,Sefolosha,Thabo Sefolosha,2/5/1984,Angelico Biella,Switzerland,78,200757,TRUE,TRUE,FALSE,2006,1,13,
200758,Ronnie,Brewer,Ronnie Brewer,20/3/1985,Arkansas,USA,79,235,FALSE,TRUE,FALSE,2006,1,14,
200759,Cedric,Simmons,Cedric Simmons,3/1/1986,North Carolina State,USA,81,235,FALSE,TRUE,FALSE,2006,1,15,
200760,Rodney,Carney,Rodney Carney,5/4/1984,Memphis,USA,79,205,FALSE,TRUE,FALSE,2006,1,16,
200761,Shawne,Williams,Shawne Williams,16/2/1986,Memphis,USA,82,230,FALSE,TRUE,FALSE,2006,1,17,
200762,Oleksiy,Pecherov,Oleksiy Pecherov,8/12/1985,Kyiv,Ukraine,84,200762,FALSE,TRUE,TRUE,2006,1,18,
200763,Quincy,Douby,Quincy Douby,16/5/1984,Rutgers,USA,75,175,TRUE,FALSE,FALSE,2006,1,19,
200764,Renaldo,Balkman,Renaldo Balkman,14/7/1984,South Carolina,USA,80,225,FALSE,TRUE,FALSE,2006,1,20,
200765,Rajon,Rondo,Rajon Rondo,22/2/1986,Kentucky,USA,73,180,TRUE,FALSE,FALSE,2006,1,21,
200766,Marcus,Williams,Marcus Williams,3/12/1985,Connecticut,USA,75,205,TRUE,FALSE,FALSE,2006,1,22,
200767,Josh,Boone,Josh Boone,21/11/1984,Connecticut,USA,82,240,FALSE,TRUE,TRUE,2006,1,23,
200768,Kyle,Lowry,Kyle Lowry,,,,,,,,,,,,
200769,Shannon,Brown,Shannon Brown,29/11/1985,Michigan State,USA,75,215,TRUE,FALSE,FALSE,2006,1,25,
200770,Jordan,Farmar,Jordan Farmar,30/11/1986,UCLA,USA,74,180,TRUE,FALSE,FALSE,2006,1,26,
200771,Sergio,Rodriguez,Sergio Rodriguez,12/6/1986,Estudiantes,Spain,75,176,TRUE,FALSE,FALSE,2006,1,27,
200772,Maurice,Ager,Maurice Ager,9/2/1984,Michigan State,USA,77,202,TRUE,TRUE,FALSE,2006,1,28,
200776,Mardy,Collins,Mardy Collins,4/8/1984,Temple,USA,78,220,TRUE,FALSE,FALSE,2006,1,29,
200777,Joel,Freeland,Joel Freeland,7/2/1987,Malaga,United Kingdom,82,225,FALSE,TRUE,TRUE,2006,1,30,
200778,James,White,James White,21/10/1982,Cincinnati,USA,79,215,TRUE,TRUE,FALSE,2006,2,31,
200779,Steve,Novak,Steve Novak,13/6/1983,Marquette,USA,82,225,FALSE,TRUE,FALSE,2006,2,32,
200780,Solomon,Jones,Solomon Jones,16/7/1984,South Florida,USA,82,235,FALSE,TRUE,FALSE,2006,2,33,
200781,Paul,Davis,Paul Davis,21/7/1984,Michigan State,USA,83,270,FALSE,FALSE,TRUE,2006,2,34,
200782,P.J.,Tucker,P.J. Tucker,,,,,,FALSE,TRUE,FALSE,,,,
200783,Craig,Smith,Craig Smith,10/11/1983,Boston College,USA,79,265,FALSE,TRUE,FALSE,2006,2,36,
200784,Bobby,Jones,Bobby Jones,9/1/1984,Washington,USA,79,200784,FALSE,TRUE,FALSE,2006,2,37,
200785,Kosta,Perovic,Kosta Perovic,19/2/1985,Partizan,Serbia,86,240,FALSE,FALSE,TRUE,2006,2,38,
200786,David,Noel,David Noel,27/2/1984,North Carolina,USA,78,230,TRUE,TRUE,FALSE,2006,2,39,
200787,Denham,Brown,Denham Brown,,,,,,,,,,,,
200788,James,Augustine,James Augustine,27/2/1984,Illinois,USA,82,235,FALSE,TRUE,FALSE,2006,2,41,
200789,Daniel,Gibson,Daniel Gibson,27/2/1986,Texas,USA,74,200789,TRUE,FALSE,FALSE,2006,2,42,
200790,Marcus,Vinicius,Marcus Vinicius,31/5/1984,Sao Carlos,Brazil,80,225,FALSE,TRUE,FALSE,2006,2,43,
200792,Alexander,Johnson,Alexander Johnson,8/2/1983,Florida State,USA,81,200792,FALSE,TRUE,FALSE,2006,2,45,
200793,Dee,Brown,Dee Brown,17/8/1984,Illinois,USA,72,185,TRUE,FALSE,FALSE,2006,2,46,
200794,Paul,Millsap,Paul Millsap,10/2/1985,Louisiana Tech,USA,79,257,FALSE,TRUE,FALSE,2006,2,47,
200796,Leon,Powe,Leon Powe,22/1/1984,California,USA,80,240,FALSE,TRUE,FALSE,2006,2,49,
200797,Ryan,Hollins,Ryan Hollins,10/10/1984,UCLA,USA,84,200797,FALSE,FALSE,FALSE,2006,2,50,
200798,Cheikh,Samb,Cheikh Samb,22/10/1984,WTC Cornella,Senegal,85,245,FALSE,FALSE,TRUE,2006,2,51,
200799,Guillermo,Diaz,Guillermo Diaz,4/3/1985,Miami,USA,,200799,FALSE,FALSE,FALSE,2006,2,52,
200801,Hassan,Adams,Hassan Adams,20/6/1984,Arizona,USA,76,220,FALSE,TRUE,FALSE,2006,2,54,
200805,JR,Pinnock,JR Pinnock,,,,,,,,,,,,
200806,Damir,Markota,Damir Markota,26/12/1985,Cibona,Croatia,82,225,FALSE,TRUE,FALSE,2006,2,59,
200807,Will,Blalock,Will Blalock,8/9/1983,Iowa State,USA,72,205,TRUE,FALSE,FALSE,2006,2,60,
200809,Chris,Quinn,Chris Quinn,27/9/1983,Notre Dame,USA,74,200809,TRUE,FALSE,FALSE,-22,-22,-22,
200810,Allan,Ray,Allan Ray,17/6/1984,Villanova,USA,,,,,,-1,-1,-1,
200811,Lou,Amundson,Lou Amundson,7/12/1982,UNLV,USA,81,220,FALSE,TRUE,FALSE,-1,-1,-1,
200812,Daniel,Horton,Daniel Horton,,,,,,,,,,,,
200813,Vincent,Grier,Vincent Grier,,,,,,,,,,,,
200814,Tarence,Kinsey,Tarence Kinsey,21/3/1984,South Carolina,USA,78,189,TRUE,FALSE,FALSE,-1,-1,-1,
200815,Jamar,Smith,Jamar Smith,,,,,,,,,,,,
200816,Jorge,Garbajosa,Jorge Garbajosa,19/12/1977,Malaga,Spain,81,245,FALSE,TRUE,FALSE,-1,-1,-1,
200817,Pooh,Jeter,Pooh Jeter,2/12/1983,Portland,USA,71,175,TRUE,FALSE,FALSE,-1,-1,-1,
200818,Justin,Williams,Justin Williams,12/5/1984,Wyoming,USA,82,200818,FALSE,FALSE,FALSE,-22,-22,-22,
200819,Kevin,Pittsnogle,Kevin Pittsnogle,,,,,,,,,,,,
200821,Yakhouba,Diawara,Yakhouba Diawara,29/8/1982,Pepperdine,USA,79,225,TRUE,TRUE,FALSE,-1,-1,-1,
200822,Pops,Mensah-Bonsu,Pops Mensah-Bonsu,7/9/1983,George Washington,USA,81,235,FALSE,TRUE,FALSE,-1,-1,-1,
200823,Robert,Hite,Robert Hite,12/1/1984,Miami,USA,74,184,TRUE,FALSE,FALSE,-1,-1,-1,
200825,Matt,Haryasz,Matt Haryasz,,,,,,,,,,,,
200826,J.J.,Barea,J.J. Barea,26/6/1984,Northeastern,Puerto Rico,70,180,TRUE,FALSE,FALSE,-1,-1,-1,
200827,Darius,Washington,Darius Washington,6/12/1985,Memphis,USA,74,195,TRUE,FALSE,FALSE,-1,-1,-1,
200828,Pat,Carroll,Pat Carroll,,,,,,,,,,,,
200829,Ivan,McFarlin,Ivan McFarlin,26/4/1982,Oklahoma State,USA,79,229,FALSE,TRUE,FALSE,-1,-1,-1,
200830,Charles,Lee,Charles Lee,,,,,,,,,,,,
200835,Walter,Herrmann,Walter Herrmann,26/6/1979,Malaga,Argentina,81,225,FALSE,TRUE,FALSE,-1,-1,-1,
200836,Akin,Akingbala,Akin Akingbala,,,,,,,,,,,,
200837,Mike,Hall,Mike Hall,5/6/1984,George Washington,USA,80,200837,FALSE,TRUE,FALSE,-22,-22,-22,
200838,Kevinn,Pinkney,Kevinn Pinkney,20/10/1983,Nevada-Reno,USA,82,245,FALSE,TRUE,FALSE,-1,-1,-1,
200839,Mike,Harris,Mike Harris,15/6/1983,Rice,USA,78,242,FALSE,TRUE,FALSE,-1,-1,-1,
200840,Chris,McCray,Chris McCray,27/5/1984,Maryland,USA,77,192,TRUE,FALSE,FALSE,-1,-1,-1,
200841,Cedric,Bozeman,Cedric Bozeman,7/3/1983,UCLA,USA,78,207,TRUE,FALSE,FALSE,-1,-1,-1,
200842,Rob,Griffin,Rob Griffin,,,,,,,,,,,,
200843,LaVell,Blanchard,LaVell Blanchard,,,,,,,,,,,,
200844,Davin,White,Davin White,,,,,,,,,,,,
200845,Dawan,Robinson,Dawan Robinson,,,,,,,,,,,,
200846,Kenny,Adeleke,Kenny Adeleke,,,,,,,,,,,,
200847,Brandon,Bowman,Brandon Bowman,,,,,,FALSE,FALSE,FALSE,,,,
200848,Steven,Smith,Steven Smith,12/4/1983,La Salle,USA,81,250,FALSE,TRUE,FALSE,-1,-1,-1,
200849,Jackie,Manuel,Jackie Manuel,,,,,,,,,,,,
200852,Antoine,Hood,Antoine Hood,,,,,,,,,,,,
200853,Ondrej,Starosta,Ondrej Starosta,,,,,,,,,,,,
200855,Frans,Steyn,Frans Steyn,,,,,,,,,,,,
200856,Brian,Chase,Brian Chase,,,,,,,,,,,,
200857,Elton,Brown,Elton Brown,,,,,,,,,,,,
200858,Milone,Clark,Milone Clark,,,,,,,,,,,,
200859,Paul,Miller,Paul Miller,,,,,,,,,,,,
200862,Scooter,McFadgon,Scooter McFadgon,,,,,,,,,,,,
200863,Tyrone,Ellis,Tyrone Ellis,,,,,,,,,,,,
200894,Isma'il,Muhammad,Isma'il Muhammad,,,,,,,,,,,,
200918,Rod,Benson,Rod Benson,,,,,,,,,,,,
200951,Chris,Ellis,Chris Ellis,,,,,,,,,,,,
200962,Justin,Williams,Justin Williams,,,,,,,,,,,,
200970,Renaldo,Major,Renaldo Major,7/5/1982,Fresno State,USA,79,190,FALSE,TRUE,FALSE,-1,-1,-1,
200971,Dontell,Jefferson,Dontell Jefferson,15/12/1983,Arkansas,USA,77,200971,TRUE,FALSE,FALSE,-22,-22,-22,
200978,Jeremy,Richardson,Jeremy Richardson,1/3/1984,Delta State,USA,79,195,TRUE,TRUE,FALSE,-1,-1,-1,
200984,Lance,Allred,Lance Allred,2/2/1981,Weber State,USA,83,250,FALSE,FALSE,TRUE,-1,-1,-1,
201001,Andre,Patterson,Andre Patterson,,,,,,,,,,,,
201005,Andre,Brown,Andre Brown,,,,,,,,,,,,
201015,Antywane,Robinson,Antywane Robinson,,,,,,,,,,,,
201019,Gerry,McNamara,Gerry McNamara,,,,,,,,,,,,
201041,Walker,Russell,Walker Russell,6/10/1982,Jacksonville State,USA,72,170,TRUE,FALSE,FALSE,1982,4,78,
201043,Randolph,Morris,Randolph Morris,2/1/1986,Kentucky,USA,83,275,FALSE,FALSE,TRUE,-1,-1,-1,
201141,Greg,Oden,Greg Oden,22/1/1988,Ohio State,USA,84,273,FALSE,FALSE,TRUE,2007,1,1,
201142,Kevin,Durant,Kevin Durant,,,,,,FALSE,FALSE,FALSE,,,,
201143,Al,Horford,Al Horford,,,,,,FALSE,TRUE,FALSE,,,,
201144,Mike,Conley,Mike Conley,,,,,,FALSE,FALSE,FALSE,,,,
201145,Jeff,Green,Jeff Green,,,,,,FALSE,TRUE,FALSE,,,,
201146,Jianlian,Yi,Jianlian Yi,27/10/1987,Guangdong,China,84,201146,FALSE,TRUE,FALSE,2007,1,6,
201147,Corey,Brewer,Corey Brewer,5/3/1986,Florida,USA,81,188,TRUE,TRUE,FALSE,2007,1,7,
201148,Brandan,Wright,Brandan Wright,5/10/1987,North Carolina,USA,82,201148,FALSE,FALSE,FALSE,2007,1,8,
201149,Joakim,Noah,Joakim Noah,25/2/1985,Florida,USA,83,232,FALSE,TRUE,TRUE,2007,1,9,
201150,Spencer,Hawes,Spencer Hawes,28/4/1988,Washington,USA,85,245,FALSE,TRUE,TRUE,2007,1,10,
201151,Acie,Law,Acie Law,25/1/1985,Texas A&M,USA,75,202,TRUE,FALSE,FALSE,2007,1,11,
201152,Thaddeus,Young,Thaddeus Young,21/6/1988,Georgia Tech,USA,80,235,FALSE,TRUE,FALSE,2007,1,12,
201153,Julian,Wright,Julian Wright,20/5/1987,Kansas,USA,80,225,FALSE,TRUE,FALSE,2007,1,13,
201154,Al,Thornton,Al Thornton,7/12/1983,Florida State,USA,80,235,FALSE,TRUE,FALSE,2007,1,14,
201155,Rodney,Stuckey,Rodney Stuckey,21/4/1986,Eastern Washington,USA,77,201155,FALSE,FALSE,FALSE,2007,1,15,
201156,Nick,Young,Nick Young,1/6/1985,Southern California,USA,79,210,TRUE,TRUE,FALSE,2007,1,16,
201157,Sean,Williams,Sean Williams,13/9/1986,Boston College,USA,82,235,FALSE,TRUE,TRUE,2007,1,17,
201158,Marco,Belinelli,Marco Belinelli,25/3/1986,Fortitudo Bologna,Italy,77,201158,TRUE,FALSE,FALSE,2007,1,18,
201159,Javaris,Crittenton,Javaris Crittenton,31/12/1987,Georgia Tech,USA,77,200,TRUE,FALSE,FALSE,2007,1,19,
201160,Jason,Smith,Jason Smith,2/3/1986,Colorado State,USA,84,240,FALSE,TRUE,TRUE,2007,1,20,
201161,Daequan,Cook,Daequan Cook,28/4/1987,Ohio State,USA,77,210,TRUE,FALSE,FALSE,2007,1,21,
201162,Jared,Dudley,Jared Dudley,10/7/1985,Boston College,USA,78,237,FALSE,TRUE,FALSE,2007,1,22,
201163,Wilson,Chandler,Wilson Chandler,10/5/1987,DePaul,USA,80,235,FALSE,TRUE,FALSE,2007,1,23,
201164,Rudy,Fernandez,Rudy Fernandez,4/4/1985,DKV Joventut,Spain,,,,,,2007,1,24,
201165,Morris,Almond,Morris Almond,2/2/1985,Rice,USA,78,225,TRUE,FALSE,FALSE,2007,1,25,
201166,Aaron,Brooks,Aaron Brooks,14/1/1985,Oregon,USA,72,161,TRUE,FALSE,FALSE,2007,1,26,
201167,Arron,Afflalo,Arron Afflalo,15/10/1985,UCLA,USA,77,210,TRUE,FALSE,FALSE,2007,1,27,
201168,Tiago,Splitter,Tiago Splitter,1/1/1985,,Brazil,83,245,FALSE,TRUE,TRUE,2007,1,28,
201169,Alando,Tucker,Alando Tucker,11/2/1984,Wisconsin,USA,78,205,FALSE,TRUE,FALSE,2007,1,29,
201171,Carl,Landry,Carl Landry,19/9/1983,Purdue,USA,81,248,FALSE,TRUE,FALSE,2007,2,31,
201172,Gabe,Pruitt,Gabe Pruitt,19/4/1986,Southern California,USA,76,170,TRUE,FALSE,FALSE,2007,2,32,
201173,Marcus,Williams,Marcus Williams,18/11/1986,Arizona,USA,79,207,TRUE,FALSE,FALSE,2007,2,33,
201174,Nick,Fazekas,Nick Fazekas,17/6/1985,Nevada-Reno,USA,83,235,FALSE,TRUE,FALSE,2007,2,34,
201175,Glen,Davis,Glen Davis,1/1/1986,Louisiana State,USA,81,289,FALSE,TRUE,TRUE,2007,2,35,
201176,Jermareo,Davidson,Jermareo Davidson,15/11/1984,Alabama,USA,82,201176,FALSE,TRUE,FALSE,2007,2,36,
201177,Josh,McRoberts,Josh McRoberts,28/2/1987,Duke,USA,82,201177,FALSE,FALSE,FALSE,2007,2,37,
201178,Kyrylo,Fesenko,Kyrylo Fesenko,24/12/1986,Cherkaski,Ukraine,85,280,FALSE,FALSE,TRUE,2007,2,38,
201180,Yue,Sun,Yue Sun,6/11/1985,Beijing,China,81,205,TRUE,FALSE,FALSE,2007,2,40,
201181,Chris,Richard,Chris Richard,25/12/1984,Florida,USA,81,256,FALSE,TRUE,FALSE,2007,2,41,
201182,Derrick,Byars,Derrick Byars,25/4/1984,Vanderbilt,USA,79,220,TRUE,TRUE,FALSE,2007,2,42,
201183,Adam,Haluska,Adam Haluska,,,,,,,,,,,,
201184,Reyshawn,Terry,Reyshawn Terry,,,,,,,,,,,,
201185,Jared,Jordan,Jared Jordan,,,,,,,,,,,,
201186,Stephane,Lasme,Stephane Lasme,17/12/1982,Massachusetts,Gabon,80,215,FALSE,TRUE,FALSE,2007,2,46,
201187,Dominic,McGuire,Dominic McGuire,20/10/1985,Fresno State,USA,81,235,FALSE,TRUE,FALSE,2007,2,47,
201188,Marc,Gasol,Marc Gasol,29/1/1985,FC Barcelona,Spain,83,201188,FALSE,FALSE,TRUE,2007,2,48,
201189,Aaron,Gray,Aaron Gray,7/12/1984,Pittsburgh,USA,84,270,FALSE,FALSE,TRUE,2007,2,49,
201191,JamesOn,Curry,JamesOn Curry,7/1/1986,Oklahoma State,USA,75,190,TRUE,FALSE,FALSE,2007,2,51,
201192,Taurean,Green,Taurean Green,28/11/1986,Florida,USA,72,177,TRUE,FALSE,FALSE,2007,2,52,
201193,Demetris,Nichols,Demetris Nichols,4/9/1984,Syracuse,USA,80,201193,FALSE,FALSE,FALSE,2007,2,53,
201194,Brad,Newley,Brad Newley,,,,,,,,,,,,
201195,Herbert,Hill,Herbert Hill,1/10/1984,Providence,USA,82,240,FALSE,TRUE,TRUE,2007,2,55,
201196,Ramon,Sessions,Ramon Sessions,11/4/1986,Nevada,USA,75,201196,TRUE,FALSE,FALSE,2007,2,56,
201197,Sammy,Mejia,Sammy Mejia,,,,,,,,,,,,
201199,DJ,Strawberry,DJ Strawberry,15/6/1985,Maryland,USA,77,201,TRUE,FALSE,FALSE,2007,2,59,
201201,Marcus,Slaughter,Marcus Slaughter,,,,,,,,,,,,
201202,Joel,Anthony,Joel Anthony,9/8/1982,UNLV,Canada,81,245,FALSE,FALSE,TRUE,-1,-1,-1,
201203,Mustafa,Shakur,Mustafa Shakur,18/8/1984,Arizona,USA,75,190,TRUE,FALSE,FALSE,-1,-1,-1,
201204,Brandon,Wallace,Brandon Wallace,,,,,,,,,,,,
201207,Coby,Karl,Coby Karl,8/6/1983,Boise State,USA,77,215,TRUE,FALSE,FALSE,-1,-1,-1,
201208,Darryl,Watkins,Darryl Watkins,8/11/1984,Syracuse,USA,83,258,FALSE,FALSE,TRUE,-1,-1,-1,
201213,Larry,Turner,Larry Turner,,,,,,,,,,,,
201225,Carlos,Powell,Carlos Powell,,,,,,,,,,,,
201226,Kevin,Kruger,Kevin Kruger,,,,,,,,,,,,
201227,Torrell,Martin,Torrell Martin,,,,,,,,,,,,
201228,C.J.,Watson,C.J. Watson,17/4/1984,Tennessee,USA,74,175,TRUE,FALSE,FALSE,-1,-1,-1,
201229,Anthony,Tolliver,Anthony Tolliver,1/6/1985,Creighton,USA,80,240,FALSE,TRUE,FALSE,-1,-1,-1,
201230,Doug,Thomas,Doug Thomas,,,,,,,,,,,,
201231,Nik,Caner-Medley,Nik Caner-Medley,,,,,,,,,,,,
201232,Jared,Newson,Jared Newson,,,,,,,,,,,,
201233,Roderick,Wilmont,Roderick Wilmont,,,,,,,,,,,,
201234,Trey,Johnson,Trey Johnson,30/8/1984,Jackson State,USA,77,215,TRUE,FALSE,FALSE,-1,-1,-1,
201235,Courtney,Sims,Courtney Sims,21/10/1983,Michigan,USA,83,201235,FALSE,FALSE,FALSE,-22,-22,-22,
201236,Lukasz,Obrzut,Lukasz Obrzut,,,,,,,,,,,,
201237,Brent,Petway,Brent Petway,,,,,,,,,,,,
201238,Mario,West,Mario West,19/6/1984,Georgia Tech,USA,77,201238,TRUE,FALSE,FALSE,-22,-22,-22,
201239,Rashid,Byrd,Rashid Byrd,,,,,,,,,,,,
201240,Brad,Stricker,Brad Stricker,,,,,,,,,,,,
201242,Thomas,Gardner,Thomas Gardner,8/2/1985,Missouri,USA,77,225,TRUE,FALSE,FALSE,-1,-1,-1,
201243,Jared,Homan,Jared Homan,,,,,,,,,,,,
201248,Anthony,Richardson,Anthony Richardson,,,,,,,,,,,,
201249,Jamaal,Tatum,Jamaal Tatum,,,,,,,,,,,,
201251,Jamon,Lucas,Jamon Lucas,,,,,,,,,,,,
201252,Willie,Deane,Willie Deane,,,,,,,,,,,,
201266,Brian,Hamilton,Brian Hamilton,,,,,,,,,,,,
201274,Ivan,Johnson,Ivan Johnson,10/4/1984,California State-San Bernardino,USA,80,255,FALSE,TRUE,FALSE,-1,-1,-1,
201281,Andre,Ingram,Andre Ingram,19/11/1985,American University,USA,75,190,TRUE,FALSE,FALSE,-1,-1,-1,
201286,Eric,Dawson,Eric Dawson,7/7/1984,Midwestern State,USA,81,250,FALSE,TRUE,FALSE,-1,-1,-1,
201291,Carldell,Johnson,Carldell Johnson,28/1/1983,Alabama-Birmingham,USA,70,180,TRUE,FALSE,FALSE,-1,-1,-1,
201336,Blake,Ahearn,Blake Ahearn,27/5/1984,Missouri State,USA,74,190,TRUE,FALSE,FALSE,-1,-1,-1,
201342,Gabe,Muoneke,Gabe Muoneke,,,,,,,,,,,,
201351,Ron,Howard,Ron Howard,,,,,,,,,,,,
201446,Mike,Taylor,Mike Taylor,21/1/1986,Iowa State,USA,74,165,TRUE,FALSE,FALSE,2008,2,55,
201563,Michael,Beasley,Michael Beasley,9/1/1989,Kansas State,USA,81,201563,FALSE,FALSE,FALSE,2008,1,2,
201564,O.J.,Mayo,O.J. Mayo,5/11/1987,Southern California,USA,77,210,TRUE,FALSE,FALSE,2008,1,3,
201565,Derrick,Rose,Derrick Rose,4/10/1988,Memphis,USA,75,201565,TRUE,FALSE,FALSE,2008,1,1,
201566,Russell,Westbrook,Russell Westbrook,,,,,,TRUE,FALSE,FALSE,,,,
201567,Kevin,Love,Kevin Love,,,,,,FALSE,TRUE,FALSE,,,,
201568,Danilo,Gallinari,Danilo Gallinari,8/8/1988,Olimpia Milano,Italy,82,236,FALSE,TRUE,FALSE,2008,1,6,
201569,Eric,Gordon,Eric Gordon,,,,,,FALSE,FALSE,FALSE,,,,
201570,Joe,Alexander,Joe Alexander,26/12/1986,West Virginia,USA,80,230,FALSE,TRUE,FALSE,2008,1,8,
201571,D.J.,Augustin,D.J. Augustin,10/11/1987,Texas-Austin,USA,71,183,TRUE,FALSE,FALSE,2008,1,9,
201572,Brook,Lopez,Brook Lopez,,,,,,FALSE,FALSE,FALSE,,,,
201573,Jerryd,Bayless,Jerryd Bayless,20/8/1988,Arizona,USA,75,201573,TRUE,FALSE,FALSE,2008,1,11,
201574,Jason,Thompson,Jason Thompson,21/7/1986,Rider,USA,83,250,FALSE,TRUE,TRUE,2008,1,12,
201575,Brandon,Rush,Brandon Rush,7/7/1985,Kansas,USA,78,225,TRUE,TRUE,FALSE,2008,1,13,
201576,Anthony,Randolph,Anthony Randolph,15/7/1989,Louisiana State,USA,,,,,,2008,1,14,
201577,Robin,Lopez,Robin Lopez,1/4/1988,Stanford,USA,84,281,FALSE,FALSE,TRUE,2008,1,15,
201578,Marreese,Speights,Marreese Speights,4/8/1987,Florida,USA,82,255,FALSE,TRUE,TRUE,2008,1,16,
201579,Roy,Hibbert,Roy Hibbert,11/12/1986,Georgetown,USA,86,201579,FALSE,FALSE,TRUE,2008,1,17,
201580,JaVale,McGee,JaVale McGee,19/1/1988,Nevada,USA,84,201580,FALSE,TRUE,TRUE,2008,1,18,
201581,JJ,Hickson,JJ Hickson,4/9/1988,North Carolina State,USA,81,201581,FALSE,TRUE,TRUE,2008,1,19,
201582,Alexis,Ajinca,Alexis Ajinca,6/5/1988,Hyeres-Toulon,France,86,248,FALSE,FALSE,TRUE,2008,1,20,
201583,Ryan,Anderson,Ryan Anderson,6/5/1988,California,USA,81,240,FALSE,TRUE,FALSE,2008,1,21,
201584,Courtney,Lee,Courtney Lee,3/10/1985,Western Kentucky,USA,77,215,TRUE,FALSE,FALSE,2008,1,22,
201585,Kosta,Koufos,Kosta Koufos,24/2/1989,Ohio State,USA,84,201585,FALSE,FALSE,TRUE,2008,1,23,
201586,Serge,Ibaka,Serge Ibaka,18/9/1989,Ricoh Manresa,DR Congo,83,201586,FALSE,FALSE,FALSE,2008,1,24,
201587,Nicolas,Batum,Nicolas Batum,,,,,,FALSE,TRUE,FALSE,,,,
201588,George,Hill,George Hill,4/5/1986,Indiana-Purdue Indianapolis,USA,76,188,TRUE,FALSE,FALSE,2008,1,26,
201589,Darrell,Arthur,Darrell Arthur,25/3/1988,Kansas,USA,81,235,FALSE,TRUE,FALSE,2008,1,27,
201590,Donte,Greene,Donte Greene,21/2/1988,Syracuse,USA,83,226,FALSE,TRUE,FALSE,2008,1,28,
201591,DJ,White,DJ White,31/8/1986,Indiana,USA,81,250,FALSE,TRUE,FALSE,2008,1,29,
201592,J.R.,Giddens,J.R. Giddens,13/2/1985,New Mexico,USA,77,215,TRUE,FALSE,FALSE,2008,1,30,
201593,Nikola,Pekovic,Nikola Pekovic,3/1/1986,Panathinaikos,Montenegro,83,307,FALSE,FALSE,TRUE,2008,2,31,
201594,Walter,Sharpe,Walter Sharpe,18/7/1986,Alabama-Birmingham,USA,81,245,FALSE,TRUE,FALSE,2008,2,32,
201595,Joey,Dorsey,Joey Dorsey,16/12/1983,Memphis,USA,,201595,FALSE,FALSE,FALSE,2008,2,33,
201596,Mario,Chalmers,Mario Chalmers,19/5/1986,Kansas,USA,74,190,TRUE,FALSE,FALSE,2008,2,34,
201599,DeAndre,Jordan,DeAndre Jordan,,,,,,FALSE,FALSE,TRUE,,,,
201600,Omer,Asik,Omer Asik,4/7/1986,Fenerbahce,Turkey,84,255,FALSE,FALSE,TRUE,2008,2,36,
201601,Luc,Mbah a Moute,Luc Mbah a Moute,9/9/1986,UCLA,Cameroon,80,230,FALSE,TRUE,FALSE,2008,2,37,
201602,Kyle,Weaver,Kyle Weaver,18/2/1986,Washington State,USA,78,201,TRUE,FALSE,FALSE,2008,2,38,
201603,Sonny,Weems,Sonny Weems,8/7/1986,Arkansas,USA,78,205,TRUE,TRUE,FALSE,2008,2,39,
201604,Chris,Douglas-Roberts,Chris Douglas-Roberts,8/1/1987,Memphis,USA,79,210,TRUE,FALSE,FALSE,2008,2,40,
201605,Nathan,Jawai,Nathan Jawai,10/10/1986,Midland (Texas),Australia,82,280,FALSE,TRUE,FALSE,2008,2,41,
201606,Sean,Singletary,Sean Singletary,6/9/1985,Virginia,USA,72,185,TRUE,FALSE,FALSE,2008,2,42,
201607,Patrick,Ewing,Patrick Ewing,20/5/1984,Georgetown,USA,80,235,FALSE,TRUE,FALSE,2008,2,43,
201609,Goran,Dragic,Goran Dragic,6/5/1986,Union Olimpija,Slovenia,76,190,TRUE,FALSE,FALSE,2008,2,45,
201610,Trent,Plaisted,Trent Plaisted,,,,,,,,,,,,
201611,Henry,Walker,Henry Walker,9/10/1987,Kansas State,USA,78,235,FALSE,TRUE,FALSE,2008,2,47,
201612,Malik,Hairston,Malik Hairston,23/2/1987,Oregon,USA,78,220,TRUE,FALSE,FALSE,2008,2,48,
201613,Richard,Hendrix,Richard Hendrix,,,,,,,,,,,,
201616,Darnell,Jackson,Darnell Jackson,7/11/1985,Kansas,USA,81,253,FALSE,TRUE,FALSE,2008,2,52,
201619,Sasha,Kaun,Sasha Kaun,8/5/1985,Kansas,Russia,83,260,FALSE,FALSE,TRUE,2008,2,56,
201620,James,Gist,James Gist,,,,,,,,,,,,
201621,Joe,Crawford,Joe Crawford,17/6/1986,Kentucky,USA,77,210,TRUE,FALSE,FALSE,2008,2,58,
201622,Deron,Washington,Deron Washington,,,,,,,,,,,,
201623,Semih,Erden,Semih Erden,28/7/1986,Fenerbahce,Turkey,84,240,FALSE,FALSE,TRUE,2008,2,60,
201624,David,Padgett,David Padgett,,,,,,,,,,,,
201627,Anthony,Morrow,Anthony Morrow,27/9/1985,Georgia Tech,USA,77,210,TRUE,FALSE,FALSE,-1,-1,-1,
201628,Bobby,Brown,Bobby Brown,24/9/1984,Cal State-Fullerton,USA,74,175,TRUE,FALSE,FALSE,-1,-1,-1,
201629,Othello,Hunter,Othello Hunter,28/5/1986,Ohio State,USA,,,,,,-1,-1,-1,
201630,Dion,Dowell,Dion Dowell,,,,,,,,,,,,
201631,Steven,Hill,Steven Hill,14/11/1985,Arkansas,USA,84,201631,FALSE,FALSE,FALSE,-22,-22,-22,
201632,Hamed,Haddadi,Hamed Haddadi,19/5/1985,Saba Battery,Iran,86,265,FALSE,FALSE,TRUE,-1,-1,-1,
201633,Rob,Kurz,Rob Kurz,5/3/1985,Notre Dame,USA,81,232,FALSE,TRUE,FALSE,-1,-1,-1,
201634,DeMarcus,Nelson,DeMarcus Nelson,2/11/1985,Duke,USA,76,200,TRUE,FALSE,FALSE,-1,-1,-1,
201635,Brandon,Heath,Brandon Heath,,,,,,,,,,,,
201636,CJ,Giles,CJ Giles,,,,,,,,,,,,
201641,Curtis,Sumpter,Curtis Sumpter,,,,,,,,,,,,
201642,Taj,McCullough,Taj McCullough,,,,,,,,,,,,
201643,Dan,Grunfeld,Dan Grunfeld,,,,,,,,,,,,
201644,Omar,Barlett,Omar Barlett,,,,,,,,,,,,
201645,Tre,Kelley,Tre Kelley,,,,,,,,,,,,
201646,Brian,Hamilton,Brian Hamilton,,,,,,,,,,,,
201647,Marcus,Hubbard,Marcus Hubbard,,,,,,,,,,,,
201648,Frank,Robinson,Frank Robinson,,,,,,,,,,,,
201649,Vernon,Hamilton,Vernon Hamilton,,,,,,,,,,,,
201650,JaJuan,Smith,JaJuan Smith,,,,,,,,,,,,
201651,James,Mays,James Mays,,,,,,,,,,,,
201652,Charles,Rhodes,Charles Rhodes,,,,,,,,,,,,
201653,Coleman,Collins,Coleman Collins,,,,,,,,,,,,
201654,Kai,Zhang,Kai Zhang,,,,,,,,,,,,
201657,Gerry,McNamara,Gerry McNamara,,,,,,,,,,,,
201731,Kurt,Looby,Kurt Looby,,,,,,,,,,,,
201776,David,Monds,David Monds,,,,,,,,,,,,
201781,Russell,Robinson,Russell Robinson,,,,,,,,,,,,
201785,Othyus,Jeffers,Othyus Jeffers,5/8/1985,Robert Morris-Chicago,USA,77,210,TRUE,TRUE,FALSE,-1,-1,-1,
201792,Moses,Ehambe,Moses Ehambe,,,,,,,,,,,,
201802,Oliver,Lafayette,Oliver Lafayette,6/5/1984,Houston,USA,74,190,TRUE,FALSE,FALSE,-1,-1,-1,
201805,Chris,Hunter,Chris Hunter,9/7/1984,Michigan,USA,83,240,FALSE,TRUE,TRUE,-1,-1,-1,
201814,Gary,Forbes,Gary Forbes,25/2/1985,Massachusetts,Panama,79,220,FALSE,TRUE,FALSE,-1,-1,-1,
201820,Josh,Davis,Josh Davis,,,,,,,,,,,,
201821,Trey,Gilder,Trey Gilder,24/1/1985,Northwestern State,USA,81,201821,FALSE,FALSE,FALSE,-22,-22,-22,
201831,Lanny,Smith,Lanny Smith,,,,,,,,,,,,
201834,Bennet,Davis,Bennet Davis,,,,,,,,,,,,
201848,Longar,Longar,Longar Longar,,,,,,,,,,,,
201858,Cartier,Martin,Cartier Martin,20/11/1984,Kansas State,USA,79,201858,FALSE,TRUE,FALSE,-22,-22,-22,
201880,Greg,Stiemsma,Greg Stiemsma,26/9/1985,Wisconsin,USA,83,260,FALSE,FALSE,TRUE,-1,-1,-1,
201933,Blake,Griffin,Blake Griffin,16/3/1989,Oklahoma,USA,81,250,FALSE,TRUE,FALSE,2009,1,1,
201934,Hasheem,Thabeet,Hasheem Thabeet,16/2/1987,Connecticut,Tanzania,87,263,FALSE,FALSE,TRUE,2009,1,2,
201935,James,Harden,James Harden,,,,,,FALSE,FALSE,FALSE,,,,
201936,Tyreke,Evans,Tyreke Evans,19/9/1989,Memphis,USA,78,220,TRUE,FALSE,FALSE,2009,1,4,
201937,Ricky,Rubio,Ricky Rubio,21/10/1990,FC Barcelona,Spain,74,201937,TRUE,FALSE,FALSE,2009,1,5,
201938,Jonny,Flynn,Jonny Flynn,6/2/1989,Syracuse,USA,72,185,TRUE,FALSE,FALSE,2009,1,6,
201939,Stephen,Curry,Stephen Curry,,,,,,FALSE,FALSE,FALSE,,,,
201941,Jordan,Hill,Jordan Hill,27/7/1987,Arizona,USA,82,240,FALSE,TRUE,TRUE,2009,1,8,
201942,DeMar,DeRozan,DeMar DeRozan,,,,,,FALSE,FALSE,FALSE,,,,
201943,Brandon,Jennings,Brandon Jennings,23/9/1989,Virtus Roma,USA,73,201943,TRUE,FALSE,FALSE,2009,1,10,
201944,Terrence,Williams,Terrence Williams,28/6/1987,Louisville,USA,78,220,TRUE,TRUE,FALSE,2009,1,11,
201945,Gerald,Henderson,Gerald Henderson,9/12/1987,Duke,USA,77,215,TRUE,FALSE,FALSE,2009,1,12,
201946,Tyler,Hansbrough,Tyler Hansbrough,3/11/1985,North Carolina,USA,,,,,,2009,1,13,
201947,Earl,Clark,Earl Clark,17/1/1988,Louisville,USA,82,201947,FALSE,TRUE,FALSE,2009,1,14,
201948,Austin,Daye,Austin Daye,5/6/1988,Gonzaga,USA,83,220,FALSE,TRUE,FALSE,2009,1,15,
201949,James,Johnson,James Johnson,,,,,,,,,,,,
201950,Jrue,Holiday,Jrue Holiday,,,,,,FALSE,FALSE,FALSE,,,,
201951,Ty,Lawson,Ty Lawson,3/11/1987,North Carolina,USA,71,195,TRUE,FALSE,FALSE,2009,1,18,
201952,Jeff,Teague,Jeff Teague,10/6/1988,Wake Forest,USA,75,195,TRUE,FALSE,FALSE,2009,1,19,
201953,Eric,Maynor,Eric Maynor,11/6/1987,Virginia Commonwealth,USA,75,175,TRUE,FALSE,FALSE,2009,1,20,
201954,Darren,Collison,Darren Collison,23/8/1987,UCLA,USA,72,160,TRUE,FALSE,FALSE,2009,1,21,
201956,Omri,Casspi,Omri Casspi,22/6/1988,Maccabi Tel Aviv,Israel,81,225,FALSE,TRUE,FALSE,2009,1,23,
201957,Byron,Mullens,Byron Mullens,14/2/1989,Ohio State,USA,84,275,FALSE,FALSE,TRUE,2009,1,24,
201958,Rodrigue,Beaubois,Rodrigue Beaubois,24/2/1988,Cholet,France,74,185,TRUE,FALSE,FALSE,2009,1,25,
201959,Taj,Gibson,Taj Gibson,,,,,,FALSE,FALSE,TRUE,,,,
201960,DeMarre,Carroll,DeMarre Carroll,27/7/1986,Missouri,USA,78,215,FALSE,TRUE,FALSE,2009,1,27,
201961,Wayne,Ellington,Wayne Ellington,29/11/1987,North Carolina,USA,76,207,TRUE,FALSE,FALSE,2009,1,28,
201962,Toney,Douglas,Toney Douglas,16/3/1986,Florida State,USA,74,195,TRUE,FALSE,FALSE,2009,1,29,
201963,Christian,Eyenga,Christian Eyenga,22/6/1989,DKV Joventut,Congo,79,210,FALSE,TRUE,FALSE,2009,1,30,
201964,Victor,Claver,Victor Claver,30/8/1988,Valencia,Spain,,201964,FALSE,FALSE,FALSE,2009,1,22,
201965,Jeff,Ayres,Jeff Ayres,29/4/1987,Arizona State,USA,81,250,FALSE,TRUE,TRUE,2009,2,31,
201966,Jermaine,Taylor,Jermaine Taylor,8/12/1986,Central Florida,USA,76,210,TRUE,FALSE,FALSE,2009,2,32,
201967,Dante,Cunningham,Dante Cunningham,22/4/1987,Villanova,USA,80,230,FALSE,TRUE,FALSE,2009,2,33,
201969,DaJuan,Summers,DaJuan Summers,24/1/1988,Georgetown,USA,80,240,FALSE,TRUE,FALSE,2009,2,35,
201970,Sam,Young,Sam Young,1/6/1985,Pittsburgh,USA,78,225,TRUE,TRUE,FALSE,2009,2,36,
201971,DeJuan,Blair,DeJuan Blair,22/4/1989,Pittsburgh,USA,79,270,FALSE,TRUE,TRUE,2009,2,37,
201972,Jon,Brockman,Jon Brockman,20/3/1987,Washington,USA,79,255,FALSE,TRUE,FALSE,2009,2,38,
201973,Jonas,Jerebko,Jonas Jerebko,2/3/1987,Angelico Biella,Sweden,82,201973,FALSE,TRUE,FALSE,2009,2,39,
201974,Derrick,Brown,Derrick Brown,8/9/1987,Xavier,USA,80,233,FALSE,TRUE,FALSE,2009,2,40,
201975,Jodie,Meeks,Jodie Meeks,21/8/1987,Kentucky,USA,76,210,TRUE,FALSE,FALSE,2009,2,41,
201976,Patrick,Beverley,Patrick Beverley,12/7/1988,Arkansas,USA,74,180,TRUE,FALSE,FALSE,2009,2,42,
201977,Marcus,Thornton,Marcus Thornton,5/6/1987,Louisiana State,USA,76,205,TRUE,TRUE,FALSE,2009,2,43,
201978,Chase,Budinger,Chase Budinger,22/5/1988,Arizona,USA,79,209,FALSE,TRUE,FALSE,2009,2,44,
201979,Nick,Calathes,Nick Calathes,7/2/1989,Florida,USA,78,213,TRUE,FALSE,FALSE,2009,2,45,
201980,Danny,Green,Danny Green,22/6/1987,North Carolina,USA,78,215,TRUE,FALSE,FALSE,2009,2,46,
201981,Taylor,Griffin,Taylor Griffin,18/4/1986,Oklahoma,USA,79,201981,FALSE,TRUE,FALSE,2009,2,48,
201983,Goran,Suton,Goran Suton,,,,,,,,,,,,
201985,AJ,Price,AJ Price,7/10/1986,Connecticut,USA,74,195,TRUE,FALSE,FALSE,2009,2,52,
201986,Nando,De Colo,Nando De Colo,23/6/1987,Valencia,France,77,201986,TRUE,FALSE,FALSE,2009,2,53,
201987,Robert,Vaden,Robert Vaden,3/3/1985,Alabama-Birmingham,USA,77,201987,TRUE,TRUE,FALSE,2009,2,54,
201988,Patty,Mills,Patty Mills,,,,,,,,,,,,
201991,Lester,Hudson,Lester Hudson,7/8/1984,Tennessee-Martin,USA,75,190,TRUE,FALSE,FALSE,2009,2,58,
201993,Robert,Dozier,Robert Dozier,,,,,,,,,,,,
201998,Curtis,Jerrells,Curtis Jerrells,5/2/1987,Baylor,USA,73,195,TRUE,FALSE,FALSE,-1,-1,-1,
201999,Warren,Carter,Warren Carter,,,,,,,,,,,,
202065,Shaun,Pruitt,Shaun Pruitt,,,,,,,,,,,,
202066,Garrett,Temple,Garrett Temple,,,,,,,,,,,,
202067,Diamon,Simpson,Diamon Simpson,8/9/1987,St. Mary's (CA),USA,79,230,FALSE,TRUE,FALSE,-1,-1,-1,
202068,Marcus,Landry,Marcus Landry,1/11/1985,Wisconsin,USA,79,230,FALSE,TRUE,FALSE,-1,-1,-1,
202069,Dontaye,Draper,Dontaye Draper,,,,,,,,,,,,
202070,Tony,Gaffney,Tony Gaffney,14/11/1984,Massachusetts,USA,80,205,FALSE,TRUE,FALSE,-1,-1,-1,
202071,Michael,Fey,Michael Fey,,,,,,,,,,,,
202074,Raymond,Sykes,Raymond Sykes,,,,,,,,,,,,
202075,Luke,Nevill,Luke Nevill,,,,,,,,,,,,
202076,Thomas,Kelati,Thomas Kelati,,,,,,,,,,,,
202077,Jerel,McNeal,Jerel McNeal,1/6/1987,Marquette,USA,75,200,TRUE,FALSE,FALSE,-1,-1,-1,
202078,Leon,Rodgers,Leon Rodgers,,,,,,,,,,,,
202079,Antonio,Anderson,Antonio Anderson,5/6/1985,Memphis,USA,78,215,TRUE,FALSE,FALSE,-1,-1,-1,
202081,Garret,Siler,Garret Siler,25/10/1986,Augusta State,USA,83,305,FALSE,FALSE,TRUE,-1,-1,-1,
202082,Larry,Owens,Larry Owens,8/1/1983,Oral Roberts,USA,79,210,TRUE,TRUE,FALSE,-1,-1,-1,
202083,Wesley,Matthews,Wesley Matthews,14/10/1986,Marquette,USA,77,220,TRUE,FALSE,FALSE,-1,-1,-1,
202087,Alonzo,Gee,Alonzo Gee,29/5/1987,Alabama,USA,78,225,FALSE,TRUE,FALSE,-1,-1,-1,
202091,Dionte,Christmas,Dionte Christmas,15/9/1986,Temple,USA,,,,,,-1,-1,-1,
202130,Reggie,Williams,Reggie Williams,14/9/1986,Virginia Military Institute,USA,78,205,FALSE,TRUE,FALSE,-1,-1,-1,
202132,Cedric,Jackson,Cedric Jackson,5/3/1986,Cleveland State,USA,75,190,TRUE,FALSE,FALSE,-1,-1,-1,
202148,Mickell,Gladness,Mickell Gladness,26/7/1986,Alabama A&M,USA,83,220,FALSE,FALSE,TRUE,-1,-1,-1,
202175,Darnell,Lazare,Darnell Lazare,,,,,,,,,,,,
202178,Sundiata,Gaines,Sundiata Gaines,18/4/1986,Georgia,USA,73,200,TRUE,FALSE,FALSE,-1,-1,-1,
202197,Shane,Edwards,Shane Edwards,31/5/1987,Arkansas-Little Rock,USA,79,202197,FALSE,FALSE,FALSE,-22,-22,-22,
202213,Connor,Atchley,Connor Atchley,,,,,,,,,,,,
202217,Jeremy,Wise,Jeremy Wise,,,,,,,,,,,,
202220,Zabian,Dowdell,Zabian Dowdell,10/9/1984,Virginia Tech,USA,75,191,TRUE,FALSE,FALSE,-1,-1,-1,
202221,Brian,Butch,Brian Butch,22/12/1984,Wisconsin,USA,83,240,FALSE,FALSE,TRUE,-1,-1,-1,
202227,Terrel,Harris,Terrel Harris,10/8/1987,Oklahoma State,USA,76,190,TRUE,FALSE,FALSE,-1,-1,-1,
202238,Kenny,Hasbrouck,Kenny Hasbrouck,14/8/1986,Siena,USA,75,202238,TRUE,FALSE,FALSE,-22,-22,-22,
202322,John,Wall,John Wall,6/9/1990,Kentucky,USA,75,210,TRUE,FALSE,FALSE,2010,1,1,
202323,Evan,Turner,Evan Turner,27/10/1988,Ohio State,USA,78,220,TRUE,TRUE,FALSE,2010,1,2,
202324,Derrick,Favors,Derrick Favors,15/7/1991,Georgia Tech,USA,81,265,FALSE,TRUE,FALSE,2010,1,3,
202325,Wesley,Johnson,Wesley Johnson,11/7/1987,Syracuse,USA,79,215,TRUE,TRUE,FALSE,2010,1,4,
202326,DeMarcus,Cousins,DeMarcus Cousins,13/8/1990,Kentucky,USA,82,270,FALSE,FALSE,TRUE,2010,1,5,
202327,Ekpe,Udoh,Ekpe Udoh,20/5/1987,Baylor,USA,82,202327,FALSE,TRUE,TRUE,2010,1,6,
202328,Greg,Monroe,Greg Monroe,4/6/1990,Georgetown,USA,82,250,FALSE,TRUE,TRUE,2010,1,7,
202329,Al-Farouq,Aminu,Al-Farouq Aminu,21/9/1990,Wake Forest,USA,80,202329,FALSE,TRUE,FALSE,2010,1,8,
202330,Gordon,Hayward,Gordon Hayward,23/3/1990,Butler,USA,79,225,FALSE,TRUE,FALSE,2010,1,9,
202331,Paul,George,Paul George,,,,,,FALSE,FALSE,FALSE,,,,
202332,Cole,Aldrich,Cole Aldrich,31/10/1988,Kansas,USA,83,253,FALSE,FALSE,TRUE,2010,1,11,
202333,Xavier,Henry,Xavier Henry,15/3/1991,Kansas,USA,78,220,TRUE,TRUE,FALSE,2010,1,12,
202334,Ed,Davis,Ed Davis,5/6/1989,North Carolina,USA,81,202334,FALSE,TRUE,TRUE,2010,1,13,
202335,Patrick,Patterson,Patrick Patterson,14/3/1989,Kentucky,USA,80,235,FALSE,TRUE,FALSE,2010,1,14,
202336,Larry,Sanders,Larry Sanders,21/11/1988,Virginia Commonwealth,USA,83,202336,FALSE,FALSE,FALSE,2010,1,15,
202337,Luke,Babbitt,Luke Babbitt,20/6/1989,Nevada-Reno,USA,81,225,FALSE,TRUE,FALSE,2010,1,16,
202338,Kevin,Seraphin,Kevin Seraphin,7/12/1989,Cholet,France,82,202338,FALSE,TRUE,TRUE,2010,1,17,
202339,Eric,Bledsoe,Eric Bledsoe,9/12/1989,Kentucky,USA,73,214,TRUE,FALSE,FALSE,2010,1,18,
202340,Avery,Bradley,Avery Bradley,26/11/1990,University of Texas at Austin,USA,75,180,TRUE,FALSE,FALSE,2010,1,19,
202341,James,Anderson,James Anderson,25/3/1989,Oklahoma State,USA,78,213,TRUE,TRUE,FALSE,2010,1,20,
202342,Craig,Brackins,Craig Brackins,9/10/1987,Iowa State,USA,82,230,FALSE,TRUE,FALSE,2010,1,21,
202343,Elliot,Williams,Elliot Williams,20/6/1989,Memphis,USA,77,190,TRUE,FALSE,FALSE,2010,1,22,
202344,Trevor,Booker,Trevor Booker,25/11/1987,Clemson,USA,80,228,FALSE,TRUE,FALSE,2010,1,23,
202345,Damion,James,Damion James,7/10/1987,Texas-Austin,USA,79,225,FALSE,TRUE,FALSE,2010,1,24,
202346,Dominique,Jones,Dominique Jones,15/10/1988,South Florida,USA,77,215,TRUE,FALSE,FALSE,2010,1,25,
202347,Quincy,Pondexter,Quincy Pondexter,10/3/1988,Washington,USA,79,202347,FALSE,TRUE,FALSE,2010,1,26,
202348,Jordan,Crawford,Jordan Crawford,23/10/1988,Xavier,USA,77,195,TRUE,FALSE,FALSE,2010,1,27,
202349,Greivis,Vasquez,Greivis Vasquez,16/1/1987,Maryland,Venezuela,78,217,TRUE,FALSE,FALSE,2010,1,28,
202350,Daniel,Orton,Daniel Orton,6/8/1990,Kentucky,USA,82,275,FALSE,FALSE,TRUE,2010,1,29,
202351,Lazar,Hayward,Lazar Hayward,26/11/1986,Marquette,USA,78,225,FALSE,TRUE,FALSE,2010,1,30,
202353,Tibor,Pleiss,Tibor Pleiss,2/11/1989,FC Barcelona,Germany,87,202353,FALSE,FALSE,TRUE,2010,2,31,
202354,Dexter,Pittman,Dexter Pittman,2/3/1988,Texas-Austin,USA,83,285,FALSE,FALSE,TRUE,2010,2,32,
202355,Hassan,Whiteside,Hassan Whiteside,13/6/1989,Marshall,USA,84,265,FALSE,FALSE,TRUE,2010,2,33,
202356,Armon,Johnson,Armon Johnson,23/2/1989,Nevada-Reno,USA,75,195,TRUE,FALSE,FALSE,2010,2,34,
202357,Nemanja,Bjelica,Nemanja Bjelica,9/5/1988,,Serbia,81,234,FALSE,TRUE,FALSE,2010,2,35,
202358,Terrico,White,Terrico White,7/3/1990,Mississippi,USA,77,202358,TRUE,FALSE,FALSE,2010,2,36,
202359,Darington,Hobson,Darington Hobson,29/9/1987,New Mexico,USA,79,210,TRUE,FALSE,FALSE,2010,2,37,
202360,Andy,Rautins,Andy Rautins,2/11/1986,Syracuse,USA,76,190,TRUE,FALSE,FALSE,2010,2,38,
202361,Landry,Fields,Landry Fields,27/6/1988,Stanford,USA,79,215,TRUE,TRUE,FALSE,2010,2,39,
202362,Lance,Stephenson,Lance Stephenson,5/9/1990,Cincinnati,USA,77,202362,FALSE,TRUE,FALSE,2010,2,40,
202363,Jarvis,Varnado,Jarvis Varnado,1/3/1988,Mississippi State,USA,81,230,FALSE,TRUE,TRUE,2010,2,41,
202364,Da'Sean,Butler,Da'Sean Butler,25/1/1988,West Virginia,USA,79,202364,FALSE,TRUE,FALSE,2010,2,42,
202365,Devin,Ebanks,Devin Ebanks,28/10/1989,West Virginia,USA,81,215,FALSE,TRUE,FALSE,2010,2,43,
202366,Jerome,Jordan,Jerome Jordan,29/9/1986,Tulsa,Jamaica,84,253,FALSE,FALSE,TRUE,2010,2,44,
202371,Gani,Lawal,Gani Lawal,7/11/1988,Georgia Tech,USA,81,234,FALSE,TRUE,FALSE,2010,2,46,
202374,Solomon,Alabi,Solomon Alabi,21/3/1988,Florida State,Nigeria,85,252,FALSE,FALSE,TRUE,2010,2,50,
202375,Magnum,Rolle,Magnum Rolle,23/2/1986,Louisiana Tech,Bahamas,83,235,FALSE,TRUE,FALSE,2010,2,51,
202376,Luke,Harangody,Luke Harangody,2/1/1988,Notre Dame,USA,79,245,FALSE,TRUE,FALSE,2010,2,52,
202377,Pape,Sy,Pape Sy,5/4/1988,Le Havre,France,79,225,TRUE,TRUE,FALSE,2010,2,53,
202378,Willie,Warren,Willie Warren,22/10/1989,Oklahoma,USA,76,203,TRUE,FALSE,FALSE,2010,2,54,
202379,Jeremy,Evans,Jeremy Evans,24/10/1987,Western Kentucky,USA,81,200,FALSE,TRUE,FALSE,2010,2,55,
202380,Hamady,Ndiaye,Hamady Ndiaye,12/1/1987,Rutgers,Senegal,84,235,FALSE,FALSE,TRUE,2010,2,56,
202382,Derrick,Caracter,Derrick Caracter,4/5/1988,Texas-El Paso,USA,81,275,FALSE,TRUE,FALSE,2010,2,58,
202383,Stanley,Robinson,Stanley Robinson,,,,,,,,,,,,
202385,Ryan,Reid,Ryan Reid,30/10/1986,Florida State,USA,80,235,FALSE,TRUE,FALSE,2010,2,57,
202386,Ben,Uzoh,Ben Uzoh,18/3/1988,Tulsa,USA,75,205,TRUE,FALSE,FALSE,-1,-1,-1,
202388,Donald,Sloan,Donald Sloan,15/1/1988,Texas A&M,USA,75,205,TRUE,FALSE,FALSE,-1,-1,-1,
202389,Timofey,Mozgov,Timofey Mozgov,16/7/1986,Khimki,Russia,85,275,FALSE,FALSE,TRUE,-1,-1,-1,
202390,Gary,Neal,Gary Neal,3/10/1984,Towson,USA,76,210,TRUE,FALSE,FALSE,-1,-1,-1,
202391,Jeremy,Lin,Jeremy Lin,23/8/1988,Harvard,USA,75,200,TRUE,FALSE,FALSE,-1,-1,-1,
202392,Marqus,Blakely,Marqus Blakely,22/10/1988,Vermont,USA,77,225,FALSE,TRUE,FALSE,-1,-1,-1,
202393,Vernon,Goodridge,Vernon Goodridge,,,,,,,,,,,,
202394,Matt,Janning,Matt Janning,,,,,,,,,,,,
202395,Sherron,Collins,Sherron Collins,18/3/1987,Kansas,USA,71,205,TRUE,FALSE,FALSE,-1,-1,-1,
202396,Samardo,Samuels,Samardo Samuels,9/1/1989,Louisville,Jamaica,,,,,,-1,-1,-1,
202397,Ish,Smith,Ish Smith,5/7/1988,Wake Forest,USA,72,202397,FALSE,FALSE,FALSE,-22,-22,-22,
202399,Jeff,Adrien,Jeff Adrien,10/2/1986,Connecticut,USA,,,,,,-1,-1,-1,
202400,Anthony,Mason,Anthony Mason,,,,,,,,,,,,
202402,Kevin,Palmer,Kevin Palmer,,,,,,,,,,,,
202404,Drew,Naymick,Drew Naymick,,,,,,,,,,,,
202405,Tweety,Carter,Tweety Carter,,,,,,,,,,,,
202406,Jerome,Dyson,Jerome Dyson,1/5/1987,Connecticut,USA,75,202406,TRUE,FALSE,FALSE,-22,-22,-22,
202407,Elijah,Millsap,Elijah Millsap,12/8/1987,Alabama-Birmingham,USA,79,215,TRUE,TRUE,FALSE,-1,-1,-1,
202408,Marcus,Cousin,Marcus Cousin,18/12/1986,Houston,USA,83,255,FALSE,TRUE,FALSE,-1,-1,-1,
202409,Ricardo,Marsh,Ricardo Marsh,,,,,,,,,,,,
202410,Evan,Brock,Evan Brock,,,,,,,,,,,,
202411,Richard,Delk,Richard Delk,,,,,,,,,,,,
202412,Manny,Harris,Manny Harris,21/9/1989,Michigan,USA,77,185,TRUE,FALSE,FALSE,-1,-1,-1,
202416,Jon,Scheyer,Jon Scheyer,,,,,,,,,,,,
202417,Stephen,Dennis,Stephen Dennis,,,,,,,,,,,,
202418,Matt,Rogers,Matt Rogers,,,,,,,,,,,,
202419,Chris,Johnson,Chris Johnson,17/7/1985,Louisiana State,USA,83,210,FALSE,TRUE,FALSE,-1,-1,-1,
202420,Eric,Boateng,Eric Boateng,,,,,,,,,,,,
202421,Ryan,Thompson,Ryan Thompson,,,,,,,,,,,,
202423,Chris,Kramer,Chris Kramer,,,,,,,,,,,,
202446,Jamar,Smith,Jamar Smith,,,,,,,,,,,,
202458,Justin,Dentmon,Justin Dentmon,5/9/1985,Washington,USA,71,185,TRUE,FALSE,FALSE,-1,-1,-1,
202464,Devin,Sweetney,Devin Sweetney,,,,,,,,,,,,
202498,Lance,Thomas,Lance Thomas,24/4/1988,Duke,USA,80,202498,FALSE,TRUE,FALSE,-22,-22,-22,
202513,Stefhon,Hannah,Stefhon Hannah,,,,,,,,,,,,
202518,Kammron,Taylor,Kammron Taylor,,,,,,,,,,,,
202536,Jerry,Smith,Jerry Smith,26/9/1987,Louisville,USA,74,190,TRUE,FALSE,FALSE,1963,2,12,
202545,Luke,Zeller,Luke Zeller,7/4/1987,Notre Dame,USA,83,245,FALSE,TRUE,TRUE,-1,-1,-1,
202550,Josh,Bostic,Josh Bostic,,,,,,,,,,,,
202586,DeShawn,Sims,DeShawn Sims,,,,,,,,,,,,
202620,Arinze,Onuaku,Arinze Onuaku,13/7/1987,Syracuse,USA,81,255,FALSE,TRUE,TRUE,-1,-1,-1,
202622,Courtney,Fortson,Courtney Fortson,23/5/1988,Arkansas,USA,71,185,TRUE,FALSE,FALSE,-1,-1,-1,
202681,Kyrie,Irving,Kyrie Irving,,,,,,FALSE,FALSE,FALSE,,,,
202682,Derrick,Williams,Derrick Williams,25/5/1991,Arizona,USA,80,240,FALSE,TRUE,FALSE,2011,1,2,
202683,Enes,Freedom,Enes Freedom,20/5/1992,Fenerbahce,Turkey,82,250,FALSE,FALSE,TRUE,2011,1,3,
202684,Tristan,Thompson,Tristan Thompson,,,,,,,,,,,,
202685,Jonas,Valanciunas,Jonas Valanciunas,,,,,,FALSE,FALSE,TRUE,,,,
202686,Jan,Vesely,Jan Vesely,24/4/1990,Partizan,Czech Republic,84,242,FALSE,TRUE,FALSE,2011,1,6,
202687,Bismack,Biyombo,Bismack Biyombo,28/8/1992,Baloncesto Fuenlabrada,DRC,80,255,FALSE,FALSE,TRUE,2011,1,7,
202688,Brandon,Knight,Brandon Knight,2/12/1991,Kentucky,USA,74,182,TRUE,FALSE,FALSE,2011,1,8,
202689,Kemba,Walker,Kemba Walker,8/5/1990,Connecticut,USA,72,184,TRUE,FALSE,FALSE,2011,1,9,
202690,Jimmer,Fredette,Jimmer Fredette,25/2/1989,Brigham Young,USA,74,195,TRUE,FALSE,FALSE,2011,1,10,
202691,Klay,Thompson,Klay Thompson,,,,,,FALSE,TRUE,FALSE,,,,
202692,Alec,Burks,Alec Burks,,,,,,TRUE,FALSE,FALSE,,,,
202693,Markieff,Morris,Markieff Morris,,,,,,FALSE,TRUE,FALSE,,,,
202694,Marcus,Morris Sr.,Marcus Morris Sr.,2/9/1989,Kansas,USA,80,202694,FALSE,TRUE,FALSE,2011,1,14,
202695,Kawhi,Leonard,Kawhi Leonard,,,,,,FALSE,TRUE,FALSE,,,,
202696,Nikola,Vucevic,Nikola Vucevic,,,,,,FALSE,FALSE,FALSE,,,,
202697,Iman,Shumpert,Iman Shumpert,26/6/1990,Georgia Tech,USA,77,212,TRUE,FALSE,FALSE,2011,1,17,
202698,Chris,Singleton,Chris Singleton,21/11/1989,Florida State,USA,81,228,FALSE,TRUE,FALSE,2011,1,18,
202699,Tobias,Harris,Tobias Harris,,,,,,FALSE,FALSE,FALSE,,,,
202700,Donatas,Motiejunas,Donatas Motiejunas,20/9/1990,Lithuania,Lithuania,84,220,FALSE,TRUE,TRUE,2011,1,20,
202701,Nolan,Smith,Nolan Smith,25/7/1988,Duke,USA,74,185,TRUE,FALSE,FALSE,2011,1,21,
202702,Kenneth,Faried,Kenneth Faried,19/11/1989,Morehead State,USA,80,202702,FALSE,TRUE,TRUE,2011,1,22,
202703,Nikola,Mirotic,Nikola Mirotic,11/2/1991,Real Madrid,Montenegro,82,250,FALSE,TRUE,FALSE,2011,1,23,
202704,Reggie,Jackson,Reggie Jackson,,,,,,,,,,,,
202705,MarShon,Brooks,MarShon Brooks,26/1/1989,Providence,USA,77,200,TRUE,FALSE,FALSE,2011,1,25,
202706,Jordan,Hamilton,Jordan Hamilton,6/10/1990,Texas-Austin,USA,79,220,TRUE,TRUE,FALSE,2011,1,26,
202707,JaJuan,Johnson,JaJuan Johnson,8/2/1989,Purdue,USA,82,221,FALSE,TRUE,FALSE,2011,1,27,
202708,Norris,Cole,Norris Cole,13/10/1988,Cleveland State,USA,74,175,TRUE,FALSE,FALSE,2011,1,28,
202709,Cory,Joseph,Cory Joseph,,,,,,TRUE,FALSE,FALSE,,,,
202710,Jimmy,Butler,Jimmy Butler,,,,,,FALSE,TRUE,FALSE,,,,
202711,Bojan,Bogdanovic,Bojan Bogdanovic,18/4/1989,Fenerbahce,Croatia,79,226,FALSE,TRUE,FALSE,2011,2,31,
202712,Justin,Harper,Justin Harper,30/8/1989,Richmond,USA,82,225,FALSE,TRUE,FALSE,2011,2,32,
202713,Kyle,Singler,Kyle Singler,4/5/1988,Duke,USA,80,228,FALSE,TRUE,FALSE,2011,2,33,
202714,Shelvin,Mack,Shelvin Mack,22/4/1990,Butler,USA,75,203,TRUE,FALSE,FALSE,2011,2,34,
202715,Tyler,Honeycutt,Tyler Honeycutt,15/7/1990,UCLA,USA,80,188,FALSE,TRUE,FALSE,2011,2,35,
202716,Jordan,Williams,Jordan Williams,11/10/1990,Maryland,USA,82,202716,FALSE,FALSE,TRUE,2011,2,36,
202717,Trey,Thompkins,Trey Thompkins,29/5/1990,Georgia,USA,82,245,FALSE,TRUE,FALSE,2011,2,37,
202718,Chandler,Parsons,Chandler Parsons,25/10/1988,Florida,USA,81,230,FALSE,TRUE,FALSE,2011,2,38,
202719,Jeremy,Tyler,Jeremy Tyler,21/6/1991,Tokyo Apache,USA,82,250,FALSE,TRUE,FALSE,2011,2,39,
202720,Jon,Leuer,Jon Leuer,14/5/1989,Wisconsin,USA,82,228,FALSE,TRUE,FALSE,2011,2,40,
202721,Darius,Morris,Darius Morris,3/1/1991,Michigan,USA,76,195,TRUE,FALSE,FALSE,2011,2,41,
202722,Davis,Bertans,Davis Bertans,12/11/1992,Baskonia,Latvia,82,225,FALSE,TRUE,FALSE,2011,2,42,
202723,Malcolm,Lee,Malcolm Lee,22/5/1990,UCLA,USA,77,202723,FALSE,FALSE,FALSE,2011,2,43,
202724,Charles,Jenkins,Charles Jenkins,28/2/1989,Hofstra,USA,75,215,TRUE,FALSE,FALSE,2011,2,44,
202725,Josh,Harrellson,Josh Harrellson,12/2/1989,Kentucky,USA,82,275,FALSE,TRUE,TRUE,2011,2,45,
202726,Andrew,Goudelock,Andrew Goudelock,7/12/1988,College of Charleston,USA,75,200,TRUE,FALSE,FALSE,2011,2,46,
202727,Travis,Leslie,Travis Leslie,29/3/1990,Georgia,USA,,,,,,2011,2,47,
202728,Keith,Benson,Keith Benson,13/8/1988,Oakland,USA,83,230,FALSE,TRUE,TRUE,2011,2,48,
202729,Josh,Selby,Josh Selby,27/3/1991,Kansas,USA,74,183,TRUE,FALSE,FALSE,2011,2,49,
202730,Lavoy,Allen,Lavoy Allen,4/2/1989,Temple,USA,81,260,FALSE,TRUE,TRUE,2011,2,50,
202731,Vernon,Macklin,Vernon Macklin,25/9/1986,Florida,USA,82,227,FALSE,TRUE,FALSE,2011,2,52,
202732,DeAndre,Liggins,DeAndre Liggins,31/3/1988,Kentucky,USA,78,209,TRUE,FALSE,FALSE,2011,2,53,
202734,E'Twaun,Moore,E'Twaun Moore,25/2/1989,Purdue,USA,75,191,TRUE,FALSE,FALSE,2011,2,55,
202738,Isaiah,Thomas,Isaiah Thomas,7/2/1989,Washington,USA,69,185,TRUE,FALSE,FALSE,2011,2,60,
202770,Tristan,Thompson,Tristan Thompson,,,,,,,,,,,,
202775,Edwin,Ubiles,Edwin Ubiles,26/11/1986,Siena,Puerto Rico,78,204,TRUE,TRUE,FALSE,-1,-1,-1,
202779,Dwight,Buycks,Dwight Buycks,6/3/1989,Marquette,USA,75,190,TRUE,FALSE,FALSE,-1,-1,-1,
202792,Tyren,Johnson,Tyren Johnson,,,,,,,,,,,,
202797,Lawrence,Hill,Lawrence Hill,,,,,,,,,,,,
202808,Chris,Daniels,Chris Daniels,,,,,,,,,,,,
202809,Cory,Higgins,Cory Higgins,14/6/1989,Colorado,USA,77,180,TRUE,FALSE,FALSE,-1,-1,-1,
202810,D.J.,Kennedy,D.J. Kennedy,5/11/1989,St. John's (NY),USA,77,214,TRUE,TRUE,FALSE,-1,-1,-1,
202814,Mychel,Thompson,Mychel Thompson,1/6/1988,Pepperdine,USA,78,211,FALSE,TRUE,FALSE,-1,-1,-1,
202815,Jake,Anderson,Jake Anderson,,,,,,,,,,,,
202820,Jarrid,Famous,Jarrid Famous,,,,,,,,,,,,
202841,Cameron,Jones,Cameron Jones,,,,,,,,,,,,
202862,Dennis,Horner,Dennis Horner,5/2/1988,North Carolina State,USA,81,230,FALSE,TRUE,FALSE,-1,-1,-1,
202872,Durrell,Summers,Durrell Summers,,,,,,,,,,,,
202874,Chris,Wright,Chris Wright,30/9/1988,Dayton,USA,81,226,FALSE,TRUE,FALSE,-1,-1,-1,
202880,Jeff,Foote,Jeff Foote,14/7/1987,Cornell,USA,84,265,FALSE,TRUE,TRUE,-1,-1,-1,
202904,Gilbert,Brown,Gilbert Brown,,,,,,,,,,,,
202912,Frank,Hassell,Frank Hassell,,,,,,,,,,,,
202918,Xavier,Silas,Xavier Silas,22/1/1988,Northern Illinois,USA,77,205,TRUE,FALSE,FALSE,2011,,,
202933,Julyan,Stone,Julyan Stone,7/12/1988,Texas-El Paso,USA,78,202933,TRUE,FALSE,FALSE,-22,-22,-22,
202935,Adrian,Oliver,Adrian Oliver,,,,,,,,,,,,
202951,Jeremy,Pargo,Jeremy Pargo,17/3/1986,Gonzaga,USA,74,202951,FALSE,FALSE,FALSE,2009,0,0,
202952,Malcolm,Thomas,Malcolm Thomas,8/11/1988,San Diego State,USA,81,225,FALSE,TRUE,FALSE,-1,-1,-1,
202954,Brad,Wanamaker,Brad Wanamaker,25/7/1989,Pittsburgh,USA,75,210,TRUE,FALSE,FALSE,-1,-1,-1,
202956,Gary,Flowers,Gary Flowers,,,,,,,,,,,,
202957,Drew,Neitzel,Drew Neitzel,,,,,,,,,,,,
202959,Tommy,Mitchell,Tommy Mitchell,,,,,,,,,,,,
202961,Julian,Khazzouh,Julian Khazzouh,,,,,,,,,,,,
202962,Greg,Smith,Greg Smith,8/1/1991,Fresno State,USA,82,250,FALSE,FALSE,TRUE,-1,-1,-1,
202963,Jerome,Randle,Jerome Randle,,,,,,,,,,,,
202970,Gustavo,Ayon,Gustavo Ayon,1/4/1985,Baloncesto Fuenlabrada,Mexico,,,,,,-1,-1,-1,
203006,Josh,Akognon,Josh Akognon,10/2/1986,California State-Fullerton,USA,71,203006,TRUE,FALSE,FALSE,-22,-22,-22,
203076,Anthony,Davis,Anthony Davis,,,,,,FALSE,FALSE,TRUE,,,,
203077,Michael,Kidd-Gilchrist,Michael Kidd-Gilchrist,26/9/1993,Kentucky,USA,78,232,FALSE,TRUE,FALSE,2012,1,2,
203078,Bradley,Beal,Bradley Beal,,,,,,TRUE,FALSE,FALSE,,,,
203079,Dion,Waiters,Dion Waiters,10/12/1991,Syracuse,USA,75,210,TRUE,FALSE,FALSE,2012,1,4,
203080,Thomas,Robinson,Thomas Robinson,17/3/1991,Kansas,USA,82,237,FALSE,TRUE,FALSE,2012,1,5,
203081,Damian,Lillard,Damian Lillard,,,,,,FALSE,FALSE,FALSE,,,,
203082,Terrence,Ross,Terrence Ross,5/2/1991,Washington,USA,79,206,TRUE,TRUE,FALSE,2012,1,8,
203083,Andre,Drummond,Andre Drummond,,,,,,FALSE,FALSE,TRUE,,,,
203084,Harrison,Barnes,Harrison Barnes,,,,,,FALSE,FALSE,FALSE,,,,
203085,Austin,Rivers,Austin Rivers,1/8/1992,Duke,USA,76,200,TRUE,FALSE,FALSE,2012,1,10,
203086,Meyers,Leonard,Meyers Leonard,27/2/1992,Illinois,USA,84,260,FALSE,TRUE,TRUE,2012,1,11,
203087,Jeremy,Lamb,Jeremy Lamb,30/5/1992,Connecticut,USA,77,180,TRUE,TRUE,FALSE,2012,1,12,
203088,Kendall,Marshall,Kendall Marshall,19/8/1991,North Carolina,USA,76,200,TRUE,FALSE,FALSE,2012,1,13,
203089,John,Henson,John Henson,28/12/1990,North Carolina,USA,81,219,FALSE,TRUE,TRUE,2012,1,14,
203090,Maurice,Harkless,Maurice Harkless,11/5/1993,St. John's,USA,79,203090,TRUE,TRUE,FALSE,2012,1,15,
203091,Royce,White,Royce White,10/4/1991,Iowa State,USA,80,260,FALSE,TRUE,FALSE,2012,1,16,
203092,Tyler,Zeller,Tyler Zeller,17/1/1990,North Carolina,USA,83,203092,FALSE,TRUE,TRUE,2012,1,17,
203093,Terrence,Jones,Terrence Jones,9/1/1992,Kentucky,USA,81,252,FALSE,TRUE,FALSE,2012,1,18,
203094,Andrew,Nicholson,Andrew Nicholson,8/12/1989,St. Bonaventure,Canada,81,250,FALSE,TRUE,FALSE,2012,1,19,
203095,Evan,Fournier,Evan Fournier,29/10/1992,Poitiers Basket 86,France,78,205,TRUE,TRUE,FALSE,2012,1,20,
203096,Jared,Sullinger,Jared Sullinger,4/3/1992,Ohio State,USA,81,260,FALSE,TRUE,TRUE,2012,1,21,
203097,Fab,Melo,Fab Melo,20/6/1990,Syracuse,Brazil,84,255,FALSE,FALSE,TRUE,2012,1,22,
203098,John,Jenkins,John Jenkins,6/3/1991,Vanderbilt,USA,76,215,TRUE,FALSE,FALSE,2012,1,23,
203099,Jared,Cunningham,Jared Cunningham,22/5/1991,Oregon State,USA,76,195,TRUE,FALSE,FALSE,2012,1,24,
203100,Tony,Wroten,Tony Wroten,13/4/1993,Washington,USA,78,205,TRUE,FALSE,FALSE,2012,1,25,
203101,Miles,Plumlee,Miles Plumlee,1/9/1988,Duke,USA,83,249,FALSE,FALSE,TRUE,2012,1,26,
203102,Arnett,Moultrie,Arnett Moultrie,18/11/1990,Mississippi State,USA,82,240,FALSE,TRUE,FALSE,2012,1,27,
203103,Perry,Jones III,Perry Jones III,24/9/1991,Baylor,USA,83,235,FALSE,TRUE,FALSE,2012,1,28,
203104,Marquis,Teague,Marquis Teague,28/2/1993,Kentucky,USA,74,189,TRUE,FALSE,FALSE,2012,1,29,
203105,Festus,Ezeli,Festus Ezeli,21/10/1989,Vanderbilt,Nigeria,83,265,FALSE,FALSE,TRUE,2012,1,30,
203106,Jeffery,Taylor,Jeffery Taylor,23/5/1989,Vanderbilt,Sweden,,203106,FALSE,FALSE,FALSE,2012,2,31,
203107,Tomas,Satoransky,Tomas Satoransky,30/10/1991,,Czech Republic,79,210,TRUE,FALSE,FALSE,2012,2,32,
203108,Bernard,James,Bernard James,7/2/1985,Florida State,USA,82,235,FALSE,FALSE,TRUE,2012,2,33,
203109,Jae,Crowder,Jae Crowder,,,,,,,,,,,,
203110,Draymond,Green,Draymond Green,,,,,,FALSE,FALSE,FALSE,,,,
203111,Orlando,Johnson,Orlando Johnson,11/3/1989,California-Santa Barbara,USA,77,203111,FALSE,FALSE,FALSE,2012,2,36,
203112,Quincy,Acy,Quincy Acy,6/10/1990,Baylor,USA,79,240,FALSE,TRUE,FALSE,2012,2,37,
203113,Quincy,Miller,Quincy Miller,18/11/1992,Baylor,USA,81,210,FALSE,TRUE,FALSE,2012,2,38,
203114,Khris,Middleton,Khris Middleton,,,,,,TRUE,FALSE,FALSE,,,,
203115,Will,Barton,Will Barton,6/1/1991,Memphis,USA,77,181,TRUE,FALSE,FALSE,2012,2,40,
203116,Tyshawn,Taylor,Tyshawn Taylor,12/4/1990,Kansas,USA,75,185,TRUE,FALSE,FALSE,2012,2,41,
203117,Doron,Lamb,Doron Lamb,6/11/1991,Kentucky,USA,76,200,TRUE,FALSE,FALSE,2012,2,42,
203118,Mike,Scott,Mike Scott,16/7/1988,Virginia,USA,79,237,FALSE,TRUE,FALSE,2012,2,43,
203119,Kim,English,Kim English,24/9/1988,Missouri,USA,78,200,TRUE,FALSE,FALSE,2012,2,44,
203120,Justin,Hamilton,Justin Hamilton,1/4/1990,Louisiana State,USA,84,255,FALSE,FALSE,TRUE,2012,2,45,
203121,Darius,Miller,Darius Miller,21/3/1990,Kentucky,USA,78,225,FALSE,TRUE,FALSE,2012,2,46,
203122,Kevin,Murphy,Kevin Murphy,6/3/1990,Tennessee Tech,USA,78,185,TRUE,FALSE,FALSE,2012,2,47,
203123,Kostas,Papanikolaou,Kostas Papanikolaou,31/7/1990,FC Barcelona,Greece,80,235,FALSE,TRUE,FALSE,2012,2,48,
203124,Kyle,O'Quinn,Kyle O'Quinn,26/3/1990,Norfolk State,USA,81,250,FALSE,TRUE,TRUE,2012,2,49,
203126,Kris,Joseph,Kris Joseph,17/12/1988,Syracuse,Canada,79,210,FALSE,TRUE,FALSE,2012,2,51,
203128,Furkan,Aldemir,Furkan Aldemir,9/8/1991,Galatasaray,Turkey,82,240,FALSE,TRUE,TRUE,2012,2,53,
203129,Tornike,Shengelia,Tornike Shengelia,5/10/1991,Spirou Charleroi,Georgia,81,220,FALSE,TRUE,FALSE,2012,2,54,
203130,Darius,Johnson-Odom,Darius Johnson-Odom,28/9/1989,Marquette,USA,74,215,TRUE,FALSE,FALSE,2012,2,55,
203133,Robbie,Hummel,Robbie Hummel,8/3/1989,Purdue,USA,81,219,FALSE,TRUE,FALSE,2012,2,58,
203135,Robert,Sacre,Robert Sacre,6/6/1989,Gonzaga,Canada,84,270,FALSE,FALSE,TRUE,2012,2,60,
203136,Ognjen,Kuzmic,Ognjen Kuzmic,16/5/1990,Malaga,Serbia,84,260,FALSE,FALSE,TRUE,2012,2,52,
203138,Hollis,Thompson,Hollis Thompson,3/4/1991,Georgetown,USA,80,206,FALSE,TRUE,FALSE,-1,-1,-1,
203139,Viacheslav,Kravtsov,Viacheslav Kravtsov,25/8/1987,Donetsk,Ukraine,83,254,FALSE,FALSE,TRUE,-1,-1,-1,
203141,Mirza,Teletovic,Mirza Teletovic,17/9/1985,Baskonia,Bosnia and Herzegovina,81,242,FALSE,TRUE,FALSE,-1,-1,-1,
203142,Chris,Copeland,Chris Copeland,17/3/1984,Colorado,USA,81,239,FALSE,TRUE,FALSE,-1,-1,-1,
203143,Pablo,Prigioni,Pablo Prigioni,17/5/1977,Baskonia,Argentina,75,203143,TRUE,FALSE,FALSE,-22,-22,-22,
203144,Alexey,Shved,Alexey Shved,16/12/1988,CSKA Moscow,Russia,78,187,TRUE,FALSE,FALSE,-1,-1,-1,
203145,Kent,Bazemore,Kent Bazemore,1/7/1989,Old Dominion,USA,76,195,TRUE,TRUE,FALSE,-1,-1,-1,
203146,Maalik,Wayns,Maalik Wayns,2/5/1991,Villanova,USA,73,195,TRUE,FALSE,FALSE,-1,-1,-1,
203147,Chris,Smith,Chris Smith,13/10/1987,Louisville,USA,74,200,TRUE,FALSE,FALSE,-1,-1,-1,
203148,Brian,Roberts,Brian Roberts,3/12/1985,Dayton,USA,73,173,TRUE,FALSE,FALSE,-1,-1,-1,
203149,Micheal,Eric,Micheal Eric,,,,,,,,,,,,
203153,Reeves,Nelson,Reeves Nelson,,,,,,,,,,,,
203154,Greg,Somogyi,Greg Somogyi,,,,,,,,,,,,
203155,Oscar,Bellfield,Oscar Bellfield,,,,,,,,,,,,
203156,Henry,Sims,Henry Sims,27/3/1990,Georgetown,USA,82,248,FALSE,TRUE,TRUE,-1,-1,-1,
203157,John,Shurna,John Shurna,,,,,,,,,,,,
203158,Kevin,Jones,Kevin Jones,25/8/1989,West Virginia,USA,80,260,FALSE,TRUE,FALSE,-1,-1,-1,
203159,Scott,Machado,Scott Machado,8/6/1990,Iona,USA,73,205,TRUE,FALSE,FALSE,-1,-1,-1,
203160,Steven,Gray,Steven Gray,,,,,,,,,,,,
203162,Ben,Hansbrough,Ben Hansbrough,23/12/1987,Notre Dame,USA,75,203162,TRUE,FALSE,FALSE,-22,-22,-22,
203163,Carleton,Scott,Carleton Scott,,,,,,,,,,,,
203164,Lance,Goulbourne,Lance Goulbourne,,,,,,,,,,,,
203174,Tyler,Wilkerson,Tyler Wilkerson,,,,,,,,,,,,
203176,Kyle,Fogg,Kyle Fogg,,,,,,,,,,,,
203178,Wesley,Witherspoon,Wesley Witherspoon,,,,,,,,,,,,
203180,Hank,Thorns,Hank Thorns,,,,,,,,,,,,
203183,Tony,Mitchell,Tony Mitchell,7/8/1989,Alabama,USA,78,216,FALSE,TRUE,FALSE,-1,-1,-1,
203185,Carlon,Brown,Carlon Brown,,,,,,,,,,,,
203186,Willie,Reed,Willie Reed,16/5/1990,St. Louis,USA,83,245,FALSE,FALSE,TRUE,2011,0,0,
203187,Chris,Johnson,Chris Johnson,29/4/1990,Dayton,USA,78,206,FALSE,TRUE,FALSE,-1,-1,-1,
203190,Micah,Downs,Micah Downs,,,,,,,,,,,,
203191,Josh,Akognon,Josh Akognon,,,,,,,,,,,,
203192,Demonte,Harper,Demonte Harper,,,,,,,,,,,,
203193,Dallas,Lauderdale,Dallas Lauderdale,,,,,,,,,,,,
203195,Michael,Dunigan,Michael Dunigan,,,,,,,,,,,,
203196,Ronnie,Aguilar,Ronnie Aguilar,,,,,,,,,,,,
203197,Diante,Garrett,Diante Garrett,3/11/1988,Iowa State,USA,76,190,TRUE,FALSE,FALSE,-1,-1,-1,
203198,Kevin,Anderson,Kevin Anderson,,,,,,,,,,,,
203199,DeQuan,Jones,DeQuan Jones,20/6/1990,Miami,USA,80,221,FALSE,TRUE,FALSE,-1,-1,-1,
203200,Justin,Holiday,Justin Holiday,5/4/1989,Washington,USA,78,180,TRUE,TRUE,FALSE,-1,-1,-1,
203201,Mustapha,Farrakhan,Mustapha Farrakhan,,,,,,,,,,,,
203203,Chris,Wright,Chris Wright,4/11/1989,Georgetown,USA,73,210,TRUE,FALSE,FALSE,-1,-1,-1,
203204,Devin,Searcy,Devin Searcy,,,,,,,,,,,,
203206,Ryan,Allen,Ryan Allen,,,,,,,,,,,,
203210,JaMychal,Green,JaMychal Green,21/6/1990,Alabama,USA,81,227,FALSE,TRUE,TRUE,-1,-1,-1,
203262,Mac,Koshwal,Mac Koshwal,,,,,,,,,,,,
203263,James,Nunnally,James Nunnally,14/7/1990,Cal-Santa Barbara,USA,79,205,FALSE,TRUE,FALSE,-1,-1,-1,
203268,Jorge,Gutierrez,Jorge Gutierrez,27/12/1988,California,Mexico,75,189,TRUE,FALSE,FALSE,-1,-1,-1,
203315,Toure',Murry,Toure' Murry,8/11/1989,Wichita State,USA,77,195,FALSE,TRUE,FALSE,-1,-1,-1,
203317,Tim,Ohlbrecht,Tim Ohlbrecht,30/8/1988,Skyliners Frankfurt,Germany,83,255,FALSE,TRUE,TRUE,-1,-1,-1,
203318,Glen,Rice,Glen Rice,1/1/1991,Georgia Tech,USA,78,206,TRUE,TRUE,FALSE,2013,2,35,
203327,Daniel,Nwaelele,Daniel Nwaelele,,,,,,,,,,,,
203377,Ramone,Moore,Ramone Moore,,,,,,,,,,,,
203382,Aron,Baynes,Aron Baynes,9/12/1986,Washington State,Australia,82,260,FALSE,TRUE,TRUE,-1,-1,-1,
203457,Nerlens,Noel,Nerlens Noel,10/4/1994,Kentucky,USA,82,220,FALSE,TRUE,TRUE,2013,1,6,
203458,Alex,Len,Alex Len,,,,,,FALSE,FALSE,TRUE,,,,
203459,Allen,Crabbe,Allen Crabbe,9/4/1992,California,USA,77,212,TRUE,TRUE,FALSE,2013,2,31,
203460,Andre,Roberson,Andre Roberson,4/12/1991,Colorado,USA,79,210,TRUE,TRUE,FALSE,2013,1,26,
203461,Anthony,Bennett,Anthony Bennett,14/3/1993,UNLV,Canada,80,235,FALSE,TRUE,FALSE,2013,1,1,
203462,Archie,Goodwin,Archie Goodwin,17/8/1994,Kentucky,USA,77,205,TRUE,FALSE,FALSE,2013,1,29,
203463,Ben,McLemore,Ben McLemore,11/2/1993,Kansas,USA,75,195,TRUE,FALSE,FALSE,2013,1,7,
203464,Brandon,Paul,Brandon Paul,30/4/1991,Illinois,USA,76,200,TRUE,FALSE,FALSE,-1,-1,-1,
203466,CJ,Leslie,CJ Leslie,,,,,,,,,,,,
203467,Carrick,Felix,Carrick Felix,17/8/1990,Arizona State,USA,78,201,TRUE,TRUE,FALSE,2013,2,33,
203468,CJ,McCollum,CJ McCollum,,,,,,FALSE,FALSE,FALSE,,,,
203469,Cody,Zeller,Cody Zeller,5/10/1992,Indiana,USA,83,240,FALSE,TRUE,TRUE,2013,1,4,
203471,Dennis,Schroder,Dennis Schroder,,,,,,TRUE,FALSE,FALSE,,,,
203472,Deshaun,Thomas,Deshaun Thomas,,,,,,,,,,,,
203473,Dewayne,Dedmon,Dewayne Dedmon,12/8/1989,Southern California,USA,82,245,FALSE,FALSE,TRUE,-1,-1,-1,
203474,DJ,Stephens,DJ Stephens,19/12/1990,Memphis,USA,77,188,TRUE,TRUE,FALSE,-1,-1,-1,
203475,Erick,Green,Erick Green,9/5/1991,Virginia Tech,USA,76,185,TRUE,FALSE,FALSE,2013,2,46,
203476,Gorgui,Dieng,Gorgui Dieng,18/1/1990,Louisville,Senegal,82,248,FALSE,FALSE,TRUE,2013,1,21,
203477,Isaiah,Canaan,Isaiah Canaan,21/5/1991,Murray State,USA,72,200,TRUE,FALSE,FALSE,2013,2,34,
203479,Jamaal,Franklin,Jamaal Franklin,21/7/1991,San Diego State,USA,77,191,TRUE,FALSE,FALSE,2013,2,41,
203480,James,Southerland,James Southerland,28/4/1990,Syracuse,USA,80,215,FALSE,TRUE,FALSE,-1,-1,-1,
203481,Jeff,Withey,Jeff Withey,7/3/1990,Kansas,USA,84,230,FALSE,FALSE,TRUE,2013,2,39,
203482,Kelly,Olynyk,Kelly Olynyk,,,,,,FALSE,FALSE,TRUE,,,,
203483,Kenny,Kadji,Kenny Kadji,,,,,,,,,,,,
203484,Kentavious,Caldwell-Pope,Kentavious Caldwell-Pope,,,,,,FALSE,FALSE,FALSE,,,,
203485,Lorenzo,Brown,Lorenzo Brown,26/8/1990,North Carolina State,USA,77,189,TRUE,FALSE,FALSE,2013,2,52,
203486,Mason,Plumlee,Mason Plumlee,,,,,,FALSE,FALSE,TRUE,,,,
203487,Michael,Carter-Williams,Michael Carter-Williams,10/10/1991,Syracuse,USA,77,190,TRUE,FALSE,FALSE,2013,1,11,
203488,Mike,Muscala,Mike Muscala,1/7/1991,Bucknell,USA,83,240,FALSE,TRUE,TRUE,2013,2,44,
203489,Nate,Wolters,Nate Wolters,15/5/1991,South Dakota State,USA,76,190,TRUE,FALSE,FALSE,2013,2,38,
203490,Otto,Porter Jr.,Otto Porter Jr.,3/6/1993,Georgetown,USA,80,198,FALSE,TRUE,FALSE,2013,1,3,
203491,Peyton,Siva,Peyton Siva,24/10/1990,Louisville,USA,72,185,TRUE,FALSE,FALSE,2013,2,56,
203492,Ray,McCallum,Ray McCallum,12/6/1991,Detroit,USA,75,190,TRUE,FALSE,FALSE,2013,2,36,
203493,Reggie,Bullock,Reggie Bullock,16/3/1991,North Carolina,USA,78,205,TRUE,TRUE,FALSE,2013,1,25,
203494,Richard,Howell,Richard Howell,,,,,,,,,,,,
203495,Ricky,Ledo,Ricky Ledo,10/9/1992,Providence,USA,79,195,TRUE,FALSE,FALSE,2013,2,43,
203496,Robert,Covington,Robert Covington,14/12/1990,Tennessee State,USA,79,209,FALSE,TRUE,FALSE,-1,-1,-1,
203497,Rudy,Gobert,Rudy Gobert,,,,,,FALSE,FALSE,FALSE,,,,
203498,Shabazz,Muhammad,Shabazz Muhammad,13/11/1992,UCLA,USA,78,203498,TRUE,TRUE,FALSE,2013,1,14,
203499,Shane,Larkin,Shane Larkin,2/10/1992,Miami,USA,71,175,TRUE,FALSE,FALSE,2013,1,18,
203500,Steven,Adams,Steven Adams,,,,,,FALSE,FALSE,TRUE,,,,
203501,Tim,Hardaway Jr.,Tim Hardaway Jr.,,,,,,FALSE,FALSE,FALSE,,,,
203502,Tony,Mitchell,Tony Mitchell,7/4/1992,North Texas,USA,,,,,,2013,2,37,
203503,Tony,Snell,Tony Snell,10/11/1991,New Mexico,USA,78,213,TRUE,FALSE,FALSE,2013,1,20,
203504,Trey,Burke,Trey Burke,12/11/1992,Michigan,USA,72,185,TRUE,FALSE,FALSE,2013,1,9,
203505,Vander,Blue,Vander Blue,17/7/1992,Marquette,USA,77,200,TRUE,FALSE,FALSE,-1,-1,-1,
203506,Victor,Oladipo,Victor Oladipo,4/5/1992,Indiana,USA,75,213,TRUE,FALSE,FALSE,2013,1,2,
203507,Giannis,Antetokounmpo,Giannis Antetokounmpo,,,,,,FALSE,FALSE,FALSE,,,,
203508,Sergey,Karasev,Sergey Karasev,26/10/1993,Zenit Saint Petersburg,Russia,79,208,TRUE,TRUE,FALSE,2013,1,19,
203509,Myck,Kabongo,Myck Kabongo,,,,,,,,,,,,
203510,Pierre,Jackson,Pierre Jackson,29/8/1991,Baylor,USA,70,180,TRUE,FALSE,FALSE,2013,2,42,
203511,Grant,Jerrett,Grant Jerrett,8/7/1993,Arizona,USA,82,203511,FALSE,TRUE,FALSE,2013,2,40,
203512,Lucas,Nogueira,Lucas Nogueira,26/7/1992,Estudiantes,Brazil,84,203512,FALSE,FALSE,TRUE,2013,1,16,
203513,Erik,Murphy,Erik Murphy,26/10/1990,Florida,Finland,82,230,FALSE,TRUE,FALSE,2013,2,49,
203515,Phil,Pressey,Phil Pressey,17/2/1991,Missouri,USA,71,175,TRUE,FALSE,FALSE,-1,-1,-1,
203516,James,Ennis III,James Ennis III,1/7/1990,Cal State-Long Beach,USA,78,215,FALSE,TRUE,FALSE,2013,2,50,
203517,Nemanja,Nedovic,Nemanja Nedovic,16/6/1991,Lietuvos rytas Vilnius,Serbia,75,203517,TRUE,FALSE,FALSE,2013,1,30,
203518,Alex,Abrines,Alex Abrines,1/8/1993,FC Barcelona,Spain,78,200,TRUE,FALSE,FALSE,2013,2,32,
203519,Adonis,Thomas,Adonis Thomas,25/3/1993,Memphis,USA,79,203519,TRUE,TRUE,FALSE,-22,-22,-22,
203520,Livio,Jean-Charles,Livio Jean-Charles,,,,,,,,,,,,
203521,Matthew,Dellavedova,Matthew Dellavedova,8/9/1990,St. Mary's,Australia,75,200,TRUE,FALSE,FALSE,-1,-1,-1,
203524,Solomon,Hill,Solomon Hill,18/3/1991,Arizona,USA,78,226,FALSE,TRUE,FALSE,2013,1,23,
203526,Raul,Neto,Raul Neto,19/5/1992,Murcia,Brazil,74,180,TRUE,FALSE,FALSE,2013,2,47,
203527,Ryan,Kelly,Ryan Kelly,9/4/1991,Duke,USA,83,230,FALSE,TRUE,FALSE,2013,2,48,
203528,Romero,Osby,Romero Osby,,,,,,,,,,,,
203529,Arsalan,Kazemi,Arsalan Kazemi,,,,,,,,,,,,
203530,Joffrey,Lauvergne,Joffrey Lauvergne,30/9/1991,Khimki,France,83,260,FALSE,FALSE,TRUE,2013,2,55,
203539,Gal,Mekel,Gal Mekel,4/3/1988,Wichita State,Israel,75,191,TRUE,FALSE,FALSE,-1,-1,-1,
203540,Gigi,Datome,Gigi Datome,27/11/1987,Virtus Roma,Italy,80,215,FALSE,TRUE,FALSE,-1,-1,-1,
203543,Vitor,Faverani,Vitor Faverani,5/5/1988,Valencia,Brazil,83,260,FALSE,FALSE,TRUE,-1,-1,-1,
203544,Pero,Antic,Pero Antic,29/7/1982,Olympiacos,Macedonia,83,260,FALSE,TRUE,TRUE,-1,-1,-1,
203545,Miroslav,Raduljica,Miroslav Raduljica,5/1/1988,Efes Pilsen,Serbia,84,250,FALSE,FALSE,TRUE,-1,-1,-1,
203546,Ian,Clark,Ian Clark,7/3/1991,Belmont,USA,75,175,TRUE,FALSE,FALSE,-1,-1,-1,
203547,Eric,Griffin,Eric Griffin,,,,,,,,,,,,
203548,Elias,Harris,Elias Harris,6/7/1989,Gonzaga,Germany,80,239,FALSE,TRUE,FALSE,-1,-1,-1,
203551,Dee,Bost,Dee Bost,,,,,,,,,,,,
203552,Seth,Curry,Seth Curry,,,,,,TRUE,FALSE,FALSE,,,,
203556,Trent,Lockett,Trent Lockett,,,,,,,,,,,,
203558,David,Lighty,David Lighty,,,,,,,,,,,,
203560,E.J.,Singler,E.J. Singler,,,,,,,,,,,,
203561,Brandon,Davies,Brandon Davies,25/7/1991,Brigham Young,USA,82,240,FALSE,TRUE,FALSE,-1,-1,-1,
203564,Kalin,Lucas,Kalin Lucas,24/5/1989,Michigan State,USA,73,195,TRUE,FALSE,FALSE,-1,-1,-1,
203565,Patrick,Christopher,Patrick Christopher,3/6/1988,California,USA,,,,,,-1,-1,-1,
203566,Mickey,McConnell,Mickey McConnell,,,,,,,,,,,,
203568,Damen,Bell-Holter,Damen Bell-Holter,,,,,,,,,,,,
203569,Chris,Babb,Chris Babb,14/2/1990,Iowa State,USA,77,225,TRUE,FALSE,FALSE,-1,-1,-1,
203576,Rodney,Williams,Rodney Williams,,,,,,,,,,,,
203577,Carlos,Morais,Carlos Morais,,,,,,,,,,,,
203579,Khalif,Wyatt,Khalif Wyatt,,,,,,,,,,,,
203580,Larry,Drew II,Larry Drew II,5/3/1990,UCLA,USA,74,180,TRUE,FALSE,FALSE,-1,-1,-1,
203583,Abdul,Gaddy,Abdul Gaddy,26/1/1992,Washington,USA,,203583,FALSE,FALSE,FALSE,2013,0,0,
203584,Troy,Daniels,Troy Daniels,15/7/1991,Va Commonwealth,USA,76,200,TRUE,FALSE,FALSE,-1,-1,-1,
203585,Rodney,McGruder,Rodney McGruder,29/7/1991,Kansas State,USA,76,205,TRUE,FALSE,FALSE,-1,-1,-1,
203586,Charlie,Westbrook,Charlie Westbrook,,,,,,,,,,,,
203587,Courtney,Fells,Courtney Fells,,,,,,,,,,,,
203588,Michael,Lee,Michael Lee,,,,,,,,,,,,
203589,Olek,Czyz,Olek Czyz,,,,,,,,,,,,
203590,Trey,McKinney-Jones,Trey McKinney-Jones,27/8/1990,Miami,USA,77,220,TRUE,FALSE,FALSE,-1,-1,-1,
203613,Jonathon,Simmons,Jonathon Simmons,14/9/1989,Houston,USA,78,195,FALSE,TRUE,FALSE,2012,0,0,
203629,Garlon,Green,Garlon Green,,,,,,,,,,,,
203648,Thanasis,Antetokounmpo,Thanasis Antetokounmpo,18/7/1992,Panathinaikos,Greece,79,219,FALSE,TRUE,FALSE,2014,2,51,
203658,Norvel,Pelle,Norvel Pelle,3/2/1993,Iona,Antigua and Barbuda,82,231,FALSE,FALSE,TRUE,-1,-1,-1,
203687,Reggie,Hearn,Reggie Hearn,14/8/1991,Northwestern,USA,77,210,TRUE,FALSE,FALSE,2013,0,0,
203705,Josh,Magette,Josh Magette,28/11/1989,Alabama-Huntsville,USA,73,203705,FALSE,FALSE,FALSE,2012,0,0,
203710,C.J.,Williams,C.J. Williams,6/2/1990,North Carolina State,USA,77,203710,TRUE,FALSE,FALSE,2012,0,0,
203798,PJ,Hairston,PJ Hairston,24/12/1992,North Carolina,USA,78,230,TRUE,TRUE,FALSE,2014,1,26,
203805,Will,Cherry,Will Cherry,8/2/1991,Montana,USA,,,,,,-1,-1,-1,
203810,Casper,Ware,Casper Ware,17/1/1990,Long Beach State,USA,,,,,,-1,-1,-1,
203816,Scotty,Hopson,Scotty Hopson,8/8/1989,Tennessee,USA,79,204,TRUE,TRUE,FALSE,2011,0,0,
203893,Russ,Smith,Russ Smith,19/4/1991,Louisville,USA,72,165,TRUE,FALSE,FALSE,2014,2,47,
203894,Shabazz,Napier,Shabazz Napier,14/7/1991,Connecticut,USA,72,203894,TRUE,FALSE,FALSE,2014,1,24,
203895,Jordan,McRae,Jordan McRae,28/3/1991,Tennessee,USA,77,179,TRUE,FALSE,FALSE,2014,2,58,
203897,Zach,LaVine,Zach LaVine,,,,,,FALSE,FALSE,FALSE,,,,
203898,Tyler,Ennis,Tyler Ennis,24/8/1994,Syracuse,Canada,75,194,TRUE,FALSE,FALSE,2014,1,18,
203900,Markel,Brown,Markel Brown,29/1/1992,Oklahoma State,USA,75,190,TRUE,FALSE,FALSE,2014,2,44,
203901,Elfrid,Payton,Elfrid Payton,22/2/1994,Louisana-Lafayette,USA,75,195,TRUE,FALSE,FALSE,2014,1,10,
203902,Semaj,Christon,Semaj Christon,1/11/1992,Xavier,USA,75,190,TRUE,FALSE,FALSE,2014,2,55,
203903,Jordan,Clarkson,Jordan Clarkson,,,,,,TRUE,FALSE,FALSE,,,,
203905,Aaron,Craft,Aaron Craft,,,,,,,,,,,,
203906,Devyn,Marble,Devyn Marble,21/9/1992,Iowa,USA,78,200,FALSE,TRUE,FALSE,2014,2,56,
203907,Deonte,Burton,Deonte Burton,,,,,,,,,,,,
203909,KJ,McDaniels,KJ McDaniels,9/2/1993,Clemson,USA,78,205,TRUE,TRUE,FALSE,2014,2,32,
203910,Nick,Johnson,Nick Johnson,22/12/1992,Arizona,USA,75,202,TRUE,FALSE,FALSE,2014,2,42,
203912,C.J.,Wilcox,C.J. Wilcox,30/12/1990,Washington,USA,77,195,TRUE,FALSE,FALSE,2014,1,28,
203913,Jabari,Brown,Jabari Brown,18/12/1992,Missouri,USA,77,214,TRUE,FALSE,FALSE,2014,,,
203914,Gary,Harris,Gary Harris,14/9/1994,Michigan State,USA,76,210,TRUE,FALSE,FALSE,2014,1,19,
203915,Spencer,Dinwiddie,Spencer Dinwiddie,,,,,,TRUE,FALSE,FALSE,,,,
203917,Nik,Stauskas,Nik Stauskas,7/10/1993,Michigan,Canada,78,203917,TRUE,FALSE,FALSE,2014,1,8,
203918,Rodney,Hood,Rodney Hood,20/10/1992,Duke,USA,80,208,TRUE,TRUE,FALSE,2014,1,23,
203919,Jordan,Adams,Jordan Adams,8/7/1994,UCLA,USA,77,209,TRUE,FALSE,FALSE,2014,1,22,
203920,Khem,Birch,Khem Birch,28/9/1992,UNLV,Canada,80,233,FALSE,FALSE,TRUE,-1,-1,-1,
203921,Cleanthony,Early,Cleanthony Early,17/4/1991,Wichita State,USA,80,210,FALSE,TRUE,FALSE,2014,2,34,
203922,Glenn,Robinson III,Glenn Robinson III,8/1/1994,Michigan,USA,78,222,FALSE,TRUE,FALSE,2014,2,40,
203923,James,Young,James Young,16/8/1995,Kentucky,USA,78,203923,FALSE,FALSE,FALSE,2014,1,17,
203924,Jerami,Grant,Jerami Grant,,,,,,FALSE,FALSE,FALSE,,,,
203925,Joe,Harris,Joe Harris,6/9/1991,Virginia,USA,78,220,TRUE,TRUE,FALSE,2014,2,33,
203926,Doug,McDermott,Doug McDermott,,,,,,,,,,,,
203927,CJ,Fair,CJ Fair,,,,,,,,,,,,
203928,Cory,Jefferson,Cory Jefferson,26/12/1990,Baylor,USA,81,218,FALSE,TRUE,FALSE,2014,2,60,
203929,Melvin,Ejim,Melvin Ejim,,,,,,,,,,,,
203930,Sean,Kilpatrick,Sean Kilpatrick,6/1/1990,Cincinnati,USA,76,212,TRUE,FALSE,FALSE,-1,-1,-1,
203932,Aaron,Gordon,Aaron Gordon,,,,,,FALSE,FALSE,FALSE,,,,
203933,T.J.,Warren,T.J. Warren,5/9/1993,North Carolina State,USA,80,220,FALSE,TRUE,FALSE,2014,1,14,
203934,Lamar,Patterson,Lamar Patterson,12/8/1991,Pittsburgh,USA,77,225,TRUE,TRUE,FALSE,2014,2,48,
203935,Marcus,Smart,Marcus Smart,6/3/1994,Oklahoma State,USA,76,220,TRUE,FALSE,FALSE,2014,1,6,
203937,Kyle,Anderson,Kyle Anderson,,,,,,FALSE,TRUE,FALSE,,,,
203939,Dwight,Powell,Dwight Powell,20/7/1991,Stanford,Canada,82,203939,FALSE,TRUE,TRUE,2014,2,45,
203940,Adreian,Payne,Adreian Payne,19/2/1991,Michigan State,USA,82,237,FALSE,TRUE,FALSE,2014,1,15,
203942,Patric,Young,Patric Young,,,,,,,,,,,,
203943,Noah,Vonleh,Noah Vonleh,24/8/1995,Indiana,USA,82,257,FALSE,TRUE,FALSE,2014,1,9,
203944,Julius,Randle,Julius Randle,,,,,,FALSE,TRUE,FALSE,,,,
203945,Alex,Kirk,Alex Kirk,14/11/1991,New Mexico,USA,84,245,FALSE,FALSE,TRUE,-1,-1,-1,
203946,Cameron,Bairstow,Cameron Bairstow,7/12/1990,New Mexico,Australia,81,203946,FALSE,TRUE,TRUE,2014,2,49,
203947,Jordan,Bachynski,Jordan Bachynski,,,,,,,,,,,,
203948,Johnny,O'Bryant III,Johnny O'Bryant III,1/6/1993,Louisiana State,USA,81,203948,FALSE,FALSE,FALSE,2014,2,36,
203949,James Michael,McAdoo,James Michael McAdoo,4/1/1993,North Carolina,USA,81,230,FALSE,TRUE,FALSE,-1,-1,-1,
203950,Jarnell,Stokes,Jarnell Stokes,7/1/1994,Tennessee,USA,81,255,FALSE,TRUE,TRUE,2014,2,35,
203951,Keith,Appling,Keith Appling,13/2/1992,Michigan State,USA,73,203951,FALSE,FALSE,FALSE,-22,-22,-22,
203952,Andrew,Wiggins,Andrew Wiggins,,,,,,FALSE,TRUE,FALSE,,,,
203953,Jabari,Parker,Jabari Parker,15/3/1995,Duke,USA,79,245,FALSE,TRUE,FALSE,2014,1,2,
203954,Joel,Embiid,Joel Embiid,16/3/1994,Kansas,Cameroon,84,280,FALSE,TRUE,TRUE,2014,1,3,
203955,Bryce,Cotton,Bryce Cotton,11/8/1992,Providence,USA,73,165,TRUE,FALSE,FALSE,-1,-1,-1,
203956,Mitch,McGary,Mitch McGary,6/6/1992,Michigan,USA,82,255,FALSE,TRUE,FALSE,2014,1,21,
203957,Dante,Exum,Dante Exum,13/7/1995,Australian Institute of Sport,Australia,77,214,TRUE,FALSE,FALSE,2014,1,5,
203958,Andre,Dawkins,Andre Dawkins,19/9/1991,Duke,USA,77,219,TRUE,FALSE,FALSE,-1,-1,-1,
203959,Scottie,Wilbekin,Scottie Wilbekin,,,,,,,,,,,,
203960,JaKarr,Sampson,JaKarr Sampson,20/3/1993,St. John's (NY),USA,79,214,FALSE,TRUE,FALSE,-1,-1,-1,
203961,Eric,Moreland,Eric Moreland,24/12/1991,Oregon State,USA,82,238,FALSE,TRUE,TRUE,-1,-1,-1,
203962,Josh,Huestis,Josh Huestis,19/12/1991,Stanford,USA,79,230,TRUE,FALSE,FALSE,2014,1,29,
203963,Shayne,Whittington,Shayne Whittington,27/3/1991,Western Michigan,USA,83,250,FALSE,TRUE,TRUE,-1,-1,-1,
203964,Roscoe,Smith,Roscoe Smith,,,,,,,,,,,,
203965,Justin,Cobbs,Justin Cobbs,,,,,,,,,,,,
203966,Jamil,Wilson,Jamil Wilson,21/11/1990,Marquette,USA,79,229,FALSE,TRUE,FALSE,-1,-1,-1,
203967,Dario,Saric,Dario Saric,,,,,,,,,,,,
203968,Jerrelle,Benimon,Jerrelle Benimon,1/8/1991,Towson,USA,,,,,,-1,-1,-1,
203990,Drew,Crawford,Drew Crawford,,,,,,,,,,,,
203991,Clint,Capela,Clint Capela,,,,,,FALSE,FALSE,TRUE,,,,
203992,Bogdan,Bogdanovic,Bogdan Bogdanovic,,,,,,FALSE,TRUE,FALSE,,,,
203994,Jusuf,Nurkic,Jusuf Nurkic,,,,,,FALSE,FALSE,TRUE,,,,
203995,Vasilije,Micic,Vasilije Micic,,,,,,TRUE,FALSE,FALSE,,,,
203996,Damien,Inglis,Damien Inglis,20/5/1995,Chorale Roanne,France,80,246,FALSE,TRUE,FALSE,2014,2,31,
203998,Bruno,Caboclo,Bruno Caboclo,21/9/1995,Pinheiros,Brazil,81,218,FALSE,TRUE,FALSE,2014,1,20,
203999,Nikola,Jokic,Nikola Jokic,,,,,,FALSE,FALSE,FALSE,,,,
204001,Kristaps,Porzingis,Kristaps Porzingis,,,,,,FALSE,FALSE,TRUE,,,,
204002,Edy,Tavares,Edy Tavares,22/3/1992,Gran Canaria,Cabo Verde,87,265,FALSE,FALSE,TRUE,2014,2,43,
204014,Damjan,Rudez,Damjan Rudez,17/6/1986,Zaragoza,Croatia,82,228,FALSE,TRUE,FALSE,-1,-1,-1,
204020,Tyler,Johnson,Tyler Johnson,7/5/1992,Fresno State,USA,75,186,TRUE,FALSE,FALSE,-1,-1,-1,
204021,Sim,Bhullar,Sim Bhullar,2/12/1992,New Mexico State,Canada,89,360,FALSE,FALSE,TRUE,-1,-1,-1,
204022,Jack,Cooley,Jack Cooley,12/4/1991,Notre Dame,USA,82,274,FALSE,TRUE,TRUE,-1,-1,-1,
204024,Christian,Watford,Christian Watford,,,,,,,,,,,,
204025,Tim,Frazier,Tim Frazier,1/11/1990,Penn State,USA,72,170,TRUE,FALSE,FALSE,-1,-1,-1,
204026,Brock,Motum,Brock Motum,,,,,,,,,,,,
204027,Josh,Davis,Josh Davis,,,,,,,,,,,,
204028,Tarik,Black,Tarik Black,22/11/1991,Kansas,USA,81,250,FALSE,TRUE,TRUE,-1,-1,-1,
204029,Brady,Heslip,Brady Heslip,,,,,,,,,,,,
204030,Mitchell,Watt,Mitchell Watt,,,,,,,,,,,,
204033,David,Wear,David Wear,21/9/1990,UCLA,USA,82,230,FALSE,TRUE,FALSE,-1,-1,-1,
204034,Luke,Hancock,Luke Hancock,,,,,,,,,,,,
204037,Travis,Wear,Travis Wear,21/9/1990,UCLA,USA,82,225,FALSE,TRUE,FALSE,-1,-1,-1,
204038,Langston,Galloway,Langston Galloway,9/12/1991,St. Joseph's (PA),USA,73,200,TRUE,FALSE,FALSE,-1,-1,-1,
204039,Chris,Crawford,Chris Crawford,,,,,,,,,,,,
204040,Ronald,Roberts Jr.,Ronald Roberts Jr.,,,,,,,,,,,,
204041,Brian,Qvale,Brian Qvale,,,,,,,,,,,,
204044,Orlando,Sanchez,Orlando Sanchez,,,,,,,,,,,,
204053,Shawn,Jones,Shawn Jones,,,,,,,,,,,,
204054,Zoran,Dragic,Zoran Dragic,22/6/1989,Malaga,Slovenia,77,204054,TRUE,TRUE,FALSE,-22,-22,-22,
204060,Joe,Ingles,Joe Ingles,,,,,,TRUE,FALSE,FALSE,,,,
204061,Joe,Jackson,Joe Jackson,,,,,,,,,,,,
204062,Casey,Prather,Casey Prather,,,,,,,,,,,,
204063,Kadeem,Batts,Kadeem Batts,,,,,,,,,,,,
204064,Akil,Mitchell,Akil Mitchell,,,,,,,,,,,,
204065,David,Stockton,David Stockton,24/6/1991,Gonzaga,USA,71,165,TRUE,FALSE,FALSE,2014,0,0,
204066,John,Holland,John Holland,6/11/1988,Boston University,USA,77,204066,FALSE,FALSE,FALSE,-22,-22,-22,
204067,Jarell,Eddie,Jarell Eddie,30/10/1991,Virginia Tech,USA,79,204067,TRUE,TRUE,FALSE,-22,-22,-22,
204071,Stephen,Holt,Stephen Holt,,,,,,,,,,,,
204075,Talib,Zanna,Talib Zanna,,,,,,,,,,,,
204076,Richard,Solomon,Richard Solomon,,,,,,,,,,,,
204077,Michael,Jenkins,Michael Jenkins,,,,,,,,,,,,
204078,Yuki,Togashi,Yuki Togashi,,,,,,,,,,,,
204079,Drew,Gordon,Drew Gordon,12/7/1990,New Mexico,USA,81,245,FALSE,TRUE,TRUE,-1,-1,-1,
204080,Geron,Johnson,Geron Johnson,,,,,,,,,,,,
204098,Xavier,Munford,Xavier Munford,1/6/1992,Rhode Island,USA,76,173,TRUE,FALSE,FALSE,2014,,,
204136,Marcus,Simmons,Marcus Simmons,,,,,,,,,,,,
204179,Omari,Johnson,Omari Johnson,26/5/1989,Oregon State,Jamaica,81,220,FALSE,TRUE,FALSE,-1,-1,-1,
204189,Jaron,Johnson,Jaron Johnson,,,,,,,,,,,,
204192,Raphiael,Putney,Raphiael Putney,,,,,,,,,,,,
204215,Bubu,Palo,Bubu Palo,,,,,,,,,,,,
204222,Greg,Whittington,Greg Whittington,7/2/1993,Georgetown,USA,80,210,FALSE,TRUE,FALSE,-1,-1,-1,
204289,Nick,Wiggins,Nick Wiggins,,,,,,,,,,,,
204310,Davion,Berry,Davion Berry,,,,,,,,,,,,
204456,T.J.,McConnell,T.J. McConnell,,,,,,TRUE,FALSE,FALSE,,,,
266266,Corey,Brewer,Corey Brewer,,,,,,,,,,,,
266283,Chris,Richard,Chris Richard,,,,,,,,,,,,
267617,Theodoros,Papaloukas,Theodoros Papaloukas,,,,,,,,,,,,
267618,Josh,Childress,Josh Childress,,,,,,,,,,,,
267619,Nikola,Vujcic,Nikola Vujcic,,,,,,,,,,,,
267620,Ioannis,Bourousis,Ioannis Bourousis,,,,,,,,,,,,
267621,Yotam,Halperin,Yotam Halperin,,,,,,,,,,,,
267622,Linas,Kleiza,Linas Kleiza,,,,,,,,,,,,
267624,Panagiotis,Vasilopoulos,Panagiotis Vasilopoulos,,,,,,,,,,,,
267625,Andreas,Glyniadakis,Andreas Glyniadakis,,,,,,,,,,,,
267633,Patrick,Beverley,Patrick Beverley,,,,,,,,,,,,
267634,Milos,Teodosic,Milos Teodosic,,,,,,,,,,,,
267635,Kostas,Sloukas,Kostas Sloukas,,,,,,,,,,,,
267636,Sofoklis,Schortsanitis,Sofoklis Schortsanitis,,,,,,,,,,,,
267637,Von,Wafer,Von Wafer,,,,,,,,,,,,
416498,J.R.,Holden,J.R. Holden,,,,,,,,,,,,
500032,Wesley,Matthews,Wesley Matthews,,,,,,,,,,,,
600001,Nate,Thurmond,Nate Thurmond,25/7/1941,Bowling Green,USA,83,225,FALSE,FALSE,TRUE,1963,1,3,
600003,Bob,Cousy,Bob Cousy,9/8/1928,Holy Cross,USA,73,175,TRUE,FALSE,FALSE,1950,1,3,
600005,Bob,Lanier,Bob Lanier,10/9/1948,St. Bonaventure,USA,83,600005,FALSE,FALSE,TRUE,1970,1,1,
600006,Earl,Monroe,Earl Monroe,21/11/1944,Winston-Salem State,USA,75,600006,TRUE,FALSE,FALSE,1967,1,2,
600009,Rory,Sparrow,Rory Sparrow,12/6/1958,Villanova,USA,74,175,TRUE,FALSE,FALSE,1980,4,75,
600010,Len,Elmore,Len Elmore,28/3/1952,Maryland,USA,82,220,FALSE,FALSE,TRUE,1974,1,13,
600011,Lamar,Green,Lamar Green,22/3/1947,Morehead State,USA,79,210,FALSE,TRUE,FALSE,1969,3,33,
600012,George,Mikan,George Mikan,18/6/1924,DePaul,USA,82,245,FALSE,FALSE,TRUE,-1,-1,-1,
600013,Rick,Barry,Rick Barry,28/3/1944,Miami,USA,79,205,FALSE,TRUE,FALSE,1965,1,2,
600014,Artis,Gilmore,Artis Gilmore,21/9/1948,Jacksonville,USA,86,240,FALSE,FALSE,TRUE,1971,7,117,
600015,Oscar,Robertson,Oscar Robertson,24/11/1938,Cincinnati,USA,77,205,TRUE,FALSE,FALSE,1960,1,1,
600016,Maurice,Stokes,Maurice Stokes,17/6/1933,St. Francis (PA),USA,79,232,FALSE,TRUE,FALSE,1955,1,2,
1626143,Jahlil,Okafor,Jahlil Okafor,15/12/1995,Duke,USA,82,270,FALSE,TRUE,TRUE,2015,1,3,
1626144,Emmanuel,Mudiay,Emmanuel Mudiay,5/3/1996,Guangdong,DRC,75,200,TRUE,FALSE,FALSE,2015,1,7,
1626145,Tyus,Jones,Tyus Jones,,,,,,FALSE,FALSE,FALSE,,,,
1626146,Cliff,Alexander,Cliff Alexander,16/11/1995,Kansas,USA,80,240,FALSE,TRUE,FALSE,-1,-1,-1,
1626147,Justin,Anderson,Justin Anderson,19/11/1993,Virginia,USA,77,231,TRUE,TRUE,FALSE,2015,1,21,
1626148,Anthony,Brown,Anthony Brown,10/10/1992,Stanford,USA,79,224,TRUE,TRUE,FALSE,2015,2,34,
1626149,Montrezl,Harrell,Montrezl Harrell,26/1/1994,Louisville,USA,79,240,FALSE,TRUE,TRUE,2015,2,32,
1626150,Andrew,Harrison,Andrew Harrison,28/10/1994,Kentucky,USA,78,213,TRUE,FALSE,FALSE,2015,2,44,
1626151,Aaron,Harrison,Aaron Harrison,28/10/1994,Kentucky,USA,78,210,TRUE,FALSE,FALSE,-1,-1,-1,
1626153,Delon,Wright,Delon Wright,,,,,,TRUE,FALSE,FALSE,,,,
1626154,RJ,Hunter,RJ Hunter,24/10/1993,Georgia State,USA,77,185,TRUE,FALSE,FALSE,2015,1,28,
1626155,Sam,Dekker,Sam Dekker,6/5/1994,Wisconsin,USA,80,219,FALSE,TRUE,FALSE,2015,1,18,
1626156,D'Angelo,Russell,D'Angelo Russell,,,,,,FALSE,FALSE,FALSE,,,,
1626157,Karl-Anthony,Towns,Karl-Anthony Towns,,,,,,FALSE,FALSE,FALSE,,,,
1626158,Richaun,Holmes,Richaun Holmes,,,,,,FALSE,FALSE,TRUE,,,,
1626159,Justise,Winslow,Justise Winslow,26/3/1996,Duke,USA,78,222,TRUE,TRUE,FALSE,2015,1,10,
1626160,JP,Tokoto,JP Tokoto,,,,,,,,,,,,
1626161,Willie,Cauley-Stein,Willie Cauley-Stein,18/8/1993,Kentucky,USA,84,240,FALSE,FALSE,TRUE,2015,1,6,
1626162,Kelly,Oubre Jr.,Kelly Oubre Jr.,,,,,,FALSE,FALSE,FALSE,,,,
1626163,Frank,Kaminsky,Frank Kaminsky,4/4/1993,Wisconsin,USA,84,240,FALSE,TRUE,TRUE,2015,1,9,
1626164,Devin,Booker,Devin Booker,,,,,,FALSE,FALSE,FALSE,,,,
1626165,Brandon,Ashley,Brandon Ashley,,,,,,,,,,,,
1626166,Cameron,Payne,Cameron Payne,,,,,,TRUE,FALSE,FALSE,,,,
1626167,Myles,Turner,Myles Turner,,,,,,FALSE,FALSE,FALSE,,,,
1626168,Trey,Lyles,Trey Lyles,,,,,,FALSE,TRUE,FALSE,,,,
1626169,Stanley,Johnson,Stanley Johnson,29/5/1996,Arizona,USA,78,1626169,FALSE,FALSE,FALSE,2015,1,8,
1626170,Jerian,Grant,Jerian Grant,9/10/1992,Notre Dame,USA,76,1626170,TRUE,FALSE,FALSE,2015,1,19,
1626171,Bobby,Portis,Bobby Portis,,,,,,FALSE,TRUE,FALSE,,,,
1626172,Kevon,Looney,Kevon Looney,,,,,,,,,,,,
1626173,Rashad,Vaughn,Rashad Vaughn,16/8/1996,UNLV,USA,78,202,TRUE,FALSE,FALSE,2015,1,17,
1626174,Christian,Wood,Christian Wood,,,,,,,,,,,,
1626175,Jordan,Mickey,Jordan Mickey,9/7/1994,Louisiana State,USA,80,235,FALSE,TRUE,TRUE,2015,2,33,
1626176,Rakeem,Christmas,Rakeem Christmas,1/12/1991,Syracuse,USA,81,250,FALSE,TRUE,FALSE,2015,2,36,
1626177,Dakari,Johnson,Dakari Johnson,22/9/1995,Kentucky,USA,84,255,FALSE,FALSE,TRUE,2015,2,48,
1626178,Rondae,Hollis-Jefferson,Rondae Hollis-Jefferson,3/1/1995,Arizona,USA,78,1626178,FALSE,TRUE,FALSE,2015,1,23,
1626179,Terry,Rozier,Terry Rozier,,,,,,TRUE,FALSE,FALSE,,,,
1626180,Michael,Qualls,Michael Qualls,,,,,,,,,,,,
1626181,Norman,Powell,Norman Powell,,,,,,FALSE,FALSE,FALSE,,,,
1626182,Jonathan,Holmes,Jonathan Holmes,,,,,,,,,,,,
1626183,Branden,Dawson,Branden Dawson,1/2/1993,Michigan State,USA,78,1626183,FALSE,TRUE,FALSE,2015,2,56,
1626184,Chasson,Randle,Chasson Randle,5/2/1993,Stanford,USA,74,1626184,TRUE,FALSE,FALSE,-22,-22,-22,
1626185,Jarell,Martin,Jarell Martin,24/5/1994,Louisiana State,USA,82,239,FALSE,TRUE,FALSE,2015,1,25,
1626186,Corey,Hawkins,Corey Hawkins,,,,,,,,,,,,
1626187,Michael,Frazier II,Michael Frazier II,8/3/1994,Florida,USA,75,200,TRUE,FALSE,FALSE,-1,-1,-1,
1626188,Quinn,Cook,Quinn Cook,23/3/1993,Duke,USA,73,180,TRUE,FALSE,FALSE,-1,-1,-1,
1626189,Terran,Petteway,Terran Petteway,,,,,,,,,,,,
1626190,Dez,Wells,Dez Wells,,,,,,,,,,,,
1626191,Chris,McCullough,Chris McCullough,5/2/1995,Syracuse,USA,81,215,FALSE,TRUE,FALSE,2015,1,29,
1626192,Pat,Connaughton,Pat Connaughton,,,,,,FALSE,TRUE,FALSE,,,,
1626193,Robert,Upshaw,Robert Upshaw,,,,,,,,,,,,
1626195,Willy,Hernangomez,Willy Hernangomez,27/5/1994,Cajasol Sevilla,Spain,83,250,FALSE,TRUE,TRUE,2015,2,35,
1626196,Josh,Richardson,Josh Richardson,,,,,,,,,,,,
1626199,Darrun,Hilliard,Darrun Hilliard,13/4/1993,Villanova,USA,78,220,TRUE,FALSE,FALSE,2015,2,38,
1626201,Wesley,Saunders,Wesley Saunders,,,,,,,,,,,,
1626202,Joe,Young,Joe Young,27/6/1992,Oregon,USA,74,185,TRUE,FALSE,FALSE,2015,2,43,
1626203,Treveon,Graham,Treveon Graham,28/10/1993,Virginia Commonwealth,USA,77,219,TRUE,TRUE,FALSE,-1,-1,-1,
1626204,Larry,Nance Jr.,Larry Nance Jr.,,,,,,FALSE,TRUE,FALSE,,,,
1626205,Vincent,Hunter,Vincent Hunter,5/8/1994,Texas-El Paso,USA,80,208,FALSE,TRUE,FALSE,-1,-1,-1,
1626207,Ryan,Boatright,Ryan Boatright,,,,,,,,,,,,
1626208,Keifer,Sykes,Keifer Sykes,30/12/1993,Green Bay,USA,71,167,TRUE,FALSE,FALSE,-1,-1,-1,
1626209,Mario,Hezonja,Mario Hezonja,25/2/1995,FC Barcelona,Croatia,80,220,TRUE,TRUE,FALSE,2015,1,5,
1626210,Alan,Williams,Alan Williams,28/1/1993,Cal-Santa Barbara,USA,80,265,FALSE,TRUE,TRUE,-1,-1,-1,
1626213,Yanick,Moreira,Yanick Moreira,,,,,,,,,,,,
1626214,Bryce,Dejean-Jones,Bryce Dejean-Jones,21/8/1992,Iowa State,USA,78,203,TRUE,FALSE,FALSE,-1,-1,-1,
1626217,Chris,Walker,Chris Walker,,,,,,,,,,,,
1626218,Sir'Dominic,Pointer,Sir'Dominic Pointer,,,,,,,,,,,,
1626219,Juwan,Staten,Juwan Staten,,,,,,,,,,,,
1626220,Royce,O'Neale,Royce O'Neale,,,,,,FALSE,TRUE,FALSE,,,,
1626224,Cedi,Osman,Cedi Osman,8/4/1995,Anadolu Efes,Turkey,79,230,FALSE,TRUE,FALSE,2015,2,31,
1626242,Luis,Montero,Luis Montero,6/4/1993,Westchester C.C.,Dominican Republic,79,1626242,FALSE,FALSE,FALSE,-22,-22,-22,
1626245,Cristiano,Felicio,Cristiano Felicio,7/7/1992,Flamengo,Brazil,83,270,FALSE,TRUE,TRUE,-1,-1,-1,
1626246,Boban,Marjanovic,Boban Marjanovic,15/8/1988,Crvena zvezda,Serbia,88,290,FALSE,FALSE,TRUE,-1,-1,-1,
1626251,Duje,Dukan,Duje Dukan,4/12/1991,Wisconsin,Croatia,81,220,FALSE,TRUE,FALSE,-1,-1,-1,
1626252,Michale,Kyser,Michale Kyser,,,,,,,,,,,,
1626253,Axel,Toupane,Axel Toupane,23/7/1992,Strasbourg IG,France,79,210,TRUE,TRUE,FALSE,-1,-1,-1,
1626254,Maurice,Ndour,Maurice Ndour,18/6/1992,Ohio,Senegal,81,200,FALSE,TRUE,FALSE,-1,-1,-1,
1626257,Salah,Mejri,Salah Mejri,15/6/1986,Real Madrid,Tunisia,86,1626257,FALSE,FALSE,TRUE,-22,-22,-22,
1626258,Corey,Walden,Corey Walden,,,,,,,,,,,,
1626259,Malcolm,Miller,Malcolm Miller,6/3/1993,Holy Cross,USA,79,210,TRUE,TRUE,FALSE,-1,-1,-1,
1626260,Levi,Randolph,Levi Randolph,3/10/1992,Alabama,USA,,1626260,FALSE,FALSE,FALSE,-22,-22,-22,
1626261,Michael,Holyfield,Michael Holyfield,,,,,,,,,,,,
1626262,Coty,Clarke,Coty Clarke,4/7/1992,Arkansas,USA,79,225,FALSE,TRUE,FALSE,-1,-1,-1,
1626263,Shannon,Scott,Shannon Scott,,,,,,,,,,,,
1626266,JJ,O'Brien,JJ O'Brien,8/4/1992,San Diego State,USA,79,220,FALSE,TRUE,FALSE,-1,-1,-1,
1626269,Denzel,Livingston,Denzel Livingston,,,,,,,,,,,,
1626270,Will,Cummings,Will Cummings,,,,,,,,,,,,
1626271,Kyle,Casey,Kyle Casey,,,,,,,,,,,,
1626272,Lazeric,Jones,Lazeric Jones,,,,,,,,,,,,
1626273,Marcelo,Huertas,Marcelo Huertas,25/5/1983,FC Barcelona,Brazil,75,200,TRUE,FALSE,FALSE,-1,-1,-1,
1626275,Travis,Trice II,Travis Trice II,,,,,,,,,,,,
1626276,Darion,Atkins,Darion Atkins,,,,,,,,,,,,
1626279,Jason,Washburn,Jason Washburn,,,,,,,,,,,,
1626280,Sam,Thompson,Sam Thompson,,,,,,,,,,,,
1626281,Jon,Horford,Jon Horford,,,,,,,,,,,,
1626285,Kleon,Penn,Kleon Penn,,,,,,,,,,,,
1626288,Joshua,Smith,Joshua Smith,,,,,,,,,,,,
1626289,Marshall,Henderson,Marshall Henderson,,,,,,,,,,,,
1626290,Corey,Webster,Corey Webster,,,,,,,,,,,,
1626293,Edgar,Sosa,Edgar Sosa,,,,,,,,,,,,
1626294,Jaleel,Roberts,Jaleel Roberts,,,,,,,,,,,,
1626295,Nnanna,Egwu,Nnanna Egwu,,,,,,,,,,,,
1626296,Jordan,Sibert,Jordan Sibert,1/8/1992,Dayton,USA,76,187,TRUE,FALSE,FALSE,2015,,,
1626304,Youssou,Ndoye,Youssou Ndoye,,,,,,,,,,,,
1626305,Nick,Minnerath,Nick Minnerath,,,,,,,,,,,,
1626643,Jacob,Pullen,Jacob Pullen,10/11/1989,Kansas State,USA,73,1626643,FALSE,FALSE,FALSE,-22,-22,-22,
1626710,Patrick,Richard,Patrick Richard,,,,,,,,,,,,
1626780,Jonathan,Gibson,Jonathan Gibson,8/11/1987,New Mexico State,USA,74,185,TRUE,FALSE,FALSE,-1,-1,-1,
1627098,Malcolm,Delaney,Malcolm Delaney,11/3/1989,Virginia Tech,USA,75,190,TRUE,FALSE,FALSE,-1,-1,-1,
1627114,Tom,Abercrombie,Tom Abercrombie,,,,,,,,,,,,
1627215,Walt,Lemon Jr.,Walt Lemon Jr.,26/7/1992,Bradley,USA,75,180,TRUE,FALSE,FALSE,2014,,,
1627224,Chris,Udofia,Chris Udofia,,,,,,,,,,,,
1627258,Sampson,Carter,Sampson Carter,,,,,,,,,,,,
1627292,Kadeem,Jack,Kadeem Jack,,,,,,,,,,,,
1627293,Alex,Stepheson,Alex Stepheson,7/8/1987,Southern California,USA,82,270,FALSE,TRUE,FALSE,-1,-1,-1,
1627322,Bo,McCalebb,Bo McCalebb,,,,,,,,,,,,
1627361,Dez,Wells,Dez Wells,,,,,,,,,,,,
1627362,Briante,Weber,Briante Weber,29/12/1992,Virginia Commonwealth,USA,74,165,TRUE,FALSE,FALSE,-1,-1,-1,
1627383,Luke,Martinez,Luke Martinez,,,,,,,,,,,,
1627395,Julian,Washburn,Julian Washburn,18/12/1991,Texas-El Paso,USA,80,209,TRUE,TRUE,FALSE,2015,,,
1627496,Derek,Cooke Jr.,Derek Cooke Jr.,,,,,,,,,,,,
1627641,Deng,Deng,Deng Deng,,,,,,,,,,,,
1627649,Brandon,Austin,Brandon Austin,,,,,,,,,,,,
1627732,Ben,Simmons,Ben Simmons,,,,,,,,,,,,
1627733,Dragan,Bender,Dragan Bender,17/11/1997,Maccabi Tel Aviv,Croatia,84,249,FALSE,TRUE,FALSE,2016,1,4,
1627734,Domantas,Sabonis,Domantas Sabonis,,,,,,FALSE,FALSE,FALSE,,,,
1627735,Wade,Baldwin IV,Wade Baldwin IV,29/3/1996,Vanderbilt,USA,76,200,TRUE,FALSE,FALSE,2016,1,17,
1627736,Malik,Beasley,Malik Beasley,,,,,,TRUE,FALSE,FALSE,,,,
1627737,Marquese,Chriss,Marquese Chriss,2/7/1997,Washington,USA,81,240,FALSE,TRUE,FALSE,2016,1,8,
1627738,Deyonta,Davis,Deyonta Davis,2/12/1996,Michigan State,USA,83,1627738,FALSE,FALSE,FALSE,2016,2,31,
1627739,Kris,Dunn,Kris Dunn,,,,,,FALSE,FALSE,FALSE,,,,
1627740,Henry,Ellenson,Henry Ellenson,13/1/1997,Marquette,USA,82,240,FALSE,TRUE,TRUE,2016,1,18,
1627741,Buddy,Hield,Buddy Hield,,,,,,TRUE,FALSE,FALSE,,,,
1627742,Brandon,Ingram,Brandon Ingram,2/9/1997,Duke,USA,80,190,FALSE,TRUE,FALSE,2016,1,2,
1627743,Demetrius,Jackson,Demetrius Jackson,7/9/1994,Notre Dame,USA,73,201,TRUE,FALSE,FALSE,2016,2,45,
1627744,Brice,Johnson,Brice Johnson,27/6/1994,North Carolina,USA,82,230,FALSE,TRUE,FALSE,2016,1,25,
1627745,Damian,Jones,Damian Jones,30/6/1995,Vanderbilt,USA,83,245,FALSE,FALSE,TRUE,2016,1,30,
1627746,Skal,Labissiere,Skal Labissiere,18/3/1996,Kentucky,Haiti,82,235,FALSE,TRUE,TRUE,2016,1,28,
1627747,Caris,LeVert,Caris LeVert,25/8/1994,Michigan,USA,78,205,TRUE,FALSE,FALSE,2016,1,20,
1627748,Thon,Maker,Thon Maker,25/2/1997,Athlete Institute Prep,South Sudan,84,221,FALSE,TRUE,TRUE,2016,1,10,
1627749,Dejounte,Murray,Dejounte Murray,,,,,,FALSE,FALSE,FALSE,,,,
1627750,Jamal,Murray,Jamal Murray,,,,,,FALSE,FALSE,FALSE,,,,
1627751,Jakob,Poeltl,Jakob Poeltl,,,,,,FALSE,FALSE,FALSE,,,,
1627752,Taurean,Prince,Taurean Prince,,,,,,FALSE,FALSE,FALSE,,,,
1627753,Zhou,Qi,Zhou Qi,16/1/1996,Xinjiang,China,85,1627753,FALSE,FALSE,FALSE,2016,2,43,
1627754,Diamond,Stone,Diamond Stone,10/2/1997,Maryland,USA,83,255,FALSE,FALSE,TRUE,2016,2,40,
1627755,Tyler,Ulis,Tyler Ulis,5/1/1996,Kentucky,USA,70,160,TRUE,FALSE,FALSE,2016,2,34,
1627756,Denzel,Valentine,Denzel Valentine,16/11/1993,Michigan State,USA,76,220,TRUE,FALSE,FALSE,2016,1,14,
1627757,Stephen,Zimmerman,Stephen Zimmerman,9/9/1996,UNLV,USA,84,240,FALSE,FALSE,TRUE,2016,2,41,
1627758,Ron,Baker,Ron Baker,30/3/1993,Wichita State,USA,76,220,TRUE,FALSE,FALSE,-1,-1,-1,
1627759,Jaylen,Brown,Jaylen Brown,,,,,,FALSE,FALSE,FALSE,,,,
1627760,Cat,Barber,Cat Barber,25/7/1994,North Carolina State,USA,73,173,TRUE,FALSE,FALSE,2016,,,
1627761,DeAndre',Bembry,DeAndre' Bembry,4/7/1994,St. Joseph's (PA),USA,77,210,TRUE,TRUE,FALSE,2016,1,21,
1627762,Joel,Bolomboy,Joel Bolomboy,28/1/1994,Weber State,Ukraine,81,1627762,FALSE,FALSE,FALSE,2016,2,52,
1627763,Malcolm,Brogdon,Malcolm Brogdon,11/12/1992,Virginia,USA,76,1627763,TRUE,FALSE,FALSE,2016,2,36,
1627765,Elgin,Cook,Elgin Cook,,,,,,,,,,,,
1627766,Isaiah,Cousins,Isaiah Cousins,,,,,,,,,,,,
1627767,Cheick,Diallo,Cheick Diallo,13/9/1996,Kansas,Mali,80,219,FALSE,TRUE,TRUE,2016,2,33,
1627768,Perry,Ellis,Perry Ellis,,,,,,,,,,,,
1627770,Kay,Felder,Kay Felder,29/3/1995,Oakland,USA,69,176,TRUE,FALSE,FALSE,2016,2,54,
1627771,Michael,Gbinije,Michael Gbinije,5/6/1992,Syracuse,USA,79,200,TRUE,TRUE,FALSE,2016,2,49,
1627772,Daniel,Hamilton,Daniel Hamilton,8/8/1995,UCONN,USA,79,195,TRUE,TRUE,FALSE,2016,2,56,
1627773,AJ,Hammons,AJ Hammons,27/8/1992,Purdue,USA,84,1627773,FALSE,FALSE,TRUE,2016,2,46,
1627774,Jake,Layman,Jake Layman,7/3/1994,Maryland,USA,80,209,FALSE,TRUE,FALSE,2016,2,47,
1627775,Patrick,McCaw,Patrick McCaw,25/10/1995,UNLV,USA,79,181,TRUE,FALSE,FALSE,2016,2,38,
1627776,Isaiah,Miles,Isaiah Miles,,,,,,,,,,,,
1627777,Georges,Niang,Georges Niang,,,,,,FALSE,TRUE,FALSE,,,,
1627778,Chinanu,Onuaku,Chinanu Onuaku,1/11/1996,Louisville,USA,82,245,FALSE,FALSE,TRUE,2016,2,37,
1627779,Marcus,Paige,Marcus Paige,11/9/1993,North Carolina,USA,72,164,TRUE,FALSE,FALSE,2016,2,55,
1627780,Gary,Payton II,Gary Payton II,,,,,,FALSE,TRUE,FALSE,,,,
1627781,Malachi,Richardson,Malachi Richardson,5/1/1996,Syracuse,USA,78,205,TRUE,FALSE,FALSE,2016,1,22,
1627782,Wayne,Selden,Wayne Selden,30/9/1994,Kansas,USA,76,232,TRUE,FALSE,FALSE,2016,,,
1627783,Pascal,Siakam,Pascal Siakam,,,,,,FALSE,FALSE,FALSE,,,,
1627784,Jarrod,Uthoff,Jarrod Uthoff,19/5/1993,Iowa,USA,81,220,FALSE,TRUE,FALSE,-1,-1,-1,
1627785,Isaiah,Whitehead,Isaiah Whitehead,8/3/1995,Seton Hall,USA,76,213,TRUE,FALSE,FALSE,2016,2,42,
1627786,Troy,Williams,Troy Williams,30/12/1994,Indiana,USA,79,218,FALSE,TRUE,FALSE,-1,-1,-1,
1627787,Kyle,Wiltjer,Kyle Wiltjer,20/10/1992,Gonzaga,Canada,82,1627787,FALSE,TRUE,FALSE,-22,-22,-22,
1627788,Furkan,Korkmaz,Furkan Korkmaz,24/7/1997,Anadolu Efes,Turkey,79,202,TRUE,TRUE,FALSE,2016,1,26,
1627789,Timothe,Luwawu-Cabarrot,Timothe Luwawu-Cabarrot,9/5/1995,,France,79,215,TRUE,TRUE,FALSE,2016,1,24,
1627790,Ante,Zizic,Ante Zizic,4/1/1997,Darussafaka,Croatia,82,266,FALSE,FALSE,TRUE,2016,1,23,
1627791,Ben,Bentil,Ben Bentil,29/3/1995,Providence,Ghana,81,235,FALSE,TRUE,FALSE,2016,2,51,
1627811,Zach,Auguste,Zach Auguste,,,,,,,,,,,,
1627812,Yogi,Ferrell,Yogi Ferrell,9/5/1993,Indiana,USA,72,178,TRUE,FALSE,FALSE,-1,-1,-1,
1627814,Damion,Lee,Damion Lee,,,,,,,,,,,,
1627815,Sheldon,Mac,Sheldon Mac,21/12/1992,Miami,USA,78,200,TRUE,TRUE,FALSE,2016,,,
1627816,Alex,Poythress,Alex Poythress,6/9/1993,Kentucky,USA,81,235,FALSE,TRUE,FALSE,-1,-1,-1,
1627817,Tim,Quarterman,Tim Quarterman,27/10/1994,Louisiana State,USA,78,1627817,FALSE,FALSE,FALSE,-22,-22,-22,
1627818,Kaleb,Tarczewski,Kaleb Tarczewski,,,,,,,,,,,,
1627819,Isaiah,Taylor,Isaiah Taylor,11/7/1994,Texas,USA,75,1627819,TRUE,FALSE,FALSE,-22,-22,-22,
1627820,Tyrone,Wallace,Tyrone Wallace,10/6/1994,California,USA,77,198,TRUE,FALSE,FALSE,2016,2,60,
1627821,James,Webb III,James Webb III,19/8/1993,Boise State,USA,81,202,FALSE,TRUE,FALSE,2016,,,
1627822,Petr,Cornelie,Petr Cornelie,26/7/1995,Pau Orthez,France,83,1627822,FALSE,FALSE,FALSE,2016,2,53,
1627823,Juancho,Hernangomez,Juancho Hernangomez,28/9/1995,Estudiantes,Spain,81,1627823,FALSE,FALSE,FALSE,2016,1,15,
1627824,Guerschon,Yabusele,Guerschon Yabusele,,,,,,FALSE,FALSE,FALSE,,,,
1627825,Rade,Zagorac,Rade Zagorac,,,,,,,,,,,,
1627826,Ivica,Zubac,Ivica Zubac,,,,,,FALSE,FALSE,FALSE,,,,
1627827,Dorian,Finney-Smith,Dorian Finney-Smith,,,,,,FALSE,FALSE,FALSE,,,,
1627829,Julian,Jacobs,Julian Jacobs,,,,,,,,,,,,
1627832,Fred,VanVleet,Fred VanVleet,,,,,,FALSE,FALSE,FALSE,,,,
1627834,Georgios,Papagiannis,Georgios Papagiannis,3/7/1997,Panathinaikos,Greece,85,240,FALSE,FALSE,TRUE,2016,1,13,
1627835,Paul,Zipser,Paul Zipser,18/2/1994,Bayern Munich,Germany,80,226,FALSE,TRUE,FALSE,2016,2,48,
1627836,Gracin,Bakumanya,Gracin Bakumanya,,,,,,,,,,,,
1627841,Stefan,Jankovic,Stefan Jankovic,,,,,,,,,,,,
1627843,Thomas,Walkup,Thomas Walkup,,,,,,,,,,,,
1627846,Abdel,Nader,Abdel Nader,25/9/1993,Iowa State,Egypt,77,225,FALSE,TRUE,FALSE,2016,2,58,
1627848,Shawn,Long,Shawn Long,29/1/1993,Louisiana-Lafayette,USA,81,255,FALSE,TRUE,FALSE,-1,-1,-1,
1627849,Daniel,Ochefu,Daniel Ochefu,15/12/1993,Villanova,USA,83,245,FALSE,TRUE,FALSE,-1,-1,-1,
1627850,Marshall,Plumlee,Marshall Plumlee,14/7/1992,Duke,USA,84,250,FALSE,FALSE,TRUE,-1,-1,-1,
1627851,Mindaugas,Kuzminskas,Mindaugas Kuzminskas,19/10/1989,Malaga,Lithuania,81,215,FALSE,TRUE,FALSE,-1,-1,-1,
1627852,Nicolas,Brussino,Nicolas Brussino,2/3/1993,Penarol,Argentina,80,195,FALSE,TRUE,FALSE,-1,-1,-1,
1627853,Ryan,Arcidiacono,Ryan Arcidiacono,26/3/1994,Villanova,USA,75,195,TRUE,FALSE,FALSE,-1,-1,-1,
1627854,Bryn,Forbes,Bryn Forbes,23/7/1993,Michigan State,USA,74,205,TRUE,FALSE,FALSE,-1,-1,-1,
1627855,Okaro,White,Okaro White,13/8/1992,Florida State,USA,80,205,FALSE,TRUE,FALSE,-1,-1,-1,
1627856,Matt,Costello,Matt Costello,5/8/1993,Michigan State,USA,82,240,FALSE,TRUE,TRUE,-1,-1,-1,
1627858,Kyle,Collinsworth,Kyle Collinsworth,3/10/1991,Brigham Young,USA,78,210,TRUE,FALSE,FALSE,2016,,,
1627861,Mike,Tobey,Mike Tobey,10/10/1994,Virginia,USA,84,260,FALSE,FALSE,TRUE,-1,-1,-1,
1627862,Beau,Beech,Beau Beech,,,,,,,,,,,,
1627863,Danuel,House Jr.,Danuel House Jr.,7/6/1993,Texas A&M,USA,78,220,TRUE,TRUE,FALSE,-1,-1,-1,
1627865,Egidijus,Mockevicius,Egidijus Mockevicius,,,,,,,,,,,,
1627866,Jameel,Warney,Jameel Warney,31/1/1994,Stony Brook,USA,80,260,FALSE,TRUE,FALSE,-1,-1,-1,
1627867,Keith,Hornsby,Keith Hornsby,,,,,,,,,,,,
1627868,Patricio,Garino,Patricio Garino,17/5/1993,George Washington,Argentina,78,203,TRUE,TRUE,FALSE,-1,-1,-1,
1627873,Shawn,Dawson,Shawn Dawson,,,,,,,,,,,,
1627875,Marcus,Georges-Hunt,Marcus Georges-Hunt,28/3/1994,Georgia Tech,USA,77,226,TRUE,FALSE,FALSE,-1,-1,-1,
1627878,Nick,Zeisloft,Nick Zeisloft,,,,,,,,,,,,
1627879,Nicolas,Laprovittola,Nicolas Laprovittola,31/1/1990,Estudiantes,Argentina,76,180,TRUE,FALSE,FALSE,-1,-1,-1,
1627880,Quincy,Ford,Quincy Ford,,,,,,,,,,,,
1627881,Rasheed,Sulaimon,Rasheed Sulaimon,,,,,,,,,,,,
1627882,Andrew,Andrews,Andrew Andrews,,,,,,,,,,,,
1627883,Jalen,Jones,Jalen Jones,27/5/1993,Texas A&M,USA,79,220,FALSE,TRUE,FALSE,2016,,,
1627884,Derrick,Jones Jr.,Derrick Jones Jr.,,,,,,FALSE,FALSE,FALSE,,,,
1627885,Shaquille,Harrison,Shaquille Harrison,6/10/1993,Tulsa,USA,76,195,TRUE,FALSE,FALSE,-1,-1,-1,
1627886,D'Vauntes,Smith-Rivera,D'Vauntes Smith-Rivera,,,,,,,,,,,,
1627887,Trey,Freeman,Trey Freeman,,,,,,,,,,,,
1627888,Nikola,Jovanovic,Nikola Jovanovic,,,,,,,,,,,,
1627902,Jaleel,Cousins,Jaleel Cousins,,,,,,,,,,,,
1627936,Alex,Caruso,Alex Caruso,,,,,,FALSE,TRUE,FALSE,,,,
1627938,J.J.,Avila,J.J. Avila,,,,,,,,,,,,
1627954,Scott,Wood,Scott Wood,,,,,,,,,,,,
1627982,Josh,Gray,Josh Gray,9/9/1993,Louisiana State,USA,72,180,TRUE,FALSE,FALSE,-1,-1,-1,
1627988,Myke,Henry,Myke Henry,23/12/1992,DePaul,USA,78,210,FALSE,TRUE,FALSE,2016,,,
1628021,David,Nwaba,David Nwaba,14/1/1993,Cal Poly,USA,77,1628021,TRUE,TRUE,FALSE,-22,-22,-22,
1628035,Alfonzo,McKinnie,Alfonzo McKinnie,17/9/1992,Wisconsin-Green Bay,USA,79,215,FALSE,TRUE,FALSE,-1,-1,-1,
1628041,Vashil,Fernandez,Vashil Fernandez,,,,,,,,,,,,
1628070,Jordan,Loyd,Jordan Loyd,27/7/1993,Indianapolis,USA,76,210,TRUE,FALSE,FALSE,-1,-1,-1,
1628174,Alex,Hamilton,Alex Hamilton,,,,,,,,,,,,
1628176,LaDontae,Henton,LaDontae Henton,,,,,,,,,,,,
1628221,Gabe,York,Gabe York,2/8/1993,Arizona,USA,75,190,TRUE,FALSE,FALSE,-1,-1,-1,
1628238,Paris,Bass,Paris Bass,29/8/1995,Detroit Mercy,USA,80,200,FALSE,TRUE,FALSE,-1,-1,-1,
1628241,Devin,Williams,Devin Williams,,,,,,,,,,,,
1628249,Mitchell,Creek,Mitchell Creek,27/4/1992,,Australia,78,225,TRUE,TRUE,FALSE,-1,-1,-1,
1628365,Markelle,Fultz,Markelle Fultz,29/5/1998,Washington,USA,76,209,TRUE,FALSE,FALSE,2017,1,1,
1628366,Lonzo,Ball,Lonzo Ball,,,,,,FALSE,FALSE,FALSE,,,,
1628367,Josh,Jackson,Josh Jackson,10/2/1997,Kansas,USA,80,207,TRUE,TRUE,FALSE,2017,1,4,
1628368,De'Aaron,Fox,De'Aaron Fox,,,,,,FALSE,FALSE,FALSE,,,,
1628369,Jayson,Tatum,Jayson Tatum,,,,,,FALSE,FALSE,FALSE,,,,
1628370,Malik,Monk,Malik Monk,,,,,,FALSE,FALSE,FALSE,,,,
1628371,Jonathan,Isaac,Jonathan Isaac,,,,,,FALSE,TRUE,FALSE,,,,
1628372,Dennis,Smith Jr.,Dennis Smith Jr.,25/11/1997,North Carolina State,USA,74,205,TRUE,FALSE,FALSE,2017,1,9,
1628373,Frank,Ntilikina,Frank Ntilikina,28/7/1998,Strasbourg IG,France,76,200,TRUE,FALSE,FALSE,2017,1,8,
1628374,Lauri,Markkanen,Lauri Markkanen,,,,,,FALSE,FALSE,FALSE,,,,
1628378,Donovan,Mitchell,Donovan Mitchell,,,,,,FALSE,FALSE,FALSE,,,,
1628379,Luke,Kennard,Luke Kennard,,,,,,TRUE,FALSE,FALSE,,,,
1628380,Zach,Collins,Zach Collins,,,,,,FALSE,FALSE,TRUE,,,,
1628381,John,Collins,John Collins,,,,,,FALSE,TRUE,FALSE,,,,
1628382,Justin,Jackson,Justin Jackson,28/3/1995,North Carolina,USA,80,1628382,FALSE,FALSE,FALSE,2017,1,15,
1628383,Justin,Patton,Justin Patton,14/6/1997,Creighton,USA,83,241,FALSE,FALSE,TRUE,2017,1,16,
1628384,OG,Anunoby,OG Anunoby,,,,,,FALSE,FALSE,FALSE,,,,
1628385,Harry,Giles III,Harry Giles III,22/4/1998,Duke,USA,83,240,FALSE,TRUE,TRUE,2017,1,20,
1628386,Jarrett,Allen,Jarrett Allen,,,,,,FALSE,FALSE,FALSE,,,,
1628387,Ike,Anigbogu,Ike Anigbogu,16/10/1998,UCLA,USA,82,250,FALSE,FALSE,TRUE,2017,2,47,
1628388,T.J.,Leaf,T.J. Leaf,30/4/1997,UCLA,USA,82,222,FALSE,TRUE,FALSE,2017,1,18,
1628389,Bam,Adebayo,Bam Adebayo,,,,,,FALSE,FALSE,FALSE,,,,
1628390,Terrance,Ferguson,Terrance Ferguson,17/5/1998,,USA,78,190,TRUE,FALSE,FALSE,2017,1,21,
1628391,D.J.,Wilson,D.J. Wilson,19/2/1996,Michigan,USA,82,231,FALSE,TRUE,FALSE,2017,1,17,
1628392,Isaiah,Hartenstein,Isaiah Hartenstein,5/5/1998,Zalgiris,Germany,84,250,FALSE,TRUE,TRUE,2017,2,43,
1628393,Jawun,Evans,Jawun Evans,26/7/1996,Oklahoma State,USA,72,1628393,TRUE,FALSE,FALSE,2017,2,39,
1628394,Anzejs,Pasecniks,Anzejs Pasecniks,20/12/1995,Gran Canaria,Latvia,85,229,FALSE,TRUE,TRUE,2017,1,25,
1628395,Jordan,Bell,Jordan Bell,7/1/1995,Oregon,USA,79,216,FALSE,TRUE,FALSE,2017,2,38,
1628396,Tony,Bradley,Tony Bradley,8/1/1998,North Carolina,USA,83,248,FALSE,TRUE,TRUE,2017,1,28,
1628397,Ivan,Rabb,Ivan Rabb,4/2/1997,California,USA,82,1628397,FALSE,TRUE,FALSE,2017,2,35,
1628398,Kyle,Kuzma,Kyle Kuzma,,,,,,FALSE,FALSE,FALSE,,,,
1628399,Tyler,Lydon,Tyler Lydon,9/4/1996,Syracuse,USA,82,225,FALSE,TRUE,FALSE,2017,1,24,
1628400,Semi,Ojeleye,Semi Ojeleye,5/12/1994,Southern Methodist,USA,78,240,FALSE,TRUE,FALSE,2017,2,37,
1628401,Derrick,White,Derrick White,,,,,,FALSE,FALSE,FALSE,,,,
1628402,Frank,Jackson,Frank Jackson,4/5/1998,Duke,USA,75,205,TRUE,FALSE,FALSE,2017,2,31,
1628403,Caleb,Swanigan,Caleb Swanigan,18/4/1997,Purdue,USA,81,260,FALSE,TRUE,FALSE,2017,1,26,
1628404,Josh,Hart,Josh Hart,,,,,,FALSE,FALSE,FALSE,,,,
1628405,Johnathan,Motley,Johnathan Motley,4/5/1995,Baylor,USA,80,230,FALSE,TRUE,FALSE,-1,-1,-1,
1628407,Dwayne,Bacon,Dwayne Bacon,30/8/1995,Florida State,USA,78,221,TRUE,TRUE,FALSE,2017,2,40,
1628408,PJ,Dozier,PJ Dozier,,,,,,,,,,,,
1628409,Alec,Peters,Alec Peters,13/4/1995,Valparaiso,USA,81,235,FALSE,TRUE,FALSE,2017,2,54,
1628410,Edmond,Sumner,Edmond Sumner,31/12/1995,Xavier,USA,76,196,TRUE,FALSE,FALSE,2017,2,52,
1628411,Wes,Iwundu,Wes Iwundu,20/12/1994,Kansas State,USA,78,195,FALSE,TRUE,FALSE,2017,2,33,
1628412,Frank,Mason III,Frank Mason III,3/4/1994,Kansas,USA,71,190,TRUE,FALSE,FALSE,2017,2,34,
1628413,Jonah,Bolden,Jonah Bolden,2/1/1996,UCLA,Australia,80,225,FALSE,TRUE,FALSE,2017,2,36,
1628414,Sindarius,Thornwell,Sindarius Thornwell,15/11/1994,South Carolina,USA,76,215,TRUE,FALSE,FALSE,2017,2,48,
1628415,Dillon,Brooks,Dillon Brooks,,,,,,FALSE,FALSE,FALSE,,,,
1628416,Tyler,Dorsey,Tyler Dorsey,18/2/1996,Oregon,USA,76,180,TRUE,FALSE,FALSE,2017,2,41,
1628417,Jaron,Blossomgame,Jaron Blossomgame,16/9/1993,Clemson,USA,80,220,FALSE,TRUE,FALSE,2017,2,59,
1628418,Thomas,Bryant,Thomas Bryant,,,,,,FALSE,FALSE,TRUE,,,,
1628419,Cameron,Oliver,Cameron Oliver,11/7/1996,Nevada,USA,80,239,FALSE,TRUE,FALSE,-1,-1,-1,
1628420,Monte,Morris,Monte Morris,,,,,,,,,,,,
1628421,Devin,Robinson,Devin Robinson,7/3/1995,Florida,USA,80,200,FALSE,TRUE,FALSE,2017,,,
1628422,Damyean,Dotson,Damyean Dotson,6/5/1994,Houston,USA,77,210,TRUE,FALSE,FALSE,2017,2,44,
1628424,Kobi,Simmons,Kobi Simmons,4/7/1997,Arizona,USA,77,1628424,FALSE,FALSE,FALSE,-22,-22,-22,
1628425,Sterling,Brown,Sterling Brown,10/2/1995,Southern Methodist,USA,77,219,TRUE,TRUE,FALSE,2017,2,46,
1628426,Sasha,Vezenkov,Sasha Vezenkov,6/8/1995,,Bulgaria,80,225,FALSE,TRUE,FALSE,2017,2,57,
1628427,Vlatko,Cancar,Vlatko Cancar,,,,,,,,,,,,
1628429,Charles,Cooke,Charles Cooke,1/7/1994,University of Dayton,USA,77,196,TRUE,FALSE,FALSE,-1,-1,-1,
1628430,Nigel,Williams-Goss,Nigel Williams-Goss,16/9/1994,Gonzaga,USA,74,190,TRUE,FALSE,FALSE,2017,2,55,
1628431,V.J.,Beachem,V.J. Beachem,,,,,,,,,,,,
1628432,Davon,Reed,Davon Reed,11/6/1995,Miami,USA,77,206,TRUE,FALSE,FALSE,2017,2,32,
1628433,L.J.,Peak,L.J. Peak,,,,,,,,,,,,
1628435,Chance,Comanche,Chance Comanche,14/4/1996,Arizona,USA,82,1628435,FALSE,FALSE,FALSE,-22,-22,-22,
1628436,Luke,Kornet,Luke Kornet,,,,,,FALSE,FALSE,FALSE,,,,
1628437,George,de Paula,George de Paula,,,,,,,,,,,,
1628439,Isaiah,Hicks,Isaiah Hicks,24/7/1994,North Carolina,USA,81,230,FALSE,TRUE,FALSE,-1,-1,-1,
1628443,Kadeem,Allen,Kadeem Allen,15/1/1993,Arizona,USA,73,200,TRUE,FALSE,FALSE,2017,2,53,
1628444,Jabari,Bird,Jabari Bird,3/7/1994,California,USA,78,198,TRUE,FALSE,FALSE,2017,2,56,
1628448,Kavell,Bigby-Williams,Kavell Bigby-Williams,,,,,,,,,,,,
1628449,Chris,Boucher,Chris Boucher,,,,,,,,,,,,
1628450,Eric,Mika,Eric Mika,5/1/1995,Brigham Young,USA,82,1628450,FALSE,FALSE,FALSE,-22,-22,-22,
1628451,Jacob,Wiley,Jacob Wiley,4/9/1994,Eastern Washington,USA,80,223,FALSE,TRUE,FALSE,-1,-1,-1,
1628452,Kennedy,Meeks,Kennedy Meeks,,,,,,,,,,,,
1628453,Melo,Trimble,Melo Trimble,,,,,,,,,,,,
1628454,Mike,Young,Mike Young,,,,,,,,,,,,
1628455,Mike,James,Mike James,18/8/1990,Lamar,USA,73,175,TRUE,FALSE,FALSE,-1,-1,-1,
1628456,Jeremy,Morgan,Jeremy Morgan,,,,,,,,,,,,
1628460,Bronson,Koenig,Bronson Koenig,,,,,,,,,,,,
1628462,Milos,Teodosic,Milos Teodosic,19/3/1987,CSKA Moscow,Serbia,77,196,TRUE,FALSE,FALSE,-1,-1,-1,
1628463,Tyler,Cavanaugh,Tyler Cavanaugh,9/2/1994,George Washington,USA,81,238,FALSE,TRUE,FALSE,-1,-1,-1,
1628464,Daniel,Theis,Daniel Theis,,,,,,,,,,,,
1628467,Maxi,Kleber,Maxi Kleber,,,,,,,,,,,,
1628469,Antonio,Blakeney,Antonio Blakeney,4/10/1996,Louisiana State,USA,76,192,TRUE,FALSE,FALSE,-1,-1,-1,
1628470,Torrey,Craig,Torrey Craig,19/12/1990,South Carolina Upstate,USA,79,221,FALSE,TRUE,FALSE,-1,-1,-1,
1628473,Yakuba,Ouattara,Yakuba Ouattara,,,,,,,,,,,,
1628475,Matt,Williams Jr.,Matt Williams Jr.,14/10/1993,Central Florida,USA,77,210,TRUE,FALSE,FALSE,-1,-1,-1,
1628476,Derrick,Walton Jr.,Derrick Walton Jr.,3/4/1995,Michigan,USA,72,185,TRUE,FALSE,FALSE,-1,-1,-1,
1628477,Landry,Nnoko,Landry Nnoko,,,,,,,,,,,,
1628491,Derek,Willis,Derek Willis,,,,,,,,,,,,
1628492,Gian,Clavell,Gian Clavell,26/11/1993,Colorado State,Puerto Rico,76,185,TRUE,FALSE,FALSE,-1,-1,-1,
1628493,Mangok,Mathiang,Mangok Mathiang,8/10/1992,Louisville,Australia,82,230,FALSE,TRUE,TRUE,-1,-1,-1,
1628494,T.J.,Williams,T.J. Williams,,,,,,,,,,,,
1628495,Milton,Doyle,Milton Doyle,31/10/1993,Loyola (IL),USA,76,180,TRUE,FALSE,FALSE,2017,,,
1628496,Jeremy,Senglin,Jeremy Senglin,,,,,,,,,,,,
1628499,Antonius,Cleveland,Antonius Cleveland,2/2/1994,Southeast Missouri,USA,77,1628499,TRUE,FALSE,FALSE,-22,-22,-22,
1628500,Ben,Moore,Ben Moore,13/5/1995,Southern Methodist,USA,80,220,FALSE,TRUE,FALSE,-1,-1,-1,
1628502,Nigel,Hayes,Nigel Hayes,16/12/1994,Wisconsin,USA,79,254,FALSE,TRUE,FALSE,-1,-1,-1,
1628503,Jamel,Artis,Jamel Artis,12/1/1993,Pittsburgh,USA,79,213,TRUE,FALSE,FALSE,-1,-1,-1,
1628504,Xavier,Rathan-Mayes,Xavier Rathan-Mayes,29/4/1994,Florida State,Canada,76,208,TRUE,FALSE,FALSE,2017,,,
1628505,Troy,Caupain,Troy Caupain,29/11/1995,Cincinnati,USA,76,210,TRUE,FALSE,FALSE,-1,-1,-1,
1628506,London,Perrantes,London Perrantes,3/10/1994,Virginia,USA,74,190,TRUE,FALSE,FALSE,2017,,,
1628510,Andrew,White III,Andrew White III,16/6/1993,Syracuse,USA,79,210,FALSE,TRUE,FALSE,2017,,,
1628511,James,Blackmon Jr.,James Blackmon Jr.,,,,,,,,,,,,
1628512,Matt,Jones,Matt Jones,,,,,,,,,,,,
1628513,Naz,Mitrou-Long,Naz Mitrou-Long,3/8/1993,Iowa State,Canada,75,218,TRUE,FALSE,FALSE,-1,-1,-1,
1628514,Peter,Jok,Peter Jok,,,,,,,,,,,,
1628515,Isaiah,Briscoe,Isaiah Briscoe,13/4/1996,Kentucky,USA,75,215,TRUE,FALSE,FALSE,-1,-1,-1,
1628516,Terry,Henderson,Terry Henderson,,,,,,,,,,,,
1628517,Luke,Petrasek,Luke Petrasek,,,,,,,,,,,,
1628518,Amile,Jefferson,Amile Jefferson,7/5/1993,Duke,USA,81,1628518,FALSE,FALSE,FALSE,-22,-22,-22,
1628528,Ike,Iroegbu,Ike Iroegbu,,,,,,,,,,,,
1628535,Jordan,Mathews,Jordan Mathews,,,,,,,,,,,,
1628537,Jaylen,Morris,Jaylen Morris,19/9/1995,Molloy,USA,77,185,TRUE,FALSE,FALSE,-1,-1,-1,
1628539,Mychal,Mulder,Mychal Mulder,12/6/1994,Kentucky,Canada,75,1628539,TRUE,FALSE,FALSE,-22,-22,-22,
1628554,Isaac,Hamilton,Isaac Hamilton,,,,,,,,,,,,
1628571,Erik,McCree,Erik McCree,20/12/1993,Louisiana Tech,USA,80,225,FALSE,TRUE,FALSE,-1,-1,-1,
1628575,Jaylen,Johnson,Jaylen Johnson,,,,,,,,,,,,
1628576,Bryce,Alford,Bryce Alford,18/1/1995,UCLA,USA,,1628576,FALSE,FALSE,FALSE,-22,-22,-22,
1628577,Rashawn,Thomas,Rashawn Thomas,,,,,,,,,,,,
1628578,Amida,Brimah,Amida Brimah,11/2/1994,Connecticut,USA,82,230,FALSE,FALSE,TRUE,-1,-1,-1,
1628579,Taylor,Braun,Taylor Braun,,,,,,,,,,,,
1628591,Craig,Sword,Craig Sword,16/1/1994,Mississippi State,USA,75,196,TRUE,FALSE,FALSE,-1,-1,-1,
1628605,Dusty,Hannahs,Dusty Hannahs,2/9/1993,Arkansas,USA,75,210,TRUE,FALSE,FALSE,2017,,,
1628610,Cody,Demps,Cody Demps,,,,,,,,,,,,
1628656,Billy,Garrett,Billy Garrett,16/10/1994,DePaul,USA,78,215,TRUE,TRUE,FALSE,-1,-1,-1,
1628677,Durand,Scott,Durand Scott,,,,,,,,,,,,
1628679,Daniel,Dixon,Daniel Dixon,,,,,,,,,,,,
1628680,Torian,Graham,Torian Graham,,,,,,,,,,,,
1628681,Rodney,Purvis,Rodney Purvis,14/2/1994,Connecticut,USA,76,1628681,TRUE,FALSE,FALSE,-22,-22,-22,
1628734,Yannis,Morin,Yannis Morin,,,,,,,,,,,,
1628769,Tahjere,McCall,Tahjere McCall,17/8/1994,Tennessee State,USA,77,1628769,FALSE,FALSE,FALSE,-22,-22,-22,
1628778,Paul,Watson,Paul Watson,30/12/1994,Fresno State,USA,78,210,TRUE,FALSE,FALSE,-1,-1,-1,
1628935,Aaron,Jackson,Aaron Jackson,6/5/1986,Duquesne,USA,75,183,TRUE,FALSE,FALSE,-1,-1,-1,
1628959,Rawle,Alkins,Rawle Alkins,29/10/1997,Arizona,USA,77,225,TRUE,FALSE,FALSE,-1,-1,-1,
1628960,Grayson,Allen,Grayson Allen,,,,,,FALSE,TRUE,FALSE,,,,
1628961,Kostas,Antetokounmpo,Kostas Antetokounmpo,20/11/1997,University of Dayton,Greece,82,200,FALSE,TRUE,FALSE,2018,2,60,
1628962,Udoka,Azubuike,Udoka Azubuike,17/9/1999,Kansas,Nigeria,83,270,FALSE,TRUE,TRUE,2020,1,27,
1628963,Marvin,Bagley III,Marvin Bagley III,14/3/1999,Duke,USA,82,235,FALSE,TRUE,FALSE,2018,1,2,
1628964,Mo,Bamba,Mo Bamba,,,,,,FALSE,FALSE,TRUE,,,,
1628965,Jaylen,Barford,Jaylen Barford,,,,,,,,,,,,
1628966,Keita,Bates-Diop,Keita Bates-Diop,,,,,,,,,,,,
1628967,Tyus,Battle,Tyus Battle,,,,,,,,,,,,
1628968,Brian,Bowen II,Brian Bowen II,2/10/1998,,USA,78,190,TRUE,TRUE,FALSE,-1,-1,-1,
1628969,Mikal,Bridges,Mikal Bridges,,,,,,FALSE,FALSE,FALSE,,,,
1628970,Miles,Bridges,Miles Bridges,,,,,,FALSE,FALSE,FALSE,,,,
1628971,Bruce,Brown,Bruce Brown,,,,,,TRUE,FALSE,FALSE,,,,
1628972,Troy,Brown Jr.,Troy Brown Jr.,28/7/1999,Oregon,USA,79,215,TRUE,TRUE,FALSE,2018,1,15,
1628973,Jalen,Brunson,Jalen Brunson,,,,,,FALSE,FALSE,FALSE,,,,
1628974,Tony,Carr,Tony Carr,11/10/1997,Penn State,USA,,1628974,FALSE,FALSE,FALSE,2018,2,51,
1628975,Jevon,Carter,Jevon Carter,,,,,,TRUE,FALSE,FALSE,,,,
1628976,Wendell,Carter Jr.,Wendell Carter Jr.,,,,,,FALSE,FALSE,FALSE,,,,
1628977,Hamidou,Diallo,Hamidou Diallo,31/7/1998,Kentucky,USA,77,202,TRUE,FALSE,FALSE,2018,2,45,
1628978,Donte,DiVincenzo,Donte DiVincenzo,,,,,,FALSE,FALSE,FALSE,,,,
1628979,Trevon,Duval,Trevon Duval,3/8/1998,Duke,USA,74,189,TRUE,FALSE,FALSE,-1,-1,-1,
1628980,Jacob,Evans,Jacob Evans,18/6/1997,Cincinnati,USA,76,210,TRUE,TRUE,FALSE,2018,1,28,
1628981,Bruno,Fernando,Bruno Fernando,15/8/1998,Maryland,Anla,82,240,FALSE,TRUE,TRUE,2019,2,34,
1628982,Melvin,Frazier Jr.,Melvin Frazier Jr.,30/8/1996,Tulane,USA,77,215,TRUE,TRUE,FALSE,2018,2,35,
1628983,Shai,Gilgeous-Alexander,Shai Gilgeous-Alexander,,,,,,FALSE,FALSE,FALSE,,,,
1628984,Devonte',Graham,Devonte' Graham,22/2/1995,Kansas,USA,73,195,TRUE,FALSE,FALSE,2018,2,34,
1628985,Devon,Hall,Devon Hall,7/7/1995,Virginia,USA,77,1628985,TRUE,FALSE,FALSE,2018,2,53,
1628987,Kevin,Hervey,Kevin Hervey,9/7/1996,Texas-Arlington,USA,81,230,FALSE,TRUE,FALSE,2018,2,57,
1628988,Aaron,Holiday,Aaron Holiday,,,,,,TRUE,FALSE,FALSE,,,,
1628989,Kevin,Huerter,Kevin Huerter,,,,,,TRUE,FALSE,FALSE,,,,
1628990,Chandler,Hutchison,Chandler Hutchison,26/4/1996,Boise State,USA,78,210,TRUE,TRUE,FALSE,2018,1,22,
1628991,Jaren,Jackson Jr.,Jaren Jackson Jr.,,,,,,FALSE,FALSE,FALSE,,,,
1628993,Alize,Johnson,Alize Johnson,22/4/1996,Missouri State,USA,80,1628993,FALSE,FALSE,FALSE,2018,2,50,
1628994,George,King,George King,15/1/1994,Colorado,USA,78,220,TRUE,TRUE,FALSE,2018,2,59,
1628995,Kevin,Knox II,Kevin Knox II,,,,,,,,,,,,
1628996,Sagaba,Konate,Sagaba Konate,,,,,,,,,,,,
1628997,Caleb,Martin,Caleb Martin,28/9/1995,Nevada,USA,77,205,FALSE,TRUE,FALSE,-1,-1,-1,
1628998,Cody,Martin,Cody Martin,,,,,,FALSE,TRUE,FALSE,,,,
1628999,Yante,Maten,Yante Maten,14/8/1996,Georgia,USA,80,240,FALSE,TRUE,FALSE,2018,,,
1629000,Brandon,McCoy,Brandon McCoy,,,,,,,,,,,,
1629001,De'Anthony,Melton,De'Anthony Melton,,,,,,FALSE,FALSE,FALSE,,,,
1629002,Chimezie,Metu,Chimezie Metu,22/3/1997,Southern California,USA,81,225,FALSE,TRUE,TRUE,2018,2,49,
1629003,Shake,Milton,Shake Milton,,,,,,TRUE,FALSE,FALSE,,,,
1629004,Svi,Mykhailiuk,Svi Mykhailiuk,,,,,,FALSE,TRUE,FALSE,,,,
1629005,Malik,Newman,Malik Newman,21/2/1997,Kansas,USA,75,190,TRUE,FALSE,FALSE,2018,,,
1629006,Josh,Okogie,Josh Okogie,,,,,,FALSE,TRUE,FALSE,,,,
1629007,Jontay,Porter,Jontay Porter,15/11/1999,Missouri,USA,83,240,FALSE,TRUE,TRUE,-1,-1,-1,
1629008,Michael,Porter Jr.,Michael Porter Jr.,,,,,,FALSE,FALSE,FALSE,,,,
1629009,Billy,Preston,Billy Preston,,,,,,,,,,,,
1629010,Jerome,Robinson,Jerome Robinson,22/2/1997,Boston College,USA,77,1629010,TRUE,FALSE,FALSE,2018,1,13,
1629011,Mitchell,Robinson,Mitchell Robinson,1/4/1998,Western Kentucky,USA,84,240,FALSE,TRUE,TRUE,2018,2,36,
1629012,Collin,Sexton,Collin Sexton,,,,,,FALSE,FALSE,FALSE,,,,
1629013,Landry,Shamet,Landry Shamet,,,,,,,,,,,,
1629014,Anfernee,Simons,Anfernee Simons,,,,,,FALSE,FALSE,FALSE,,,,
1629015,Zhaire,Smith,Zhaire Smith,4/6/1999,Texas Tech,USA,75,205,TRUE,FALSE,FALSE,2018,1,16,
1629016,Omari,Spellman,Omari Spellman,21/7/1997,Villanova,USA,80,245,FALSE,TRUE,FALSE,2018,1,30,
1629017,Khyri,Thomas,Khyri Thomas,8/5/1996,Creighton,USA,75,1629017,TRUE,FALSE,FALSE,2018,2,38,
1629018,Gary,Trent Jr.,Gary Trent Jr.,,,,,,TRUE,FALSE,FALSE,,,,
1629019,Allonzo,Trier,Allonzo Trier,17/1/1996,Arizona,USA,76,200,TRUE,FALSE,FALSE,2018,,,
1629020,Jarred,Vanderbilt,Jarred Vanderbilt,,,,,,FALSE,FALSE,TRUE,,,,
1629021,Moritz,Wagner,Moritz Wagner,26/4/1997,Michigan,Germany,83,1629021,FALSE,TRUE,TRUE,2018,1,25,
1629022,Lonnie,Walker IV,Lonnie Walker IV,,,,,,FALSE,TRUE,FALSE,,,,
1629023,P.J.,Washington,P.J. Washington,,,,,,FALSE,FALSE,FALSE,,,,
1629026,Kenrich,Williams,Kenrich Williams,,,,,,FALSE,TRUE,FALSE,,,,
1629027,Trae,Young,Trae Young,,,,,,FALSE,FALSE,FALSE,,,,
1629028,Deandre,Ayton,Deandre Ayton,23/7/1998,Arizona,Bahamas,84,250,FALSE,FALSE,TRUE,2018,1,1,
1629029,Luka,Doncic,Luka Doncic,28/2/1999,Real Madrid,Slovenia,79,230,TRUE,TRUE,FALSE,2018,1,3,
1629033,Theo,Pinson,Theo Pinson,5/11/1995,North Carolina,USA,79,212,TRUE,TRUE,FALSE,-1,-1,-1,
1629034,Ray,Spalding,Ray Spalding,11/3/1997,Louisville,USA,81,225,FALSE,TRUE,FALSE,2018,2,56,
1629035,Carsen,Edwards,Carsen Edwards,12/3/1998,Purdue,USA,71,200,TRUE,FALSE,FALSE,2019,2,33,
1629036,Isaac,Haas,Isaac Haas,,,,,,,,,,,,
1629037,Keenan,Evans,Keenan Evans,,,,,,,,,,,,
1629044,Shamorie,Ponds,Shamorie Ponds,29/6/1998,"St. John's, N.Y.",USA,72,175,TRUE,FALSE,FALSE,-1,-1,-1,
1629045,Bonzie,Colson,Bonzie Colson,12/1/1996,Notre Dame,USA,78,225,FALSE,TRUE,FALSE,-1,-1,-1,
1629048,ga,Bitadze,ga Bitadze,20/7/1999,Mega Basket,Georgia,83,250,FALSE,TRUE,TRUE,2019,1,18,
1629050,Jeffrey,Carroll,Jeffrey Carroll,,,,,,,,,,,,
1629052,Oshae,Brissett,Oshae Brissett,20/6/1998,Syracuse,Canada,79,210,TRUE,TRUE,FALSE,-1,-1,-1,
1629053,Vincent,Edwards,Vincent Edwards,5/4/1996,Purdue,USA,80,225,FALSE,TRUE,FALSE,2018,2,52,
1629055,Donte,Grantham,Donte Grantham,19/3/1995,Clemson,USA,80,215,FALSE,TRUE,FALSE,2018,,,
1629056,Terence,Davis,Terence Davis,16/5/1997,Mississippi,USA,76,201,TRUE,FALSE,FALSE,-1,-1,-1,
1629057,Robert,Williams III,Robert Williams III,,,,,,FALSE,FALSE,FALSE,,,,
1629058,Dzanan,Musa,Dzanan Musa,8/5/1999,Cedevita,Bosnia and Herzegovina,81,217,TRUE,TRUE,FALSE,2018,1,29,
1629059,Elie,Okobo,Elie Okobo,23/10/1997,Elan Bearnais,France,75,190,TRUE,TRUE,FALSE,2018,2,31,
1629060,Rui,Hachimura,Rui Hachimura,,,,,,FALSE,FALSE,FALSE,,,,
1629061,Deng,Adel,Deng Adel,1/2/1997,Louisville,South Sudan,79,200,FALSE,TRUE,FALSE,2018,,,
1629065,Ky,Bowman,Ky Bowman,16/6/1997,Boston College,USA,73,187,TRUE,FALSE,FALSE,-1,-1,-1,
1629066,Rodions,Kurucs,Rodions Kurucs,5/2/1998,FC Barcelona,Latvia,81,228,FALSE,TRUE,FALSE,2018,2,40,
1629067,Isaac,Bonga,Isaac Bonga,8/11/1999,Skyliners Frankfurt,Germany,80,180,TRUE,FALSE,FALSE,2018,2,39,
1629070,Matur,Maker,Matur Maker,,,,,,,,,,,,
1629071,LiAngelo,Ball,LiAngelo Ball,24/11/1998,,USA,,,,,,2018,,,
1629076,Tyler,Cook,Tyler Cook,23/9/1997,Iowa,USA,80,1629076,FALSE,TRUE,FALSE,-22,-22,-22,
1629078,Doral,Moore,Doral Moore,,,,,,,,,,,,
1629083,Arnoldas,Kulboka,Arnoldas Kulboka,4/1/1998,,Lithuania,82,209,FALSE,TRUE,FALSE,2018,2,55,
1629091,Elijah,Bryant,Elijah Bryant,19/4/1995,Brigham Young,USA,77,210,TRUE,FALSE,FALSE,-1,-1,-1,
1629093,Tyler,Davis,Tyler Davis,22/5/1997,Texas A&M,USA,82,266,FALSE,FALSE,TRUE,-1,-1,-1,
1629094,Marcus,Derrickson,Marcus Derrickson,1/2/1996,Georgetown,USA,79,249,FALSE,TRUE,FALSE,-1,-1,-1,
1629096,Harry,Froling,Harry Froling,,,,,,,,,,,,
1629097,Terry,Larrier,Terry Larrier,,,,,,,,,,,,
1629098,Jack,McVeigh,Jack McVeigh,27/6/1996,Nebraska-Lincoln,Australia,80,1629098,TRUE,TRUE,FALSE,-22,-22,-22,
1629102,Brandon,Sampson,Brandon Sampson,1/5/1997,Louisiana State,USA,77,184,TRUE,FALSE,FALSE,2018,,,
1629103,Kelan,Martin,Kelan Martin,3/8/1995,Butler,USA,77,230,FALSE,TRUE,FALSE,-1,-1,-1,
1629109,Gary,Clark,Gary Clark,16/11/1994,Cincinnati,USA,78,1629109,FALSE,TRUE,FALSE,-22,-22,-22,
1629111,Jock,Landale,Jock Landale,,,,,,FALSE,FALSE,TRUE,,,,
1629116,Angel,Delgado,Angel Delgado,20/11/1994,Seton Hall,Dominican Republic,82,245,FALSE,FALSE,TRUE,2018,,,
1629117,Wenyen,Gabriel,Wenyen Gabriel,26/3/1997,Kentucky,South Sudan,81,205,FALSE,TRUE,FALSE,-1,-1,-1,
1629118,Thomas,Welsh,Thomas Welsh,3/2/1996,UCLA,USA,84,255,FALSE,FALSE,TRUE,2018,2,58,
1629121,Jaylen,Adams,Jaylen Adams,4/5/1996,St. Bonaventure,USA,72,225,TRUE,FALSE,FALSE,-1,-1,-1,
1629122,J.P.,Macura,J.P. Macura,5/6/1995,Xavier,USA,76,203,TRUE,FALSE,FALSE,2018,,,
1629123,Jared,Terrell,Jared Terrell,10/2/1995,Rhode Island,USA,75,1629123,TRUE,FALSE,FALSE,-22,-22,-22,
1629126,Deonte,Burton,Deonte Burton,31/1/1994,Iowa State,USA,76,240,TRUE,TRUE,FALSE,-1,-1,-1,
1629129,Trevon,Bluiett,Trevon Bluiett,4/11/1994,Xavier,USA,78,198,TRUE,TRUE,FALSE,2018,,,
1629130,Duncan,Robinson,Duncan Robinson,,,,,,FALSE,FALSE,FALSE,,,,
1629131,Jairus,Lyles,Jairus Lyles,,,,,,,,,,,,
1629132,Braian,Angola-Rodas,Braian Angola-Rodas,,,,,,,,,,,,
1629133,Daryl,Macon,Daryl Macon,29/11/1995,Arkansas,USA,74,185,TRUE,FALSE,FALSE,2018,,,
1629134,Kendrick,Nunn,Kendrick Nunn,3/8/1995,Oakland,USA,75,190,TRUE,FALSE,FALSE,-1,-1,-1,
1629136,Elijah,Stewart,Elijah Stewart,,,,,,,,,,,,
1629137,Joel,Berry,Joel Berry,,,,,,,,,,,,
1629139,Yuta,Watanabe,Yuta Watanabe,13/10/1994,George Washington,Japan,81,1629139,TRUE,TRUE,FALSE,-22,-22,-22,
1629140,Johnathan,Williams,Johnathan Williams,22/5/1995,Gonzaga,USA,81,228,FALSE,TRUE,FALSE,-1,-1,-1,
1629142,Yanyuhang,Ding,Yanyuhang Ding,,,,,,,,,,,,
1629145,Isaiah,Wilkins,Isaiah Wilkins,,,,,,,,,,,,
1629146,Zach,Smith,Zach Smith,,,,,,,,,,,,
1629147,Joe,Chealey,Joe Chealey,1/11/1995,College of Charleston,USA,76,190,TRUE,FALSE,FALSE,2018,,,
1629148,Johnny,Hamilton,Johnny Hamilton,3/2/1994,Texas-Arlington,USA,,1629148,FALSE,FALSE,FALSE,-22,-22,-22,
1629149,Codi,Miller-McIntyre,Codi Miller-McIntyre,,,,,,,,,,,,
1629150,Emanuel,Terry,Emanuel Terry,21/8/1996,Lincoln Memorial,USA,81,220,FALSE,TRUE,FALSE,-1,-1,-1,
1629151,Ryan,Broekhoff,Ryan Broekhoff,23/8/1990,Valparaiso,Australia,78,215,TRUE,TRUE,FALSE,-1,-1,-1,
1629152,DeVaughn,Akoon-Purcell,DeVaughn Akoon-Purcell,5/6/1993,Illinois State,Trinidad and Tobago,78,200,TRUE,TRUE,FALSE,2016,,,
1629154,Rob,Gray,Rob Gray,,,,,,,,,,,,
1629155,Zach,Lofton,Zach Lofton,18/11/1992,New Mexico State,USA,76,180,TRUE,FALSE,FALSE,-1,-1,-1,
1629156,Markel,Crawford,Markel Crawford,,,,,,,,,,,,
1629159,Marcus,Lee,Marcus Lee,,,,,,,,,,,,
1629162,Jordan,McLaughlin,Jordan McLaughlin,,,,,,,,,,,,
1629163,Trey,Lewis,Trey Lewis,,,,,,,,,,,,
1629164,Brandon,Goodwin,Brandon Goodwin,2/10/1995,Florida Gulf Coast,USA,72,180,TRUE,FALSE,FALSE,-1,-1,-1,
1629165,Nick,King,Nick King,,,,,,,,,,,,
1629166,Jeff,Roberson,Jeff Roberson,,,,,,,,,,,,
1629167,Justin,Bibbs,Justin Bibbs,,,,,,,,,,,,
1629168,BJ,Johnson,BJ Johnson,21/12/1995,La Salle,USA,78,1629168,FALSE,FALSE,FALSE,-22,-22,-22,
1629184,Desi,Rodriguez,Desi Rodriguez,,,,,,,,,,,,
1629185,Chris,Chiozza,Chris Chiozza,21/11/1995,Florida,USA,71,175,TRUE,FALSE,FALSE,-1,-1,-1,
1629186,Tiwian,Kendley,Tiwian Kendley,,,,,,,,,,,,
1629190,C.J.,Anderson,C.J. Anderson,,,,,,,,,,,,
1629203,Jemerrio,Jones,Jemerrio Jones,9/4/1995,New Mexico State,USA,77,175,FALSE,TRUE,FALSE,2018,,,
1629216,Gabe,Vincent,Gabe Vincent,,,,,,TRUE,FALSE,FALSE,,,,
1629226,Ismaila,Kane,Ismaila Kane,,,,,,,,,,,,
1629232,Kaiser,Gates,Kaiser Gates,8/11/1996,Xavier,USA,79,1629232,FALSE,FALSE,FALSE,-22,-22,-22,
1629234,Drew,Eubanks,Drew Eubanks,,,,,,FALSE,FALSE,TRUE,,,,
1629236,Jonathan,Stark,Jonathan Stark,,,,,,,,,,,,
1629244,Cam,Reynolds,Cam Reynolds,7/2/1995,Tulane,USA,79,225,FALSE,TRUE,FALSE,-1,-1,-1,
1629245,Nuni,Omot,Nuni Omot,3/10/1994,Baylor,Kenya,,1629245,FALSE,FALSE,FALSE,-22,-22,-22,
1629246,Tyrius,Walker,Tyrius Walker,,,,,,,,,,,,
1629260,Tim,Bond,Tim Bond,,,,,,,,,,,,
1629270,Todd,Withers,Todd Withers,,,,,,,,,,,,
1629285,Angel,Rodriguez,Angel Rodriguez,,,,,,,,,,,,
1629305,Marcus,Allen,Marcus Allen,,,,,,,,,,,,
1629308,Juan,Toscano-Anderson,Juan Toscano-Anderson,10/4/1993,Marquette,USA,78,209,FALSE,TRUE,FALSE,-1,-1,-1,
1629309,Trayvon,Palmer,Trayvon Palmer,13/11/1994,Chicago State,USA,78,200,TRUE,FALSE,FALSE,-1,-1,-1,
1629312,Haywood,Highsmith,Haywood Highsmith,,,,,,FALSE,TRUE,FALSE,,,,
1629341,Tarik,Phillip,Tarik Phillip,10/8/1993,West Virginia,USA,75,1629341,TRUE,FALSE,FALSE,-22,-22,-22,
1629346,Alen,Smailagic,Alen Smailagic,18/8/2000,Beko,Serbia,82,215,FALSE,TRUE,FALSE,2019,2,39,
1629352,Jeffrey,Coby,Jeffrey Coby,,,,,,,,,,,,
1629353,Isaac,Humphries,Isaac Humphries,5/1/1998,Kentucky,Australia,84,260,FALSE,FALSE,TRUE,2017,,,
1629460,Justin,Tillman,Justin Tillman,2/2/1996,Virginia Commonwealth,USA,,1629460,FALSE,FALSE,FALSE,-22,-22,-22,
1629541,Dairis,Bertans,Dairis Bertans,9/9/1989,Olimpia Milano,Latvia,76,200,TRUE,FALSE,FALSE,-1,-1,-1,
1629594,Bennie,Boatwright,Bennie Boatwright,13/7/1996,Southern California,USA,,1629594,FALSE,FALSE,FALSE,-22,-22,-22,
1629595,Phil,Booth,Phil Booth,,,,,,,,,,,,
1629596,Bryce,Brown,Bryce Brown,24/7/1997,Auburn,USA,,1629596,FALSE,FALSE,FALSE,-22,-22,-22,
1629597,Zylan,Cheatham,Zylan Cheatham,17/11/1995,Arizona State,USA,77,220,FALSE,TRUE,FALSE,-1,-1,-1,
1629598,Chris,Clemons,Chris Clemons,23/7/1997,Campbell University,USA,69,180,TRUE,FALSE,FALSE,-1,-1,-1,
1629599,Amir,Coffey,Amir Coffey,,,,,,FALSE,TRUE,FALSE,,,,
1629600,Jarron,Cumberland,Jarron Cumberland,22/9/1997,Cincinnati,USA,77,205,TRUE,FALSE,FALSE,-1,-1,-1,
1629602,Javin,DeLaurier,Javin DeLaurier,7/4/1998,Duke,USA,82,234,FALSE,FALSE,TRUE,-1,-1,-1,
1629603,Mamadi,Diakite,Mamadi Diakite,21/1/1997,Virginia,Guinea,81,228,FALSE,TRUE,FALSE,-1,-1,-1,
1629604,CJ,Elleby,CJ Elleby,16/6/2000,Washington State,USA,78,200,TRUE,TRUE,FALSE,2020,2,46,
1629605,Tacko,Fall,Tacko Fall,10/12/1995,UCF,Senegal,90,311,FALSE,FALSE,TRUE,-1,-1,-1,
1629606,Robert,Franks,Robert Franks,18/12/1996,Washington State,USA,79,1629606,FALSE,FALSE,FALSE,-22,-22,-22,
1629607,Jared,Harper,Jared Harper,14/9/1997,Auburn,USA,70,175,TRUE,FALSE,FALSE,-1,-1,-1,
1629608,Dewan,Hernandez,Dewan Hernandez,9/12/1996,Miami (FL),USA,82,235,FALSE,TRUE,TRUE,2019,2,59,
1629609,Amir,Hinton,Amir Hinton,,,,,,,,,,,,
1629610,DaQuan,Jeffries,DaQuan Jeffries,,,,,,FALSE,TRUE,FALSE,,,,
1629611,Terance,Mann,Terance Mann,,,,,,TRUE,FALSE,FALSE,,,,
1629612,Luke,Maye,Luke Maye,,,,,,,,,,,,
1629614,Andrew,Nembhard,Andrew Nembhard,,,,,,FALSE,FALSE,FALSE,,,,
1629615,James,Palmer Jr.,James Palmer Jr.,,,,,,,,,,,,
1629616,Josh,Perkins,Josh Perkins,,,,,,,,,,,,
1629617,Reggie,Perry,Reggie Perry,21/3/2000,Changwon LG Sakers (Korea),USA,80,250,FALSE,TRUE,TRUE,2020,2,57,
1629618,Jalen,Pickett,Jalen Pickett,,,,,,TRUE,FALSE,FALSE,,,,
1629619,Myles,Powell,Myles Powell,7/7/1997,Seton Hall,USA,74,195,TRUE,FALSE,FALSE,-1,-1,-1,
1629620,Justin,Robinson,Justin Robinson,12/10/1997,Virginia Tech,USA,73,195,TRUE,FALSE,FALSE,2019,,,
1629621,Marial,Shayok,Marial Shayok,26/7/1995,Iowa State,Canada,77,198,TRUE,TRUE,FALSE,2019,2,54,
1629622,Max,Strus,Max Strus,,,,,,FALSE,FALSE,FALSE,,,,
1629623,Lindell,Wigginton,Lindell Wigginton,28/3/1998,Iowa State,Canada,73,189,TRUE,FALSE,FALSE,2019,,,
1629624,Kenny,Wooten,Kenny Wooten,17/4/1998,Oregon,USA,80,235,FALSE,TRUE,FALSE,-1,-1,-1,
1629625,Justin,Wright-Foreman,Justin Wright-Foreman,27/10/1997,Hofstra,USA,72,190,TRUE,FALSE,FALSE,2019,2,53,
1629626,Bol,Bol,Bol Bol,,,,,,FALSE,TRUE,FALSE,,,,
1629627,Zion,Williamson,Zion Williamson,,,,,,FALSE,FALSE,FALSE,,,,
1629628,RJ,Barrett,RJ Barrett,,,,,,FALSE,FALSE,FALSE,,,,
1629629,Cam,Reddish,Cam Reddish,,,,,,,,,,,,
1629630,Ja,Morant,Ja Morant,,,,,,FALSE,FALSE,FALSE,,,,
1629631,De'Andre,Hunter,De'Andre Hunter,,,,,,FALSE,TRUE,FALSE,,,,
1629632,Coby,White,Coby White,16/2/2000,North Carolina,USA,77,195,TRUE,FALSE,FALSE,2019,1,7,
1629633,Jarrett,Culver,Jarrett Culver,20/2/1999,Texas Tech,USA,78,195,TRUE,TRUE,FALSE,2019,1,6,
1629634,Brandon,Clarke,Brandon Clarke,,,,,,FALSE,FALSE,TRUE,,,,
1629635,Sekou,Doumbouya,Sekou Doumbouya,23/12/2000,Limoges,France,81,230,FALSE,TRUE,FALSE,2019,1,15,
1629636,Darius,Garland,Darius Garland,,,,,,FALSE,FALSE,FALSE,,,,
1629637,Jaxson,Hayes,Jaxson Hayes,,,,,,FALSE,FALSE,FALSE,,,,
1629638,Nickeil,Alexander-Walker,Nickeil Alexander-Walker,,,,,,TRUE,FALSE,FALSE,,,,
1629639,Tyler,Herro,Tyler Herro,,,,,,FALSE,FALSE,FALSE,,,,
1629640,Keldon,Johnson,Keldon Johnson,,,,,,,,,,,,
1629641,Romeo,Langford,Romeo Langford,25/10/1999,Indiana,USA,77,216,TRUE,TRUE,FALSE,2019,1,14,
1629642,Nassir,Little,Nassir Little,11/2/2000,North Carolina,USA,77,220,TRUE,TRUE,FALSE,2019,1,25,
1629643,Chuma,Okeke,Chuma Okeke,18/8/1998,Auburn,USA,79,1629643,FALSE,TRUE,FALSE,2019,1,16,
1629644,KZ,Okpala,KZ Okpala,28/4/1999,Stanford,USA,80,215,TRUE,TRUE,FALSE,2019,2,32,
1629645,Kevin,Porter Jr.,Kevin Porter Jr.,,,,,,TRUE,FALSE,FALSE,,,,
1629646,Charles,Bassey,Charles Bassey,,,,,,FALSE,FALSE,TRUE,,,,
1629647,Darius,Bazley,Darius Bazley,12/6/2000,Princeton HS (OH),USA,81,216,FALSE,TRUE,FALSE,2019,1,23,
1629648,Jordan,Bone,Jordan Bone,5/11/1997,Tennessee,USA,74,180,TRUE,FALSE,FALSE,2019,2,57,
1629649,Ignas,Brazdeikis,Ignas Brazdeikis,8/1/1999,Michigan,Canada,78,221,FALSE,TRUE,FALSE,2019,2,47,
1629650,Moses,Brown,Moses Brown,13/10/1999,UCLA,USA,86,245,FALSE,FALSE,TRUE,-1,-1,-1,
1629651,Nic,Claxton,Nic Claxton,,,,,,FALSE,FALSE,FALSE,,,,
1629652,Luguentz,Dort,Luguentz Dort,,,,,,FALSE,FALSE,FALSE,,,,
1629653,Devon,Dotson,Devon Dotson,2/8/1999,Kansas,USA,73,185,TRUE,FALSE,FALSE,-1,-1,-1,
1629655,Daniel,Gafford,Daniel Gafford,,,,,,FALSE,FALSE,FALSE,,,,
1629656,Quentin,Grimes,Quentin Grimes,,,,,,FALSE,FALSE,FALSE,,,,
1629657,Kyle,Guy,Kyle Guy,11/8/1997,Virginia,USA,73,1629657,FALSE,FALSE,FALSE,2019,2,55,
1629658,Jaylen,Hoard,Jaylen Hoard,30/3/1999,Wake Forest,France,80,216,FALSE,TRUE,FALSE,-1,-1,-1,
1629659,Talen,Horton-Tucker,Talen Horton-Tucker,,,,,,,,,,,,
1629660,Ty,Jerome,Ty Jerome,,,,,,TRUE,FALSE,FALSE,,,,
1629661,Cameron,Johnson,Cameron Johnson,,,,,,FALSE,TRUE,FALSE,,,,
1629662,Mfiondu,Kabengele,Mfiondu Kabengele,14/8/1997,Florida State,Canada,82,1629662,FALSE,FALSE,TRUE,2019,1,27,
1629663,Louis,King,Louis King,6/4/1999,Oregon,USA,79,205,FALSE,TRUE,FALSE,-1,-1,-1,
1629664,Dedric,Lawson,Dedric Lawson,,,,,,,,,,,,
1629665,Jalen,Lecque,Jalen Lecque,13/6/2000,Brewster Academy (NH),USA,76,185,TRUE,FALSE,FALSE,-1,-1,-1,
1629666,Charles,Matthews,Charles Matthews,15/11/1996,Michigan,USA,,1629666,FALSE,FALSE,FALSE,-22,-22,-22,
1629667,Jalen,McDaniels,Jalen McDaniels,31/1/1998,San Die State,USA,81,205,FALSE,TRUE,TRUE,2019,2,52,
1629668,Zach,Norvell Jr.,Zach Norvell Jr.,9/12/1997,Gonzaga,USA,77,1629668,FALSE,FALSE,FALSE,-22,-22,-22,
1629669,Jaylen,Nowell,Jaylen Nowell,9/7/1999,Washington,USA,76,201,TRUE,FALSE,FALSE,2019,2,43,
1629670,Jordan,Nwora,Jordan Nwora,9/9/1998,Louisville,USA,81,225,FALSE,TRUE,FALSE,2020,2,45,
1629671,Miye,Oni,Miye Oni,4/8/1997,Yale,USA,77,206,TRUE,TRUE,FALSE,2019,2,58,
1629672,Eric,Paschall,Eric Paschall,4/11/1996,Villanova,USA,78,255,FALSE,TRUE,FALSE,2019,2,41,
1629673,Jordan,Poole,Jordan Poole,,,,,,FALSE,FALSE,FALSE,,,,
1629674,Neemias,Queta,Neemias Queta,,,,,,FALSE,TRUE,FALSE,,,,
1629675,Naz,Reid,Naz Reid,,,,,,FALSE,FALSE,FALSE,,,,
1629676,Isaiah,Roby,Isaiah Roby,3/2/1998,Nebraska,USA,80,230,FALSE,TRUE,FALSE,2019,2,45,
1629677,Luka,Samanic,Luka Samanic,9/1/2000,Union Olimpija,Croatia,82,227,FALSE,TRUE,FALSE,2019,1,19,
1629678,Admiral,Schofield,Admiral Schofield,30/3/1997,Tennessee,United Kingdom,77,241,FALSE,TRUE,FALSE,2019,2,42,
1629679,Simisola,Shittu,Simisola Shittu,7/11/1999,Vanderbilt,Canada,,1629679,FALSE,FALSE,FALSE,-22,-22,-22,
1629680,Matisse,Thybulle,Matisse Thybulle,4/3/1997,Washington,USA,77,201,TRUE,TRUE,FALSE,2019,1,20,
1629681,Killian,Tillie,Killian Tillie,5/3/1998,Gonzaga,France,81,1629681,FALSE,TRUE,TRUE,-22,-22,-22,
1629682,Tremont,Waters,Tremont Waters,10/1/1998,Louisiana State,USA,70,175,TRUE,FALSE,FALSE,2019,2,51,
1629683,Quinndary,Weatherspoon,Quinndary Weatherspoon,10/9/1996,Mississippi State,USA,75,1629683,TRUE,FALSE,FALSE,2019,2,49,
1629684,Grant,Williams,Grant Williams,,,,,,,,,,,,
1629685,Dylan,Windler,Dylan Windler,22/9/1996,Belmont,USA,79,196,TRUE,TRUE,FALSE,2019,1,26,
1629686,Deividas,Sirvydis,Deividas Sirvydis,10/6/2000,Lietuvos rytas Vilnius,Lithuania,80,190,TRUE,TRUE,FALSE,2019,2,37,
1629689,Aric,Holman,Aric Holman,11/7/1997,Mississippi State,USA,,1629689,FALSE,FALSE,FALSE,-22,-22,-22,
1629690,Adam,Mokoka,Adam Mokoka,18/7/1998,Mega Basket,France,76,190,TRUE,FALSE,FALSE,-1,-1,-1,
1629700,Kaleb,Wesson,Kaleb Wesson,27/7/1999,Ohio State,USA,,1629700,FALSE,FALSE,FALSE,-22,-22,-22,
1629712,Didi,Louzada,Didi Louzada,2/7/1999,,Brazil,77,188,TRUE,FALSE,FALSE,2019,2,35,
1629713,Justin,James,Justin James,24/1/1997,Wyoming,USA,79,190,TRUE,TRUE,FALSE,2019,2,40,
1629714,Jarrell,Brantley,Jarrell Brantley,7/6/1996,College of Charleston,USA,77,250,FALSE,TRUE,FALSE,2019,2,50,
1629715,Javon,Bess,Javon Bess,,,,,,,,,,,,
1629716,Marques,Bolden,Marques Bolden,17/4/1998,Duke,USA,82,249,FALSE,FALSE,TRUE,2019,,,
1629717,Armoni,Brooks,Armoni Brooks,5/6/1998,Houston,USA,75,195,TRUE,FALSE,FALSE,2019,,,
1629718,Charlie,Brown Jr.,Charlie Brown Jr.,2/2/1997,St. Joseph's (PA),USA,78,199,TRUE,FALSE,FALSE,-1,-1,-1,
1629719,Devontae,Cacok,Devontae Cacok,8/10/1996,UNC-Wilmington,USA,79,240,FALSE,TRUE,FALSE,-1,-1,-1,
1629721,JaKeenan,Gant,JaKeenan Gant,,,,,,,,,,,,
1629722,V.J.,King,V.J. King,,,,,,,,,,,,
1629723,John,Konchar,John Konchar,,,,,,TRUE,FALSE,FALSE,,,,
1629724,Vic,Law,Vic Law,19/12/1995,Northwestern,USA,79,201,FALSE,TRUE,FALSE,-1,-1,-1,
1629725,Jeremiah,Martin,Jeremiah Martin,19/6/1996,Memphis,USA,74,185,TRUE,FALSE,FALSE,-1,-1,-1,
1629726,Garrison,Mathews,Garrison Mathews,,,,,,,,,,,,
1629729,Josh,Reaves,Josh Reaves,4/6/1997,Penn State,USA,76,1629729,TRUE,TRUE,FALSE,-22,-22,-22,
1629730,Rayjon,Tucker,Rayjon Tucker,24/9/1997,Arkansas-Little Rock,USA,75,209,TRUE,FALSE,FALSE,-1,-1,-1,
1629731,Dean,Wade,Dean Wade,,,,,,FALSE,FALSE,FALSE,,,,
1629734,Kyle,Alexander,Kyle Alexander,21/10/1996,Tennessee,Canada,82,216,FALSE,TRUE,TRUE,-1,-1,-1,
1629735,Chris,Silva,Chris Silva,19/9/1996,South Carolina,Gabon,80,1629735,FALSE,FALSE,FALSE,-22,-22,-22,
1629738,Vincent,Poirier,Vincent Poirier,17/10/1993,Baskonia,France,84,235,FALSE,TRUE,TRUE,-1,-1,-1,
1629739,William,Howard,William Howard,25/10/1993,Limoges,France,80,207,TRUE,TRUE,FALSE,-1,-1,-1,
1629740,Nicolo,Melli,Nicolo Melli,26/1/1991,,Italy,81,236,FALSE,TRUE,FALSE,-1,-1,-1,
1629741,Marko,Guduric,Marko Guduric,8/3/1995,Fenerbahce,Serbia,78,1629741,TRUE,FALSE,FALSE,-22,-22,-22,
1629742,Stanton,Kidd,Stanton Kidd,18/3/1992,Colorado State,USA,78,216,FALSE,TRUE,FALSE,-1,-1,-1,
1629743,Donta,Hall,Donta Hall,7/8/1997,Alabama,USA,82,230,FALSE,FALSE,TRUE,-1,-1,-1,
1629744,Matt,Thomas,Matt Thomas,4/8/1994,Iowa State,USA,75,190,TRUE,FALSE,FALSE,-1,-1,-1,
1629745,Tariq,Owens,Tariq Owens,30/6/1995,Texas Tech,USA,82,1629745,FALSE,TRUE,FALSE,-22,-22,-22,
1629746,Christ,Koumadje,Christ Koumadje,,,,,,,,,,,,
1629747,CJ,Massinburg,CJ Massinburg,,,,,,,,,,,,
1629749,David,Kramer,David Kramer,,,,,,,,,,,,
1629750,Javonte,Green,Javonte Green,,,,,,FALSE,TRUE,FALSE,,,,
1629751,Dakota,Mathias,Dakota Mathias,11/7/1995,Purdue,USA,76,200,TRUE,FALSE,FALSE,2018,,,
1629752,Juwan,Morgan,Juwan Morgan,17/4/1997,Indiana,USA,79,232,FALSE,TRUE,FALSE,-1,-1,-1,
1629753,Isaiah,Pineiro,Isaiah Pineiro,,,,,,,,,,,,
1629755,Hassani,Gravett,Hassani Gravett,16/7/1996,South Carolina,USA,74,187,TRUE,FALSE,FALSE,2019,,,
1629756,Daulton,Hommes,Daulton Hommes,4/7/1996,Point Loma,USA,,1629756,FALSE,FALSE,FALSE,-22,-22,-22,
1629759,Ahmed,Hill,Ahmed Hill,,,,,,,,,,,,
1629760,Matt,Mooney,Matt Mooney,7/2/1995,Texas Tech,USA,74,199,TRUE,FALSE,FALSE,-1,-1,-1,
1629777,Lamar,Peters,Lamar Peters,,,,,,,,,,,,
1629779,Justin,Simon,Justin Simon,,,,,,,,,,,,
1629783,Shaq,Buchanan,Shaq Buchanan,30/1/1997,Murray State,USA,75,190,TRUE,FALSE,FALSE,-1,-1,-1,
1629786,John,Egbunu,John Egbunu,,,,,,,,,,,,
1629788,Tyler,Hall,Tyler Hall,25/3/1997,Montana State,USA,77,209,TRUE,FALSE,FALSE,-1,-1,-1,
1629800,Kavion,Pippen,Kavion Pippen,,,,,,,,,,,,
1629806,B.J.,Taylor,B.J. Taylor,,,,,,,,,,,,
1629818,Jordan,Murphy,Jordan Murphy,,,,,,,,,,,,
1629819,Yudai,Baba,Yudai Baba,,,,,,,,,,,,
1629824,Jalen,Adams,Jalen Adams,,,,,,,,,,,,
1629825,Perrion,Callandret,Perrion Callandret,,,,,,,,,,,,
1629826,Norense,Odiase,Norense Odiase,,,,,,,,,,,,
1629833,Keljin,Blevins,Keljin Blevins,24/11/1995,Montana State,USA,76,200,TRUE,FALSE,FALSE,2019,,,
1629860,Jon,Davis,Jon Davis,,,,,,,,,,,,
1629873,Jaysean,Paige,Jaysean Paige,30/7/1994,West Virginia,USA,74,200,TRUE,FALSE,FALSE,-1,-1,-1,
1629875,Xavier,Moon,Xavier Moon,2/1/1995,Morehead State,USA,72,165,TRUE,FALSE,FALSE,-1,-1,-1,
1629956,Barry,Brown Jr.,Barry Brown Jr.,,,,,,,,,,,,
1629958,Ahmad,Caver,Ahmad Caver,12/9/1996,Old Dominion,USA,74,174,TRUE,FALSE,FALSE,2019,,,
1629962,Devin,Cannady,Devin Cannady,21/5/1996,Princeton,USA,74,183,TRUE,FALSE,FALSE,2019,,,
1629967,Skyler,Flatten,Skyler Flatten,,,,,,,,,,,,
1630162,Anthony,Edwards,Anthony Edwards,,,,,,TRUE,FALSE,FALSE,,,,
1630163,LaMelo,Ball,LaMelo Ball,,,,,,FALSE,FALSE,FALSE,,,,
1630164,James,Wiseman,James Wiseman,31/3/2001,Memphis,USA,84,240,FALSE,FALSE,TRUE,2020,1,2,
1630165,Killian,Hayes,Killian Hayes,27/7/2001,Ratiopharm Ulm,France,77,195,TRUE,FALSE,FALSE,2020,1,7,
1630166,Deni,Avdija,Deni Avdija,,,,,,FALSE,FALSE,FALSE,,,,
1630167,Obi,Toppin,Obi Toppin,,,,,,FALSE,TRUE,FALSE,,,,
1630168,Onyeka,Okongwu,Onyeka Okongwu,,,,,,FALSE,FALSE,FALSE,,,,
1630169,Tyrese,Haliburton,Tyrese Haliburton,,,,,,FALSE,FALSE,FALSE,,,,
1630170,Devin,Vassell,Devin Vassell,,,,,,FALSE,FALSE,FALSE,,,,
1630171,Isaac,Okoro,Isaac Okoro,26/1/2001,Auburn,USA,77,225,TRUE,TRUE,FALSE,2020,1,5,
1630172,Patrick,Williams,Patrick Williams,,,,,,FALSE,FALSE,FALSE,,,,
1630173,Precious,Achiuwa,Precious Achiuwa,,,,,,FALSE,TRUE,FALSE,,,,
1630174,Aaron,Nesmith,Aaron Nesmith,,,,,,FALSE,TRUE,FALSE,,,,
1630175,Cole,Anthony,Cole Anthony,,,,,,TRUE,FALSE,FALSE,,,,
1630176,Vernon,Carey Jr.,Vernon Carey Jr.,25/2/2001,Duke,USA,82,270,FALSE,FALSE,TRUE,2020,2,32,
1630177,Theo,Maledon,Theo Maledon,12/6/2001,Asvel,France,77,175,TRUE,FALSE,FALSE,2020,2,34,
1630178,Tyrese,Maxey,Tyrese Maxey,,,,,,FALSE,FALSE,FALSE,,,,
1630179,Tyrell,Terry,Tyrell Terry,28/9/2000,Stanford,USA,74,160,TRUE,FALSE,FALSE,2020,2,31,
1630180,Saddiq,Bey,Saddiq Bey,9/4/1999,Villanova,USA,79,215,FALSE,TRUE,FALSE,2020,1,19,
1630181,R.J.,Hampton,R.J. Hampton,7/2/2001,,USA,76,175,TRUE,FALSE,FALSE,2020,1,24,
1630182,Josh,Green,Josh Green,,,,,,FALSE,FALSE,FALSE,,,,
1630183,Jaden,McDaniels,Jaden McDaniels,,,,,,FALSE,FALSE,FALSE,,,,
1630184,Kira,Lewis Jr.,Kira Lewis Jr.,6/4/2001,Alabama,USA,73,1630184,TRUE,FALSE,FALSE,2020,1,13,
1630185,Nico,Mannion,Nico Mannion,14/3/2001,Arizona,Italy,74,190,TRUE,FALSE,FALSE,2020,2,48,
1630186,Jahmi'us,Ramsey,Jahmi'us Ramsey,9/6/2001,Texas Tech,USA,75,190,TRUE,FALSE,FALSE,2020,2,43,
1630187,Daniel,Oturu,Daniel Oturu,20/9/1999,Minnesota,USA,80,240,FALSE,FALSE,TRUE,2020,2,33,
1630188,Jalen,Smith,Jalen Smith,,,,,,FALSE,FALSE,TRUE,,,,
1630189,Tyler,Bey,Tyler Bey,10/2/1998,Colorado,USA,79,215,FALSE,TRUE,FALSE,2020,2,36,
1630190,Elijah,Hughes,Elijah Hughes,10/3/1998,Syracuse,USA,77,1630190,TRUE,FALSE,FALSE,2020,2,39,
1630191,Isaiah,Stewart,Isaiah Stewart,,,,,,FALSE,FALSE,TRUE,,,,
1630192,Zeke,Nnaji,Zeke Nnaji,,,,,,FALSE,TRUE,FALSE,,,,
1630193,Immanuel,Quickley,Immanuel Quickley,17/6/1999,Kentucky,USA,74,190,TRUE,FALSE,FALSE,2020,1,25,
1630194,Paul,Reed,Paul Reed,,,,,,,,,,,,
1630195,Leandro,Bolmaro,Leandro Bolmaro,11/9/2000,,Argentina,78,200,FALSE,TRUE,FALSE,2020,1,23,
1630196,Filip,Petrusev,Filip Petrusev,15/4/2000,Gonzaga,Serbia,83,1630196,FALSE,FALSE,FALSE,2021,2,50,
1630197,Aleksej,Pokusevski,Aleksej Pokusevski,26/12/2001,Olympiacos,Serbia,84,210,FALSE,TRUE,FALSE,2020,1,17,
1630198,Isaiah,Joe,Isaiah Joe,2/7/1999,Arkansas,USA,75,1630198,TRUE,FALSE,FALSE,2020,2,49,
1630199,Cassius,Stanley,Cassius Stanley,18/8/1999,Duke,USA,77,190,TRUE,FALSE,FALSE,2020,2,54,
1630200,Tre,Jones,Tre Jones,,,,,,TRUE,FALSE,FALSE,,,,
1630201,Malachi,Flynn,Malachi Flynn,9/5/1998,San Diego State,USA,73,1630201,TRUE,FALSE,FALSE,2020,1,29,
1630202,Payton,Pritchard,Payton Pritchard,,,,,,TRUE,FALSE,FALSE,,,,
1630203,Grant,Riller,Grant Riller,8/2/1997,College of Charleston,USA,74,190,TRUE,FALSE,FALSE,2020,2,56,
1630204,Ashton,Hagans,Ashton Hagans,8/7/1999,Kentucky,USA,75,190,TRUE,TRUE,FALSE,-1,-1,-1,
1630205,Lamar,Stevens,Lamar Stevens,9/7/1997,Penn State,USA,78,230,FALSE,TRUE,FALSE,-1,-1,-1,
1630206,Jay,Scrubb,Jay Scrubb,1/9/2000,John A. Logan,USA,77,1630206,FALSE,FALSE,FALSE,2020,2,55,
1630207,Nate,Hinton,Nate Hinton,8/6/1999,Houston,USA,77,1630207,TRUE,TRUE,FALSE,-22,-22,-22,
1630208,Nick,Richards,Nick Richards,,,,,,FALSE,FALSE,FALSE,,,,
1630209,Omer,Yurtseven,Omer Yurtseven,19/6/1998,Georgetown,Turkey,83,275,FALSE,FALSE,TRUE,-1,-1,-1,
1630210,Markus,Howard,Markus Howard,3/3/1999,Marquette,USA,70,175,TRUE,FALSE,FALSE,-1,-1,-1,
1630211,Karim,Mane,Karim Mane,16/5/2000,,Senegal,75,190,TRUE,FALSE,FALSE,-1,-1,-1,
1630213,Yoeli,Childs,Yoeli Childs,13/1/1998,Brigham Young,USA,,1630213,FALSE,FALSE,FALSE,-22,-22,-22,
1630214,Xavier,Tillman,Xavier Tillman,,,,,,FALSE,TRUE,FALSE,,,,
1630215,Jared,Butler,Jared Butler,25/8/2000,Baylor,USA,75,193,TRUE,FALSE,FALSE,2021,2,40,
1630216,Cassius,Winston,Cassius Winston,28/2/1998,Michigan State,USA,73,185,TRUE,FALSE,FALSE,2020,2,53,
1630217,Desmond,Bane,Desmond Bane,,,,,,FALSE,FALSE,FALSE,,,,
1630218,Robert,Woodard II,Robert Woodard II,22/9/1999,Mississippi State,USA,78,235,FALSE,TRUE,FALSE,2020,2,40,
1630219,Skylar,Mays,Skylar Mays,,,,,,,,,,,,
1630220,Paul,Eboua,Paul Eboua,15/2/2000,VL Pesaro,Cameroon,,1630220,FALSE,FALSE,FALSE,-22,-22,-22,
1630221,Josh,Hall,Josh Hall,8/10/2000,,USA,81,190,FALSE,TRUE,FALSE,-1,-1,-1,
1630222,Mason,Jones,Mason Jones,,,,,,,,,,,,
1630223,Jalen,Harris,Jalen Harris,14/8/1998,Nevada,USA,77,195,TRUE,FALSE,FALSE,2020,2,59,
1630224,Jalen,Green,Jalen Green,,,,,,FALSE,FALSE,FALSE,,,,
1630225,Isaiah,Todd,Isaiah Todd,17/10/2001,NBA G League Ignite,USA,81,219,FALSE,TRUE,FALSE,2021,2,31,
1630227,Daishen,Nix,Daishen Nix,,,,,,,,,,,,
1630228,Jonathan,Kuminga,Jonathan Kuminga,,,,,,FALSE,FALSE,FALSE,,,,
1630230,Naji,Marshall,Naji Marshall,24/1/1998,Xavier,USA,79,220,FALSE,TRUE,FALSE,-1,-1,-1,
1630231,Kenyon,Martin Jr.,Kenyon Martin Jr.,6/1/2001,IMG Academy (FL),USA,79,215,FALSE,TRUE,FALSE,2020,2,52,
1630232,Kahlil,Whitney,Kahlil Whitney,8/1/2001,Kentucky,USA,,1630232,FALSE,FALSE,FALSE,-22,-22,-22,
1630233,Nathan,Knight,Nathan Knight,20/9/1997,William & Mary,USA,80,1630233,FALSE,TRUE,TRUE,-22,-22,-22,
1630234,Ty-Shon,Alexander,Ty-Shon Alexander,16/7/1998,Creighton,USA,75,195,TRUE,FALSE,FALSE,-1,-1,-1,
1630235,Trent,Forrest,Trent Forrest,12/6/1998,Florida State,USA,76,210,TRUE,FALSE,FALSE,-1,-1,-1,
1630237,Anthony,Lamb,Anthony Lamb,20/1/1998,Vermont,USA,78,227,FALSE,TRUE,FALSE,-1,-1,-1,
1630238,Malik,Fitts,Malik Fitts,4/7/1997,,USA,77,230,FALSE,TRUE,FALSE,-1,-1,-1,
1630240,Saben,Lee,Saben Lee,23/6/1999,Vanderbilt,USA,74,183,TRUE,FALSE,FALSE,2020,2,38,
1630241,Sam,Merrill,Sam Merrill,,,,,,TRUE,FALSE,FALSE,,,,
1630243,Trevelin,Queen,Trevelin Queen,,,,,,,,,,,,
1630245,Ayo,Dosunmu,Ayo Dosunmu,,,,,,FALSE,TRUE,FALSE,,,,
1630247,Derrick,Alston Jr.,Derrick Alston Jr.,17/9/1997,Boise State,USA,,1630247,FALSE,FALSE,FALSE,-22,-22,-22,
1630248,Sacha,Killeya-Jones,Sacha Killeya-Jones,10/8/1998,North Carolina State,USA,,1630248,FALSE,FALSE,FALSE,-22,-22,-22,
1630249,Vit,Krejci,Vit Krejci,,,,,,FALSE,FALSE,FALSE,,,,
1630250,Marko,Simonovic,Marko Simonovic,15/10/1999,Mega Basket,Montenegro,84,220,FALSE,FALSE,TRUE,2020,2,44,
1630253,Sean,McDermott,Sean McDermott,3/11/1996,Butler,USA,78,195,FALSE,TRUE,FALSE,-1,-1,-1,
1630254,Breein,Tyree,Breein Tyree,13/1/1998,Mississippi,USA,,1630254,FALSE,FALSE,FALSE,-22,-22,-22,
1630255,Jake,Toolson,Jake Toolson,6/3/1996,Brigham Young,USA,,1630255,FALSE,FALSE,FALSE,-22,-22,-22,
1630256,Jae'Sean,Tate,Jae'Sean Tate,,,,,,FALSE,FALSE,TRUE,,,,
1630257,Jon,Teske,Jon Teske,4/5/1997,Michigan,USA,85,265,FALSE,FALSE,TRUE,-1,-1,-1,
1630258,Caleb,Homesley,Caleb Homesley,27/11/1996,Liberty,USA,78,205,TRUE,FALSE,FALSE,-1,-1,-1,
1630259,Jordan,Ford,Jordan Ford,26/5/1998,St. Mary's College,USA,73,1630259,TRUE,FALSE,FALSE,-22,-22,-22,
1630260,Marlon,Taylor,Marlon Taylor,16/8/1997,Louisiana State,USA,,1630260,FALSE,FALSE,FALSE,-22,-22,-22,
1630261,Jahlil,Tripp,Jahlil Tripp,22/9/1997,Pacific,USA,,1630261,FALSE,FALSE,FALSE,-22,-22,-22,
1630262,Rayshaun,Hammonds,Rayshaun Hammonds,10/11/1998,Georgia,USA,,1630262,FALSE,FALSE,FALSE,-22,-22,-22,
1630263,Dwayne,Sutton,Dwayne Sutton,26/2/1997,Louisville,USA,,1630263,FALSE,FALSE,FALSE,-22,-22,-22,
1630264,Anthony,Gill,Anthony Gill,,,,,,,,,,,,
1630265,Romaro,Gill,Romaro Gill,2/10/1994,Seton Hall,Jamaica,,1630265,FALSE,FALSE,FALSE,-22,-22,-22,
1630266,Will,Magnay,Will Magnay,10/6/1998,,Australia,82,234,FALSE,FALSE,TRUE,-1,-1,-1,
1630267,Facundo,Campazzo,Facundo Campazzo,23/3/1991,,Argentina,70,195,TRUE,FALSE,FALSE,-1,-1,-1,
1630268,Nate,Darling,Nate Darling,,,,,,,,,,,,
1630269,Keandre,Cook,Keandre Cook,1/5/1997,Missouri State,USA,,1630269,FALSE,FALSE,FALSE,-22,-22,-22,
1630270,Xavier,Sneed,Xavier Sneed,21/12/1997,Kansas State,USA,77,215,FALSE,TRUE,FALSE,-1,-1,-1,
1630271,Brodric,Thomas,Brodric Thomas,28/1/1997,Truman State,USA,77,1630271,TRUE,FALSE,FALSE,-22,-22,-22,
1630272,EJ,Montgomery,EJ Montgomery,12/9/1999,Kentucky,USA,,1630272,FALSE,FALSE,FALSE,-22,-22,-22,
1630273,Freddie,Gillespie,Freddie Gillespie,14/6/1997,Baylor,USA,81,245,FALSE,FALSE,TRUE,-1,-1,-1,
1630275,Jordan,Bowden,Jordan Bowden,20/1/1997,Tennessee,USA,,1630275,FALSE,FALSE,FALSE,-22,-22,-22,
1630278,Ade,Murkey,Ade Murkey,29/1/1998,Denver,USA,77,200,TRUE,FALSE,FALSE,-1,-1,-1,
1630283,Kylor,Kelley,Kylor Kelley,,,,,,FALSE,FALSE,TRUE,,,,
1630284,Kevon,Harris,Kevon Harris,24/6/1997,Stephen F. Austin,USA,78,216,TRUE,FALSE,FALSE,-1,-1,-1,
1630285,Zavier,Simpson,Zavier Simpson,11/2/1997,Michigan,USA,72,1630285,FALSE,FALSE,FALSE,-22,-22,-22,
1630286,Tre,Scott,Tre Scott,25/11/1996,Cincinnati,USA,80,1630286,FALSE,FALSE,FALSE,-22,-22,-22,
1630288,Jeff,Dowtin Jr.,Jeff Dowtin Jr.,,,,,,TRUE,FALSE,FALSE,,,,
1630296,Braxton,Key,Braxton Key,14/2/1997,Virginia,USA,80,225,FALSE,TRUE,FALSE,-1,-1,-1,
1630306,Rob,Edwards,Rob Edwards,20/1/1997,Arizona State,USA,77,205,TRUE,FALSE,FALSE,-1,-1,-1,
1630311,Pat,Spencer,Pat Spencer,,,,,,,,,,,,
1630314,Brandon,Williams,Brandon Williams,,,,,,TRUE,FALSE,FALSE,,,,
1630321,Nate,Pierre-Louis,Nate Pierre-Louis,23/12/1998,Temple,USA,,,,,,-1,-1,-1,
1630322,Lindy,Waters III,Lindy Waters III,,,,,,,,,,,,
1630342,Trhae,Mitchell,Trhae Mitchell,19/8/1997,South Alabama,USA,,1630342,FALSE,FALSE,FALSE,-22,-22,-22,
1630346,Matt,Ryan,Matt Ryan,,,,,,,,,,,,
1630466,Gabriel,Deck,Gabriel Deck,8/2/1995,Real Madrid,Argentina,78,231,FALSE,TRUE,FALSE,-1,-1,-1,
1630492,Luca,Vildoza,Luca Vildoza,11/8/1995,Baskonia,Argentina,75,190,TRUE,FALSE,FALSE,-1,-1,-1,
1630525,David,Johnson,David Johnson,26/2/2001,Louisville,USA,76,1630525,TRUE,FALSE,FALSE,2021,2,47,
1630526,Jeremiah,Robinson-Earl,Jeremiah Robinson-Earl,,,,,,FALSE,FALSE,FALSE,,,,
1630527,Brandon,Boston Jr.,Brandon Boston Jr.,28/11/2001,Kentucky,USA,78,188,TRUE,FALSE,FALSE,2021,2,51,
1630528,Josh,Christopher,Josh Christopher,,,,,,,,,,,,
1630529,Herbert,Jones,Herbert Jones,,,,,,FALSE,TRUE,FALSE,,,,
1630530,Trey,Murphy III,Trey Murphy III,,,,,,FALSE,FALSE,FALSE,,,,
1630531,Jaden,Springer,Jaden Springer,,,,,,TRUE,FALSE,FALSE,,,,
1630532,Franz,Wagner,Franz Wagner,,,,,,FALSE,FALSE,FALSE,,,,
1630533,Ziaire,Williams,Ziaire Williams,,,,,,FALSE,TRUE,FALSE,,,,
1630534,Ochai,Agbaji,Ochai Agbaji,20/4/2000,Kansas,USA,77,215,TRUE,FALSE,FALSE,2022,1,14,
1630535,Greg,Brown III,Greg Brown III,1/9/2001,Texas,USA,79,206,FALSE,TRUE,FALSE,2021,2,43,
1630536,Sharife,Cooper,Sharife Cooper,11/6/2001,Auburn,USA,73,176,TRUE,FALSE,FALSE,2021,2,48,
1630537,Chris,Duarte,Chris Duarte,13/6/1997,Oren,Dominican Republic,77,190,TRUE,FALSE,FALSE,2021,1,13,
1630538,Bones,Hyland,Bones Hyland,,,,,,,,,,,,
1630539,Kai,Jones,Kai Jones,,,,,,FALSE,FALSE,TRUE,,,,
1630540,Miles,McBride,Miles McBride,,,,,,TRUE,FALSE,FALSE,,,,
1630541,Moses,Moody,Moses Moody,,,,,,FALSE,TRUE,FALSE,,,,
1630542,Marcus,Bagley,Marcus Bagley,,,,,,FALSE,TRUE,FALSE,,,,
1630543,Isaiah,Jackson,Isaiah Jackson,10/1/2002,Kentucky,USA,81,205,FALSE,TRUE,FALSE,2021,1,22,
1630544,Tre,Mann,Tre Mann,3/2/2001,Florida,USA,75,178,TRUE,FALSE,FALSE,2021,1,18,
1630545,Terrence,Shannon Jr.,Terrence Shannon Jr.,,,,,,FALSE,TRUE,FALSE,,,,
1630546,Max,Abmas,Max Abmas,,,,,,,,,,,,
1630547,James,Bouknight,James Bouknight,18/9/2000,Connecticut,USA,76,1630547,FALSE,FALSE,FALSE,2021,1,11,
1630548,Johnny,Juzang,Johnny Juzang,,,,,,FALSE,TRUE,FALSE,,,,
1630549,Day'Ron,Sharpe,Day'Ron Sharpe,,,,,,FALSE,FALSE,TRUE,,,,
1630550,JT,Thor,JT Thor,,,,,,,,,,,,
1630551,Justin,Champagnie,Justin Champagnie,,,,,,FALSE,TRUE,FALSE,,,,
1630552,Jalen,Johnson,Jalen Johnson,,,,,,FALSE,FALSE,FALSE,,,,
1630553,Keon,Johnson,Keon Johnson,,,,,,FALSE,FALSE,FALSE,,,,
1630554,Jason,Preston,Jason Preston,,,,,,,,,,,,
1630555,Joel,Ayayi,Joel Ayayi,5/3/2000,Gonzaga,France,76,180,TRUE,FALSE,FALSE,-1,-1,-1,
1630556,Kessler,Edwards,Kessler Edwards,,,,,,FALSE,TRUE,FALSE,,,,
1630557,Corey,Kispert,Corey Kispert,,,,,,,,,,,,
1630558,Davion,Mitchell,Davion Mitchell,,,,,,FALSE,FALSE,FALSE,,,,
1630559,Austin,Reaves,Austin Reaves,,,,,,FALSE,FALSE,FALSE,,,,
1630560,Cam,Thomas,Cam Thomas,13/10/2001,Louisiana State,Japan,75,210,TRUE,FALSE,FALSE,2021,1,27,
1630561,David,Duke Jr.,David Duke Jr.,13/10/1999,Providence,USA,76,204,TRUE,FALSE,FALSE,-1,-1,-1,
1630562,Matthew,Hurt,Matthew Hurt,20/4/2000,Duke,USA,,,,,,-1,-1,-1,
1630563,Joshua,Primo,Joshua Primo,24/12/2002,Alabama,Canada,78,189,TRUE,FALSE,FALSE,2021,1,12,
1630564,RaiQuan,Gray,RaiQuan Gray,7/7/1999,Florida State,USA,79,269,FALSE,TRUE,FALSE,2021,2,59,
1630565,Aaron,Henry,Aaron Henry,30/8/1999,Michigan State,USA,77,210,FALSE,TRUE,FALSE,-1,-1,-1,
1630566,John,Petty Jr.,John Petty Jr.,2/12/1998,Alabama,USA,,1630566,FALSE,FALSE,FALSE,-22,-22,-22,
1630567,Scottie,Barnes,Scottie Barnes,,,,,,FALSE,FALSE,FALSE,,,,
1630568,Luka,Garza,Luka Garza,,,,,,,,,,,,
1630569,DJ,Steward,DJ Steward,2/10/2001,Duke,USA,,1630569,FALSE,FALSE,FALSE,-22,-22,-22,
1630570,Trendon,Watford,Trendon Watford,,,,,,FALSE,TRUE,FALSE,,,,
1630571,Matthew,Mayer,Matthew Mayer,23/9/1999,Illinois,USA,,1630571,FALSE,FALSE,FALSE,-22,-22,-22,
1630572,Sandro,Mamukelashvili,Sandro Mamukelashvili,,,,,,,,,,,,
1630573,Sam,Hauser,Sam Hauser,,,,,,FALSE,TRUE,FALSE,,,,
1630574,Ariel,Hukporti,Ariel Hukporti,12/4/2002,MHP Riesen,Germany,83,1630574,FALSE,FALSE,TRUE,2024,2,58,
1630575,Scottie,Lewis,Scottie Lewis,12/3/2000,Florida,USA,77,185,TRUE,FALSE,FALSE,2021,2,56,
1630577,Julian,Champagnie,Julian Champagnie,,,,,,TRUE,FALSE,FALSE,,,,
1630578,Alperen,Sengun,Alperen Sengun,,,,,,FALSE,FALSE,FALSE,,,,
1630579,Jericho,Sims,Jericho Sims,,,,,,,,,,,,
1630580,Joe,Wieskamp,Joe Wieskamp,23/8/1999,Iowa,USA,78,205,TRUE,TRUE,FALSE,2021,2,41,
1630581,Josh,Giddey,Josh Giddey,,,,,,FALSE,FALSE,FALSE,,,,
1630582,Yves,Pons,Yves Pons,7/5/1999,Tennessee,France,77,206,FALSE,TRUE,FALSE,-1,-1,-1,
1630583,Santi,Aldama,Santi Aldama,,,,,,FALSE,TRUE,FALSE,,,,
1630585,Marcus,Garrett,Marcus Garrett,9/11/1998,Kansas,USA,77,205,TRUE,FALSE,FALSE,-1,-1,-1,
1630586,Usman,Garuba,Usman Garuba,9/3/2002,Real Madrid,Spain,80,229,FALSE,TRUE,FALSE,2021,1,23,
1630587,Isaiah,Livers,Isaiah Livers,28/7/1998,Michigan,USA,78,232,FALSE,TRUE,FALSE,2021,2,42,
1630588,Makur,Maker,Makur Maker,4/11/2000,Capital City Go-Go,South Sudan,,,,,,-1,-1,-1,
1630589,Moses,Wright,Moses Wright,23/12/1998,Georgia Tech,USA,80,226,FALSE,TRUE,FALSE,-1,-1,-1,
1630590,Scotty,Pippen Jr.,Scotty Pippen Jr.,,,,,,TRUE,FALSE,FALSE,,,,
1630591,Jalen,Suggs,Jalen Suggs,,,,,,FALSE,FALSE,FALSE,,,,
1630592,Jalen,Wilson,Jalen Wilson,,,,,,FALSE,FALSE,FALSE,,,,
1630593,McKinley,Wright IV,McKinley Wright IV,25/10/1998,Colorado,USA,71,192,TRUE,FALSE,FALSE,-1,-1,-1,
1630595,Cade,Cunningham,Cade Cunningham,,,,,,FALSE,FALSE,FALSE,,,,
1630596,Evan,Mobley,Evan Mobley,,,,,,FALSE,FALSE,FALSE,,,,
1630597,DJ,Stewart,DJ Stewart,28/7/1999,Mississippi State,USA,77,205,TRUE,FALSE,FALSE,-1,-1,-1,
1630598,Aaron,Wiggins,Aaron Wiggins,,,,,,FALSE,FALSE,FALSE,,,,
1630600,Isaiah,Mobley,Isaiah Mobley,24/9/1999,Southern California,USA,80,238,FALSE,TRUE,FALSE,2022,2,49,
1630601,EJ,Onu,EJ Onu,31/7/1999,Shawnee State,USA,,1630601,FALSE,FALSE,FALSE,-22,-22,-22,
1630602,Chaundee,Brown,Chaundee Brown,4/12/1998,Michigan State,USA,77,215,FALSE,TRUE,FALSE,-1,-1,-1,
1630603,Aamir,Simms,Aamir Simms,17/2/1999,Clemson,USA,,1630603,FALSE,FALSE,FALSE,-22,-22,-22,
1630604,E.J.,Liddell,E.J. Liddell,18/12/2000,Ohio State,USA,78,1630604,FALSE,TRUE,FALSE,2022,2,41,
1630605,JaQuori,McLaughlin,JaQuori McLaughlin,29/1/1998,California-Santa Barbara,USA,76,1630605,FALSE,FALSE,FALSE,-22,-22,-22,
1630606,Javonte,Smart,Javonte Smart,3/6/1999,Birmingham Squadron,USA,76,205,TRUE,FALSE,FALSE,-1,-1,-1,
1630607,Chris,Smith,Chris Smith,24/12/1999,UCLA,USA,,1630607,FALSE,FALSE,FALSE,-22,-22,-22,
1630608,Malcolm,Cazalon,Malcolm Cazalon,27/8/2001,Mega Basket,France,78,1630608,FALSE,FALSE,FALSE,-22,-22,-22,
1630610,DeJon,Jarreau,DeJon Jarreau,23/1/1998,Houston,USA,77,185,TRUE,FALSE,FALSE,-1,-1,-1,
1630611,Gui,Santos,Gui Santos,,,,,,FALSE,TRUE,FALSE,,,,
1630612,RJ,Nembhard Jr.,RJ Nembhard Jr.,22/3/1999,Texas Christian,USA,76,200,TRUE,FALSE,FALSE,-1,-1,-1,
1630613,Duane,Washington Jr.,Duane Washington Jr.,24/3/2000,Ohio State,Germany,74,197,TRUE,FALSE,FALSE,-1,-1,-1,
1630617,MaCio,Teague,MaCio Teague,11/6/1997,Baylor,USA,,1630617,FALSE,FALSE,FALSE,-22,-22,-22,
1630618,D.J.,Carton,D.J. Carton,5/8/2000,Marquette,USA,75,1630618,FALSE,FALSE,FALSE,-22,-22,-22,
1630620,Darius,Days,Darius Days,20/10/1999,Louisiana State,USA,79,245,FALSE,TRUE,FALSE,-1,-1,-1,
1630622,Jalen,Crutcher,Jalen Crutcher,18/7/1999,University of Dayton,USA,,,,,,-1,-1,-1,
1630623,Tyson,Etienne,Tyson Etienne,17/9/1999,Wichita State,USA,,1630623,FALSE,FALSE,FALSE,-22,-22,-22,
1630624,Feron,Hunt,Feron Hunt,5/7/1999,Southern Methodist,USA,80,195,FALSE,TRUE,FALSE,-1,-1,-1,
1630625,Dalano,Banton,Dalano Banton,,,,,,TRUE,FALSE,FALSE,,,,
1630627,Isaiah,Miller,Isaiah Miller,9/11/1997,North Carolina-Greensboro,USA,,,,,,-1,-1,-1,
1630631,Jose,Alvarado,Jose Alvarado,,,,,,TRUE,FALSE,FALSE,,,,
1630637,Carlik,Jones,Carlik Jones,23/12/1997,Louisville,USA,72,174,TRUE,FALSE,FALSE,-1,-1,-1,
1630639,A.J.,Lawson,A.J. Lawson,15/7/2000,South Carolina,Canada,78,179,TRUE,FALSE,FALSE,-1,-1,-1,
1630640,MJ,Walker,MJ Walker,28/3/1998,Florida State,USA,77,213,TRUE,FALSE,FALSE,-1,-1,-1,
1630641,Ibou,Badji,Ibou Badji,13/10/2002,FC Barcelona,Senegal,84,1630641,FALSE,FALSE,TRUE,-22,-22,-22,
1630642,Mitch,Ballock,Mitch Ballock,2/7/1998,Creighton,USA,,1630642,FALSE,FALSE,FALSE,-22,-22,-22,
1630643,Jay,Huff,Jay Huff,,,,,,FALSE,FALSE,TRUE,,,,
1630644,Mac,McClung,Mac McClung,6/1/1999,Texas Tech,USA,74,1630644,TRUE,FALSE,FALSE,-22,-22,-22,
1630645,Matt,Coleman III,Matt Coleman III,22/1/1998,Texas,USA,,1630645,FALSE,FALSE,FALSE,-22,-22,-22,
1630647,Eugene,Omoruyi,Eugene Omoruyi,,,,,,,,,,,,
1630648,Jordan,Schakel,Jordan Schakel,13/6/1998,San Diego State,USA,78,200,TRUE,FALSE,FALSE,-1,-1,-1,
1630649,Stanley,Umude,Stanley Umude,,,,,,,,,,,,
1630651,Romeo,Weems,Romeo Weems,9/6/2001,DePaul,USA,,1630651,FALSE,FALSE,FALSE,-22,-22,-22,
1630652,Trevion,Williams,Trevion Williams,16/9/2000,Purdue,USA,,1630652,FALSE,FALSE,FALSE,-22,-22,-22,
1630654,Armando,Bacot,Armando Bacot,6/3/2000,North Carolina,USA,,1630654,FALSE,FALSE,FALSE,-22,-22,-22,
1630658,Colin,Castleton,Colin Castleton,,,,,,FALSE,TRUE,FALSE,,,,
1630660,Kendric,Davis,Kendric Davis,14/5/1999,Memphis,USA,,1630660,FALSE,FALSE,FALSE,-22,-22,-22,
1630665,Matt,Lewis,Matt Lewis,21/12/1998,James Madison,USA,,1630665,FALSE,FALSE,FALSE,-22,-22,-22,
1630672,Brandon,Rachal,Brandon Rachal,30/9/1999,Tulsa,USA,,1630672,FALSE,FALSE,FALSE,-22,-22,-22,
1630675,Devontae,Shuler,Devontae Shuler,9/2/1998,Mississippi,USA,,1630675,FALSE,FALSE,FALSE,-22,-22,-22,
1630678,Terry,Taylor,Terry Taylor,23/9/1999,Austin Peay,USA,76,230,FALSE,TRUE,FALSE,-1,-1,-1,
1630679,Ethan,Thompson,Ethan Thompson,4/5/1999,Oregon State,Puerto Rico,,1630679,FALSE,FALSE,FALSE,-22,-22,-22,
1630686,Georgios,Kalaitzakis,Georgios Kalaitzakis,2/1/1999,Panathinaikos,Greece,79,192,FALSE,TRUE,FALSE,2021,2,60,
1630688,Ish,Wainright,Ish Wainright,12/9/1994,Baylor,USA,77,250,FALSE,TRUE,FALSE,-1,-1,-1,
1630691,Jamorko,Pickett,Jamorko Pickett,24/12/1997,Georgetown,USA,81,206,FALSE,TRUE,FALSE,-1,-1,-1,
1630692,Jordan,Goodwin,Jordan Goodwin,,,,,,TRUE,FALSE,FALSE,,,,
1630693,Jaime,Echenique,Jaime Echenique,27/4/1997,Wichita State,Colombia,82,258,FALSE,FALSE,TRUE,-1,-1,-1,
1630695,Micah,Potter,Micah Potter,,,,,,FALSE,TRUE,FALSE,,,,
1630696,Dru,Smith,Dru Smith,30/12/1997,Missouri,USA,74,1630696,TRUE,FALSE,FALSE,-22,-22,-22,
1630698,Kevin,Pangos,Kevin Pangos,26/1/1993,Gonzaga,Canada,73,179,TRUE,FALSE,FALSE,-1,-1,-1,
1630699,MarJon,Beauchamp,MarJon Beauchamp,,,,,,,,,,,,
1630700,Dyson,Daniels,Dyson Daniels,,,,,,FALSE,FALSE,FALSE,,,,
1630701,Michael,Foster Jr.,Michael Foster Jr.,16/1/2003,,USA,80,250,FALSE,TRUE,FALSE,-1,-1,-1,
1630702,Jaden,Hardy,Jaden Hardy,,,,,,,,,,,,
1630703,Scoot,Henderson,Scoot Henderson,,,,,,TRUE,FALSE,FALSE,,,,
1630707,Malik,Ellison,Malik Ellison,17/8/1996,Hartford,USA,,1630707,FALSE,FALSE,FALSE,-22,-22,-22,
1630733,Jordan,Tucker,Jordan Tucker,3/4/1998,Butler,USA,,1630733,FALSE,FALSE,FALSE,-22,-22,-22,
1630758,Aleem,Ford,Aleem Ford,22/12/1997,LeonesdePonce,USA,80,220,FALSE,TRUE,FALSE,-1,-1,-1,
1630762,Phillip,Wheeler,Phillip Wheeler,,,,,,,,,,,,
1630777,Jeremiah,Tilmon,Jeremiah Tilmon,25/11/1998,Missouri,USA,,1630777,FALSE,FALSE,FALSE,-22,-22,-22,
1630787,Cameron,McGriff,Cameron McGriff,30/9/1997,Oklahoma State,USA,79,220,FALSE,TRUE,FALSE,-1,-1,-1,
1630791,James,Banks III,James Banks III,16/1/1998,Georgia Tech,USA,,1630791,FALSE,FALSE,FALSE,-22,-22,-22,
1630792,Malcolm,Hill,Malcolm Hill,26/10/1995,Illinois,USA,78,220,FALSE,TRUE,FALSE,-1,-1,-1,
1630793,Giorgi,Bezhanishvili,Giorgi Bezhanishvili,29/6/1998,Illinois,Georgia,,1630793,FALSE,FALSE,FALSE,-22,-22,-22,
1630801,Ibi,Watson,Ibi Watson,6/1/1998,Dayton,USA,,1630801,FALSE,FALSE,FALSE,-22,-22,-22,
1630811,Keaton,Wallace,Keaton Wallace,26/2/1999,Texas-San Antonio,USA,75,1630811,TRUE,FALSE,FALSE,-22,-22,-22,
1630835,LJ,Figueroa,LJ Figueroa,28/3/1998,Oregon,USA,,1630835,FALSE,FALSE,FALSE,-22,-22,-22,
1630846,Olivier,Sarr,Olivier Sarr,20/2/1999,Kentucky,France,83,240,FALSE,FALSE,TRUE,-1,-1,-1,
1630929,Henri,Drell,Henri Drell,25/4/2000,Victoria Libertas,Estonia,81,1630929,FALSE,TRUE,FALSE,-22,-22,-22,
1630994,Gabriel,Lundberg,Gabriel Lundberg,4/12/1994,CSKA Moscow,Denmark,76,1630994,TRUE,FALSE,FALSE,-22,-22,-22,
1631093,Jaden,Ivey,Jaden Ivey,13/2/2002,Purdue,USA,76,195,TRUE,FALSE,FALSE,2022,1,5,
1631094,Paolo,Banchero,Paolo Banchero,,,,,,FALSE,FALSE,FALSE,,,,
1631095,Jabari,Smith Jr.,Jabari Smith Jr.,,,,,,FALSE,TRUE,FALSE,,,,
1631096,Chet,Holmgren,Chet Holmgren,1/5/2002,nzaga,USA,85,195,FALSE,TRUE,TRUE,2022,1,2,
1631097,Bennedict,Mathurin,Bennedict Mathurin,,,,,,FALSE,FALSE,FALSE,,,,
1631098,Johnny,Davis,Johnny Davis,,,,,,,,,,,,
1631099,Keegan,Murray,Keegan Murray,,,,,,FALSE,FALSE,FALSE,,,,
1631100,AJ,Griffin,AJ Griffin,25/8/2003,Duke,USA,78,220,FALSE,TRUE,FALSE,2022,1,16,
1631101,Shaedon,Sharpe,Shaedon Sharpe,,,,,,TRUE,FALSE,FALSE,,,,
1631102,TyTy,Washington Jr.,TyTy Washington Jr.,15/11/2001,Kentucky,USA,75,195,TRUE,FALSE,FALSE,2022,1,29,
1631103,Malaki,Branham,Malaki Branham,,,,,,,,,,,,
1631104,Blake,Wesley,Blake Wesley,,,,,,,,,,,,
1631105,Jalen,Duren,Jalen Duren,,,,,,FALSE,FALSE,FALSE,,,,
1631106,Tari,Eason,Tari Eason,,,,,,FALSE,TRUE,FALSE,,,,
1631107,Nikola,Jovic,Nikola Jovic,,,,,,,,,,,,
1631108,Max,Christie,Max Christie,,,,,,FALSE,FALSE,FALSE,,,,
1631109,Mark,Williams,Mark Williams,,,,,,FALSE,FALSE,FALSE,,,,
1631110,Jeremy,Sochan,Jeremy Sochan,,,,,,FALSE,TRUE,FALSE,,,,
1631111,Wendell,Moore Jr.,Wendell Moore Jr.,,,,,,,,,,,,
1631112,Kendall,Brown,Kendall Brown,11/5/2003,Baylor,USA,79,205,TRUE,FALSE,FALSE,2022,2,48,
1631113,Kennedy,Chandler,Kennedy Chandler,16/9/2002,Tennessee,USA,71,170,TRUE,FALSE,FALSE,2022,2,38,
1631114,Jalen,Williams,Jalen Williams,,,,,,FALSE,FALSE,FALSE,,,,
1631115,Orlando,Robinson,Orlando Robinson,,,,,,FALSE,FALSE,TRUE,,,,
1631116,Patrick,Baldwin Jr.,Patrick Baldwin Jr.,18/11/2002,Wisconsin-Milwaukee,USA,81,220,FALSE,TRUE,FALSE,2022,1,28,
1631117,Walker,Kessler,Walker Kessler,,,,,,FALSE,FALSE,FALSE,,,,
1631119,Jaylin,Williams,Jaylin Williams,,,,,,FALSE,FALSE,FALSE,,,,
1631120,JD,Davison,JD Davison,,,,,,,,,,,,
1631121,Bryce,McGowens,Bryce McGowens,,,,,,,,,,,,
1631122,Gabe,Brown,Gabe Brown,5/3/2000,Michigan State,USA,,,,,,-1,-1,-1,
1631123,Jamaree,Bouyea,Jamaree Bouyea,27/6/1999,San Francisco,USA,74,180,TRUE,FALSE,FALSE,-1,-1,-1,
1631124,Julian,Strawther,Julian Strawther,,,,,,TRUE,FALSE,FALSE,,,,
1631127,Harrison,Ingram,Harrison Ingram,27/11/2002,North Carolina,USA,77,1631127,FALSE,TRUE,FALSE,2024,2,48,
1631128,Christian,Braun,Christian Braun,,,,,,FALSE,FALSE,FALSE,,,,
1631131,Oscar,Tshiebwe,Oscar Tshiebwe,,,,,,FALSE,FALSE,TRUE,,,,
1631132,Christian,Koloko,Christian Koloko,,,,,,,,,,,,
1631133,Jabari,Walker,Jabari Walker,,,,,,FALSE,FALSE,TRUE,,,,
1631157,Ryan,Rollins,Ryan Rollins,,,,,,TRUE,FALSE,FALSE,,,,
1631159,Leonard,Miller,Leonard Miller,,,,,,,,,,,,
1631160,Jordan,Hall,Jordan Hall,14/1/2002,St. Joseph's (PA),USA,79,215,TRUE,FALSE,FALSE,-1,-1,-1,
1631165,Keon,Ellis,Keon Ellis,,,,,,TRUE,FALSE,FALSE,,,,
1631166,Drew,Timme,Drew Timme,9/9/2000,Gonzaga,USA,,1631166,FALSE,FALSE,FALSE,-22,-22,-22,
1631167,Izaiah,Brockington,Izaiah Brockington,12/7/1999,Iowa State,USA,76,1631167,FALSE,FALSE,FALSE,-22,-22,-22,
1631169,Josh,Minott,Josh Minott,,,,,,,,,,,,
1631170,Jaime,Jaquez Jr.,Jaime Jaquez Jr.,,,,,,FALSE,TRUE,FALSE,,,,
1631171,Justin,Lewis,Justin Lewis,12/4/2002,Marquette,USA,79,245,FALSE,TRUE,FALSE,-1,-1,-1,
1631172,Ousmane,Dieng,Ousmane Dieng,,,,,,FALSE,TRUE,FALSE,,,,
1631173,Terquavion,Smith,Terquavion Smith,31/12/2002,North Carolina State,USA,76,1631173,TRUE,FALSE,FALSE,-22,-22,-22,
1631197,Jared,Rhoden,Jared Rhoden,27/8/1999,Seton Hall,USA,77,1631197,FALSE,FALSE,FALSE,-22,-22,-22,
1631199,Ron,Harper Jr.,Ron Harper Jr.,,,,,,,,,,,,
1631200,Kris,Murray,Kris Murray,,,,,,FALSE,TRUE,FALSE,,,,
1631204,Marcus,Sasser,Marcus Sasser,,,,,,TRUE,FALSE,FALSE,,,,
1631205,Buddy,Boeheim,Buddy Boeheim,11/11/1999,Syracuse,USA,78,205,FALSE,TRUE,FALSE,-1,-1,-1,
1631207,Dalen,Terry,Dalen Terry,,,,,,FALSE,TRUE,FALSE,,,,
1631209,Isaiah,Wong,Isaiah Wong,,,,,,,,,,,,
1631210,Jacob,Toppin,Jacob Toppin,,,,,,,,,,,,
1631211,Trevor,Keels,Trevor Keels,26/8/2003,Duke,USA,76,221,TRUE,FALSE,FALSE,2022,2,42,
1631212,Peyton,Watson,Peyton Watson,,,,,,FALSE,TRUE,FALSE,,,,
1631213,Tyrese,Martin,Tyrese Martin,,,,,,FALSE,FALSE,FALSE,,,,
1631214,Alondes,Williams,Alondes Williams,,,,,,,,,,,,
1631216,Caleb,Houstan,Caleb Houstan,,,,,,FALSE,TRUE,FALSE,,,,
1631217,Moussa,Diabate,Moussa Diabate,,,,,,FALSE,FALSE,TRUE,,,,
1631218,Trayce,Jackson-Davis,Trayce Jackson-Davis,,,,,,FALSE,FALSE,FALSE,,,,
1631219,John,Butler Jr.,John Butler Jr.,4/12/2002,Florida State,USA,84,1631219,FALSE,TRUE,FALSE,-22,-22,-22,
1631220,Dereon,Seabron,Dereon Seabron,26/5/2000,North Carolina State,USA,77,180,TRUE,FALSE,FALSE,-1,-1,-1,
1631221,Collin,Gillespie,Collin Gillespie,,,,,,TRUE,FALSE,FALSE,,,,
1631222,Jake,LaRavia,Jake LaRavia,,,,,,,,,,,,
1631223,David,Roddy,David Roddy,,,,,,,,,,,,
1631230,Dominick,Barlow,Dominick Barlow,,,,,,FALSE,TRUE,FALSE,,,,
1631231,James,Akinjo,James Akinjo,27/11/2000,Baylor,USA,,1631231,FALSE,FALSE,FALSE,-22,-22,-22,
1631232,Keion,Brooks Jr.,Keion Brooks Jr.,7/8/2000,Washington,USA,79,1631232,FALSE,FALSE,FALSE,-22,-22,-22,
1631234,Marcus,Bingham Jr.,Marcus Bingham Jr.,14/7/2000,Michigan State,USA,,,,,,-1,-1,-1,
1631238,Michael,Devoe,Michael Devoe,17/12/1999,Georgia Tech,USA,,1631238,FALSE,FALSE,FALSE,-22,-22,-22,
1631241,Javon,Freeman-Liberty,Javon Freeman-Liberty,20/10/1999,DePaul,USA,75,1631241,TRUE,FALSE,FALSE,-22,-22,-22,
1631242,Kellan,Grady,Kellan Grady,11/9/1997,Kentucky,USA,,1631242,FALSE,FALSE,FALSE,-22,-22,-22,
1631243,Mouhamed,Gueye,Mouhamed Gueye,9/11/2002,Washington State,Senegal,82,1631243,FALSE,TRUE,FALSE,2023,2,39,
1631245,Quenton,Jackson,Quenton Jackson,15/9/1998,Texas A&M,USA,77,1631245,TRUE,FALSE,FALSE,-22,-22,-22,
1631246,Vince,Williams Jr.,Vince Williams Jr.,,,,,,FALSE,TRUE,FALSE,,,,
1631247,Luke,Travers,Luke Travers,3/9/2001,Perth,Australia,79,1631247,FALSE,TRUE,FALSE,2022,2,56,
1631248,Baylor,Scheierman,Baylor Scheierman,,,,,,FALSE,TRUE,FALSE,,,,
1631250,Pete,Nance,Pete Nance,,,,,,FALSE,FALSE,TRUE,,,,
1631254,Kenneth,Lofton Jr.,Kenneth Lofton Jr.,14/8/2002,Louisiana Tech,USA,78,275,FALSE,TRUE,FALSE,-1,-1,-1,
1631255,Karlo,Matkovic,Karlo Matkovic,,,,,,FALSE,TRUE,FALSE,,,,
1631257,Jermaine,Samuels Jr.,Jermaine Samuels Jr.,13/11/1998,Villanova,USA,78,1631257,FALSE,TRUE,FALSE,-22,-22,-22,
1631258,Bryson,Williams,Bryson Williams,25/4/1998,Texas Tech,USA,,1631258,FALSE,FALSE,FALSE,-22,-22,-22,
1631260,AJ,Green,AJ Green,27/9/1999,Northern Iowa,USA,77,190,TRUE,FALSE,FALSE,-1,-1,-1,
1631262,Jules,Bernard,Jules Bernard,21/1/2000,UCLA,USA,,,,,,-1,-1,-1,
1631288,Jamal,Cain,Jamal Cain,,,,,,,,,,,,
1631298,Jack,White,Jack White,5/8/1997,Duke,Australia,79,225,FALSE,TRUE,FALSE,-1,-1,-1,
1631300,Drake,Jeffries,Drake Jeffries,22/1/1999,Wyoming,USA,,,,,,-1,-1,-1,
1631301,Jaylen,Sims,Jaylen Sims,11/12/1998,UNC Wilmington,USA,,,,,,-1,-1,-1,
1631303,Justin,Minaya,Justin Minaya,,,,,,,,,,,,
1631306,Cole,Swider,Cole Swider,8/5/1999,Syracuse,USA,81,220,FALSE,TRUE,FALSE,-1,-1,-1,
1631309,Trevor,Hudgins,Trevor Hudgins,23/3/1999,Northwest Missouri State,USA,72,1631309,TRUE,FALSE,FALSE,-22,-22,-22,
1631311,Lester,Quinones,Lester Quinones,16/11/2000,Memphis,USA,76,208,TRUE,FALSE,FALSE,-1,-1,-1,
1631317,Adonis,Arms,Adonis Arms,26/6/1998,Texas Tech,USA,,1631317,FALSE,FALSE,FALSE,-22,-22,-22,
1631320,Chima,Moneke,Chima Moneke,24/12/1995,Cal-Davis,Nigeria,77,223,FALSE,TRUE,FALSE,-1,-1,-1,
1631321,Sidy,Cissoko,Sidy Cissoko,,,,,,,,,,,,
1631322,Javante,McCoy,Javante McCoy,24/1/1998,Boston University,USA,,1631322,FALSE,FALSE,FALSE,-22,-22,-22,
1631323,Simone,Fontecchio,Simone Fontecchio,,,,,,,,,,,,
1631338,Mouhamadou,Gueye,Mouhamadou Gueye,6/7/1998,Pittsburgh,USA,,,,,,-1,-1,-1,
1631339,Tommy,Kuhse,Tommy Kuhse,5/1/1998,St. Mary's College,USA,,1631339,FALSE,FALSE,FALSE,-22,-22,-22,
1631342,Daeqwon,Plowden,Daeqwon Plowden,,,,,,,,,,,,
1631347,Anthony,Duruji,Anthony Duruji,22/7/1998,Florida,USA,,,,,,-1,-1,-1,
1631348,Isaiah,Whaley,Isaiah Whaley,26/3/1998,Connecticut,USA,,1631348,FALSE,FALSE,FALSE,-22,-22,-22,
1631351,Lucas,Williamson,Lucas Williamson,28/1/1999,Loyola-Chicago,USA,,1631351,FALSE,FALSE,FALSE,-22,-22,-22,
1631367,Jacob,Gilyard,Jacob Gilyard,14/7/1998,Richmond,USA,68,1631367,TRUE,FALSE,FALSE,-22,-22,-22,
1631368,Justin,Bean,Justin Bean,17/11/1996,Utah State,USA,,1631368,FALSE,FALSE,FALSE,-22,-22,-22,
1631371,Grant,Golden,Grant Golden,15/1/1998,Richmond,USA,,1631371,FALSE,FALSE,FALSE,-22,-22,-22,
1631376,Dmytro,Skapintsev,Dmytro Skapintsev,,,,,,,,,,,,
1631386,Taze,Moore,Taze Moore,29/6/1998,Houston,USA,77,1631386,TRUE,FALSE,FALSE,-22,-22,-22,
1631421,Au'Diese,Toney,Au'Diese Toney,12/11/1999,Arkansas,USA,,1631421,FALSE,FALSE,FALSE,-22,-22,-22,
1631455,Jaden,Shackelford,Jaden Shackelford,14/2/2001,Alabama,USA,,1631455,FALSE,FALSE,FALSE,-22,-22,-22,
1631457,Alex,Morales,Alex Morales,21/11/1997,Wagner,USA,,1631457,FALSE,FALSE,FALSE,-22,-22,-22,
1631466,Nate,Williams,Nate Williams,,,,,,,,,,,,
1631495,Donovan,Williams,Donovan Williams,6/9/2001,UNLV,USA,78,1631495,FALSE,FALSE,FALSE,-22,-22,-22,
1631499,Alex,O'Connell,Alex O'Connell,2/6/1999,Creighton,USA,,1631499,FALSE,FALSE,FALSE,-22,-22,-22,
1641645,Xavier,Cooks,Xavier Cooks,19/8/1995,Winthrop,Australia,80,1641645,FALSE,TRUE,FALSE,-22,-22,-22,
1641705,Victor,Wembanyama,Victor Wembanyama,,,,,,FALSE,FALSE,FALSE,,,,
1641706,Brandon,Miller,Brandon Miller,22/11/2002,Alabama,USA,79,1641706,FALSE,TRUE,FALSE,2023,1,2,
1641707,Taylor,Hendricks,Taylor Hendricks,,,,,,FALSE,FALSE,FALSE,,,,
1641708,Amen,Thompson,Amen Thompson,,,,,,FALSE,FALSE,FALSE,,,,
1641709,Ausar,Thompson,Ausar Thompson,,,,,,FALSE,FALSE,FALSE,,,,
1641710,Anthony,Black,Anthony Black,,,,,,FALSE,FALSE,FALSE,,,,
1641711,Gradey,Dick,Gradey Dick,,,,,,FALSE,FALSE,FALSE,,,,
1641712,Rayan,Rupert,Rayan Rupert,,,,,,,,,,,,
1641713,GG,Jackson,GG Jackson,,,,,,FALSE,TRUE,FALSE,,,,
1641715,Cam,Whitmore,Cam Whitmore,,,,,,FALSE,TRUE,FALSE,,,,
1641716,Jarace,Walker,Jarace Walker,,,,,,FALSE,TRUE,FALSE,,,,
1641717,Cason,Wallace,Cason Wallace,,,,,,TRUE,FALSE,FALSE,,,,
1641718,Keyonte,George,Keyonte George,,,,,,FALSE,FALSE,FALSE,,,,
1641720,Jalen,Hood-Schifino,Jalen Hood-Schifino,,,,,,,,,,,,
1641721,Maxwell,Lewis,Maxwell Lewis,,,,,,FALSE,TRUE,FALSE,,,,
1641722,Jordan,Hawkins,Jordan Hawkins,,,,,,TRUE,FALSE,FALSE,,,,
1641723,Kobe,Bufkin,Kobe Bufkin,21/9/2003,Michigan,USA,76,1641723,TRUE,FALSE,FALSE,2023,1,15,
1641724,Jett,Howard,Jett Howard,,,,,,,,,,,,
1641725,Trey,Alexander,Trey Alexander,,,,,,,,,,,,
1641726,Dereck,Lively II,Dereck Lively II,12/2/2004,Duke,USA,85,1641726,FALSE,FALSE,TRUE,2023,1,12,
1641727,Dariq,Whitehead,Dariq Whitehead,,,,,,,,,,,,
1641729,Brice,Sensabaugh,Brice Sensabaugh,,,,,,FALSE,TRUE,FALSE,,,,
1641730,Noah,Clowney,Noah Clowney,,,,,,FALSE,FALSE,FALSE,,,,
1641731,Bilal,Coulibaly,Bilal Coulibaly,,,,,,FALSE,FALSE,FALSE,,,,
1641732,Colby,Jones,Colby Jones,28/5/2002,Xavier,USA,78,1641732,TRUE,FALSE,FALSE,2023,2,34,
1641733,Nick,Smith Jr.,Nick Smith Jr.,,,,,,FALSE,FALSE,FALSE,,,,
1641734,Emoni,Bates,Emoni Bates,,,,,,,,,,,,
1641735,Amari,Bailey,Amari Bailey,17/2/2004,UCLA,USA,75,1641735,TRUE,FALSE,FALSE,2023,2,41,
1641736,Reece,Beekman,Reece Beekman,,,,,,TRUE,FALSE,FALSE,,,,
1641737,Adem,Bona,Adem Bona,,,,,,FALSE,FALSE,TRUE,,,,
1641738,Kobe,Brown,Kobe Brown,,,,,,,,,,,,
1641739,Toumani,Camara,Toumani Camara,,,,,,FALSE,FALSE,FALSE,,,,
1641740,Jaylen,Clark,Jaylen Clark,,,,,,FALSE,TRUE,FALSE,,,,
1641741,Ricky,Council IV,Ricky Council IV,,,,,,FALSE,TRUE,FALSE,,,,
1641744,Zach,Edey,Zach Edey,,,,,,FALSE,FALSE,FALSE,,,,
1641745,Adam,Flagler,Adam Flagler,,,,,,,,,,,,
1641747,DaRon,Holmes II,DaRon Holmes II,,,,,,,,,,,,
1641748,Andre,Jackson Jr.,Andre Jackson Jr.,,,,,,FALSE,FALSE,FALSE,,,,
1641749,Keyontae,Johnson,Keyontae Johnson,24/5/2000,Kansas State,USA,76,1641749,FALSE,TRUE,FALSE,2023,2,50,
1641752,Bobi,Klintman,Bobi Klintman,6/3/2003,Cairns,Sweden,81,1641752,FALSE,TRUE,FALSE,2024,2,37,
1641753,Chris,Livingston,Chris Livingston,,,,,,FALSE,FALSE,TRUE,,,,
1641754,Seth,Lundy,Seth Lundy,2/4/2000,Penn State,USA,76,1641754,TRUE,TRUE,FALSE,2023,2,46,
1641755,Kevin,McCullar Jr.,Kevin McCullar Jr.,15/3/2001,Kansas,USA,78,1641755,TRUE,FALSE,FALSE,2024,2,56,
1641756,Mike,Miles Jr.,Mike Miles Jr.,24/8/2002,TCU,USA,,1641756,FALSE,FALSE,FALSE,-22,-22,-22,
1641757,Jordan,Miller,Jordan Miller,,,,,,,,,,,,
1641758,Judah,Mintz,Judah Mintz,10/7/2003,Syracuse,USA,,1641758,FALSE,FALSE,FALSE,-22,-22,-22,
1641760,Omari,Moore,Omari Moore,18/9/2000,San Jose State,USA,,1641760,FALSE,FALSE,FALSE,-22,-22,-22,
1641763,Julian,Phillips,Julian Phillips,,,,,,FALSE,TRUE,FALSE,,,,
1641764,Brandin,Podziemski,Brandin Podziemski,,,,,,FALSE,TRUE,FALSE,,,,
1641765,Olivier-Maxence,Prosper,Olivier-Maxence Prosper,,,,,,FALSE,FALSE,FALSE,,,,
1641766,Adama,Sanogo,Adama Sanogo,12/2/2002,Connecticut,Mali,81,1641766,FALSE,TRUE,FALSE,-22,-22,-22,
1641767,Ben,Sheppard,Ben Sheppard,,,,,,TRUE,FALSE,FALSE,,,,
1641771,Jalen,Slawson,Jalen Slawson,22/10/1999,Furman,USA,79,1641771,FALSE,TRUE,FALSE,2023,2,54,
1641772,Nae'Qwan,Tomlin,Nae'Qwan Tomlin,,,,,,FALSE,TRUE,FALSE,,,,
1641773,Azuolas,Tubelis,Azuolas Tubelis,22/3/2002,Arizona,Lithuania,,1641773,FALSE,FALSE,FALSE,-22,-22,-22,
1641774,Tristan,Vukcevic,Tristan Vukcevic,,,,,,,,,,,,
1641775,Jordan,Walsh,Jordan Walsh,,,,,,,,,,,,
1641777,Charles,Bediako,Charles Bediako,10/3/2002,Alabama,Canada,,1641777,FALSE,FALSE,FALSE,-22,-22,-22,
1641778,Leaky,Black,Leaky Black,14/6/1999,North Carolina,USA,78,1641778,FALSE,TRUE,FALSE,-22,-22,-22,
1641779,Jalen,Bridges,Jalen Bridges,14/5/2001,Baylor,USA,80,1641779,FALSE,TRUE,FALSE,-22,-22,-22,
1641783,Tristan,da Silva,Tristan da Silva,,,,,,FALSE,TRUE,FALSE,,,,
1641787,Tosan,Evbuomwan,Tosan Evbuomwan,,,,,,,,,,,,
1641788,Alex,Fudge,Alex Fudge,6/5/2003,Florida,USA,80,1641788,FALSE,TRUE,FALSE,-22,-22,-22,
1641789,Jazian,Gortman,Jazian Gortman,,,,,,,,,,,,
1641790,PJ,Hall,PJ Hall,,,,,,,,,,,,
1641792,Joey,Hauser,Joey Hauser,17/7/1999,Michigan State,USA,,1641792,FALSE,FALSE,FALSE,-22,-22,-22,
1641793,D'Moi,Hodge,D'Moi Hodge,20/12/1998,Missouri,British Virgin Islands,75,1641793,FALSE,FALSE,FALSE,-22,-22,-22,
1641794,Dillon,Jones,Dillon Jones,,,,,,FALSE,TRUE,FALSE,,,,
1641795,Taevion,Kinsey,Taevion Kinsey,,,,,,,,,,,,
1641796,Pelle,Larsson,Pelle Larsson,,,,,,FALSE,FALSE,FALSE,,,,
1641798,Jaylen,Martin,Jaylen Martin,28/1/2004,Overtime Elite,USA,78,1641798,FALSE,FALSE,FALSE,-22,-22,-22,
1641799,Caleb,McConnell,Caleb McConnell,8/6/1999,Rutgers,USA,,1641799,FALSE,FALSE,FALSE,-22,-22,-22,
1641801,Emanuel,Miller,Emanuel Miller,19/6/2000,TCU,Canada,79,1641801,FALSE,TRUE,FALSE,-22,-22,-22,
1641803,Tristen,Newton,Tristen Newton,26/4/2001,Connecticut,USA,77,1641803,TRUE,FALSE,FALSE,2024,2,49,
1641805,Landers,Nolley II,Landers Nolley II,5/3/2000,Cincinnati,USA,,1641805,FALSE,FALSE,FALSE,-22,-22,-22,
1641806,Markquis,Nowell,Markquis Nowell,25/12/1999,Kansas State,USA,67,1641806,FALSE,FALSE,FALSE,-22,-22,-22,
1641809,Drew,Peterson,Drew Peterson,,,,,,TRUE,FALSE,FALSE,,,,
1641810,Antonio,Reeves,Antonio Reeves,,,,,,TRUE,FALSE,FALSE,,,,
1641811,Sir'Jabari,Rice,Sir'Jabari Rice,28/12/1998,Texas,USA,,1641811,FALSE,FALSE,FALSE,-22,-22,-22,
1641815,Isaiah,Stevens,Isaiah Stevens,1/11/2000,Colorado State,USA,72,1641815,FALSE,FALSE,FALSE,-22,-22,-22,
1641816,Hunter,Tyson,Hunter Tyson,,,,,,TRUE,FALSE,FALSE,,,,
1641817,Anton,Watson,Anton Watson,,,,,,,,,,,,
1641824,Matas,Buzelis,Matas Buzelis,,,,,,FALSE,TRUE,FALSE,,,,
1641842,Ronald,Holland II,Ronald Holland II,,,,,,FALSE,TRUE,FALSE,,,,
1641847,Andrew,Funk,Andrew Funk,21/9/1999,Penn State,USA,77,1641847,FALSE,FALSE,FALSE,-22,-22,-22,
1641848,Armaan,Franklin,Armaan Franklin,17/11/2000,Virginia,USA,,1641848,FALSE,FALSE,FALSE,-22,-22,-22,
1641851,Timmy,Allen,Timmy Allen,9/1/2000,Texas,USA,78,1641851,FALSE,FALSE,FALSE,-22,-22,-22,
1641854,Craig,Porter Jr.,Craig Porter Jr.,,,,,,TRUE,FALSE,FALSE,,,,
1641856,Tevian,Jones,Tevian Jones,29/6/2000,--,USA,,1641856,FALSE,FALSE,FALSE,-22,-22,-22,
1641857,Liam,Robbins,Liam Robbins,12/7/1999,Vanderbilt,USA,84,1641857,FALSE,FALSE,TRUE,-22,-22,-22,
1641859,Souley,Boum,Souley Boum,26/1/1999,Xavier,USA,,1641859,FALSE,FALSE,FALSE,-22,-22,-22,
1641861,Nick,Ongenda,Nick Ongenda,29/9/2000,DePaul,South Africa,,1641861,FALSE,FALSE,FALSE,-22,-22,-22,
1641863,Dane,Goodwin,Dane Goodwin,28/12/1999,Notre Dame,USA,,1641863,FALSE,FALSE,FALSE,-22,-22,-22,
1641864,Keshawn,Justice,Keshawn Justice,22/10/1999,Santa Clara,USA,,1641864,FALSE,FALSE,FALSE,-22,-22,-22,
1641868,Jake,Stephens,Jake Stephens,5/11/1999,Tennessee-Chattanooga,USA,,1641868,FALSE,FALSE,FALSE,-22,-22,-22,
1641871,Duop,Reath,Duop Reath,,,,,,,,,,,,
1641877,Nathan,Mensah,Nathan Mensah,9/4/1998,San Diego State,Ghana,81,1641877,FALSE,FALSE,FALSE,-22,-22,-22,
1641878,Damion,Baugh,Damion Baugh,3/8/2000,TCU,USA,,1641878,FALSE,FALSE,FALSE,-22,-22,-22,
1641879,Yuri,Collins,Yuri Collins,,,,,,,,,,,,
1641881,Javan,Johnson,Javan Johnson,5/1/1999,DePaul,USA,,1641881,FALSE,FALSE,FALSE,-22,-22,-22,
1641890,Tyler,Smith,Tyler Smith,,,,,,,,,,,,
1641907,Erik,Stevenson,Erik Stevenson,28/4/1999,West Virginia,USA,,1641907,FALSE,FALSE,FALSE,-22,-22,-22,
1641914,Chase,Audige,Chase Audige,29/6/1999,Northwestern,USA,,1641914,FALSE,FALSE,FALSE,-22,-22,-22,
1641915,Caleb,Daniels,Caleb Daniels,17/5/1999,Villanova,USA,,1641915,FALSE,FALSE,FALSE,-22,-22,-22,
1641917,Taylor,Funk,Taylor Funk,6/11/1997,Utah State,USA,,1641917,FALSE,FALSE,FALSE,-22,-22,-22,
1641920,Justin,Powell,Justin Powell,9/5/2001,Washington State,USA,,1641920,FALSE,FALSE,FALSE,-22,-22,-22,
1641926,Dexter,Dennis,Dexter Dennis,9/2/1999,Texas A&M,USA,77,1641926,FALSE,FALSE,FALSE,-22,-22,-22,
1641931,Onuralp,Bitim,Onuralp Bitim,31/3/1999,Bursaspor,Turkey,78,1641931,FALSE,TRUE,FALSE,-22,-22,-22,
1641936,Miles,Norris,Miles Norris,15/4/2000,California-Santa Barbara,USA,,1641936,FALSE,FALSE,FALSE,-22,-22,-22,
1641941,Vincent,Valerio-Bodon,Vincent Valerio-Bodon,2/5/2001,--,Hungary,,1641941,FALSE,FALSE,FALSE,-22,-22,-22,
1641945,Jaylin,Galloway,Jaylin Galloway,21/12/2002,Sydney Kings,Australia,78,1641945,FALSE,FALSE,FALSE,-22,-22,-22,
1641948,Jordan,Walker,Jordan Walker,11/8/1999,Alabama-Birmingham,USA,,1641948,FALSE,FALSE,FALSE,-22,-22,-22,
1641970,Maozinha,Pereira,Maozinha Pereira,28/8/2000,Brazil,Brazil,80,1641970,FALSE,FALSE,FALSE,-22,-22,-22,
1641972,Max,Heidegger,Max Heidegger,5/6/1997,California-Santa Barbara,USA,,1641972,FALSE,FALSE,FALSE,-22,-22,-22,
1641989,Elijah,Harkless,Elijah Harkless,,,,,,,,,,,,
1641998,Trey,Jemison III,Trey Jemison III,28/11/1999,Alabama-Birmingham,USA,82,1641998,FALSE,FALSE,TRUE,-22,-22,-22,
1642013,Malik,Williams,Malik Williams,26/8/1998,Louisville,USA,83,1642013,FALSE,FALSE,FALSE,-22,-22,-22,
1642019,Will,Richardson,Will Richardson,3/9/1999,Oregon,USA,,1642019,FALSE,FALSE,FALSE,-22,-22,-22,
1642022,George,Conditt IV,George Conditt IV,22/8/2000,Iowa State,Puerto Rico,,1642022,FALSE,FALSE,FALSE,-22,-22,-22,
1642024,Alex,Reese,Alex Reese,21/5/1999,Alabama,USA,81,1642024,FALSE,FALSE,FALSE,-22,-22,-22,
1642046,Miller,Kopp,Miller Kopp,24/11/1998,Indiana,USA,,1642046,FALSE,FALSE,FALSE,-22,-22,-22,
1642050,Jackson,Rowe,Jackson Rowe,,,,,,,,,,,,
1642113,Bryce,Wills,Bryce Wills,13/10/2000,Stanford,USA,,1642113,FALSE,FALSE,FALSE,-22,-22,-22,
1642258,Zaccharie,Risacher,Zaccharie Risacher,,,,,,FALSE,TRUE,FALSE,,,,
1642259,Alex,Sarr,Alex Sarr,,,,,,FALSE,FALSE,FALSE,,,,
1642260,Nikola,Topic,Nikola Topic,10/8/2005,Crvena zvezda,Serbia,78,1642260,TRUE,FALSE,FALSE,2024,1,12,
1642261,Dalton,Knecht,Dalton Knecht,,,,,,FALSE,TRUE,FALSE,,,,
1642262,Cody,Williams,Cody Williams,,,,,,FALSE,TRUE,FALSE,,,,
1642263,Reed,Sheppard,Reed Sheppard,,,,,,TRUE,FALSE,FALSE,,,,
1642264,Stephon,Castle,Stephon Castle,,,,,,FALSE,FALSE,FALSE,,,,
1642265,Rob,Dillingham,Rob Dillingham,,,,,,TRUE,FALSE,FALSE,,,,
1642266,Ja'Kobe,Walter,Ja'Kobe Walter,,,,,,FALSE,TRUE,FALSE,,,,
1642267,Bub,Carrington,Bub Carrington,,,,,,TRUE,FALSE,FALSE,,,,
1642268,Isaiah,Collier,Isaiah Collier,,,,,,TRUE,FALSE,FALSE,,,,
1642269,Devin,Carter,Devin Carter,,,,,,,,,,,,
1642270,Donovan,Clingan,Donovan Clingan,,,,,,FALSE,FALSE,TRUE,,,,
1642271,Kyle,Filipowski,Kyle Filipowski,,,,,,FALSE,FALSE,TRUE,,,,
1642272,Jared,McCain,Jared McCain,20/2/2004,Duke,USA,75,1642272,TRUE,FALSE,FALSE,2024,1,16,
1642273,Kyshawn,George,Kyshawn George,,,,,,FALSE,FALSE,FALSE,,,,
1642274,Yves,Missi,Yves Missi,,,,,,FALSE,FALSE,FALSE,,,,
1642275,Tidjane,Salaun,Tidjane Salaun,10/8/2005,Cholet,France,80,1642275,FALSE,TRUE,FALSE,2024,1,6,
1642276,Kel'el,Ware,Kel'el Ware,,,,,,FALSE,FALSE,FALSE,,,,
1642277,Johnny,Furphy,Johnny Furphy,,,,,,,,,,,,
1642278,Tyler,Kolek,Tyler Kolek,,,,,,,,,,,,
1642279,Ulrich,Chomche,Ulrich Chomche,30/12/2005,NBA Global Academy,Cameroon,83,1642279,FALSE,FALSE,TRUE,2024,2,57,
1642280,Trentyn,Flowers,Trentyn Flowers,,,,,,,,,,,,
1642281,Jaylon,Tyson,Jaylon Tyson,,,,,,FALSE,TRUE,FALSE,,,,
1642285,Cam,Spencer,Cam Spencer,6/4/2000,Connecticut,USA,76,1642285,TRUE,FALSE,FALSE,2024,2,53,
1642345,Oso,Ighodaro,Oso Ighodaro,,,,,,FALSE,FALSE,TRUE,,,,
1642346,Ryan,Dunn,Ryan Dunn,,,,,,FALSE,FALSE,FALSE,,,,
1642347,Jamal,Shead,Jamal Shead,,,,,,TRUE,FALSE,FALSE,,,,
1642348,Justin,Edwards,Justin Edwards,,,,,,FALSE,TRUE,FALSE,,,,
1642349,Ajay,Mitchell,Ajay Mitchell,25/6/2002,California-Santa Barbara,Belgium,77,1642349,TRUE,FALSE,FALSE,2024,2,38,
1642352,Keshad,Johnson,Keshad Johnson,,,,,,,,,,,,
1642353,Cam,Christie,Cam Christie,,,,,,,,,,,,
1642354,KJ,Simpson,KJ Simpson,,,,,,TRUE,FALSE,FALSE,,,,
1642355,Bronny,James,Bronny James,,,,,,TRUE,FALSE,FALSE,,,,
1642357,David,Jones Garcia,David Jones Garcia,24/11/2001,Memphis,Dominican Republic,,1642357,FALSE,FALSE,FALSE,-22,-22,-22,
1642358,AJ,Johnson,AJ Johnson,,,,,,FALSE,TRUE,FALSE,,,,
1642359,Pacome,Dadiet,Pacome Dadiet,27/7/2005,Ratiopharm Ulm,France,80,1642359,FALSE,TRUE,FALSE,2024,1,25,
1642366,Quinten,Post,Quinten Post,,,,,,FALSE,FALSE,TRUE,,,,
1642367,Jonathan,Mogbo,Jonathan Mogbo,29/10/2001,San Francisco,USA,81,1642367,FALSE,TRUE,FALSE,2024,2,31,
1642368,N'Faly,Dante,N'Faly Dante,19/10/2001,Oregon,Mali,83,1642368,FALSE,FALSE,TRUE,-22,-22,-22,
1642377,Jaylen,Wells,Jaylen Wells,,,,,,FALSE,FALSE,FALSE,,,,
1642379,Taran,Armstrong,Taran Armstrong,,,,,,,,,,,,
1642382,Branden,Carlson,Branden Carlson,,,,,,,,,,,,
1642384,Isaiah,Crawford,Isaiah Crawford,1/11/2001,Louisiana Tech,USA,78,1642384,FALSE,TRUE,FALSE,-22,-22,-22,
1642385,Cui,Yongxi,Cui Yongxi,28/5/2003,--,China,77,1642385,FALSE,FALSE,FALSE,-22,-22,-22,
1642389,Zyon,Pullin,Zyon Pullin,3/3/2001,Florida,USA,76,1642389,FALSE,FALSE,FALSE,-22,-22,-22,
1642396,Blake,Hinson,Blake Hinson,,,,,,,,,,,,
1642399,Jesse,Edwards,Jesse Edwards,,,,,,,,,,,,
1642400,Tristan,Enaruna,Tristan Enaruna,,,,,,,,,,,,
1642401,Aaron,Estrada,Aaron Estrada,3/2/2001,Alabama,USA,,1642401,FALSE,FALSE,FALSE,-22,-22,-22,
1642402,Enrique,Freeman,Enrique Freeman,29/7/2000,Akron,USA,79,1642402,FALSE,TRUE,FALSE,2024,2,50,
1642403,Isaac,Jones,Isaac Jones,11/7/2000,Washington State,USA,81,1642403,FALSE,TRUE,FALSE,-22,-22,-22,
1642407,Boogie,Ellis,Boogie Ellis,12/12/2000,Southern California,USA,,1642407,FALSE,FALSE,FALSE,-22,-22,-22,
1642419,Jamison,Battle,Jamison Battle,10/5/2001,Ohio State,USA,79,1642419,FALSE,TRUE,FALSE,-22,-22,-22,
1642422,Armel,Traore,Armel Traore,,,,,,,,,,,,
1642434,Riley,Minix,Riley Minix,22/9/2000,Morehead State,USA,79,1642434,FALSE,TRUE,FALSE,-22,-22,-22,
1642438,Grayson,Murphy,Grayson Murphy,4/2/1999,Belmont,USA,,1642438,FALSE,FALSE,FALSE,-22,-22,-22,
1642439,Quincy,Olivari,Quincy Olivari,,,,,,,,,,,,
1642440,Gabe,McGlothan,Gabe McGlothan,,,,,,,,,,,,
1642443,Jahmir,Young,Jahmir Young,,,,,,,,,,,,
1642444,Jaylin,Williams,Jaylin Williams,,,,,,,,,,,,
1642449,Tolu,Smith,Tolu Smith,26/7/2000,Mississippi State,USA,83,1642449,FALSE,TRUE,FALSE,-22,-22,-22,
1642450,Daniss,Jenkins,Daniss Jenkins,17/8/2001,St. John's,USA,75,1642450,TRUE,FALSE,FALSE,-22,-22,-22,
1642461,Spencer,Jones,Spencer Jones,,,,,,,,,,,,
1642473,Moses,Wood,Moses Wood,3/5/1999,Washington,USA,,1642473,FALSE,FALSE,FALSE,-22,-22,-22,
1642481,Jamarion,Sharp,Jamarion Sharp,26/8/2001,Mississippi,USA,,1642481,FALSE,FALSE,FALSE,-22,-22,-22,
1642484,RayJ,Dennis,RayJ Dennis,,,,,,,,,,,,
1642486,Boo,Buie III,Boo Buie III,7/12/1999,Northwestern,USA,,1642486,FALSE,FALSE,FALSE,-22,-22,-22,
1642490,Josh,Oduro,Josh Oduro,14/10/2000,Providence,USA,,1642490,FALSE,FALSE,FALSE,-22,-22,-22,
1642499,Max,Fiedler,Max Fiedler,26/2/2001,Rice,USA,,1642499,FALSE,FALSE,FALSE,-22,-22,-22,
1642502,Malevy,Leons,Malevy Leons,23/9/1999,Bradley,Netherlands,81,1642502,FALSE,FALSE,FALSE,-22,-22,-22,
1642504,Cormac,Ryan,Cormac Ryan,26/10/1998,North Carolina,USA,,1642504,FALSE,FALSE,FALSE,-22,-22,-22,
1642505,Alex,Ducas,Alex Ducas,,,,,,,,,,,,
1642514,Warren,Washington,Warren Washington,3/3/2000,Texas Tech,USA,,1642514,FALSE,FALSE,FALSE,-22,-22,-22,
1642530,Yuki,Kawamura,Yuki Kawamura,2/5/2001,--,Japan,68,1642530,TRUE,FALSE,FALSE,-22,-22,-22,
6663954,Viktor,Keyru,Viktor Keyru,,,,,,,,,,,,
6663993,Matthew,Nielsen,Matthew Nielsen,,,,,,,,,,,,
6664001,David,Barlow,David Barlow,,,,,,FALSE,FALSE,FALSE,,,,
122683568,Vernon,Macklin,Vernon Macklin,,,,,,,,,,,,
196294083,Niv,Avidan,Niv Avidan,,,,,,,,,,,,
196294084,Leandro,Garcia Morales,Leandro Garcia Morales,,,,,,,,,,,,
196294085,Rom,Geffen,Rom Geffen,,,,,,FALSE,FALSE,FALSE,,,,
196294086,Daniel,Hillel,Daniel Hillel,,,,,,,,,,,,
196294087,Jonathan,Holton,Jonathan Holton,,,,,,,,,,,,
196294088,Alex,Leder,Alex Leder,,,,,,,,,,,,
196294089,Jordan,Lewis,Jordan Lewis,,,,,,,,,,,,
196294090,Ziv,Maoz,Ziv Maoz,,,,,,,,,,,,
196294091,Gilad,Melnik,Gilad Melnik,,,,,,,,,,,,
196294092,Anthony,Morse,Anthony Morse,,,,,,FALSE,FALSE,FALSE,,,,
196294093,Alon,Sapir,Alon Sapir,,,,,,,,,,,,
196294094,Jason,Siggers,Jason Siggers,,,,,,FALSE,FALSE,FALSE,,,,
196294095,Sindarius,Thornwell,Sindarius Thornwell,,,,,,,,,,,,
196294101,Robert,Franks,Robert Franks,,,,,,FALSE,FALSE,FALSE,,,,
196294102,Antonius,Cleveland,Antonius Cleveland,,,,,,FALSE,FALSE,FALSE,,,,
196294103,Anthony,Drmic,Anthony Drmic,,,,,,,,,,,,
196294104,Deng,Acuoth,Deng Acuoth,,,,,,,,,,,,
196294105,Nick,Marshall,Nick Marshall,,,,,,,,,,,,
196294106,Mitch,McCarron,Mitch McCarron,,,,,,FALSE,FALSE,FALSE,,,,
196294107,Kai,Sotto,Kai Sotto,,,,,,,,,,,,
196294108,Craig,Randall II,Craig Randall II,,,,,,FALSE,FALSE,FALSE,,,,
196294109,Cameron,Thew,Cameron Thew,,,,,,,,,,,,
196294110,Kyrin,Galloway,Kyrin Galloway,,,,,,,,,,,,
196294111,Daniel,Johnson,Daniel Johnson,,,,,,FALSE,FALSE,FALSE,,,,
196294112,Hyrum,Harris,Hyrum Harris,,,,,,,,,,,,
196294113,Fiston,Ipassou,Fiston Ipassou,,,,,,,,,,,,
196294114,Sunday,Dech,Sunday Dech,,,,,,FALSE,FALSE,FALSE,,,,
196294136,Willy,Workman,Willy Workman,,,,,,FALSE,FALSE,FALSE,,,,
196294137,Jeff,Adrien,Jeff Adrien,,,,,,,,,,,,
196294138,Terrence,Jones,Terrence Jones,,,,,,,,,,,,
196294139,Okaro,White,Okaro White,,,,,,,,,,,,
196294140,Briante,Weber,Briante Weber,,,,,,,,,,,,
196294141,Norris,Cole,Norris Cole,,,,,,FALSE,FALSE,FALSE,,,,
196294530,Fabien,Causeur,Fabien Causeur,,,,,,,,,,,,
196294531,Egor,Demin,Egor Demin,,,,,,,,,,,,
196294532,Ismaila,Diagne,Ismaila Diagne,,,,,,,,,,,,
196294533,Rodolfo,Fernandez,Rodolfo Fernandez,,,,,,,,,,,,
196294534,Alberto,Abalde,Alberto Abalde,,,,,,,,,,,,
196294535,Mitar,Bosnjakovic,Mitar Bosnjakovic,,,,,,,,,,,,
196294536,Hugo,Gonzalez,Hugo Gonzalez,,,,,,,,,,,,
196294537,Mario,Hezonja,Mario Hezonja,,,,,,,,,,,,
196294538,Sergio,Rodriguez,Sergio Rodriguez,,,,,,,,,,,,
196294539,Vincent,Poirier,Vincent Poirier,,,,,,,,,,,,
196294540,Walter,Tavares,Walter Tavares,,,,,,FALSE,FALSE,TRUE,,,,
196294541,Sergio,Llull,Sergio Llull,,,,,,TRUE,FALSE,FALSE,,,,
196294542,Guerschon,Yabusele,Guerschon Yabusele,,,,,,FALSE,TRUE,FALSE,,,,
196294543,Eli John,Ndiaye,Eli John Ndiaye,,,,,,,,,,,,
196294544,Dzanan,Musa,Dzanan Musa,,,,,,FALSE,TRUE,FALSE,,,,
196294549,Tahjere,McCall,Tahjere McCall,,,,,,TRUE,FALSE,FALSE,,,,
196294550,Patrick,Miller,Patrick Miller,,,,,,TRUE,FALSE,FALSE,,,,
196294551,Taran,Armstrong,Taran Armstrong,,,,,,,,,,,,
196294553,Jonah,Antonio,Jonah Antonio,,,,,,,,,,,,
196294554,Lat,Mayen,Lat Mayen,,,,,,,,,,,,
196294555,Akoldah,Gak,Akoldah Gak,,,,,,FALSE,FALSE,TRUE,,,,
196294557,Sam,Waardenburg,Sam Waardenburg,,,,,,TRUE,FALSE,FALSE,,,,
196294558,Josh,Roberts,Josh Roberts,,,,,,,,,,,,
196294559,Lachlan,Anderson,Lachlan Anderson,,,,,,,,,,,,
196294560,Bobi,Klintman,Bobi Klintman,,,,,,FALSE,TRUE,FALSE,,,,
196294562,Bul,Kuol,Bul Kuol,,,,,,FALSE,TRUE,FALSE,,,,
196294567,Alex,McNaught,Alex McNaught,,,,,,,,,,,,
196294568,Izayah,Le'Afa,Izayah Le'Afa,,,,,,,,,,,,
196294569,Cam,Gliddon,Cam Gliddon,,,,,,,,,,,,
196294570,Parker,Jackson-Cartwright,Parker Jackson-Cartwright,,,,,,TRUE,FALSE,FALSE,,,,
196294571,Will,McDowell-White,Will McDowell-White,,,,,,TRUE,FALSE,FALSE,,,,
196294572,Mangok,Mathiang,Mangok Mathiang,,,,,,FALSE,FALSE,TRUE,,,,
196294573,Tom,Abercrombie,Tom Abercrombie,,,,,,FALSE,TRUE,FALSE,,,,
196294574,Dane,Pineau,Dane Pineau,,,,,,,,,,,,
196294575,Dom,Kelman-Poto,Dom Kelman-Poto,,,,,,,,,,,,
196294576,Dan,Fotu,Dan Fotu,,,,,,,,,,,,
196294577,Anthony,Lamb,Anthony Lamb,,,,,,,,,,,,
196294578,Zylan,Cheatham,Zylan Cheatham,,,,,,FALSE,TRUE,FALSE,,,,
196294581,Eidan,Alber,Eidan Alber,,,,,,,,,,,,
196294582,Yonatan,Atias,Yonatan Atias,,,,,,,,,,,,
196294583,Dwayne,Bacon,Dwayne Bacon,,,,,,FALSE,TRUE,FALSE,,,,
196294584,Yoav,Berman,Yoav Berman,,,,,,,,,,,,
196294585,Bruno,Caboclo,Bruno Caboclo,,,,,,FALSE,FALSE,TRUE,,,,
196294586,Mamadi,Diakite,Mamadi Diakite,,,,,,,,,,,,
196294587,Julien,Ducree,Julien Ducree,,,,,,,,,,,,
196294588,Ashton,Hagans,Ashton Hagans,,,,,,,,,,,,
196294589,Ori,Hai,Ori Hai,,,,,,,,,,,,
196294590,Alex,Leder,Alex Leder,,,,,,,,,,,,
196294591,Nathan,Missia-Dio,Nathan Missia-Dio,,,,,,,,,,,,
196294592,Jonathan,Mor,Jonathan Mor,,,,,,FALSE,TRUE,FALSE,,,,
196294593,Yogev,Ohayon,Yogev Ohayon,,,,,,,,,,,,
196294594,Jared,Ruiz,Jared Ruiz,,,,,,,,,,,,
196294595,Jason,Siggers,Jason Siggers,,,,,,,,,,,,
196294596,Dakarai,Tucker,Dakarai Tucker,,,,,,TRUE,FALSE,FALSE,,,,
196294597,Quinndary,Weatherspoon,Quinndary Weatherspoon,,,,,,TRUE,FALSE,FALSE,,,,
196294600,Elfrid,Peyton,Elfrid Peyton,,,,,,,,,,,,
196294602,Mantas,Rubstavicius,Mantas Rubstavicius,,,,,,,,,,,,
196294603,Finn,Delany,Finn Delany,,,,,,,,,,,,
196294604,Gui,Deodato,Gui Deodato,,,,,,TRUE,FALSE,FALSE,,,,
196294605,Matheus,Leoni,Matheus Leoni,,,,,,,,,,,,
196294606,Scott,Machado,Scott Machado,,,,,,,,,,,,
196294607,Franco,Balbi,Franco Balbi,,,,,,TRUE,FALSE,FALSE,,,,
196294608,Didi,Louzada,Didi Louzada,,,,,,FALSE,TRUE,FALSE,,,,
196294609,Maique,Tavares,Maique Tavares,,,,,,,,,,,,
196294610,Gabriel,Jau,Gabriel Jau,,,,,,FALSE,FALSE,TRUE,,,,
196294611,Olivinha,,Olivinha ,,,,,,,,,,,,
196294612,Felipe,Motta,Felipe Motta,,,,,,,,,,,,
196294613,Marko,Filipovity,Marko Filipovity,,,,,,FALSE,TRUE,FALSE,,,,
196294614,Martin,Cuello,Martin Cuello,,,,,,,,,,,,
196294615,Caio,Brandao,Caio Brandao,,,,,,,,,,,,
196295053,Alex,McNaught,Alex McNaught,,,,,,,,,,,,
196295054,Karim,Lopez,Karim Lopez,,,,,,,,,,,,
196295055,Sean,Bairstow,Sean Bairstow,,,,,,,,,,,,
196295056,Sam,Mennenga,Sam Mennenga,,,,,,FALSE,FALSE,FALSE,,,,
196295057,Kaia,Isaac,Kaia Isaac,,,,,,,,,,,,
196295058,Parker,Jackson-Cartwright,Parker Jackson-Cartwright,,,,,,FALSE,FALSE,FALSE,,,,
196295059,Mojave,King,Mojave King,,,,,,,,,,,,
196295060,Mitch,McCarron,Mitch McCarron,,,,,,,,,,,,
196295061,Grant,Anticevich,Grant Anticevich,,,,,,,,,,,,
196295062,Max,Darling,Max Darling,,,,,,FALSE,FALSE,FALSE,,,,
196295063,Matt,Mooney,Matt Mooney,,,,,,FALSE,FALSE,FALSE,,,,
196295064,Chris,Arcidiacono,Chris Arcidiacono,,,,,,,,,,,,
196295065,Carlin,Davison,Carlin Davison,,,,,,,,,,,,
196295066,Dane,Pineau,Dane Pineau,,,,,,,,,,,,
196295067,Freddie,Gillespie,Freddie Gillespie,,,,,,,,,,,,
196295068,Jonah,Bolden,Jonah Bolden,,,,,,FALSE,FALSE,FALSE,,,,
196295069,Jordan,Floyd,Jordan Floyd,,,,,,,,,,,,
196295070,Tacko,Fall,Tacko Fall,,,,,,,,,,,,
196295088,Nelson,Weidemann,Nelson Weidemann,,,,,,,,,,,,
196295089,Marcio,Santos,Marcio Santos,,,,,,,,,,,,
196295090,Tobias,Jensen,Tobias Jensen,,,,,,,,,,,,
196295091,Alfonso ,Plummer,Alfonso  Plummer,,,,,,FALSE,FALSE,FALSE,,,,
196295092,Justinian,Jessup,Justinian Jessup,,,,,,FALSE,FALSE,FALSE,,,,
196295093,Noa,Essengue,Noa Essengue,,,,,,FALSE,FALSE,FALSE,,,,
196295094,Nicolas,Bretzel,Nicolas Bretzel,,,,,,,,,,,,
196295095,Philipp,Herkenhoff,Philipp Herkenhoff,,,,,,FALSE,FALSE,FALSE,,,,
196295096,Isaiah,Roby,Isaiah Roby,,,,,,,,,,,,
196295097,Alec,Anigbata,Alec Anigbata,,,,,,,,,,,,
196295098,Thomas,Klepeisz,Thomas Klepeisz,,,,,,,,,,,,
196295099,Karim,Jallow,Karim Jallow,,,,,,,,,,,,
196295100,Ben,Saraf,Ben Saraf,,,,,,FALSE,FALSE,FALSE,,,,
1962936103,Paulao,Prestes,Paulao Prestes,,,,,,,,,,,,
1962936104,Yannik,Driesen,Yannik Driesen,,,,,,,,,,,,
1962936105,Jesse,Young,Jesse Young,,,,,,,,,,,,
1962936107,Bojan,Bogdanovic,Bojan Bogdanovic,,,,,,,,,,,,
1962936108,Pablo,Aguilar,Pablo Aguilar,,,,,,,,,,,,
1962936150,Maurillioh,de Rosa,Maurillioh de Rosa,,,,,,,,,,,,
1962936250,Wesley,Matthews,Wesley Matthews,,,,,,,,,,,,
1962936270,Dionte,Christmas,Dionte Christmas,,,,,,,,,,,,
1962936483,Jan,Vesely,Jan Vesely,,,,,,,,,,,,
1962936489,Brian,Skinner,Brian Skinner,,,,,,,,,,,,
1962936495,Damien,Wilkins,Damien Wilkins,,,,,,,,,,,,
1962936525,Bojan,Bogdanovic,Bojan Bogdanovic,,,,,,,,,,,,
1962936526,Bo,McCalebb,Bo McCalebb,,,,,,,,,,,,
1962936546,Giorgios,Tsiaras,Giorgios Tsiaras,,,,,,,,,,,,
1962936724,Omer,Yurtseven,Omer Yurtseven,,,,,,,,,,,,
1962937071,Luka,Doncic,Luka Doncic,,,,,,,,,,,,
1962937079,Guillermo,Hernangomez,Guillermo Hernangomez,,,,,,,,,,,,
1962937116,Ekpe,Udoh,Ekpe Udoh,,,,,,FALSE,FALSE,FALSE,,,,
1962937117,Bogdan,Bogdanovic,Bogdan Bogdanovic,,,,,,FALSE,FALSE,FALSE,,,,
1962937156,Oz,Blayzer,Oz Blayzer,,,,,,FALSE,FALSE,FALSE,,,,
1962937170,Netanel,Artzi,Netanel Artzi,,,,,,,,,,,,
1962937431,Jimmer,Fredette,Jimmer Fredette,,,,,,FALSE,FALSE,FALSE,,,,
1962937441,Luka,Doncic,Luka Doncic,,,,,,,,,,,,
1962937545,Will,Graves,Will Graves,,,,,,FALSE,FALSE,FALSE,,,,
1962937546,Daniel,Koperberg,Daniel Koperberg,,,,,,,,,,,,
1962937553,Willy,Workman,Willy Workman,,,,,,FALSE,FALSE,FALSE,,,,
1962937727,Kai,Guo,Kai Guo,,,,,,,,,,,,
1962937728,Mingxing,Ju,Mingxing Ju,,,,,,FALSE,FALSE,FALSE,,,,
1962937729,Fan,Zhang,Fan Zhang,,,,,,,,,,,,
1962937730,Jun,Shi,Jun Shi,,,,,,,,,,,,
1962937734,Brad,Newley,Brad Newley,,,,,,FALSE,FALSE,FALSE,,,,
1962937735,Kevin,Lisch,Kevin Lisch,,,,,,FALSE,FALSE,FALSE,,,,
1962937736,Todd,Blanchfield,Todd Blanchfield,,,,,,FALSE,FALSE,FALSE,,,,
1962937737,Jason,Cadee,Jason Cadee,,,,,,,,,,,,
1962937738,Sam,Daly,Sam Daly,,,,,,,,,,,,
1962937739,Tom,Garlepp,Tom Garlepp,,,,,,,,,,,,
1962937740,Dane,Pineau,Dane Pineau,,,,,,,,,,,,
1962937741,Amritpal,Singh,Amritpal Singh,,,,,,,,,,,,
1962937742,Adam,Thoseby,Adam Thoseby,,,,,,,,,,,,
1962937755,Paige,Marcus,Paige Marcus,,,,,,,,,,,,
1962937759,Cai,Liang,Cai Liang,,,,,,FALSE,FALSE,FALSE,,,,
1962937760,Huang,Xu,Huang Xu,,,,,,,,,,,,
1962937761,Yan,Peng,Yan Peng,,,,,,,,,,,,
1962937762,Tang,Zihao,Tang Zihao,,,,,,,,,,,,
1962937763,Josh,Akognon,Josh Akognon,,,,,,FALSE,FALSE,FALSE,,,,
1962937764,Dong,Hanlin,Dong Hanlin,,,,,,,,,,,,
1962937765,Zhai,Yi,Zhai Yi,,,,,,,,,,,,
1962937766,Zhang,Zhaoxu,Zhang Zhaoxu,,,,,,FALSE,FALSE,FALSE,,,,
1962937767,Wang,Tong,Wang Tong,,,,,,,,,,,,
1962937768,Luo,Zhi,Luo Zhi,,,,,,,,,,,,
1962937769,Jimmer,Fredette,Jimmer Fredette,,,,,,,,,,,,
1962937770,Luo,Hanchen,Luo Hanchen,,,,,,FALSE,FALSE,FALSE,,,,
1962937771,Nick,Minnerath,Nick Minnerath,,,,,,FALSE,FALSE,FALSE,,,,
1962937772,Shi,Yuchen,Shi Yuchen,,,,,,,,,,,,
1962937773,Tseng,Wenting,Tseng Wenting,,,,,,,,,,,,
1962937787,Sam,Short,Sam Short,,,,,,,,,,,,
1962937808,Stephen,Holt,Stephen Holt,,,,,,FALSE,FALSE,FALSE,,,,
1962937809,Will,Magnay,Will Magnay,,,,,,,,,,,,
1962937810,Tom,Fullarton,Tom Fullarton,,,,,,,,,,,,
1962937811,Tyrell,Harrison,Tyrell Harrison,,,,,,,,,,,,
1962937812,Zach,Andrews,Zach Andrews,,,,,,,,,,,,
1962937813,Grant,Jerrett,Grant Jerrett,,,,,,,,,,,,
1962937826,Amida,Brimah,Amida Brimah,,,,,,,,,,,,
1962937827,Matt,Matt,Matt Matt,,,,,,,,,,,,
1962937828,London,Perrantes,London Perrantes,,,,,,,,,,,,
1962937920,Lochlan,Cummings,Lochlan Cummings,,,,,,,,,,,,
1962937921,Bryan,Michaels,Bryan Michaels,,,,,,,,,,,,
1962937922,Sunday,Dech,Sunday Dech,,,,,,,,,,,,
1962937926,Xiaohui,Wang,Xiaohui Wang,,,,,,,,,,,,
1962937928,Marcus Vinicius,Souza,Marcus Vinicius Souza,,,,,,,,,,,,
1962937929,Leandrinho,Barbosa,Leandrinho Barbosa,,,,,,,,,,,,
1962937930,Carlos,Alexandre,Carlos Alexandre,,,,,,,,,,,,
1962937931,Ruan,Miranda,Ruan Miranda,,,,,,,,,,,,
1962937932,Nelson,Larkins,Nelson Larkins,,,,,,,,,,,,
1962937933,Sunday,Dech,Sunday Dech,,,,,,,,,,,,
1962937937,Lucas,Hausman,Lucas Hausman,,,,,,,,,,,,
1966938125,Gen,Li,Gen Li,,,,,,,,,,,,
1966938126,Chunjun,Zhang,Chunjun Zhang,,,,,,,,,,,,
1966938127,Yongsheng,Wu,Yongsheng Wu,,,,,,,,,,,,
1966938128,Qunfei,Deng,Qunfei Deng,,,,,,,,,,,,
1966938129,Hanchen,Luo,Hanchen Luo,,,,,,,,,,,,
1966938131,Marcio,Santos,Marcio Santos,,,,,,,,,,,,
1966938132,Elio,Netto,Elio Netto,,,,,,,,,,,,
1966938133,Lucas,Dias,Lucas Dias,,,,,,FALSE,TRUE,FALSE,,,,
1966938134,Lucas,Cipolini,Lucas Cipolini,,,,,,,,,,,,
1966938135,Jimmy,De Oliveira,Jimmy De Oliveira,,,,,,FALSE,TRUE,FALSE,,,,
1966938136,Carlos,Schattmann,Carlos Schattmann,,,,,,,,,,,,
1966938137,Luciano,Parodi,Luciano Parodi,,,,,,TRUE,FALSE,FALSE,,,,
1966938138,Augusto,Alcassa,Augusto Alcassa,,,,,,,,,,,,
1966938139,Rafael,Hettsheimeir,Rafael Hettsheimeir,,,,,,FALSE,FALSE,TRUE,,,,
1966938140,Lucas,Batista,Lucas Batista,,,,,,,,,,,,
1966938141,David,Jackson,David Jackson,,,,,,TRUE,FALSE,FALSE,,,,
1966938142,Guilherme,Braga,Guilherme Braga,,,,,,,,,,,,
1966938145,Obi,Kyei,Obi Kyei,,,,,,,,,,,,
1966938146,Kevin,White,Kevin White,,,,,,,,,,,,
1966938147,Alex,Mudronja,Alex Mudronja,,,,,,,,,,,,
1966938148,Daniel,Dillon,Daniel Dillon,,,,,,,,,,,,
1966938149,Jerome,Randall,Jerome Randall,,,,,,TRUE,FALSE,FALSE,,,,
1966938153,Gil,Amitay,Gil Amitay,,,,,,,,,,,,
1966938154,Eric,Anderson,Eric Anderson,,,,,,FALSE,FALSE,TRUE,,,,
1966938155,David,Cohn,David Cohn,,,,,,,,,,,,
1966938156,Jonathan,Mor,Jonathan Mor,,,,,,,,,,,,
1966938157,Scott,Suggs,Scott Suggs,,,,,,FALSE,TRUE,FALSE,,,,
1966938158,Gregory,Vargas,Gregory Vargas,,,,,,TRUE,FALSE,FALSE,,,,
1966938162,Gustavo,Aguirre,Gustavo Aguirre,,,,,,TRUE,FALSE,FALSE,,,,
1966938163,Esteban,Batista,Esteban Batista,,,,,,,,,,,,
1966938164,Christian,Bihurriet,Christian Bihurriet,,,,,,,,,,,,
1966938165,Agustin,Caffaro,Agustin Caffaro,,,,,,,,,,,,
1966938166,Maximo,Fjelurup,Maximo Fjelurup,,,,,,,,,,,,
1966938167,Luciano,Gonzalez,Luciano Gonzalez,,,,,,,,,,,,
1966938168,Marcus,Mata,Marcus Mata,,,,,,FALSE,TRUE,FALSE,,,,
1966938169,Facundo,Pinero,Facundo Pinero,,,,,,FALSE,FALSE,TRUE,,,,
1966938170,Firmin,Thygesen,Firmin Thygesen,,,,,,,,,,,,
1966938171,Darquavis,Tucker,Darquavis Tucker,,,,,,TRUE,FALSE,FALSE,,,,
1966938172,Jose,Vildoza,Jose Vildoza,,,,,,,,,,,,
1966938173,Justin,Wiliams,Justin Wiliams,,,,,,FALSE,TRUE,FALSE,,,,
1966938178,CJ,Harris,CJ Harris,,,,,,FALSE,TRUE,FALSE,,,,
1966938179,Fengbo,Liu,Fengbo Liu,,,,,,,,,,,,
1966938181,Finn,Delaney,Finn Delaney,,,,,,,,,,,,
1966938182,Robert,Loe,Robert Loe,,,,,,FALSE,FALSE,TRUE,,,,
1966938183,R.J.,Hampton,R.J. Hampton,,,,,,TRUE,FALSE,FALSE,,,,
1966938184,Sek,Henry,Sek Henry,,,,,,,,,,,,
1966938185,Ater,Majok,Ater Majok,,,,,,,,,,,,
1966938186,Tom,Vodanovich,Tom Vodanovich,,,,,,,,,,,,
1966938187,Ethan,Rusbatch,Ethan Rusbatch,,,,,,,,,,,,
1966938196,Yuheng,Tian,Yuheng Tian,,,,,,,,,,,,
1966938197,Tianyo,Yao,Tianyo Yao,,,,,,,,,,,,
1966938204,Koperberg,Daniel,Koperberg Daniel,,,,,,,,,,,,
1966938208,Quincy,Miller,Quincy Miller,,,,,,,,,,,,
1966938209,Jo,Lual-Acuil Jr,Jo Lual-Acuil Jr,,,,,,FALSE,TRUE,FALSE,,,,
