Player Name,Clean Name,From,To,Pos,Ht,Wt,Birth Date,Birth Date(TextToColumn),Birth_Year,RetireAge,Colleges,URL,player_id,birthday year,retire age,career length
Šarūnas Jasikevičius,Šarūnas Jasikevičius,2006,2007,G,4-Jun,195,3/5/1976,5/3/1976,1976,31,Maryland,https://www.basketball-reference.com/players/j/jasiksa01.html,jasiksa01,1976,31,1
Šarūnas Marčiulionis*,Šarūnas Marčiulionis,1990,1997,G,5-Jun,200,6/13/1964,13/6/1964,1964,33,,https://www.basketball-reference.com/players/m/marcisa01.html,marcisa01,1964,33,7
Kevin Willis,Kevin Willis,1985,2007,F-C,Jul-00,220,9/6/1962,6/9/1962,1962,45,Michigan State,https://www.basketball-reference.com/players/w/willike02.html,willike02,1962,45,22
A.J. Bramlett,A.J. Bramlett,2000,2000,C,10-Jun,227,1/10/1977,10/1/1977,1977,23,Arizona,https://www.basketball-reference.com/players/b/bramlaj01.html,bramlaj01,1977,23,0
A.J. English,A.J. English,1991,1992,G,3-Jun,175,7/11/1967,11/7/1967,1967,25,Virginia Union University,https://www.basketball-reference.com/players/e/engliaj01.html,engliaj01,1967,25,1
A.J. Green,A.J. Green,2023,2025,G,4-Jun,200,9/27/1999,27/9/1999,1999,26,University of Northern Iowa,https://www.basketball-reference.com/players/g/greenaj01.html,greenaj01,1999,26,2
A.J. Guyton,A.J. Guyton,2001,2003,G,1-Jun,180,2/12/1978,12/2/1978,1978,25,Indiana,https://www.basketball-reference.com/players/g/guytoaj01.html,guytoaj01,1978,25,2
A.J. Hammons,A.J. Hammons,2017,2017,C,Jul-00,260,8/27/1992,27/8/1992,1992,25,Purdue,https://www.basketball-reference.com/players/h/hammoaj01.html,hammoaj01,1992,25,0
A.J. Lawson,A.J. Lawson,2023,2025,G,6-Jun,179,7/15/2000,15/7/2000,2000,25,South Carolina,https://www.basketball-reference.com/players/l/lawsoaj01.html,lawsoaj01,2000,25,2
A.J. Price,A.J. Price,2010,2015,G,2-Jun,181,10/7/1986,7/10/1986,1986,29,UConn,https://www.basketball-reference.com/players/p/priceaj01.html,priceaj01,1986,29,5
A.J. Wynder,A.J. Wynder,1991,1991,G,2-Jun,180,9/11/1964,11/9/1964,1964,27,"UMass, Fairfield",https://www.basketball-reference.com/players/w/wyndeaj01.html,wyndeaj01,1964,27,0
A.W. Holt,A.W. Holt,1971,1971,F,7-Jun,210,8/26/1946,26/8/1946,1946,25,Jackson State University,https://www.basketball-reference.com/players/h/holtaw01.html,holtaw01,1946,25,0
Óscar Torres,Óscar Torres,2002,2003,F,6-Jun,210,12/18/1976,18/12/1976,1976,27,,https://www.basketball-reference.com/players/t/torreos01.html,torreos01,1976,27,1
Álex Abrines,Álex Abrines,2017,2019,G-F,6-Jun,200,8/1/1993,1/8/1993,1993,26,,https://www.basketball-reference.com/players/a/abrinal01.html,abrinal01,1993,26,2
Ángel Delgado,Ángel Delgado,2019,2019,C,10-Jun,245,11/20/1994,20/11/1994,1994,25,Seton Hall,https://www.basketball-reference.com/players/d/delgaan01.html,delgaan01,1994,25,0
Žan Tabak,Žan Tabak,1995,2001,C,Jul-00,245,6/15/1970,15/6/1970,1970,31,,https://www.basketball-reference.com/players/t/tabakza01.html,tabakza01,1970,31,6
Žarko Čabarkapa,Žarko Čabarkapa,2004,2006,F,11-Jun,235,5/21/1981,21/5/1981,1981,25,,https://www.basketball-reference.com/players/c/cabarza01.html,cabarza01,1981,25,2
Žarko Paspalj,Žarko Paspalj,1990,1990,F,9-Jun,215,3/27/1966,27/3/1966,1966,24,,https://www.basketball-reference.com/players/p/paspaza01.html,paspaza01,1966,24,0
Robert Parish*,Robert Parish,1977,1997,C,1-Jul,230,8/30/1953,30/8/1953,1953,44,Centenary (LA),https://www.basketball-reference.com/players/p/parisro01.html,parisro01,1953,44,20
Aaron Brooks,Aaron Brooks,2008,2018,G,Jun-00,161,1/14/1985,14/1/1985,1985,33,Oregon,https://www.basketball-reference.com/players/b/brookaa01.html,brookaa01,1985,33,10
Aaron Gordon,Aaron Gordon,2015,2025,F,8-Jun,235,9/16/1995,16/9/1995,1995,30,Arizona,https://www.basketball-reference.com/players/g/gordoaa01.html,gordoaa01,1995,30,10
Aaron Gray,Aaron Gray,2008,2014,C,Jul-00,270,12/7/1984,7/12/1984,1984,30,Pitt,https://www.basketball-reference.com/players/g/grayaa01.html,grayaa01,1984,30,6
Aaron Harrison,Aaron Harrison,2016,2018,G,6-Jun,210,10/28/1994,28/10/1994,1994,24,Kentucky,https://www.basketball-reference.com/players/h/harriaa01.html,harriaa01,1994,24,2
Aaron Henry,Aaron Henry,2022,2022,F,6-Jun,210,8/30/1999,30/8/1999,1999,23,Michigan State,https://www.basketball-reference.com/players/h/henryaa01.html,henryaa01,1999,23,0
Aaron Holiday,Aaron Holiday,2019,2025,G,Jun-00,185,9/30/1996,30/9/1996,1996,29,UCLA,https://www.basketball-reference.com/players/h/holidaa01.html,holidaa01,1996,29,6
Aaron Jackson,Aaron Jackson,2018,2018,G,4-Jun,185,5/6/1986,6/5/1986,1986,32,Duquesne,https://www.basketball-reference.com/players/j/jacksaa01.html,jacksaa01,1986,32,0
Aaron James,Aaron James,1975,1979,F,8-Jun,210,10/5/1952,5/10/1952,1952,27,Grambling State University,https://www.basketball-reference.com/players/j/jamesaa01.html,jamesaa01,1952,27,4
Dikembe Mutombo*,Dikembe Mutombo,1992,2009,C,2-Jul,245,6/25/1966,25/6/1966,1966,43,Georgetown,https://www.basketball-reference.com/players/m/mutomdi01.html,mutomdi01,1966,43,17
Aaron Miles,Aaron Miles,2006,2006,G,1-Jun,175,4/13/1983,13/4/1983,1983,23,Kansas,https://www.basketball-reference.com/players/m/milesaa01.html,milesaa01,1983,23,0
Aaron Nesmith,Aaron Nesmith,2021,2025,G-F,5-Jun,215,10/16/1999,16/10/1999,1999,26,Vanderbilt,https://www.basketball-reference.com/players/n/nesmiaa01.html,nesmiaa01,1999,26,4
Aaron Swinson,Aaron Swinson,1995,1995,F,5-Jun,230,1/9/1971,9/1/1971,1971,24,Auburn,https://www.basketball-reference.com/players/s/swinsaa01.html,swinsaa01,1971,24,0
Aaron Wiggins,Aaron Wiggins,2022,2025,G,6-Jun,200,1/2/1999,2/1/1999,1999,26,Maryland,https://www.basketball-reference.com/players/w/wiggiaa01.html,wiggiaa01,1999,26,3
Udonis Haslem,Udonis Haslem,2004,2023,F-C,8-Jun,235,6/9/1980,9/6/1980,1980,43,Florida,https://www.basketball-reference.com/players/h/hasleud01.html,hasleud01,1980,43,19
Abdel Nader,Abdel Nader,2018,2022,F,5-Jun,225,9/25/1993,25/9/1993,1993,29,"Northern Illinois, Iowa State",https://www.basketball-reference.com/players/n/naderab01.html,naderab01,1993,29,4
Abdul Jeelani,Abdul Jeelani,1980,1981,F-C,8-Jun,210,2/10/1954,10/2/1954,1954,27,University of Wisconsin-Parkside,https://www.basketball-reference.com/players/j/jeelaab01.html,jeelaab01,1954,27,1
Acie Earl,Acie Earl,1994,1997,F-C,10-Jun,240,6/23/1970,23/6/1970,1970,27,Iowa,https://www.basketball-reference.com/players/e/earlac01.html,earlac01,1970,27,3
Acie Law,Acie Law,2008,2011,G,3-Jun,195,1/25/1985,25/1/1985,1985,26,Texas A&M,https://www.basketball-reference.com/players/l/lawac01.html,lawac01,1985,26,3
Adam Flagler,Adam Flagler,2024,2025,G,3-Jun,195,12/1/1999,1/12/1999,1999,26,"Presbyterian College, Baylor",https://www.basketball-reference.com/players/f/flaglad01.html,flaglad01,1999,26,1
Adam Harrington,Adam Harrington,2003,2003,G,5-Jun,200,7/5/1980,5/7/1980,1980,23,"NC State, Auburn",https://www.basketball-reference.com/players/h/harriad01.html,harriad01,1980,23,0
Adam Keefe,Adam Keefe,1993,2001,F,9-Jun,230,2/22/1970,22/2/1970,1970,31,Stanford,https://www.basketball-reference.com/players/k/keefead01.html,keefead01,1970,31,8
Adam Mokoka,Adam Mokoka,2020,2021,G,4-Jun,190,7/18/1998,18/7/1998,1998,23,,https://www.basketball-reference.com/players/m/mokokad01.html,mokokad01,1998,23,1
Adam Morrison,Adam Morrison,2007,2010,F,8-Jun,205,7/19/1984,19/7/1984,1984,26,Gonzaga,https://www.basketball-reference.com/players/m/morriad01.html,morriad01,1984,26,3
Adama Sanogo,Adama Sanogo,2024,2025,F,9-Jun,245,2/12/2002,12/2/2002,2002,23,UConn,https://www.basketball-reference.com/players/s/sanogad01.html,sanogad01,2002,23,1
Ade Murkey,Ade Murkey,2022,2022,G,5-Jun,200,1/29/1998,29/1/1998,1998,24,Denver,https://www.basketball-reference.com/players/m/murkead01.html,murkead01,1998,24,0
Adem Bona,Adem Bona,2025,2025,F-C,10-Jun,235,3/28/2003,28/3/2003,2003,22,UCLA,https://www.basketball-reference.com/players/b/bonaad01.html,bonaad01,2003,22,0
Admiral Schofield,Admiral Schofield,2020,2024,G-F,5-Jun,241,3/30/1997,30/3/1997,1997,27,Tennessee,https://www.basketball-reference.com/players/s/schofad01.html,schofad01,1997,27,4
Vince Carter*,Vince Carter,1999,2020,G-F,6-Jun,220,1/26/1977,26/1/1977,1977,43,UNC,https://www.basketball-reference.com/players/c/cartevi01.html,cartevi01,1977,43,21
Adonis Jordan,Adonis Jordan,1994,1999,G,11-May,170,8/21/1970,21/8/1970,1970,29,Kansas,https://www.basketball-reference.com/players/j/jordaad01.html,jordaad01,1970,29,5
Adonis Thomas,Adonis Thomas,2014,2014,F,7-Jun,200,3/25/1993,25/3/1993,1993,21,Memphis,https://www.basketball-reference.com/players/t/thomaad01.html,thomaad01,1993,21,0
Adreian Payne,Adreian Payne,2015,2018,F-C,10-Jun,237,2/19/1991,19/2/1991,1991,27,Michigan State,https://www.basketball-reference.com/players/p/paynead01.html,paynead01,1991,27,3
Adrian Branch,Adrian Branch,1987,1990,F-G,7-Jun,185,11/17/1963,17/11/1963,1963,27,Maryland,https://www.basketball-reference.com/players/b/brancad01.html,brancad01,1963,27,3
Adrian Caldwell,Adrian Caldwell,1990,1998,F-C,8-Jun,265,7/4/1966,4/7/1966,1966,32,"SMU, Lamar",https://www.basketball-reference.com/players/c/caldwad01.html,caldwad01,1966,32,8
Bob Cousy*,Bob Cousy,1951,1970,G,1-Jun,175,8/9/1928,9/8/1928,1928,42,Holy Cross,https://www.basketball-reference.com/players/c/cousybo01.html,cousybo01,1928,42,19
Kareem Abdul-Jabbar*,Kareem Abdul-Jabbar,1970,1989,C,2-Jul,225,4/16/1947,16/4/1947,1947,42,UCLA,https://www.basketball-reference.com/players/a/abdulka01.html,abdulka01,1947,42,19
Charles Jones,Charles Jones,1984,1998,F-C,9-Jun,215,4/3/1957,3/4/1957,1957,41,Albany State University,https://www.basketball-reference.com/players/j/jonesch01.html,jonesch01,1957,41,14
Ahmad Caver,Ahmad Caver,2022,2022,G,2-Jun,175,9/12/1996,12/9/1996,1996,26,Old Dominion,https://www.basketball-reference.com/players/c/caverah01.html,caverah01,1996,26,0
AJ Griffin,AJ Griffin,2023,2024,F,6-Jun,222,8/25/2003,25/8/2003,2003,21,Duke,https://www.basketball-reference.com/players/g/griffaj01.html,griffaj01,2003,21,1
AJ Johnson,AJ Johnson,2025,2025,G,4-Jun,160,12/1/2004,1/12/2004,2004,21,,https://www.basketball-reference.com/players/j/johnsaj01.html,johnsaj01,2004,21,0
Ajay Mitchell,Ajay Mitchell,2025,2025,G,5-Jun,200,6/25/2002,25/6/2002,2002,23,UC Santa Barbara,https://www.basketball-reference.com/players/m/mitchaj01.html,mitchaj01,2002,23,0
Charles Oakley,Charles Oakley,1986,2004,F-C,9-Jun,225,12/18/1963,18/12/1963,1963,41,Virginia Union University,https://www.basketball-reference.com/players/o/oaklech01.html,oaklech01,1963,41,18
Al Beard,Al Beard,1968,1968,C,9-Jun,200,4/27/1942,27/4/1942,1942,26,Norfolk State,https://www.basketball-reference.com/players/b/beardal01.html,beardal01,1942,26,0
Clifford Robinson,Clifford Robinson,1990,2007,F-C,10-Jun,225,12/16/1966,16/12/1966,1966,41,UConn,https://www.basketball-reference.com/players/r/robincl02.html,robincl02,1966,41,17
Al Brightman,Al Brightman,1947,1947,F,2-Jun,195,9/22/1923,22/9/1923,1923,24,University of Charleston,https://www.basketball-reference.com/players/b/brighal01.html,brighal01,1923,24,0
Al Butler,Al Butler,1962,1965,G,2-Jun,175,7/9/1938,9/7/1938,1938,27,Niagara University,https://www.basketball-reference.com/players/b/butleal01.html,butleal01,1938,27,3
Al Carlson,Al Carlson,1976,1976,C,11-Jun,235,9/17/1951,17/9/1951,1951,25,Oregon,https://www.basketball-reference.com/players/c/carlsal01.html,carlsal01,1951,25,0
Dirk Nowitzki*,Dirk Nowitzki,1999,2019,F-C,Jul-00,245,6/19/1978,19/6/1978,1978,41,,https://www.basketball-reference.com/players/n/nowitdi01.html,nowitdi01,1978,41,20
Al Cueto,Al Cueto,1970,1971,C-F,7-Jun,230,8/2/1946,2/8/1946,1946,25,"St. Gregory's University, Tulsa",https://www.basketball-reference.com/players/c/cuetoal01.html,cuetoal01,1946,25,1
Al Eberhard,Al Eberhard,1975,1978,F,6-Jun,225,5/10/1952,10/5/1952,1952,26,Missouri,https://www.basketball-reference.com/players/e/eberhal01.html,eberhal01,1952,26,3
Al Ferrari,Al Ferrari,1956,1963,G-F,4-Jun,190,7/6/1933,6/7/1933,1933,30,Michigan State,https://www.basketball-reference.com/players/f/ferraal01.html,ferraal01,1933,30,7
Al Fleming,Al Fleming,1978,1978,F,7-Jun,215,4/5/1954,5/4/1954,1954,24,Arizona,https://www.basketball-reference.com/players/f/flemial01.html,flemial01,1954,24,0
Al Guokas,Al Guokas,1950,1950,F-G,5-Jun,200,8/7/1925,7/8/1925,1925,25,Saint Joseph's,https://www.basketball-reference.com/players/g/guokaal01.html,guokaal01,1925,25,0
Al Hairston,Al Hairston,1969,1970,G,1-Jun,170,12/11/1945,11/12/1945,1945,25,Bowling Green,https://www.basketball-reference.com/players/h/hairsal01.html,hairsal01,1945,25,1
Grant Hill*,Grant Hill,1995,2013,F-G,8-Jun,225,10/5/1972,5/10/1972,1972,41,Duke,https://www.basketball-reference.com/players/h/hillgr01.html,hillgr01,1972,41,18
Al Henry,Al Henry,1971,1972,C,9-Jun,190,2/9/1949,9/2/1949,1949,23,Wisconsin,https://www.basketball-reference.com/players/h/henryal01.html,henryal01,1949,23,1
Herb Williams,Herb Williams,1982,1999,C-F,10-Jun,242,2/16/1958,16/2/1958,1958,41,Ohio State,https://www.basketball-reference.com/players/w/willihe01.html,willihe01,1958,41,17
Al Jackson,Al Jackson,1968,1968,G,1-Jun,185,7/29/1943,29/7/1943,1943,25,Wilberforce University,https://www.basketball-reference.com/players/j/jacksal01.html,jacksal01,1943,25,0
Al Jefferson,Al Jefferson,2005,2018,C-F,10-Jun,289,1/4/1985,4/1/1985,1985,33,,https://www.basketball-reference.com/players/j/jeffeal01.html,jeffeal01,1985,33,13
Al Lucas,Al Lucas,1949,1949,F-G,3-Jun,195,7/4/1922,4/7/1922,1922,27,Fordham,https://www.basketball-reference.com/players/l/lucasal01.html,lucasal01,1922,27,0
Al Lujack,Al Lujack,1947,1947,F,3-Jun,220,10/5/1920,5/10/1920,1920,27,Georgetown,https://www.basketball-reference.com/players/l/lujacal01.html,lujacal01,1920,27,0
Al Masino,Al Masino,1953,1954,G,10-May,174,2/5/1928,5/2/1928,1928,26,Canisius,https://www.basketball-reference.com/players/m/masinal01.html,masinal01,1928,26,1
Al McGuire*,Al McGuire,1952,1955,G-F,2-Jun,180,9/7/1928,7/9/1928,1928,27,St. John's,https://www.basketball-reference.com/players/m/mcguial01.html,mcguial01,1928,27,3
Al Miksis,Al Miksis,1950,1950,C,7-Jun,210,2/2/1928,2/2/1928,1928,22,Western Illinois University,https://www.basketball-reference.com/players/m/miksial01.html,miksial01,1928,22,0
Al Negratti,Al Negratti,1947,1947,F-C,3-Jun,200,6/12/1921,12/6/1921,1921,26,Seton Hall,https://www.basketball-reference.com/players/n/negraal01.html,negraal01,1921,26,0
Al Roges,Al Roges,1954,1955,G-F,4-Jun,195,10/25/1930,25/10/1930,1930,25,Long Island University,https://www.basketball-reference.com/players/r/rogesal01.html,rogesal01,1930,25,1
Al Salvadori,Al Salvadori,1968,1968,F,9-Jun,220,5/6/1945,6/5/1945,1945,23,South Carolina,https://www.basketball-reference.com/players/s/salvaal01.html,salvaal01,1945,23,0
Al Sanders,Al Sanders,1973,1973,F,7-Jun,240,1/1/1950,1/1/1950,1950,23,LSU,https://www.basketball-reference.com/players/s/sandeal01.html,sandeal01,1950,23,0
Al Skinner,Al Skinner,1975,1980,G,3-Jun,190,6/16/1952,16/6/1952,1952,28,UMass,https://www.basketball-reference.com/players/s/skinnal01.html,skinnal01,1952,28,5
Al Smith,Al Smith,1972,1976,G,1-Jun,185,1/15/1947,15/1/1947,1947,29,Bradley,https://www.basketball-reference.com/players/s/smithal01.html,smithal01,1947,29,4
Al Thornton,Al Thornton,2008,2011,F,8-Jun,220,12/7/1983,7/12/1983,1983,28,Florida State,https://www.basketball-reference.com/players/t/thornal01.html,thornal01,1983,28,3
Al Tucker,Al Tucker,1968,1972,F,8-Jun,190,2/24/1943,24/2/1943,1943,29,Oklahoma Baptist University,https://www.basketball-reference.com/players/t/tuckeal01.html,tuckeal01,1943,29,4
Al Williams,Al Williams,1971,1971,F,6-Jun,200,2/3/1948,3/2/1948,1948,23,Drake University,https://www.basketball-reference.com/players/w/willial01.html,willial01,1948,23,0
Al Wood,Al Wood,1982,1987,G-F,6-Jun,193,6/2/1958,2/6/1958,1958,29,UNC,https://www.basketball-reference.com/players/w/woodal01.html,woodal01,1958,29,5
Alaa Abdelnaby,Alaa Abdelnaby,1991,1995,F-C,10-Jun,240,6/24/1968,24/6/1968,1968,27,Duke,https://www.basketball-reference.com/players/a/abdelal01.html,abdelal01,1968,27,4
James Edwards,James Edwards,1978,1996,C-F,Jul-00,225,11/22/1955,22/11/1955,1955,41,Washington,https://www.basketball-reference.com/players/e/edwarja01.html,edwarja01,1955,41,18
Alan Hardy,Alan Hardy,1981,1982,F,7-Jun,195,5/25/1957,25/5/1957,1957,25,Michigan,https://www.basketball-reference.com/players/h/hardyal01.html,hardyal01,1957,25,1
Jason Terry,Jason Terry,2000,2018,G,2-Jun,185,9/15/1977,15/9/1977,1977,41,Arizona,https://www.basketball-reference.com/players/t/terryja01.html,terryja01,1977,41,18
Alan Ogg,Alan Ogg,1991,1993,C,2-Jul,240,7/5/1967,5/7/1967,1967,26,UAB,https://www.basketball-reference.com/players/o/oggal01.html,oggal01,1967,26,2
Alan Sawyer,Alan Sawyer,1951,1951,F,5-Jun,195,1/1/1928,1/1/1928,1928,23,UCLA,https://www.basketball-reference.com/players/s/sawyeal01.html,sawyeal01,1928,23,0
Alan Williams,Alan Williams,2016,2019,F-C,8-Jun,265,1/28/1993,28/1/1993,1993,26,UC Santa Barbara,https://www.basketball-reference.com/players/w/willial03.html,willial03,1993,26,3
Alando Tucker,Alando Tucker,2008,2010,F,6-Jun,205,2/11/1984,11/2/1984,1984,26,Wisconsin,https://www.basketball-reference.com/players/t/tuckeal02.html,tuckeal02,1984,26,2
Albert King,Albert King,1982,1992,F-G,6-Jun,190,12/17/1959,17/12/1959,1959,33,Maryland,https://www.basketball-reference.com/players/k/kingal01.html,kingal01,1959,33,10
Joe Johnson,Joe Johnson,2002,2022,G-F,7-Jun,240,6/29/1981,29/6/1981,1981,41,Arkansas,https://www.basketball-reference.com/players/j/johnsjo02.html,johnsjo02,1981,41,20
Alec Kessler,Alec Kessler,1991,1994,F-C,11-Jun,230,1/13/1967,13/1/1967,1967,27,Georgia,https://www.basketball-reference.com/players/k/kesslal01.html,kesslal01,1967,27,3
Alec Peters,Alec Peters,2018,2018,F,9-Jun,232,4/13/1995,13/4/1995,1995,23,Valparaiso,https://www.basketball-reference.com/players/p/peteral01.html,peteral01,1995,23,0
Aleem Ford,Aleem Ford,2022,2022,F,8-Jun,220,12/22/1997,22/12/1997,1997,25,Wisconsin,https://www.basketball-reference.com/players/f/fordal03.html,fordal03,1997,25,0
Aleksandar Djordjevic,Aleksandar Djordjevic,1997,1997,G,2-Jun,198,8/26/1967,26/8/1967,1967,30,,https://www.basketball-reference.com/players/d/djordal01.html,djordal01,1967,30,0
Aleksandar Radojević,Aleksandar Radojević,2000,2005,C,3-Jul,250,8/8/1976,8/8/1976,1976,29,Barton County Community College,https://www.basketball-reference.com/players/r/radojal01.html,radojal01,1976,29,5
Aleksej Pokusevski,Aleksej Pokusevski,2021,2024,F,Jul-00,190,12/26/2001,26/12/2001,2001,23,,https://www.basketball-reference.com/players/p/pokusal01.html,pokusal01,2001,23,3
Alen Smailagić,Alen Smailagić,2020,2021,F,10-Jun,215,8/18/2000,18/8/2000,2000,21,,https://www.basketball-reference.com/players/s/smailal01.html,smailal01,2000,21,1
Alex Acker,Alex Acker,2006,2009,G,5-Jun,185,1/21/1983,21/1/1983,1983,26,Pepperdine,https://www.basketball-reference.com/players/a/ackeral01.html,ackeral01,1983,26,3
Alex Blackwell,Alex Blackwell,1993,1993,F,6-Jun,250,6/27/1970,27/6/1970,1970,23,Monmouth University,https://www.basketball-reference.com/players/b/blackal01.html,blackal01,1970,23,0
Alex Bradley,Alex Bradley,1982,1982,F,6-Jun,215,10/30/1959,30/10/1959,1959,23,Villanova,https://www.basketball-reference.com/players/b/bradlal02.html,bradlal02,1959,23,0
Alex Caruso,Alex Caruso,2018,2025,G,5-Jun,186,2/28/1994,28/2/1994,1994,31,Texas A&M,https://www.basketball-reference.com/players/c/carusal01.html,carusal01,1994,31,7
Alex Ducas,Alex Ducas,2025,2025,G-F,6-Jun,222,12/11/2000,11/12/2000,2000,25,Saint Mary's University,https://www.basketball-reference.com/players/d/ducasal01.html,ducasal01,2000,25,0
John Long,John Long,1979,1997,G-F,5-Jun,195,8/28/1956,28/8/1956,1956,41,Detroit Mercy,https://www.basketball-reference.com/players/l/longjo01.html,longjo01,1956,41,18
Alex Fudge,Alex Fudge,2024,2024,F,8-Jun,200,5/6/2003,6/5/2003,2003,21,"LSU, Florida",https://www.basketball-reference.com/players/f/fudgeal01.html,fudgeal01,2003,21,0
Alex Garcia,Alex Garcia,2004,2005,G,3-Jun,220,3/4/1980,4/3/1980,1980,25,,https://www.basketball-reference.com/players/g/garcial01.html,garcial01,1980,25,1
Alex Groza,Alex Groza,1950,1951,C,7-Jun,218,10/7/1926,7/10/1926,1926,25,Kentucky,https://www.basketball-reference.com/players/g/grozaal01.html,grozaal01,1926,25,1
John Stockton*,John Stockton,1985,2003,G,1-Jun,170,3/26/1962,26/3/1962,1962,41,Gonzaga,https://www.basketball-reference.com/players/s/stockjo01.html,stockjo01,1962,41,18
Alex Kirk,Alex Kirk,2015,2015,C,Jul-00,245,11/14/1991,14/11/1991,1991,24,New Mexico,https://www.basketball-reference.com/players/k/kirkal01.html,kirkal01,1991,24,0
Alex Len,Alex Len,2014,2025,C,Jul-00,250,6/16/1993,16/6/1993,1993,32,Maryland,https://www.basketball-reference.com/players/l/lenal01.html,lenal01,1993,32,11
Alex Poythress,Alex Poythress,2017,2019,F,9-Jun,235,9/6/1993,6/9/1993,1993,26,Kentucky,https://www.basketball-reference.com/players/p/poythal01.html,poythal01,1993,26,2
Alex Reese,Alex Reese,2025,2025,F,9-Jun,245,5/21/1999,21/5/1999,1999,26,Alabama,https://www.basketball-reference.com/players/r/reeseal01.html,reeseal01,1999,26,0
Alex Sarr,Alex Sarr,2025,2025,F,Jul-00,205,4/26/2005,26/4/2005,2005,20,,https://www.basketball-reference.com/players/s/sarral01.html,sarral01,2005,20,0
Alex Scales,Alex Scales,2006,2006,G,4-Jun,185,7/3/1978,3/7/1978,1978,28,Oregon,https://www.basketball-reference.com/players/s/scaleal01.html,scaleal01,1978,28,0
Alex Stepheson,Alex Stepheson,2016,2016,F,10-Jun,270,8/7/1987,7/8/1987,1987,29,"UNC, USC",https://www.basketball-reference.com/players/s/stephal01.html,stephal01,1987,29,0
Alex Stivrins,Alex Stivrins,1986,1993,F,8-Jun,220,11/29/1962,29/11/1962,1962,31,"Creighton, Colorado",https://www.basketball-reference.com/players/s/stivral01.html,stivral01,1962,31,7
Alexander Johnson,Alexander Johnson,2007,2008,F,9-Jun,240,2/8/1983,8/2/1983,1983,25,Florida State,https://www.basketball-reference.com/players/j/johnsal01.html,johnsal01,1983,25,1
Alexander Volkov,Alexander Volkov,1990,1992,C,10-Jun,218,3/28/1964,28/3/1964,1964,28,,https://www.basketball-reference.com/players/v/volkoal01.html,volkoal01,1964,28,2
Alexey Shved,Alexey Shved,2013,2015,G,6-Jun,190,12/16/1988,16/12/1988,1988,27,,https://www.basketball-reference.com/players/s/shvedal01.html,shvedal01,1988,27,2
Alexis Ajinça,Alexis Ajinça,2009,2017,C-F,2-Jul,248,5/6/1988,6/5/1988,1988,29,,https://www.basketball-reference.com/players/a/ajincal01.html,ajincal01,1988,29,8
Al-Farouq Aminu,Al-Farouq Aminu,2011,2021,F,8-Jun,220,9/21/1990,21/9/1990,1990,31,Wake Forest,https://www.basketball-reference.com/players/a/aminual01.html,aminual01,1990,31,10
Alfonzo McKinnie,Alfonzo McKinnie,2018,2022,F,7-Jun,215,9/17/1992,17/9/1992,1992,30,Green Bay,https://www.basketball-reference.com/players/m/mckinal01.html,mckinal01,1992,30,4
Alfredrick Hughes,Alfredrick Hughes,1986,1986,F-G,5-Jun,215,7/19/1962,19/7/1962,1962,24,Loyola Chicago,https://www.basketball-reference.com/players/h/hugheri01.html,hugheri01,1962,24,0
Alize Johnson,Alize Johnson,2019,2023,F,7-Jun,212,4/22/1996,22/4/1996,1996,27,"Frank Phillips College, Missouri State",https://www.basketball-reference.com/players/j/johnsal02.html,johnsal02,1996,27,4
Allan Bristow,Allan Bristow,1974,1983,F-G,7-Jun,210,8/23/1951,23/8/1951,1951,32,Virginia Tech,https://www.basketball-reference.com/players/b/bristal01.html,bristal01,1951,32,9
Karl Malone*,Karl Malone,1986,2004,F,9-Jun,250,7/24/1963,24/7/1963,1963,41,Louisiana Tech,https://www.basketball-reference.com/players/m/malonka01.html,malonka01,1963,41,18
Allan Ray,Allan Ray,2007,2007,G,2-Jun,190,6/17/1984,17/6/1984,1984,23,Villanova,https://www.basketball-reference.com/players/r/rayal01.html,rayal01,1984,23,0
Allen Crabbe,Allen Crabbe,2014,2020,G-F,5-Jun,212,4/9/1992,9/4/1992,1992,28,California,https://www.basketball-reference.com/players/c/crabbal01.html,crabbal01,1992,28,6
Kurt Thomas,Kurt Thomas,1996,2013,F,9-Jun,230,10/4/1972,4/10/1972,1972,41,TCU,https://www.basketball-reference.com/players/t/thomaku01.html,thomaku01,1972,41,17
Allen Leavell,Allen Leavell,1980,1989,G,1-Jun,170,5/27/1957,27/5/1957,1957,32,Oklahoma City University,https://www.basketball-reference.com/players/l/leaveal01.html,leaveal01,1957,32,9
Allen Murphy,Allen Murphy,1976,1977,G,5-Jun,190,7/15/1952,15/7/1952,1952,25,Louisville,https://www.basketball-reference.com/players/m/murphal01.html,murphal01,1952,25,1
Allie McGuire,Allie McGuire,1974,1974,G,3-Jun,175,7/10/1951,10/7/1951,1951,23,Marquette,https://www.basketball-reference.com/players/m/mcguial02.html,mcguial02,1951,23,0
Allonzo Trier,Allonzo Trier,2019,2020,G,4-Jun,200,1/17/1996,17/1/1996,1996,24,Arizona,https://www.basketball-reference.com/players/t/trieral01.html,trieral01,1996,24,1
Alondes Williams,Alondes Williams,2023,2025,G,4-Jun,210,6/19/1999,19/6/1999,1999,26,"Triton College, Oklahoma, Wake Forest",https://www.basketball-reference.com/players/w/willial06.html,willial06,1999,26,2
Alonzo Bradley,Alonzo Bradley,1978,1980,F,6-Jun,190,10/16/1953,16/10/1953,1953,27,Texas Southern,https://www.basketball-reference.com/players/b/bradlal01.html,bradlal01,1953,27,2
Alonzo Gee,Alonzo Gee,2010,2017,G,6-Jun,225,5/29/1987,29/5/1987,1987,30,Alabama,https://www.basketball-reference.com/players/g/geeal01.html,geeal01,1987,30,7
LeBron James,LeBron James,2004,2025,F-G,9-Jun,250,12/30/1984,30/12/1984,1984,41,,https://www.basketball-reference.com/players/j/jamesle01.html,jamesle01,1984,41,21
Alperen Şengün,Alperen Şengün,2022,2025,C-F,11-Jun,235,7/25/2002,25/7/2002,2002,23,,https://www.basketball-reference.com/players/s/sengual01.html,sengual01,2002,23,3
Alphonso Ford,Alphonso Ford,1994,1995,G,1-Jun,190,10/31/1971,31/10/1971,1971,24,Mississippi Valley State University,https://www.basketball-reference.com/players/f/fordal01.html,fordal01,1971,24,1
Alton Ford,Alton Ford,2002,2004,F,9-Jun,275,5/29/1981,29/5/1981,1981,23,Houston,https://www.basketball-reference.com/players/f/fordal02.html,fordal02,1981,23,2
Manu Ginóbili*,Manu Ginóbili,2003,2018,G,6-Jun,205,7/28/1977,28/7/1977,1977,41,,https://www.basketball-reference.com/players/g/ginobma01.html,ginobma01,1977,41,15
Rick Mahorn,Rick Mahorn,1981,1999,C-F,10-Jun,240,9/21/1958,21/9/1958,1958,41,Hampton,https://www.basketball-reference.com/players/m/mahorri01.html,mahorri01,1958,41,18
Alvin Heggs,Alvin Heggs,1996,1996,F,8-Jun,225,12/12/1967,12/12/1967,1967,29,Texas,https://www.basketball-reference.com/players/h/heggsal01.html,heggsal01,1967,29,0
Alvin Jones,Alvin Jones,2002,2002,C,11-Jun,265,9/9/1978,9/9/1978,1978,24,Georgia Tech,https://www.basketball-reference.com/players/j/jonesal01.html,jonesal01,1978,24,0
Alton Lister,Alton Lister,1982,1998,C-F,Jul-00,240,10/1/1958,1/10/1958,1958,40,Arizona State,https://www.basketball-reference.com/players/l/listeal01.html,listeal01,1958,40,16
Alvin Scott,Alvin Scott,1978,1985,F-G,7-Jun,185,9/14/1955,14/9/1955,1955,30,Oral Roberts,https://www.basketball-reference.com/players/s/scottal01.html,scottal01,1955,30,7
Alvin Sims,Alvin Sims,1999,1999,G,4-Jun,235,10/18/1974,18/10/1974,1974,25,Louisville,https://www.basketball-reference.com/players/s/simsal01.html,simsal01,1974,25,0
Alvin Williams,Alvin Williams,1998,2007,G,5-Jun,185,8/6/1974,6/8/1974,1974,33,Villanova,https://www.basketball-reference.com/players/w/willial02.html,willial02,1974,33,9
Amal McCaskill,Amal McCaskill,1997,2004,F-C,11-Jun,235,10/28/1973,28/10/1973,1973,31,Marquette,https://www.basketball-reference.com/players/m/mccasam01.html,mccasam01,1973,31,7
Andre Miller,Andre Miller,2000,2016,G,3-Jun,200,3/19/1976,19/3/1976,1976,40,Utah,https://www.basketball-reference.com/players/m/millean02.html,millean02,1976,40,16
Amari Bailey,Amari Bailey,2024,2024,G,5-Jun,185,2/17/2004,17/2/2004,2004,20,UCLA,https://www.basketball-reference.com/players/b/baileam01.html,baileam01,2004,20,0
Amen Thompson,Amen Thompson,2024,2025,G,7-Jun,209,1/30/2003,30/1/2003,2003,22,,https://www.basketball-reference.com/players/t/thompam01.html,thompam01,2003,22,1
Ömer Aşık,Ömer Aşık,2011,2018,C,Jul-00,255,7/4/1986,4/7/1986,1986,32,,https://www.basketball-reference.com/players/a/asikom01.html,asikom01,1986,32,7
Amida Brimah,Amida Brimah,2021,2021,C,10-Jun,230,2/11/1994,11/2/1994,1994,27,UConn,https://www.basketball-reference.com/players/b/brimaam01.html,brimaam01,1994,27,0
Amile Jefferson,Amile Jefferson,2019,2020,F,9-Jun,222,5/7/1993,7/5/1993,1993,27,Duke,https://www.basketball-reference.com/players/j/jeffeam01.html,jeffeam01,1993,27,1
Amir Coffey,Amir Coffey,2020,2025,G,7-Jun,210,6/17/1997,17/6/1997,1997,28,Minnesota,https://www.basketball-reference.com/players/c/coffeam01.html,coffeam01,1997,28,5
Amir Johnson,Amir Johnson,2006,2019,F-C,9-Jun,240,5/1/1987,1/5/1987,1987,32,,https://www.basketball-reference.com/players/j/johnsam01.html,johnsam01,1987,32,13
Anžejs Pasečņiks,Anžejs Pasečņiks,2020,2021,C,1-Jul,229,12/20/1995,20/12/1995,1995,26,,https://www.basketball-reference.com/players/p/pasecan01.html,pasecan01,1995,26,1
Caldwell Jones,Caldwell Jones,1974,1990,C-F,11-Jun,217,8/4/1950,4/8/1950,1950,40,Albany State University,https://www.basketball-reference.com/players/j/jonesca01.html,jonesca01,1950,40,16
Andrés Guibert,Andrés Guibert,1994,1995,F-C,10-Jun,225,10/28/1968,28/10/1968,1968,27,,https://www.basketball-reference.com/players/g/guibean01.html,guibean01,1968,27,1
Andrés Nocioni,Andrés Nocioni,2005,2012,F,7-Jun,225,11/30/1979,30/11/1979,1979,33,,https://www.basketball-reference.com/players/n/nocioan01.html,nocioan01,1979,33,7
Andrae Patterson,Andrae Patterson,1999,2000,F,9-Jun,238,11/12/1975,12/11/1975,1975,25,Indiana,https://www.basketball-reference.com/players/p/pattean01.html,pattean01,1975,25,1
Andray Blatche,Andray Blatche,2006,2014,F,11-Jun,235,8/22/1986,22/8/1986,1986,28,,https://www.basketball-reference.com/players/b/blatcan01.html,blatcan01,1986,28,8
Andre Barrett,Andre Barrett,2005,2008,G,10-May,172,2/21/1982,21/2/1982,1982,26,Seton Hall,https://www.basketball-reference.com/players/b/barrean01.html,barrean01,1982,26,3
Andre Brown,Andre Brown,2007,2009,F,9-Jun,245,5/12/1981,12/5/1981,1981,28,DePaul,https://www.basketball-reference.com/players/b/brownan01.html,brownan01,1981,28,2
Andre Dawkins,Andre Dawkins,2015,2015,G,5-Jun,215,9/19/1991,19/9/1991,1991,24,Duke,https://www.basketball-reference.com/players/d/dawkian01.html,dawkian01,1991,24,0
Andre Drummond,Andre Drummond,2013,2025,C,11-Jun,279,8/10/1993,10/8/1993,1993,32,UConn,https://www.basketball-reference.com/players/d/drumman01.html,drumman01,1993,32,12
Andre Emmett,Andre Emmett,2005,2012,F,5-Jun,230,8/27/1982,27/8/1982,1982,30,Texas Tech,https://www.basketball-reference.com/players/e/emmetan01.html,emmetan01,1982,30,7
Chris Paul,Chris Paul,2006,2025,G,Jun-00,175,5/6/1985,6/5/1985,1985,40,Wake Forest,https://www.basketball-reference.com/players/p/paulch01.html,paulch01,1985,40,19
Andre Ingram,Andre Ingram,2018,2019,G,3-Jun,190,11/19/1985,19/11/1985,1985,34,American University,https://www.basketball-reference.com/players/i/ingraan01.html,ingraan01,1985,34,1
Andre Jackson Jr.,Andre Jackson Jr.,2024,2025,G,6-Jun,210,11/13/2001,13/11/2001,2001,24,UConn,https://www.basketball-reference.com/players/j/jacksan01.html,jacksan01,2001,24,1
Andre McCarter,Andre McCarter,1977,1981,G,3-Jun,190,8/25/1953,25/8/1953,1953,28,UCLA,https://www.basketball-reference.com/players/m/mccaran01.html,mccaran01,1953,28,4
Dale Ellis,Dale Ellis,1984,2000,G-F,7-Jun,205,8/6/1960,6/8/1960,1960,40,Tennessee,https://www.basketball-reference.com/players/e/ellisda01.html,ellisda01,1960,40,16
Andre Moore,Andre Moore,1988,1988,F,9-Jun,215,7/2/1964,2/7/1964,1964,24,Loyola Chicago,https://www.basketball-reference.com/players/m/moorean01.html,moorean01,1964,24,0
Andre Owens,Andre Owens,2006,2008,G,4-Jun,200,10/31/1980,31/10/1980,1980,28,"Indiana, Houston",https://www.basketball-reference.com/players/o/owensan01.html,owensan01,1980,28,2
Andre Roberson,Andre Roberson,2014,2021,G-F,7-Jun,210,12/4/1991,4/12/1991,1991,30,Colorado,https://www.basketball-reference.com/players/r/roberan03.html,roberan03,1991,30,7
Andre Spencer,Andre Spencer,1993,1994,F,6-Jun,210,7/20/1964,20/7/1964,1964,30,Northern Arizona University,https://www.basketball-reference.com/players/s/spencan01.html,spencan01,1964,30,1
Andre Turner,Andre Turner,1987,1992,G,11-May,160,12/13/1964,13/12/1964,1964,28,Memphis,https://www.basketball-reference.com/players/t/turnean01.html,turnean01,1964,28,5
Andre Wakefield,Andre Wakefield,1979,1980,G,3-Jun,175,1/11/1955,11/1/1955,1955,25,Loyola Chicago,https://www.basketball-reference.com/players/w/wakefan01.html,wakefan01,1955,25,1
Andrea Bargnani,Andrea Bargnani,2007,2016,F-C,Jul-00,245,10/26/1985,26/10/1985,1985,31,,https://www.basketball-reference.com/players/b/bargnan01.html,bargnan01,1985,31,9
Andreas Glyniadakis,Andreas Glyniadakis,2007,2007,C,1-Jul,280,8/21/1981,21/8/1981,1981,26,,https://www.basketball-reference.com/players/g/glynian01.html,glynian01,1981,26,0
Danny Schayes,Danny Schayes,1982,1999,C-F,11-Jun,235,5/10/1959,10/5/1959,1959,40,Syracuse,https://www.basketball-reference.com/players/s/schayda01.html,schayda01,1959,40,17
Darrell Armstrong,Darrell Armstrong,1995,2008,G,Jun-00,170,6/22/1968,22/6/1968,1968,40,Fayetteville State University,https://www.basketball-reference.com/players/a/armstda01.html,armstda01,1968,40,13
Andrew Bynum,Andrew Bynum,2006,2014,C,Jul-00,285,10/27/1987,27/10/1987,1987,27,,https://www.basketball-reference.com/players/b/bynuman01.html,bynuman01,1987,27,8
Andrew DeClercq,Andrew DeClercq,1996,2005,F-C,10-Jun,230,2/1/1973,1/2/1973,1973,32,Florida,https://www.basketball-reference.com/players/d/declean01.html,declean01,1973,32,9
Andrew Funk,Andrew Funk,2024,2024,G,5-Jun,200,9/21/1999,21/9/1999,1999,25,"Bucknell, Penn State",https://www.basketball-reference.com/players/f/funkan01.html,funkan01,1999,25,0
Derek Fisher,Derek Fisher,1997,2014,G,1-Jun,200,8/9/1974,9/8/1974,1974,40,Little Rock,https://www.basketball-reference.com/players/f/fishede01.html,fishede01,1974,40,17
Andrew Goudelock,Andrew Goudelock,2012,2016,G,3-Jun,200,12/7/1988,7/12/1988,1988,28,College of Charleston,https://www.basketball-reference.com/players/g/goudean01.html,goudean01,1988,28,4
Andrew Harrison,Andrew Harrison,2017,2019,G,6-Jun,213,10/28/1994,28/10/1994,1994,25,Kentucky,https://www.basketball-reference.com/players/h/harrian01.html,harrian01,1994,25,2
Earl Cureton,Earl Cureton,1981,1997,F-C,9-Jun,210,9/3/1957,3/9/1957,1957,40,"Robert Morris University (PA), Detroit Mercy",https://www.basketball-reference.com/players/c/curetea01.html,curetea01,1957,40,16
Andrew Levane,Andrew Levane,1949,1953,F-G,2-Jun,190,4/11/1920,11/4/1920,1920,33,St. John's,https://www.basketball-reference.com/players/l/levanan01.html,levanan01,1920,33,4
Andrew Nembhard,Andrew Nembhard,2023,2025,G,5-Jun,193,1/16/2000,16/1/2000,2000,25,"Florida, Gonzaga",https://www.basketball-reference.com/players/n/nembhan01.html,nembhan01,2000,25,2
Andrew Nicholson,Andrew Nicholson,2013,2017,F,9-Jun,250,12/8/1989,8/12/1989,1989,28,St. Bonaventure,https://www.basketball-reference.com/players/n/nichoan01.html,nichoan01,1989,28,4
Andrew Toney,Andrew Toney,1981,1988,G,3-Jun,178,11/23/1957,23/11/1957,1957,31,Louisiana,https://www.basketball-reference.com/players/t/toneyan01.html,toneyan01,1957,31,7
Andrew White,Andrew White,2018,2018,G,7-Jun,210,6/16/1993,16/6/1993,1993,25,"Nebraska, Syracuse",https://www.basketball-reference.com/players/w/whitean01.html,whitean01,1993,25,0
Andrew Wiggins,Andrew Wiggins,2015,2025,F-G,7-Jun,197,2/23/1995,23/2/1995,1995,30,Kansas,https://www.basketball-reference.com/players/w/wiggian01.html,wiggian01,1995,30,10
Andris Biedriņš,Andris Biedriņš,2005,2014,C,11-Jun,240,4/2/1986,2/4/1986,1986,28,,https://www.basketball-reference.com/players/b/biedran01.html,biedran01,1986,28,9
Andy Anderson,Andy Anderson,1968,1970,G,2-Jun,184,7/6/1945,6/7/1945,1945,25,Canisius,https://www.basketball-reference.com/players/a/anderan01.html,anderan01,1945,25,2
Andy Duncan,Andy Duncan,1949,1951,F-C,6-Jun,195,4/17/1922,17/4/1922,1922,29,William & Mary,https://www.basketball-reference.com/players/d/duncaan01.html,duncaan01,1922,29,2
Andy Johnson,Andy Johnson,1959,1962,F-G,5-Jun,215,11/8/1932,8/11/1932,1932,30,University of Portland,https://www.basketball-reference.com/players/j/johnsan01.html,johnsan01,1932,30,3
Andy Kostecka,Andy Kostecka,1949,1949,F,3-Jun,203,2/10/1921,10/2/1921,1921,28,Georgetown,https://www.basketball-reference.com/players/k/kostean01.html,kostean01,1921,28,0
Andy O'Donnell,Andy O'Donnell,1950,1950,G,1-Jun,180,3/10/1925,10/3/1925,1925,25,Loyola (MD),https://www.basketball-reference.com/players/o/odonnan01.html,odonnan01,1925,25,0
Andy Panko,Andy Panko,2001,2001,F,9-Jun,222,11/27/1977,27/11/1977,1977,24,Lebanon Valley College,https://www.basketball-reference.com/players/p/pankoan01.html,pankoan01,1977,24,0
Eddie Johnson,Eddie Johnson,1982,1999,F-G,7-Jun,215,5/1/1959,1/5/1959,1959,40,Illinois,https://www.basketball-reference.com/players/j/johnsed03.html,johnsed03,1959,40,17
Andy Rautins,Andy Rautins,2011,2011,G,4-Jun,190,11/2/1986,2/11/1986,1986,25,Syracuse,https://www.basketball-reference.com/players/r/rautian01.html,rautian01,1986,25,0
Andy Tonkovich,Andy Tonkovich,1949,1949,G,1-Jun,185,11/1/1922,1/11/1922,1922,27,Marshall,https://www.basketball-reference.com/players/t/tonkoan01.html,tonkoan01,1922,27,0
Andy Toolson,Andy Toolson,1991,1996,G-F,6-Jun,210,1/19/1966,19/1/1966,1966,30,BYU,https://www.basketball-reference.com/players/t/toolsan01.html,toolsan01,1966,30,5
Andy Walker,Andy Walker,1977,1977,G,4-Jun,190,3/25/1955,25/3/1955,1955,22,Niagara University,https://www.basketball-reference.com/players/w/walkean01.html,walkean01,1955,22,0
Jamal Crawford,Jamal Crawford,2001,2020,G,5-Jun,185,3/20/1980,20/3/1980,1980,40,Michigan,https://www.basketball-reference.com/players/c/crawfja01.html,crawfja01,1980,40,19
Anfernee Simons,Anfernee Simons,2019,2025,G,3-Jun,181,6/8/1999,8/6/1999,1999,26,,https://www.basketball-reference.com/players/s/simonan01.html,simonan01,1999,26,6
Angelo Musi,Angelo Musi,1947,1949,G,9-May,145,7/25/1918,25/7/1918,1918,31,Temple,https://www.basketball-reference.com/players/m/musian01.html,musian01,1918,31,2
Ansley Truitt,Ansley Truitt,1973,1973,C,9-Jun,215,8/24/1950,24/8/1950,1950,23,California,https://www.basketball-reference.com/players/t/truitan01.html,truitan01,1950,23,0
Ansu Sesay,Ansu Sesay,2002,2005,F,9-Jun,225,7/29/1976,29/7/1976,1976,29,Ole Miss,https://www.basketball-reference.com/players/s/sesayan01.html,sesayan01,1976,29,3
Jason Kidd*,Jason Kidd,1995,2013,G,4-Jun,205,3/23/1973,23/3/1973,1973,40,California,https://www.basketball-reference.com/players/k/kiddja01.html,kiddja01,1973,40,18
Ante Žižić,Ante Žižić,2018,2020,F-C,10-Jun,266,1/4/1997,4/1/1997,1997,23,,https://www.basketball-reference.com/players/z/zizican01.html,zizican01,1997,23,2
Anthony Avent,Anthony Avent,1993,2000,F,9-Jun,235,10/18/1969,18/10/1969,1969,31,Seton Hall,https://www.basketball-reference.com/players/a/aventan01.html,aventan01,1969,31,7
Anthony Bennett,Anthony Bennett,2014,2017,F,8-Jun,245,3/14/1993,14/3/1993,1993,24,UNLV,https://www.basketball-reference.com/players/b/bennean01.html,bennean01,1993,24,3
Anthony Black,Anthony Black,2024,2025,G,7-Jun,198,1/20/2004,20/1/2004,2004,21,Arkansas,https://www.basketball-reference.com/players/b/blackan01.html,blackan01,2004,21,1
Anthony Bonner,Anthony Bonner,1991,1996,F,8-Jun,215,6/8/1968,8/6/1968,1968,28,Saint Louis,https://www.basketball-reference.com/players/b/bonnean01.html,bonnean01,1968,28,5
Johnny Green,Johnny Green,1960,1973,F-C,5-Jun,200,12/8/1933,8/12/1933,1933,40,Michigan State,https://www.basketball-reference.com/players/g/greenjo01.html,greenjo01,1933,40,13
Anthony Brown,Anthony Brown,2016,2018,F-G,7-Jun,210,10/10/1992,10/10/1992,1992,26,Stanford,https://www.basketball-reference.com/players/b/brownan02.html,brownan02,1992,26,2
Juwan Howard,Juwan Howard,1995,2013,F-C,9-Jun,240,2/7/1973,7/2/1973,1973,40,Michigan,https://www.basketball-reference.com/players/h/howarju01.html,howarju01,1973,40,18
Anthony Cook,Anthony Cook,1991,1996,F-C,9-Jun,205,3/19/1967,19/3/1967,1967,29,Arizona,https://www.basketball-reference.com/players/c/cookan01.html,cookan01,1967,29,5
Anthony Davis,Anthony Davis,2013,2025,F-C,10-Jun,253,3/11/1993,11/3/1993,1993,32,Kentucky,https://www.basketball-reference.com/players/d/davisan02.html,davisan02,1993,32,12
Anthony Edwards,Anthony Edwards,2021,2025,G-F,4-Jun,225,8/5/2001,5/8/2001,2001,24,Georgia,https://www.basketball-reference.com/players/e/edwaran01.html,edwaran01,2001,24,4
Anthony Frederick,Anthony Frederick,1989,1992,F,7-Jun,205,12/7/1964,7/12/1964,1964,28,Pepperdine,https://www.basketball-reference.com/players/f/fredean01.html,fredean01,1964,28,3
Anthony Gill,Anthony Gill,2021,2025,F,7-Jun,230,10/17/1992,17/10/1992,1992,33,"South Carolina, Virginia",https://www.basketball-reference.com/players/g/gillan01.html,gillan01,1992,33,4
Kevin Garnett*,Kevin Garnett,1996,2016,F-C,11-Jun,240,5/19/1976,19/5/1976,1976,40,,https://www.basketball-reference.com/players/g/garneke01.html,garneke01,1976,40,20
Anthony Grundy,Anthony Grundy,2006,2006,G,3-Jun,180,4/15/1979,15/4/1979,1979,27,NC State,https://www.basketball-reference.com/players/g/grundan01.html,grundan01,1979,27,0
Lindsey Hunter,Lindsey Hunter,1994,2010,G,2-Jun,170,12/3/1970,3/12/1970,1970,40,"Alcorn State, Jackson State University",https://www.basketball-reference.com/players/h/hunteli01.html,hunteli01,1970,40,16
Anthony Jones,Anthony Jones,1987,1990,G-F,6-Jun,195,9/13/1962,13/9/1962,1962,28,"Georgetown, UNLV",https://www.basketball-reference.com/players/j/jonesan01.html,jonesan01,1962,28,3
Anthony Lamb,Anthony Lamb,2021,2023,F,6-Jun,227,1/20/1998,20/1/1998,1998,25,University of Vermont,https://www.basketball-reference.com/players/l/lamban01.html,lamban01,1998,25,2
Mark West,Mark West,1984,2000,C-F,10-Jun,230,11/5/1960,5/11/1960,1960,40,Old Dominion,https://www.basketball-reference.com/players/w/westma01.html,westma01,1960,40,16
Michael Jordan*,Michael Jordan,1985,2003,G-F,6-Jun,198,2/17/1963,17/2/1963,1963,40,UNC,https://www.basketball-reference.com/players/j/jordami01.html,jordami01,1963,40,18
Anthony Morrow,Anthony Morrow,2009,2017,G,5-Jun,210,9/27/1985,27/9/1985,1985,32,Georgia Tech,https://www.basketball-reference.com/players/m/morroan01.html,morroan01,1985,32,8
Moses Malone*,Moses Malone,1975,1995,C-F,10-Jun,215,3/23/1955,23/3/1955,1955,40,,https://www.basketball-reference.com/players/m/malonmo01.html,malonmo01,1955,40,20
Olden Polynice,Olden Polynice,1988,2004,C-F,11-Jun,220,11/21/1964,21/11/1964,1964,40,Virginia,https://www.basketball-reference.com/players/p/polynol01.html,polynol01,1964,40,16
Anthony Pullard,Anthony Pullard,1993,1993,F,10-Jun,245,6/23/1966,23/6/1966,1966,27,McNeese State University,https://www.basketball-reference.com/players/p/pullaan01.html,pullaan01,1966,27,0
Anthony Randolph,Anthony Randolph,2009,2014,F,10-Jun,205,7/15/1989,15/7/1989,1989,25,LSU,https://www.basketball-reference.com/players/r/randoan01.html,randoan01,1989,25,5
Anthony Roberson,Anthony Roberson,2006,2009,G,2-Jun,180,2/14/1983,14/2/1983,1983,26,Florida,https://www.basketball-reference.com/players/r/roberan02.html,roberan02,1983,26,3
Anthony Roberts,Anthony Roberts,1978,1984,F-G,5-Jun,185,4/15/1955,15/4/1955,1955,29,Oral Roberts,https://www.basketball-reference.com/players/r/roberan01.html,roberan01,1955,29,6
Anthony Taylor,Anthony Taylor,1989,1989,G,4-Jun,175,11/30/1965,30/11/1965,1965,24,Oregon,https://www.basketball-reference.com/players/t/tayloan01.html,tayloan01,1965,24,0
Patrick Ewing*,Patrick Ewing,1986,2002,C-F,Jul-00,240,8/5/1962,5/8/1962,1962,40,Georgetown,https://www.basketball-reference.com/players/e/ewingpa01.html,ewingpa01,1962,40,16
Anthony Tucker,Anthony Tucker,1995,1995,F,8-Jun,220,4/4/1969,4/4/1969,1969,26,"Georgetown, Wake Forest",https://www.basketball-reference.com/players/t/tuckean01.html,tuckean01,1969,26,0
Paul Pierce*,Paul Pierce,1999,2017,F-G,7-Jun,235,10/13/1977,13/10/1977,1977,40,Kansas,https://www.basketball-reference.com/players/p/piercpa01.html,piercpa01,1977,40,18
Antoine Rigaudeau,Antoine Rigaudeau,2003,2003,G,7-Jun,210,12/17/1971,17/12/1971,1971,32,,https://www.basketball-reference.com/players/r/rigauan01.html,rigauan01,1971,32,0
Antoine Walker,Antoine Walker,1997,2008,F,9-Jun,224,8/12/1976,12/8/1976,1976,32,Kentucky,https://www.basketball-reference.com/players/w/walkean02.html,walkean02,1976,32,11
Antoine Wright,Antoine Wright,2006,2011,G-F,7-Jun,210,2/6/1984,6/2/1984,1984,27,Texas A&M,https://www.basketball-reference.com/players/w/wrighan01.html,wrighan01,1984,27,5
Antonio Anderson,Antonio Anderson,2010,2010,G,6-Jun,215,6/5/1985,5/6/1985,1985,25,Memphis,https://www.basketball-reference.com/players/a/anderan02.html,anderan02,1985,25,0
Antonio Blakeney,Antonio Blakeney,2018,2019,G,4-Jun,192,10/4/1996,4/10/1996,1996,23,LSU,https://www.basketball-reference.com/players/b/blakean01.html,blakean01,1996,23,1
Antonio Burks,Antonio Burks,2005,2006,G,1-Jun,200,2/25/1980,25/2/1980,1980,26,Memphis,https://www.basketball-reference.com/players/b/burksan01.html,burksan01,1980,26,1
Reggie Miller*,Reggie Miller,1988,2005,G-F,7-Jun,185,8/24/1965,24/8/1965,1965,40,UCLA,https://www.basketball-reference.com/players/m/millere01.html,millere01,1965,40,17
Sam Perkins,Sam Perkins,1985,2001,F-C,9-Jun,235,6/14/1961,14/6/1961,1961,40,UNC,https://www.basketball-reference.com/players/p/perkisa01.html,perkisa01,1961,40,16
Antonio Harvey,Antonio Harvey,1994,2003,F-C,11-Jun,225,7/6/1970,6/7/1970,1970,33,"Southern Illinois, Georgia, Pfeiffer University",https://www.basketball-reference.com/players/h/harvean01.html,harvean01,1970,33,9
Antonio Lang,Antonio Lang,1995,2000,F-G,8-Jun,205,5/15/1972,15/5/1972,1972,28,Duke,https://www.basketball-reference.com/players/l/langan02.html,langan02,1972,28,5
Steve Nash*,Steve Nash,1997,2014,G,3-Jun,195,2/7/1974,7/2/1974,1974,40,Santa Clara,https://www.basketball-reference.com/players/n/nashst01.html,nashst01,1974,40,17
Antonio Reeves,Antonio Reeves,2025,2025,G,5-Jun,205,11/20/2000,20/11/2000,2000,25,"Illinois State, Kentucky",https://www.basketball-reference.com/players/r/reevean01.html,reevean01,2000,25,0
Antonis Fotsis,Antonis Fotsis,2002,2002,F,10-Jun,219,4/1/1981,1/4/1981,1981,21,,https://www.basketball-reference.com/players/f/fotsian01.html,fotsian01,1981,21,0
Antonius Cleveland,Antonius Cleveland,2018,2020,G,5-Jun,195,2/2/1994,2/2/1994,1994,26,SE Missouri State,https://www.basketball-reference.com/players/c/clevean01.html,clevean01,1994,26,2
Taj Gibson,Taj Gibson,2010,2025,F-C,9-Jun,232,6/24/1985,24/6/1985,1985,40,USC,https://www.basketball-reference.com/players/g/gibsota01.html,gibsota01,1985,40,15
Archie Dees,Archie Dees,1959,1962,F-C,8-Jun,205,2/22/1936,22/2/1936,1936,26,Indiana,https://www.basketball-reference.com/players/d/deesar01.html,deesar01,1936,26,3
Archie Goodwin,Archie Goodwin,2014,2017,G,5-Jun,200,8/17/1994,17/8/1994,1994,23,Kentucky,https://www.basketball-reference.com/players/g/goodwar01.html,goodwar01,1994,23,3
Ariel Hukporti,Ariel Hukporti,2025,2025,C,Jul-00,246,4/11/2002,11/4/2002,2002,23,,https://www.basketball-reference.com/players/h/hukpoar01.html,hukpoar01,2002,23,0
Ariel Maughan,Ariel Maughan,1947,1951,F,4-Jun,190,2/23/1923,23/2/1923,1923,28,Utah State University,https://www.basketball-reference.com/players/m/maughar01.html,maughar01,1923,28,4
Arinze Onuaku,Arinze Onuaku,2014,2017,C,9-Jun,255,7/13/1987,13/7/1987,1987,30,Syracuse,https://www.basketball-reference.com/players/o/onuakar01.html,onuakar01,1987,30,3
Armand Cure,Armand Cure,1947,1947,F,Jun-00,198,8/1/1919,1/8/1919,1919,28,Rhode Island,https://www.basketball-reference.com/players/c/curear01.html,curear01,1919,28,0
Armel Traoré,Armel Traoré,2025,2025,F,8-Jun,215,1/23/2003,23/1/2003,2003,22,,https://www.basketball-reference.com/players/a/armeltr01.html,armeltr01,2003,22,0
Tim Duncan*,Tim Duncan,1998,2016,F-C,11-Jun,250,4/25/1976,25/4/1976,1976,40,Wake Forest,https://www.basketball-reference.com/players/d/duncati01.html,duncati01,1976,40,18
Armon Johnson,Armon Johnson,2011,2012,G,3-Jun,195,2/23/1989,23/2/1989,1989,23,Nevada,https://www.basketball-reference.com/players/j/johnsar02.html,johnsar02,1989,23,1
Armond Hill,Armond Hill,1977,1984,G,4-Jun,190,3/31/1953,31/3/1953,1953,31,Princeton,https://www.basketball-reference.com/players/h/hillar01.html,hillar01,1953,31,7
Armoni Brooks,Armoni Brooks,2021,2024,G,3-Jun,195,6/5/1998,5/6/1998,1998,26,Houston,https://www.basketball-reference.com/players/b/brookar01.html,brookar01,1998,26,3
Arnett Moultrie,Arnett Moultrie,2013,2014,F,11-Jun,249,11/18/1990,18/11/1990,1990,24,"Texas-El Paso, Mississippi State",https://www.basketball-reference.com/players/m/moultar01.html,moultar01,1990,24,1
Arnie Ferrin,Arnie Ferrin,1949,1951,F-G,2-Jun,180,7/29/1925,29/7/1925,1925,26,Utah,https://www.basketball-reference.com/players/f/ferriar01.html,ferriar01,1925,26,2
Arnie Johnson,Arnie Johnson,1949,1953,F-C,5-Jun,236,5/16/1920,16/5/1920,1920,33,Bemidji State University,https://www.basketball-reference.com/players/j/johnsar01.html,johnsar01,1920,33,4
Tree Rollins,Tree Rollins,1978,1995,C,1-Jul,235,6/16/1955,16/6/1955,1955,40,Clemson,https://www.basketball-reference.com/players/r/rollitr01.html,rollitr01,1955,40,17
Arnoldas Kulboka,Arnoldas Kulboka,2022,2022,F,9-Jun,198,1/4/1998,4/1/1998,1998,24,,https://www.basketball-reference.com/players/k/kulboar01.html,kulboar01,1998,24,0
Al Horford,Al Horford,2008,2025,C-F,9-Jun,240,6/3/1986,3/6/1986,1986,39,Florida,https://www.basketball-reference.com/players/h/horfoal01.html,horfoal01,1986,39,17
Arron Afflalo,Arron Afflalo,2008,2018,G-F,5-Jun,210,10/15/1985,15/10/1985,1985,33,UCLA,https://www.basketball-reference.com/players/a/afflaar01.html,afflaar01,1985,33,10
Art Becker,Art Becker,1968,1973,F,7-Jun,205,1/12/1942,12/1/1942,1942,31,Arizona State,https://www.basketball-reference.com/players/b/beckear01.html,beckear01,1942,31,5
Art Burris,Art Burris,1951,1952,F,5-Jun,220,4/7/1924,7/4/1924,1924,28,Tennessee,https://www.basketball-reference.com/players/b/burriar01.html,burriar01,1924,28,1
Art Collins,Art Collins,1981,1981,G,4-Jun,185,4/14/1954,14/4/1954,1954,27,St. Thomas University,https://www.basketball-reference.com/players/c/colliar01.html,colliar01,1954,27,0
Art Harris,Art Harris,1969,1972,G,4-Jun,185,1/13/1947,13/1/1947,1947,25,Stanford,https://www.basketball-reference.com/players/h/harriar01.html,harriar01,1947,25,3
Art Heyman,Art Heyman,1964,1970,F-G,5-Jun,205,6/24/1941,24/6/1941,1941,29,Duke,https://www.basketball-reference.com/players/h/heymaar01.html,heymaar01,1941,29,6
Art Hillhouse,Art Hillhouse,1947,1948,C,7-Jun,220,6/12/1916,12/6/1916,1916,32,Long Island University,https://www.basketball-reference.com/players/h/hillhar01.html,hillhar01,1916,32,1
Art Long,Art Long,2001,2003,F-C,9-Jun,250,10/1/1972,1/10/1972,1972,31,Cincinnati,https://www.basketball-reference.com/players/l/longar01.html,longar01,1972,31,2
Art Spector,Art Spector,1947,1950,F,4-Jun,200,10/17/1918,17/10/1918,1918,32,Villanova,https://www.basketball-reference.com/players/s/spectar01.html,spectar01,1918,32,3
Art Spoelstra,Art Spoelstra,1955,1958,C,9-Jun,220,9/11/1932,11/9/1932,1932,26,Western Kentucky,https://www.basketball-reference.com/players/s/spoelar01.html,spoelar01,1932,26,3
Art Stolkey,Art Stolkey,1947,1947,G,1-Jun,180,10/23/1920,23/10/1920,1920,27,Detroit Mercy,https://www.basketball-reference.com/players/s/stolkar01.html,stolkar01,1920,27,0
Anderson Varejão,Anderson Varejão,2005,2021,F-C,11-Jun,273,9/28/1982,28/9/1982,1982,39,,https://www.basketball-reference.com/players/v/varejan01.html,varejan01,1982,39,16
Andre Iguodala,Andre Iguodala,2005,2023,F-G,6-Jun,215,1/28/1984,28/1/1984,1984,39,Arizona,https://www.basketball-reference.com/players/i/iguodan01.html,iguodan01,1984,39,18
Arvesta Kelly,Arvesta Kelly,1968,1972,G,2-Jun,175,11/20/1945,20/11/1945,1945,27,Lincoln University of Missouri,https://www.basketball-reference.com/players/k/kellyar01.html,kellyar01,1945,27,4
Arvid Kramer,Arvid Kramer,1980,1980,C,9-Jun,220,10/2/1956,2/10/1956,1956,24,Augustana College (SD),https://www.basketball-reference.com/players/k/kramear01.html,kramear01,1956,24,0
Arvydas Macijauskas,Arvydas Macijauskas,2006,2006,G,4-Jun,214,1/19/1980,19/1/1980,1980,26,,https://www.basketball-reference.com/players/m/macijar01.html,macijar01,1980,26,0
Antoine Carr,Antoine Carr,1985,2000,F-C,9-Jun,225,7/23/1961,23/7/1961,1961,39,Wichita State,https://www.basketball-reference.com/players/c/carran01.html,carran01,1961,39,15
Ashraf Amaya,Ashraf Amaya,1996,1997,F,8-Jun,230,11/23/1971,23/11/1971,1971,26,Southern Illinois,https://www.basketball-reference.com/players/a/amayaas01.html,amayaas01,1971,26,1
Ashton Hagans,Ashton Hagans,2021,2024,G,3-Jun,190,7/8/1999,8/7/1999,1999,25,Kentucky,https://www.basketball-reference.com/players/h/haganas01.html,haganas01,1999,25,3
Askia Jones,Askia Jones,1995,1995,G,5-Jun,200,12/3/1971,3/12/1971,1971,24,Kansas State,https://www.basketball-reference.com/players/j/jonesas01.html,jonesas01,1971,24,0
Aubrey Davis,Aubrey Davis,1947,1947,G-F,2-Jun,175,3/28/1921,28/3/1921,1921,26,Oklahoma Baptist University,https://www.basketball-reference.com/players/d/davisau01.html,davisau01,1921,26,0
Aud Brindley,Aud Brindley,1947,1947,F,4-Jun,175,12/31/1923,31/12/1923,1923,24,Dartmouth College,https://www.basketball-reference.com/players/b/brindau01.html,brindau01,1923,24,0
Audie Norris,Audie Norris,1983,1985,C,9-Jun,230,12/18/1960,18/12/1960,1960,25,Jackson State University,https://www.basketball-reference.com/players/n/norriau01.html,norriau01,1960,25,2
Aulcie Perry,Aulcie Perry,1975,1975,C,10-Jun,210,7/3/1950,3/7/1950,1950,25,Bethune-Cookman College,https://www.basketball-reference.com/players/p/perryau01.html,perryau01,1950,25,0
Ausar Thompson,Ausar Thompson,2024,2025,G,7-Jun,215,1/30/2003,30/1/2003,2003,22,,https://www.basketball-reference.com/players/t/thompau01.html,thompau01,2003,22,1
Austin Carr,Austin Carr,1972,1981,G,4-Jun,200,3/10/1948,10/3/1948,1948,33,Notre Dame,https://www.basketball-reference.com/players/c/carrau01.html,carrau01,1948,33,9
Artis Gilmore*,Artis Gilmore,1972,1988,C,2-Jul,240,9/21/1949,21/9/1949,1949,39,"Gardner-Webb University, Jacksonville University",https://www.basketball-reference.com/players/g/gilmoar01.html,gilmoar01,1949,39,16
Austin Daye,Austin Daye,2010,2015,F,11-Jun,220,6/5/1988,5/6/1988,1988,27,Gonzaga,https://www.basketball-reference.com/players/d/dayeau01.html,dayeau01,1988,27,5
Austin Reaves,Austin Reaves,2022,2025,G,5-Jun,206,5/29/1998,29/5/1998,1998,27,"Wichita State, Oklahoma",https://www.basketball-reference.com/players/r/reaveau01.html,reaveau01,1998,27,3
Austin Rivers,Austin Rivers,2013,2023,G,4-Jun,200,8/1/1992,1/8/1992,1992,31,Duke,https://www.basketball-reference.com/players/r/riverau01.html,riverau01,1992,31,10
Avery Bradley,Avery Bradley,2011,2022,G,3-Jun,180,11/26/1990,26/11/1990,1990,32,Texas,https://www.basketball-reference.com/players/b/bradlav01.html,bradlav01,1990,32,11
Arvydas Sabonis*,Arvydas Sabonis,1996,2003,C,3-Jul,279,12/19/1964,19/12/1964,1964,39,,https://www.basketball-reference.com/players/s/sabonar01.html,sabonar01,1964,39,7
Awvee Storey,Awvee Storey,2005,2008,G-F,6-Jun,222,4/18/1977,18/4/1977,1977,31,"Illinois, Arizona State",https://www.basketball-reference.com/players/s/storeaw01.html,storeaw01,1977,31,3
Axel Toupane,Axel Toupane,2016,2021,G-F,7-Jun,197,7/23/1992,23/7/1992,1992,29,,https://www.basketball-reference.com/players/t/toupaax01.html,toupaax01,1992,29,5
Ayo Dosunmu,Ayo Dosunmu,2022,2025,G,5-Jun,200,1/17/2000,17/1/2000,2000,25,Illinois,https://www.basketball-reference.com/players/d/dosunay01.html,dosunay01,2000,25,3
B.J. Armstrong,B.J. Armstrong,1990,2000,G,2-Jun,175,9/9/1967,9/9/1967,1967,33,Iowa,https://www.basketball-reference.com/players/a/armstbj01.html,armstbj01,1967,33,10
B.J. Johnson,B.J. Johnson,2019,2022,G,7-Jun,200,12/21/1995,21/12/1995,1995,27,"Syracuse, La Salle",https://www.basketball-reference.com/players/j/johnsbj01.html,johnsbj01,1995,27,3
B.J. Tyler,B.J. Tyler,1995,1995,G,1-Jun,185,4/30/1971,30/4/1971,1971,24,"DePaul, Texas",https://www.basketball-reference.com/players/t/tylerbj01.html,tylerbj01,1971,24,0
Avery Johnson,Avery Johnson,1989,2004,G,10-May,175,3/25/1965,25/3/1965,1965,39,"Cameron University, Southern University and A&M College",https://www.basketball-reference.com/players/j/johnsav01.html,johnsav01,1965,39,15
Bam Adebayo,Bam Adebayo,2018,2025,C-F,9-Jun,255,7/18/1997,18/7/1997,1997,28,Kentucky,https://www.basketball-reference.com/players/a/adebaba01.html,adebaba01,1997,28,7
Barney Cable,Barney Cable,1959,1964,F,7-Jun,175,7/29/1935,29/7/1935,1935,29,Bradley,https://www.basketball-reference.com/players/c/cableba01.html,cableba01,1935,29,5
Baron Davis,Baron Davis,2000,2012,G,3-Jun,209,4/13/1979,13/4/1979,1979,33,UCLA,https://www.basketball-reference.com/players/d/davisba01.html,davisba01,1979,33,12
Barry Clemens,Barry Clemens,1966,1976,F,6-Jun,210,5/1/1943,1/5/1943,1943,33,Ohio Wesleyan University,https://www.basketball-reference.com/players/c/clemeba01.html,clemeba01,1943,33,10
Barry Kramer,Barry Kramer,1965,1970,F-G,4-Jun,200,11/10/1942,10/11/1942,1942,28,NYU,https://www.basketball-reference.com/players/k/krameba01.html,krameba01,1942,28,5
Barry Leibowitz,Barry Leibowitz,1968,1968,G,2-Jun,180,9/10/1945,10/9/1945,1945,23,Long Island University,https://www.basketball-reference.com/players/l/leiboba01.html,leiboba01,1945,23,0
Barry Nelson,Barry Nelson,1972,1972,C,10-Jun,230,9/19/1949,19/9/1949,1949,23,Duquesne,https://www.basketball-reference.com/players/n/nelsoba01.html,nelsoba01,1949,23,0
Barry Orms,Barry Orms,1969,1970,G,3-Jun,190,5/1/1946,1/5/1946,1946,24,Saint Louis,https://www.basketball-reference.com/players/o/ormsba01.html,ormsba01,1946,24,1
Barry Parkhill,Barry Parkhill,1974,1976,G,4-Jun,185,5/10/1951,10/5/1951,1951,25,Virginia,https://www.basketball-reference.com/players/p/parkhba01.html,parkhba01,1951,25,2
Barry Stevens,Barry Stevens,1993,1993,G-F,5-Jun,195,1/17/1963,17/1/1963,1963,30,Iowa State,https://www.basketball-reference.com/players/s/steveba01.html,steveba01,1963,30,0
Barry Sumpter,Barry Sumpter,1989,1989,F-C,11-Jun,215,11/11/1965,11/11/1965,1965,24,"Louisville, Austin Peay State University",https://www.basketball-reference.com/players/s/sumptba01.html,sumptba01,1965,24,0
Barry Yates,Barry Yates,1972,1972,F,7-Jun,215,1/30/1946,30/1/1946,1946,26,Maryland,https://www.basketball-reference.com/players/y/yatesba01.html,yatesba01,1946,26,0
Bart Kofoed,Bart Kofoed,1988,1993,G,4-Jun,210,3/24/1964,24/3/1964,1964,29,"Hastings College, University of Nebraska at Kearney",https://www.basketball-reference.com/players/k/kofoeba01.html,kofoeba01,1964,29,5
Bato Govedarica,Bato Govedarica,1954,1954,G,11-May,185,4/17/1928,17/4/1928,1928,26,DePaul,https://www.basketball-reference.com/players/g/govedba01.html,govedba01,1928,26,0
Bayard Forrest,Bayard Forrest,1978,1979,C,10-Jun,235,7/8/1954,8/7/1954,1954,25,Grand Canyon University,https://www.basketball-reference.com/players/f/forreba01.html,forreba01,1954,25,1
Baylor Scheierman,Baylor Scheierman,2025,2025,G,6-Jun,205,9/26/2000,26/9/2000,2000,25,"South Dakota State, Creighton",https://www.basketball-reference.com/players/s/scheiba01.html,scheiba01,2000,25,0
Chris Andersen,Chris Andersen,2002,2017,C-F,10-Jun,245,7/7/1978,7/7/1978,1978,39,Blinn College,https://www.basketball-reference.com/players/a/anderch01.html,anderch01,1978,39,15
Ben Bentil,Ben Bentil,2017,2017,F,9-Jun,235,3/29/1995,29/3/1995,1995,22,Providence,https://www.basketball-reference.com/players/b/bentibe01.html,bentibe01,1995,22,0
Ben Clyde,Ben Clyde,1975,1975,F,7-Jun,198,6/10/1952,10/6/1952,1952,23,Florida State,https://www.basketball-reference.com/players/c/clydebe01.html,clydebe01,1952,23,0
Ben Coleman,Ben Coleman,1987,1994,F,9-Jun,235,11/14/1961,14/11/1961,1961,33,"Minnesota, Maryland",https://www.basketball-reference.com/players/c/colembe01.html,colembe01,1961,33,7
Ben Davis,Ben Davis,1997,2000,F,9-Jun,240,12/26/1972,26/12/1972,1972,28,"Kansas, Arizona",https://www.basketball-reference.com/players/d/davisbe01.html,davisbe01,1972,28,3
Ben Gillery,Ben Gillery,1989,1989,C,Jul-00,235,9/19/1965,19/9/1965,1965,24,Georgetown,https://www.basketball-reference.com/players/g/gillebe01.html,gillebe01,1965,24,0
Ben Goldfaden,Ben Goldfaden,1947,1947,F,1-Jun,185,9/6/1913,6/9/1913,1913,34,George Washington,https://www.basketball-reference.com/players/g/goldfbe01.html,goldfbe01,1913,34,0
Ben Gordon,Ben Gordon,2005,2015,G,3-Jun,200,4/4/1983,4/4/1983,1983,32,UConn,https://www.basketball-reference.com/players/g/gordobe01.html,gordobe01,1983,32,10
Ben Handlogten,Ben Handlogten,2004,2005,C,10-Jun,240,11/16/1973,16/11/1973,1973,32,Western Michigan,https://www.basketball-reference.com/players/h/handlbe01.html,handlbe01,1973,32,1
Ben Hansbrough,Ben Hansbrough,2013,2013,G,3-Jun,203,12/23/1987,23/12/1987,1987,26,"Mississippi State, Notre Dame",https://www.basketball-reference.com/players/h/hansbbe01.html,hansbbe01,1987,26,0
Ben Kelso,Ben Kelso,1974,1974,G,3-Jun,195,4/11/1949,11/4/1949,1949,25,Central Michigan University,https://www.basketball-reference.com/players/k/kelsobe01.html,kelsobe01,1949,25,0
Ben McDonald,Ben McDonald,1986,1989,F,8-Jun,210,7/20/1962,20/7/1962,1962,27,"University of California, Irvine",https://www.basketball-reference.com/players/m/mcdonbe01.html,mcdonbe01,1962,27,3
Ben McLemore,Ben McLemore,2014,2022,G,3-Jun,195,2/11/1993,11/2/1993,1993,29,Kansas,https://www.basketball-reference.com/players/m/mclembe01.html,mclembe01,1993,29,8
Ben Moore,Ben Moore,2018,2018,F,8-Jun,220,5/13/1995,13/5/1995,1995,23,SMU,https://www.basketball-reference.com/players/m/moorebe01.html,moorebe01,1995,23,0
Ben Poquette,Ben Poquette,1978,1987,F-C,9-Jun,235,5/7/1955,7/5/1955,1955,32,Central Michigan University,https://www.basketball-reference.com/players/p/poquebe01.html,poquebe01,1955,32,9
Ben Schadler,Ben Schadler,1948,1948,F,Jun-00,185,3/9/1924,9/3/1924,1924,24,Northwestern,https://www.basketball-reference.com/players/s/schadbe01.html,schadbe01,1924,24,0
Ben Scharnus,Ben Scharnus,1947,1949,F,2-Jun,173,12/11/1917,11/12/1917,1917,32,Seton Hall,https://www.basketball-reference.com/players/s/scharbe01.html,scharbe01,1917,32,2
Ben Sheppard,Ben Sheppard,2024,2025,G,6-Jun,190,7/16/2001,16/7/2001,2001,24,Belmont,https://www.basketball-reference.com/players/s/sheppbe01.html,sheppbe01,2001,24,1
Ben Simmons,Ben Simmons,2018,2025,G-F,10-Jun,240,7/20/1996,20/7/1996,1996,29,LSU,https://www.basketball-reference.com/players/s/simmobe01.html,simmobe01,1996,29,7
Ben Uzoh,Ben Uzoh,2011,2012,G,3-Jun,205,3/19/1988,19/3/1988,1988,24,Tulsa,https://www.basketball-reference.com/players/u/uzohbe01.html,uzohbe01,1988,24,1
Cliff Hagan*,Cliff Hagan,1957,1970,F-G,4-Jun,210,12/9/1931,9/12/1931,1931,39,Kentucky,https://www.basketball-reference.com/players/h/hagancl01.html,hagancl01,1931,39,13
Dennis Rodman*,Dennis Rodman,1987,2000,F,7-Jun,210,5/13/1961,13/5/1961,1961,39,"North Central Texas College, Southeastern Oklahoma State University",https://www.basketball-reference.com/players/r/rodmade01.html,rodmade01,1961,39,13
Bennedict Mathurin,Bennedict Mathurin,2023,2025,G-F,6-Jun,210,6/19/2002,19/6/2002,2002,23,Arizona,https://www.basketball-reference.com/players/m/mathube01.html,mathube01,2002,23,2
Bennie Swain,Bennie Swain,1959,1959,F,8-Jun,220,12/16/1933,16/12/1933,1933,26,Texas Southern,https://www.basketball-reference.com/players/s/swainbe01.html,swainbe01,1933,26,0
Dominique Wilkins*,Dominique Wilkins,1983,1999,F-G,8-Jun,215,1/12/1960,12/1/1960,1960,39,Georgia,https://www.basketball-reference.com/players/w/wilkido01.html,wilkido01,1960,39,16
Elvin Hayes*,Elvin Hayes,1969,1984,F-C,9-Jun,235,11/17/1945,17/11/1945,1945,39,Houston,https://www.basketball-reference.com/players/h/hayesel01.html,hayesel01,1945,39,15
Bernard James,Bernard James,2013,2015,C,10-Jun,240,2/7/1985,7/2/1985,1985,30,Florida State,https://www.basketball-reference.com/players/j/jamesbe01.html,jamesbe01,1985,30,2
Ervin Johnson,Ervin Johnson,1994,2006,C,11-Jun,245,12/21/1967,21/12/1967,1967,39,New Orleans,https://www.basketball-reference.com/players/j/johnser02.html,johnser02,1967,39,12
Bernard Robinson,Bernard Robinson,2005,2007,G-F,6-Jun,210,12/26/1980,26/12/1980,1980,27,Michigan,https://www.basketball-reference.com/players/r/robinbe01.html,robinbe01,1980,27,2
Bernard Thompson,Bernard Thompson,1985,1989,F-G,6-Jun,210,8/30/1962,30/8/1962,1962,27,Fresno State,https://www.basketball-reference.com/players/t/thompbe01.html,thompbe01,1962,27,4
Bernard Toone,Bernard Toone,1980,1980,F,9-Jun,210,7/14/1956,14/7/1956,1956,24,Marquette,https://www.basketball-reference.com/players/t/toonebe01.html,toonebe01,1956,24,0
Bernie Fryer,Bernie Fryer,1974,1975,G,3-Jun,185,12/25/1949,25/12/1949,1949,26,BYU,https://www.basketball-reference.com/players/f/fryerbe01.html,fryerbe01,1949,26,1
Bernie Harris,Bernie Harris,1975,1975,F,10-Jun,200,11/26/1950,26/11/1950,1950,25,VCU,https://www.basketball-reference.com/players/h/harribe01.html,harribe01,1950,25,0
Bernie Williams,Bernie Williams,1970,1974,G,3-Jun,175,12/30/1945,30/12/1945,1945,29,La Salle,https://www.basketball-reference.com/players/w/willibe01.html,willibe01,1945,29,4
Bert Cook,Bert Cook,1955,1955,G-F,3-Jun,185,4/26/1929,26/4/1929,1929,26,Utah State University,https://www.basketball-reference.com/players/c/cookbe01.html,cookbe01,1929,26,0
Bevo Nordmann,Bevo Nordmann,1962,1965,C,10-Jun,225,12/11/1939,11/12/1939,1939,26,Saint Louis,https://www.basketball-reference.com/players/n/nordmbe01.html,nordmbe01,1939,26,3
Bilal Coulibaly,Bilal Coulibaly,2024,2025,F,6-Jun,195,7/26/2004,26/7/2004,2004,21,,https://www.basketball-reference.com/players/c/coulibi01.html,coulibi01,2004,21,1
Bill Allen,Bill Allen,1968,1968,C-F,8-Jun,205,NA,NA,#VALUE!,#VALUE!,New Mexico State,https://www.basketball-reference.com/players/a/allenbi01.html,allenbi01,NA,#VALUE!,0
Bill Bolger,Bill Bolger,1954,1954,F,5-Jun,205,8/21/1931,21/8/1931,1931,23,Georgetown,https://www.basketball-reference.com/players/b/bolgebi01.html,bolgebi01,1931,23,0
Bill Bradley,Bill Bradley,1968,1968,G,11-May,165,6/16/1941,16/6/1941,1941,27,Tennessee State,https://www.basketball-reference.com/players/b/bradlbi02.html,bradlbi02,1941,27,0
Garrett Temple,Garrett Temple,2010,2025,G,5-Jun,195,5/8/1986,8/5/1986,1986,39,LSU,https://www.basketball-reference.com/players/t/templga01.html,templga01,1986,39,15
Gary Payton*,Gary Payton,1991,2007,G,4-Jun,180,7/23/1968,23/7/1968,1968,39,Oregon State,https://www.basketball-reference.com/players/p/paytoga01.html,paytoga01,1968,39,16
Bill Buntin,Bill Buntin,1966,1966,C-F,7-Jun,250,5/5/1942,5/5/1942,1942,24,Michigan,https://www.basketball-reference.com/players/b/buntibi01.html,buntibi01,1942,24,0
Bill Bunting,Bill Bunting,1970,1972,F-C,8-Jun,200,8/26/1947,26/8/1947,1947,25,UNC,https://www.basketball-reference.com/players/b/buntibi02.html,buntibi02,1947,25,2
Bill Calhoun,Bill Calhoun,1949,1955,F-G,3-Jun,180,11/4/1927,4/11/1927,1927,28,City College of San Francisco,https://www.basketball-reference.com/players/c/calhobi01.html,calhobi01,1927,28,6
Hakeem Olajuwon*,Hakeem Olajuwon,1985,2002,C,Jul-00,255,1/21/1963,21/1/1963,1963,39,Houston,https://www.basketball-reference.com/players/o/olajuha01.html,olajuha01,1963,39,17
Bill Chamberlain,Bill Chamberlain,1973,1974,F,6-Jun,188,12/16/1949,16/12/1949,1949,25,UNC,https://www.basketball-reference.com/players/c/chambbi01.html,chambbi01,1949,25,1
Bill Closs,Bill Closs,1950,1952,F-C,5-Jun,195,1/8/1922,8/1/1922,1922,30,Rice University,https://www.basketball-reference.com/players/c/clossbi01.html,clossbi01,1922,30,2
Bill Crow,Bill Crow,1968,1968,G,1-Jun,180,12/9/1940,9/12/1940,1940,28,"Cerritos College, BYU, Westminster College of Utah",https://www.basketball-reference.com/players/c/crowbi01.html,crowbi01,1940,28,0
Bill Curley,Bill Curley,1995,2001,F,9-Jun,220,5/29/1972,29/5/1972,1972,29,Boston College,https://www.basketball-reference.com/players/c/curlebi01.html,curlebi01,1972,29,6
Bill Davis,Bill Davis,1947,1947,F,3-Jun,215,10/3/1920,3/10/1920,1920,27,Notre Dame,https://www.basketball-reference.com/players/d/davisbi01.html,davisbi01,1920,27,0
Bill Dinwiddie,Bill Dinwiddie,1968,1972,F,7-Jun,220,7/15/1943,15/7/1943,1943,29,New Mexico Highlands University,https://www.basketball-reference.com/players/d/dinwibi01.html,dinwibi01,1943,29,4
Bill Downey,Bill Downey,1948,1948,C,6-Jun,210,11/11/1923,11/11/1923,1923,25,Marquette,https://www.basketball-reference.com/players/d/downebi01.html,downebi01,1923,25,0
Bill Ebben,Bill Ebben,1958,1958,G,4-Jun,190,10/7/1935,7/10/1935,1935,23,Detroit Mercy,https://www.basketball-reference.com/players/e/ebbenbi01.html,ebbenbi01,1935,23,0
Bill Edwards,Bill Edwards,1994,1994,F,8-Jun,215,9/22/1971,22/9/1971,1971,23,Wright State University,https://www.basketball-reference.com/players/e/edwarbi01.html,edwarbi01,1971,23,0
Bill Franklin,Bill Franklin,1973,1976,F,7-Jun,220,10/19/1949,19/10/1949,1949,27,Purdue,https://www.basketball-reference.com/players/f/frankwi01.html,frankwi01,1949,27,3
Bill Gabor,Bill Gabor,1950,1955,G-F,11-May,170,5/13/1922,13/5/1922,1922,33,Syracuse,https://www.basketball-reference.com/players/g/gaborbi01.html,gaborbi01,1922,33,5
Bill Gaines,Bill Gaines,1969,1969,G,4-Jun,185,3/10/1946,10/3/1946,1946,23,Texas A&M University-Commerce,https://www.basketball-reference.com/players/g/gainebi01.html,gainebi01,1946,23,0
Bill Garner,Bill Garner,1968,1968,C,10-Jun,220,6/17/1940,17/6/1940,1940,28,University of Portland,https://www.basketball-reference.com/players/g/garnebi01.html,garnebi01,1940,28,0
Bill Garnett,Bill Garnett,1983,1986,F,9-Jun,225,4/22/1960,22/4/1960,1960,26,Wyoming,https://www.basketball-reference.com/players/g/garnebi02.html,garnebi02,1960,26,3
Bill Hanzlik,Bill Hanzlik,1981,1990,G-F,7-Jun,185,12/6/1957,6/12/1957,1957,33,Notre Dame,https://www.basketball-reference.com/players/h/hanzlbi01.html,hanzlbi01,1957,33,9
Bill Henry,Bill Henry,1949,1950,C,9-Jun,215,12/27/1924,27/12/1924,1924,26,Rice University,https://www.basketball-reference.com/players/h/henrybi01.html,henrybi01,1924,26,1
Bill Herman,Bill Herman,1950,1950,G,3-Jun,170,5/17/1924,17/5/1924,1924,26,Mount Union College,https://www.basketball-reference.com/players/h/hermabi01.html,hermabi01,1924,26,0
Bill Hewitt,Bill Hewitt,1969,1975,F,7-Jun,210,8/8/1944,8/8/1944,1944,31,USC,https://www.basketball-reference.com/players/h/hewitbi01.html,hewitbi01,1944,31,6
Bill Higgins,Bill Higgins,1975,1975,G,2-Jun,180,12/15/1952,15/12/1952,1952,23,Ashland University,https://www.basketball-reference.com/players/h/higgibi01.html,higgibi01,1952,23,0
Bill Hosket,Bill Hosket,1969,1972,F-C,8-Jun,225,12/20/1946,20/12/1946,1946,26,Ohio State,https://www.basketball-reference.com/players/h/hoskebi01.html,hoskebi01,1946,26,3
Bill Jones,Bill Jones,1989,1989,F,7-Jun,175,3/18/1966,18/3/1966,1966,23,Iowa,https://www.basketball-reference.com/players/j/jonesbi01.html,jonesbi01,1966,23,0
Bill Keller,Bill Keller,1970,1976,G,10-May,177,8/30/1947,30/8/1947,1947,29,Purdue,https://www.basketball-reference.com/players/k/kellebi01.html,kellebi01,1947,29,6
Horace Grant,Horace Grant,1988,2004,F-C,10-Jun,215,7/4/1965,4/7/1965,1965,39,Clemson,https://www.basketball-reference.com/players/g/grantho01.html,grantho01,1965,39,16
Bill Ligon,Bill Ligon,1975,1975,G,4-Jun,180,5/29/1952,29/5/1952,1952,23,Vanderbilt,https://www.basketball-reference.com/players/l/ligonbi01.html,ligonbi01,1952,23,0
Bill Martin,Bill Martin,1986,1988,F,7-Jun,205,8/16/1962,16/8/1962,1962,26,Georgetown,https://www.basketball-reference.com/players/m/martibi01.html,martibi01,1962,26,2
Bill Mayfield,Bill Mayfield,1981,1981,F,7-Jun,205,10/17/1957,17/10/1957,1957,24,Iowa,https://www.basketball-reference.com/players/m/mayfibi01.html,mayfibi01,1957,24,0
Bill Melchionni,Bill Melchionni,1967,1976,G,1-Jun,165,10/19/1944,19/10/1944,1944,32,Villanova,https://www.basketball-reference.com/players/m/melchbi01.html,melchbi01,1944,32,9
Bill Meyer,Bill Meyer,1968,1968,G,3-Jun,195,8/30/1943,30/8/1943,1943,25,Hiram College,https://www.basketball-reference.com/players/m/meyerbi01.html,meyerbi01,1943,25,0
Bill Miller,Bill Miller,1949,1949,F,3-Jun,190,11/24/1924,24/11/1924,1924,25,UNC,https://www.basketball-reference.com/players/m/millebi01.html,millebi01,1924,25,0
Bill Mlkvy,Bill Mlkvy,1953,1953,F,4-Jun,190,1/19/1931,19/1/1931,1931,22,Temple,https://www.basketball-reference.com/players/m/mlkvybi01.html,mlkvybi01,1931,22,0
Bill Newton,Bill Newton,1973,1974,C,9-Jun,220,12/22/1950,22/12/1950,1950,24,LSU,https://www.basketball-reference.com/players/n/newtobi01.html,newtobi01,1950,24,1
Bill Roberts,Bill Roberts,1949,1950,C,9-Jun,210,3/13/1925,13/3/1925,1925,25,Wyoming,https://www.basketball-reference.com/players/r/roberbi01.html,roberbi01,1925,25,1
Bill Robinzine,Bill Robinzine,1976,1982,F,7-Jun,230,1/20/1953,20/1/1953,1953,29,DePaul,https://www.basketball-reference.com/players/r/robinbi01.html,robinbi01,1953,29,6
Jeff Green,Jeff Green,2008,2025,F,8-Jun,235,8/28/1986,28/8/1986,1986,39,Georgetown,https://www.basketball-reference.com/players/g/greenje02.html,greenje02,1986,39,17
Jerome Kersey,Jerome Kersey,1985,2001,F,7-Jun,215,6/26/1962,26/6/1962,1962,39,Longwood University,https://www.basketball-reference.com/players/k/kerseje01.html,kerseje01,1962,39,16
Bill Smith,Bill Smith,1962,1962,G-F,5-Jun,190,4/26/1939,26/4/1939,1939,23,Saint Peter's College,https://www.basketball-reference.com/players/s/smithbi01.html,smithbi01,1939,23,0
Bill Stricker,Bill Stricker,1971,1971,F,9-Jun,210,1/22/1948,22/1/1948,1948,23,University of the Pacific,https://www.basketball-reference.com/players/s/stricbi01.html,stricbi01,1948,23,0
Bill Thieben,Bill Thieben,1957,1958,F-C,7-Jun,215,3/28/1935,28/3/1935,1935,23,Hofstra,https://www.basketball-reference.com/players/t/thiebbi01.html,thiebbi01,1935,23,1
Bill Tosheff,Bill Tosheff,1952,1954,G,1-Jun,175,6/2/1926,2/6/1926,1926,28,Indiana,https://www.basketball-reference.com/players/t/toshebi01.html,toshebi01,1926,28,2
Bill Turner,Bill Turner,1968,1973,F,7-Jun,220,2/18/1944,18/2/1944,1944,29,University of Akron,https://www.basketball-reference.com/players/t/turnebi01.html,turnebi01,1944,29,5
Jerry Stackhouse,Jerry Stackhouse,1996,2013,G-F,6-Jun,218,11/5/1974,5/11/1974,1974,39,UNC,https://www.basketball-reference.com/players/s/stackje01.html,stackje01,1974,39,17
Johnny Newman,Johnny Newman,1987,2002,F-G,7-Jun,190,11/28/1963,28/11/1963,1963,39,Richmond,https://www.basketball-reference.com/players/n/newmajo01.html,newmajo01,1963,39,15
Bill Willoughby,Bill Willoughby,1976,1984,F-C,8-Jun,205,5/20/1957,20/5/1957,1957,27,,https://www.basketball-reference.com/players/w/willobi01.html,willobi01,1957,27,8
Bill Zopf,Bill Zopf,1971,1971,G,1-Jun,170,6/7/1948,7/6/1948,1948,23,Duquesne,https://www.basketball-reference.com/players/z/zopfbi01.html,zopfbi01,1948,23,0
Billy Cunningham*,Billy Cunningham,1966,1976,F-C,6-Jun,210,6/3/1943,3/6/1943,1943,33,UNC,https://www.basketball-reference.com/players/c/cunnibi01.html,cunnibi01,1943,33,10
Billy DeAngelis,Billy DeAngelis,1971,1971,G,1-Jun,180,10/5/1946,5/10/1946,1946,25,Saint Joseph's,https://www.basketball-reference.com/players/d/deangbi01.html,deangbi01,1946,25,0
Billy Donovan,Billy Donovan,1988,1988,G,11-May,171,5/30/1965,30/5/1965,1965,23,Providence,https://www.basketball-reference.com/players/d/donovbi01.html,donovbi01,1965,23,0
Billy Evans,Billy Evans,1970,1970,G,Jun-00,170,3/3/1947,3/3/1947,1947,23,Boston College,https://www.basketball-reference.com/players/e/evansbi01.html,evansbi01,1947,23,0
Billy Garrett,Billy Garrett,2019,2019,G,6-Jun,213,10/16/1994,16/10/1994,1994,25,DePaul,https://www.basketball-reference.com/players/g/garrebi01.html,garrebi01,1994,25,0
Billy Harris,Billy Harris,1975,1975,G,2-Jun,185,11/12/1951,12/11/1951,1951,24,Northern Illinois,https://www.basketball-reference.com/players/h/harribi01.html,harribi01,1951,24,0
Billy Hassett,Billy Hassett,1950,1951,G,11-May,180,10/21/1921,21/10/1921,1921,30,Notre Dame,https://www.basketball-reference.com/players/h/hassebi01.html,hassebi01,1921,30,1
Billy James,Billy James,1974,1974,G,3-Jun,185,2/11/1950,11/2/1950,1950,24,Marshall,https://www.basketball-reference.com/players/j/jamesbi01.html,jamesbi01,1950,24,0
Billy Kenville,Billy Kenville,1954,1960,G-F,2-Jun,187,12/1/1930,1/12/1930,1930,30,St. Bonaventure,https://www.basketball-reference.com/players/k/kenvibi01.html,kenvibi01,1930,30,6
Billy Knight,Billy Knight,1975,1985,G-F,6-Jun,195,6/9/1952,9/6/1952,1952,33,Pitt,https://www.basketball-reference.com/players/k/knighbi01.html,knighbi01,1952,33,10
Billy McGill,Billy McGill,1963,1970,C-F,9-Jun,225,9/16/1939,16/9/1939,1939,31,Utah,https://www.basketball-reference.com/players/m/mcgilbi01.html,mcgilbi01,1939,31,7
Billy McKinney,Billy McKinney,1979,1986,G,Jun-00,160,6/5/1955,5/6/1955,1955,31,Northwestern,https://www.basketball-reference.com/players/m/mckinbi01.html,mckinbi01,1955,31,7
Billy Owens,Billy Owens,1992,2001,F-G,8-Jun,220,5/1/1969,1/5/1969,1969,32,Syracuse,https://www.basketball-reference.com/players/o/owensbi01.html,owensbi01,1969,32,9
Kyle Korver,Kyle Korver,2004,2020,G-F,7-Jun,212,3/17/1981,17/3/1981,1981,39,Creighton,https://www.basketball-reference.com/players/k/korveky01.html,korveky01,1981,39,16
Billy Ray Bates,Billy Ray Bates,1980,1983,G,4-Jun,210,5/31/1956,31/5/1956,1956,27,Kentucky State University,https://www.basketball-reference.com/players/b/batesbi01.html,batesbi01,1956,27,3
Billy Reid,Billy Reid,1981,1981,G,5-Jun,190,9/10/1957,10/9/1957,1957,24,"New Mexico, San Francisco",https://www.basketball-reference.com/players/r/reidbi01.html,reidbi01,1957,24,0
Billy Schaeffer,Billy Schaeffer,1974,1976,F,5-Jun,200,12/11/1951,11/12/1951,1951,25,St. John's,https://www.basketball-reference.com/players/s/schaebi01.html,schaebi01,1951,25,2
Billy Shepherd,Billy Shepherd,1973,1975,G,10-May,160,11/18/1949,18/11/1949,1949,26,Butler,https://www.basketball-reference.com/players/s/shephbi01.html,shephbi01,1949,26,2
Billy Thomas,Billy Thomas,2005,2008,G,4-Jun,208,12/23/1975,23/12/1975,1975,33,Kansas,https://www.basketball-reference.com/players/t/thomabi01.html,thomabi01,1975,33,3
Billy Thompson,Billy Thompson,1987,1992,F,7-Jun,195,12/1/1963,1/12/1963,1963,29,Louisville,https://www.basketball-reference.com/players/t/thompbi01.html,thompbi01,1963,29,5
Kyle Lowry,Kyle Lowry,2007,2025,G,Jun-00,196,3/25/1986,25/3/1986,1986,39,Villanova,https://www.basketball-reference.com/players/l/lowryky01.html,lowryky01,1986,39,18
Marcus Camby,Marcus Camby,1997,2013,C-F,11-Jun,220,3/22/1974,22/3/1974,1974,39,UMass,https://www.basketball-reference.com/players/c/cambyma01.html,cambyma01,1974,39,16
Bird Averitt,Bird Averitt,1974,1978,G,1-Jun,170,7/22/1952,22/7/1952,1952,26,Pepperdine,https://www.basketball-reference.com/players/a/averibi01.html,averibi01,1952,26,4
Bismack Biyombo,Bismack Biyombo,2012,2024,C-F,8-Jun,255,8/28/1992,28/8/1992,1992,32,,https://www.basketball-reference.com/players/b/biyombi01.html,biyombi01,1992,32,12
Bison Dele,Bison Dele,1992,1999,F-C,9-Jun,235,4/6/1969,6/4/1969,1969,30,"Maryland, Arizona",https://www.basketball-reference.com/players/d/delebi01.html,delebi01,1969,30,7
Blackie Towery,Blackie Towery,1949,1950,F-C,4-Jun,210,6/20/1920,20/6/1920,1920,30,Western Kentucky,https://www.basketball-reference.com/players/t/towerbl01.html,towerbl01,1920,30,1
Blaine Denning,Blaine Denning,1953,1953,G,2-Jun,175,9/19/1930,19/9/1930,1930,23,Lawrence Technological University,https://www.basketball-reference.com/players/d/dennibl01.html,dennibl01,1930,23,0
Blair Rasmussen,Blair Rasmussen,1986,1993,C,Jul-00,250,11/13/1962,13/11/1962,1962,31,Oregon,https://www.basketball-reference.com/players/r/rasmubl01.html,rasmubl01,1962,31,7
Blake Ahearn,Blake Ahearn,2008,2012,G,2-Jun,190,5/27/1984,27/5/1984,1984,28,Missouri State,https://www.basketball-reference.com/players/a/ahearbl01.html,ahearbl01,1984,28,4
Mark Jackson,Mark Jackson,1988,2004,G,1-Jun,180,4/1/1965,1/4/1965,1965,39,St. John's,https://www.basketball-reference.com/players/j/jacksma01.html,jacksma01,1965,39,16
Blake Wesley,Blake Wesley,2023,2025,G,5-Jun,185,3/16/2003,16/3/2003,2003,22,Notre Dame,https://www.basketball-reference.com/players/w/weslebl01.html,weslebl01,2003,22,2
Mike James,Mike James,2002,2014,G,2-Jun,188,6/23/1975,23/6/1975,1975,39,Duquesne,https://www.basketball-reference.com/players/j/jamesmi01.html,jamesmi01,1975,39,12
Bo Ellis,Bo Ellis,1978,1980,F,9-Jun,197,8/8/1954,8/8/1954,1954,26,Marquette,https://www.basketball-reference.com/players/e/ellisbo02.html,ellisbo02,1954,26,2
Bo Erias,Bo Erias,1958,1958,F,3-Jun,220,7/30/1932,30/7/1932,1932,26,Niagara University,https://www.basketball-reference.com/players/e/eriasbo01.html,eriasbo01,1932,26,0
Bo Kimble,Bo Kimble,1991,1993,G,4-Jun,190,4/9/1966,9/4/1966,1966,27,"USC, Loyola Marymount",https://www.basketball-reference.com/players/k/kimblbo01.html,kimblbo01,1966,27,2
Bo Lamar,Bo Lamar,1974,1977,G,1-Jun,180,4/7/1951,7/4/1951,1951,26,Louisiana,https://www.basketball-reference.com/players/l/lamarbo01.html,lamarbo01,1951,26,3
Mike Novak,Mike Novak,1949,1954,C-F,9-Jun,219,4/23/1915,23/4/1915,1915,39,Loyola Chicago,https://www.basketball-reference.com/players/n/novakmi01.html,novakmi01,1915,39,5
Boštjan Nachbar,Boštjan Nachbar,2003,2008,F,9-Jun,221,7/3/1980,3/7/1980,1980,28,,https://www.basketball-reference.com/players/n/nachbbo01.html,nachbbo01,1980,28,5
Bob Allen,Bob Allen,1969,1969,F,9-Jun,205,7/17/1946,17/7/1946,1946,23,Marshall,https://www.basketball-reference.com/players/a/allenbo01.html,allenbo01,1946,23,0
Bob Anderegg,Bob Anderegg,1960,1960,F-G,3-Jun,200,8/24/1937,24/8/1937,1937,23,Michigan State,https://www.basketball-reference.com/players/a/anderbo01.html,anderbo01,1937,23,0
Bob Armstrong,Bob Armstrong,1957,1957,C-F,8-Jun,220,6/17/1933,17/6/1933,1933,24,Michigan State,https://www.basketball-reference.com/players/a/armstbo01.html,armstbo01,1933,24,0
Bob Arnzen,Bob Arnzen,1970,1974,F,5-Jun,205,11/3/1947,3/11/1947,1947,27,Notre Dame,https://www.basketball-reference.com/players/a/arnzebo01.html,arnzebo01,1947,27,4
Bob Bedell,Bob Bedell,1968,1971,F,7-Jun,205,6/26/1944,26/6/1944,1944,27,Stanford,https://www.basketball-reference.com/players/b/bedelbo01.html,bedelbo01,1944,27,3
Bob Bigelow,Bob Bigelow,1976,1979,F-G,7-Jun,215,12/26/1953,26/12/1953,1953,26,Penn,https://www.basketball-reference.com/players/b/bigelbo01.html,bigelbo01,1953,26,3
Nazr Mohammed,Nazr Mohammed,1999,2016,C,10-Jun,221,9/5/1977,5/9/1977,1977,39,Kentucky,https://www.basketball-reference.com/players/m/mohamna01.html,mohamna01,1977,39,17
Bob Brannum,Bob Brannum,1950,1955,F-C,5-Jun,215,5/28/1926,28/5/1926,1926,29,"Kentucky, Michigan State",https://www.basketball-reference.com/players/b/brannbo01.html,brannbo01,1926,29,5
Bob Brown,Bob Brown,1949,1950,F,4-Jun,205,11/12/1923,12/11/1923,1923,27,Miami University,https://www.basketball-reference.com/players/b/brownbo01.html,brownbo01,1923,27,1
Bob Burrow,Bob Burrow,1957,1958,C-F,7-Jun,228,6/29/1934,29/6/1934,1934,24,"Lon Morris College, Kentucky",https://www.basketball-reference.com/players/b/burrobo01.html,burrobo01,1934,24,1
Bob Carney,Bob Carney,1955,1955,G,3-Jun,170,8/3/1932,3/8/1932,1932,23,Bradley,https://www.basketball-reference.com/players/c/carnebo01.html,carnebo01,1932,23,0
Bob Carpenter,Bob Carpenter,1950,1951,F-C,5-Jun,200,11/6/1917,6/11/1917,1917,34,Texas A&M University-Commerce,https://www.basketball-reference.com/players/c/carpebo01.html,carpebo01,1917,34,1
Bob Carrington,Bob Carrington,1978,1980,G-F,6-Jun,195,7/3/1953,3/7/1953,1953,27,Boston College,https://www.basketball-reference.com/players/c/carribo01.html,carribo01,1953,27,2
Bob Christian,Bob Christian,1970,1974,C,10-Jun,255,5/11/1946,11/5/1946,1946,28,Grambling State University,https://www.basketball-reference.com/players/c/chrisbo01.html,chrisbo01,1946,28,4
Bob Cluggish,Bob Cluggish,1947,1947,C,10-Jun,235,9/18/1917,18/9/1917,1917,30,Kentucky,https://www.basketball-reference.com/players/c/cluggbo01.html,cluggbo01,1917,30,0
Otis Thorpe,Otis Thorpe,1985,2001,F-C,10-Jun,248,8/5/1962,5/8/1962,1962,39,Providence,https://www.basketball-reference.com/players/t/thorpot01.html,thorpot01,1962,39,16
P.J. Brown,P.J. Brown,1994,2008,F-C,11-Jun,225,10/14/1969,14/10/1969,1969,39,Louisiana Tech,https://www.basketball-reference.com/players/b/brownpj01.html,brownpj01,1969,39,14
P.J. Tucker,P.J. Tucker,2007,2024,F,5-Jun,245,5/5/1985,5/5/1985,1985,39,Texas,https://www.basketball-reference.com/players/t/tuckepj01.html,tuckepj01,1985,39,17
Bob Davis,Bob Davis,1973,1973,F,7-Jun,215,4/2/1950,2/4/1950,1950,23,Weber State,https://www.basketball-reference.com/players/d/davisbo01.html,davisbo01,1950,23,0
Bob Dille,Bob Dille,1947,1947,F,3-Jun,190,7/2/1917,2/7/1917,1917,30,Valparaiso,https://www.basketball-reference.com/players/d/dillebo01.html,dillebo01,1917,30,0
Bob Doll,Bob Doll,1947,1950,F-C,5-Jun,195,8/10/1919,10/8/1919,1919,31,Colorado,https://www.basketball-reference.com/players/d/dollbo01.html,dollbo01,1919,31,3
Bob Donham,Bob Donham,1951,1954,G-F,2-Jun,190,10/11/1926,11/10/1926,1926,28,Ohio State,https://www.basketball-reference.com/players/d/donhabo01.html,donhabo01,1926,28,3
Bob Duffy,Bob Duffy,1947,1947,F,4-Jun,175,7/5/1922,5/7/1922,1922,25,Tulane,https://www.basketball-reference.com/players/d/duffybo01.html,duffybo01,1922,25,0
Bob Duffy,Bob Duffy,1963,1965,G,3-Jun,185,9/26/1940,26/9/1940,1940,25,Colgate,https://www.basketball-reference.com/players/d/duffybo02.html,duffybo02,1940,25,2
Bob Elliott,Bob Elliott,1979,1981,C-F,9-Jun,225,8/18/1955,18/8/1955,1955,26,Arizona,https://www.basketball-reference.com/players/e/elliobo01.html,elliobo01,1955,26,2
Bob Evans,Bob Evans,1950,1950,G,2-Jun,175,5/31/1925,31/5/1925,1925,25,Butler,https://www.basketball-reference.com/players/e/evansbo01.html,evansbo01,1925,25,0
Bob Faught,Bob Faught,1947,1947,F,5-Jun,185,9/2/1921,2/9/1921,1921,26,Notre Dame,https://www.basketball-reference.com/players/f/faughbo01.html,faughbo01,1921,26,0
Bob Feerick,Bob Feerick,1947,1950,F-G,3-Jun,190,1/2/1920,2/1/1920,1920,30,Santa Clara,https://www.basketball-reference.com/players/f/feeribo01.html,feeribo01,1920,30,3
Bob Ferry,Bob Ferry,1960,1969,C-F,8-Jun,230,5/31/1937,31/5/1937,1937,32,Saint Louis,https://www.basketball-reference.com/players/f/ferrybo01.html,ferrybo01,1937,32,9
Bob Fitzgerald,Bob Fitzgerald,1947,1949,F-C,5-Jun,190,3/14/1923,14/3/1923,1923,26,Seton Hall,https://www.basketball-reference.com/players/f/fitzgbo01.html,fitzgbo01,1923,26,2
Bob Ford,Bob Ford,1973,1973,F,7-Jun,228,1/26/1950,26/1/1950,1950,23,Purdue,https://www.basketball-reference.com/players/f/fordbo01.html,fordbo01,1950,23,0
Bob Gantt,Bob Gantt,1947,1947,F-C,4-Jun,205,6/22/1922,22/6/1922,1922,25,Duke,https://www.basketball-reference.com/players/g/ganttbo01.html,ganttbo01,1922,25,0
Bob Greacen,Bob Greacen,1970,1972,F,7-Jun,206,9/15/1947,15/9/1947,1947,25,Rutgers University,https://www.basketball-reference.com/players/g/greacbo01.html,greacbo01,1947,25,2
Bob Gross,Bob Gross,1976,1983,F-G,6-Jun,200,8/3/1953,3/8/1953,1953,30,"Seattle University, Cal State Long Beach",https://www.basketball-reference.com/players/g/grossbo01.html,grossbo01,1953,30,7
Bob Hansen,Bob Hansen,1984,1992,G,6-Jun,190,1/18/1961,18/1/1961,1961,31,Iowa,https://www.basketball-reference.com/players/h/hansebo01.html,hansebo01,1961,31,8
Bob Harris,Bob Harris,1950,1954,F-C,7-Jun,195,3/16/1927,16/3/1927,1927,27,Oklahoma State,https://www.basketball-reference.com/players/h/harribo01.html,harribo01,1927,27,4
Bob Harrison,Bob Harrison,1950,1958,G,1-Jun,190,8/12/1927,12/8/1927,1927,31,Michigan,https://www.basketball-reference.com/players/h/harribo02.html,harribo02,1927,31,8
Bob Hogsett,Bob Hogsett,1967,1968,F,7-Jun,230,1/29/1941,29/1/1941,1941,27,Tennessee,https://www.basketball-reference.com/players/h/hogsebo01.html,hogsebo01,1941,27,1
Bob Hopkins,Bob Hopkins,1957,1960,C-F,8-Jun,205,11/3/1934,3/11/1934,1934,26,Grambling State University,https://www.basketball-reference.com/players/h/hopkibo01.html,hopkibo01,1934,26,3
Bob Houbregs*,Bob Houbregs,1954,1958,C-F,8-Jun,225,3/12/1932,12/3/1932,1932,26,Washington,https://www.basketball-reference.com/players/h/houbrbo01.html,houbrbo01,1932,26,4
Bob Hubbard,Bob Hubbard,1948,1949,C-F,6-Jun,215,12/27/1922,27/12/1922,1922,27,Springfield College,https://www.basketball-reference.com/players/h/hubbabo01.html,hubbabo01,1922,27,1
Bob Kauffman,Bob Kauffman,1969,1975,F-C,8-Jun,240,7/13/1946,13/7/1946,1946,29,Guilford College,https://www.basketball-reference.com/players/k/kauffbo01.html,kauffbo01,1946,29,6
Bob Kinney,Bob Kinney,1949,1950,C-F,6-Jun,215,9/16/1920,16/9/1920,1920,30,Rice University,https://www.basketball-reference.com/players/k/kinnebo01.html,kinnebo01,1920,30,1
Bob Knight,Bob Knight,1955,1955,G-F,2-Jun,185,4/30/1929,30/4/1929,1929,26,,https://www.basketball-reference.com/players/k/knighbo01.html,knighbo01,1929,26,0
Bob Lackey,Bob Lackey,1973,1974,G-F,5-Jun,200,4/4/1949,4/4/1949,1949,25,"Casper College, Marquette",https://www.basketball-reference.com/players/l/lackebo01.html,lackebo01,1949,25,1
Pablo Prigioni,Pablo Prigioni,2013,2016,G,3-Jun,185,5/17/1977,17/5/1977,1977,39,,https://www.basketball-reference.com/players/p/prigipa01.html,prigipa01,1977,39,3
Bob Lavoy,Bob Lavoy,1951,1954,F-C,7-Jun,185,6/29/1926,29/6/1926,1926,28,"Illinois, Western Kentucky",https://www.basketball-reference.com/players/l/lavoybo01.html,lavoybo01,1926,28,3
Bob Lochmueller,Bob Lochmueller,1953,1953,F,5-Jun,185,6/5/1927,5/6/1927,1927,26,Louisville,https://www.basketball-reference.com/players/l/lochmbo01.html,lochmbo01,1927,26,0
Pau Gasol*,Pau Gasol,2002,2019,C-F,Jul-00,250,7/6/1980,6/7/1980,1980,39,,https://www.basketball-reference.com/players/g/gasolpa01.html,gasolpa01,1980,39,17
Bob Martin,Bob Martin,1994,1995,C,Jul-00,250,10/7/1969,7/10/1969,1969,26,Minnesota,https://www.basketball-reference.com/players/m/martibo01.html,martibo01,1969,26,1
Rasheed Wallace,Rasheed Wallace,1996,2013,F-C,11-Jun,225,9/17/1974,17/9/1974,1974,39,UNC,https://www.basketball-reference.com/players/w/wallara01.html,wallara01,1974,39,17
Ray Allen*,Ray Allen,1997,2014,G,5-Jun,205,7/20/1975,20/7/1975,1975,39,UConn,https://www.basketball-reference.com/players/a/allenra02.html,allenra02,1975,39,17
Bob McIntyre,Bob McIntyre,1968,1970,F,6-Jun,215,1/23/1944,23/1/1944,1944,26,St. John's,https://www.basketball-reference.com/players/m/mcintbo01.html,mcintbo01,1944,26,2
Bob McNeill,Bob McNeill,1961,1962,G,1-Jun,170,10/22/1938,22/10/1938,1938,24,Saint Joseph's,https://www.basketball-reference.com/players/m/mcneibo01.html,mcneibo01,1938,24,1
Bob Miller,Bob Miller,1984,1984,F,10-Jun,230,7/9/1956,9/7/1956,1956,28,Cincinnati,https://www.basketball-reference.com/players/m/millebo01.html,millebo01,1956,28,0
Bob Mullens,Bob Mullens,1947,1947,G,1-Jun,175,11/1/1922,1/11/1922,1922,25,Fordham,https://www.basketball-reference.com/players/m/mullebo01.html,mullebo01,1922,25,0
Bob Naber,Bob Naber,1953,1953,F,3-Jun,185,9/3/1929,3/9/1929,1929,24,Louisville,https://www.basketball-reference.com/players/n/naberbo01.html,naberbo01,1929,24,0
Bob Nash,Bob Nash,1973,1979,F,8-Jun,195,8/24/1950,24/8/1950,1950,29,"San Jacinto College, Hawaii",https://www.basketball-reference.com/players/n/nashbo01.html,nashbo01,1950,29,6
Ricky Pierce,Ricky Pierce,1983,1998,G,4-Jun,205,8/19/1959,19/8/1959,1959,39,"Walla Walla Community College, Rice University",https://www.basketball-reference.com/players/p/piercri01.html,piercri01,1959,39,15
Bob O'Brien,Bob O'Brien,1948,1949,F,4-Jun,190,1/26/1927,26/1/1927,1927,22,Pepperdine,https://www.basketball-reference.com/players/o/obriebo01.html,obriebo01,1927,22,1
Bob Peterson,Bob Peterson,1954,1956,F,5-Jun,210,1/25/1932,25/1/1932,1932,24,Oregon,https://www.basketball-reference.com/players/p/peterbo01.html,peterbo01,1932,24,2
Bob Pettit*,Bob Pettit,1955,1965,F-C,9-Jun,205,12/12/1932,12/12/1932,1932,33,LSU,https://www.basketball-reference.com/players/p/pettibo01.html,pettibo01,1932,33,10
Bob Portman,Bob Portman,1970,1973,F,5-Jun,200,3/22/1947,22/3/1947,1947,26,Creighton,https://www.basketball-reference.com/players/p/portmbo01.html,portmbo01,1947,26,3
Bob Priddy,Bob Priddy,1953,1953,F,3-Jun,190,3/24/1930,24/3/1930,1930,23,New Mexico State,https://www.basketball-reference.com/players/p/priddbo01.html,priddbo01,1930,23,0
Bob Quick,Bob Quick,1969,1972,F-G,5-Jun,215,3/5/1946,5/3/1946,1946,26,Xavier,https://www.basketball-reference.com/players/q/quickbo01.html,quickbo01,1946,26,3
Bob Rensberger,Bob Rensberger,1947,1947,F,2-Jun,170,3/7/1921,7/3/1921,1921,26,Notre Dame,https://www.basketball-reference.com/players/r/rensbro01.html,rensbro01,1921,26,0
Bob Riedy,Bob Riedy,1968,1968,F,6-Jun,215,8/26/1945,26/8/1945,1945,23,Duke,https://www.basketball-reference.com/players/r/riedybo01.html,riedybo01,1945,23,0
Bob Riley,Bob Riley,1971,1971,F,9-Jun,235,7/6/1948,6/7/1948,1948,23,Mount St. Mary's University,https://www.basketball-reference.com/players/r/rileybo01.html,rileybo01,1948,23,0
Bob Royer,Bob Royer,1950,1950,G,10-May,155,10/15/1927,15/10/1927,1927,23,Indiana State University,https://www.basketball-reference.com/players/r/royerbo01.html,royerbo01,1927,23,0
Bob Rule,Bob Rule,1968,1975,C-F,9-Jun,220,6/29/1944,29/6/1944,1944,31,"Riverside Community College, Colorado State",https://www.basketball-reference.com/players/r/rulebo01.html,rulebo01,1944,31,7
Bob Santini,Bob Santini,1956,1956,F,5-Jun,190,2/17/1935,17/2/1935,1935,21,Iona College,https://www.basketball-reference.com/players/s/santibo01.html,santibo01,1935,21,0
Bob Schafer,Bob Schafer,1956,1957,G,3-Jun,195,3/29/1933,29/3/1933,1933,24,Villanova,https://www.basketball-reference.com/players/s/schafbo01.html,schafbo01,1933,24,1
Bob Shea,Bob Shea,1947,1947,F,2-Jun,194,9/11/1924,11/9/1924,1924,23,Rhode Island,https://www.basketball-reference.com/players/s/sheabo01.html,sheabo01,1924,23,0
Bob Sims,Bob Sims,1962,1968,G-F,5-Jun,220,10/9/1938,9/10/1938,1938,30,Pepperdine,https://www.basketball-reference.com/players/s/simsbo01.html,simsbo01,1938,30,6
Bob Sura,Bob Sura,1996,2005,G,5-Jun,200,3/25/1973,25/3/1973,1973,32,Florida State,https://www.basketball-reference.com/players/s/surabo01.html,surabo01,1973,32,9
Rod Strickland,Rod Strickland,1989,2005,G,3-Jun,175,7/11/1966,11/7/1966,1966,39,DePaul,https://www.basketball-reference.com/players/s/stricro02.html,stricro02,1966,39,16
Bob Tough,Bob Tough,1949,1950,G-F,Jun-00,185,8/28/1920,28/8/1920,1920,30,St. John's,https://www.basketball-reference.com/players/t/toughbo01.html,toughbo01,1920,30,1
Bob Verga,Bob Verga,1968,1974,G,1-Jun,190,9/7/1945,7/9/1945,1945,29,Duke,https://www.basketball-reference.com/players/v/vergabo01.html,vergabo01,1945,29,6
Bob Warlick,Bob Warlick,1966,1970,G-F,5-Jun,200,3/20/1941,20/3/1941,1941,29,"University of Southern Colorado, Pepperdine",https://www.basketball-reference.com/players/w/warlibo01.html,warlibo01,1941,29,4
Bob Warren,Bob Warren,1969,1976,G,5-Jun,190,7/17/1946,17/7/1946,1946,30,Vanderbilt,https://www.basketball-reference.com/players/w/warrebo01.html,warrebo01,1946,30,7
Sam Cassell,Sam Cassell,1994,2008,G,3-Jun,185,11/18/1969,18/11/1969,1969,39,Florida State,https://www.basketball-reference.com/players/c/cassesa01.html,cassesa01,1969,39,14
Bob Wiesenhahn,Bob Wiesenhahn,1962,1962,F,4-Jun,215,12/22/1938,22/12/1938,1938,24,Cincinnati,https://www.basketball-reference.com/players/w/wiesebo01.html,wiesebo01,1938,24,0
Bob Wilkerson,Bob Wilkerson,1977,1983,G-F,6-Jun,195,8/15/1954,15/8/1954,1954,29,Indiana,https://www.basketball-reference.com/players/w/wilkebo01.html,wilkebo01,1954,29,6
Bob Williams,Bob Williams,1956,1957,F,6-Jun,230,5/12/1931,12/5/1931,1931,26,Florida A&M,https://www.basketball-reference.com/players/w/willibo01.html,willibo01,1931,26,1
Bob Wilson,Bob Wilson,1952,1952,G,4-Jun,185,3/8/1926,8/3/1926,1926,26,West Virginia State University,https://www.basketball-reference.com/players/w/wilsobo01.html,wilsobo01,1926,26,0
Bob Wood,Bob Wood,1950,1950,G,10-May,,10/7/1921,7/10/1921,1921,29,Northern Illinois,https://www.basketball-reference.com/players/w/woodbo01.html,woodbo01,1921,29,0
Bob Woollard,Bob Woollard,1970,1970,C,10-Jun,225,7/27/1940,27/7/1940,1940,30,Wake Forest,https://www.basketball-reference.com/players/w/woollbo01.html,woollbo01,1940,30,0
Sam Mitchell,Sam Mitchell,1990,2002,F,6-Jun,210,9/2/1963,2/9/1963,1963,39,Mercer University,https://www.basketball-reference.com/players/m/mitchsa01.html,mitchsa01,1963,39,12
Scottie Pippen*,Scottie Pippen,1988,2004,F-G,8-Jun,210,9/25/1965,25/9/1965,1965,39,University of Central Arkansas,https://www.basketball-reference.com/players/p/pippesc01.html,pippesc01,1965,39,16
Bobby Cattage,Bobby Cattage,1982,1986,F,9-Jun,250,8/17/1958,17/8/1958,1958,28,Auburn,https://www.basketball-reference.com/players/c/cattabo01.html,cattabo01,1958,28,4
Bobby Cook,Bobby Cook,1950,1950,G-F,10-May,155,4/1/1923,1/4/1923,1923,27,Wisconsin,https://www.basketball-reference.com/players/c/cookbo01.html,cookbo01,1923,27,0
Bobby Croft,Bobby Croft,1971,1971,C,10-Jun,200,3/17/1946,17/3/1946,1946,25,Tennessee,https://www.basketball-reference.com/players/c/croftbo01.html,croftbo01,1946,25,0
Bobby Edmonds,Bobby Edmonds,1968,1970,F,6-Jun,220,3/8/1941,8/3/1941,1941,29,Tennessee State,https://www.basketball-reference.com/players/e/edmonbo01.html,edmonbo01,1941,29,2
Bobby Fields,Bobby Fields,1972,1972,G,3-Jun,175,10/20/1949,20/10/1949,1949,23,"Brandywine Junior College, La Salle",https://www.basketball-reference.com/players/f/fieldbo01.html,fieldbo01,1949,23,0
Bobby Hooper,Bobby Hooper,1969,1969,G,Jun-00,180,12/22/1946,22/12/1946,1946,23,Dayton,https://www.basketball-reference.com/players/h/hoopebo01.html,hoopebo01,1946,23,0
Bobby Hurley,Bobby Hurley,1994,1998,G,Jun-00,165,6/28/1971,28/6/1971,1971,27,Duke,https://www.basketball-reference.com/players/h/hurlebo01.html,hurlebo01,1971,27,4
Shaquille O'Neal*,Shaquille O'Neal,1993,2011,C,1-Jul,325,3/6/1972,6/3/1972,1972,39,LSU,https://www.basketball-reference.com/players/o/onealsh01.html,onealsh01,1972,39,18
Bobby Jones,Bobby Jones,2007,2008,F,7-Jun,215,1/9/1984,9/1/1984,1984,24,Washington,https://www.basketball-reference.com/players/j/jonesbo02.html,jonesbo02,1984,24,1
Terry Cummings,Terry Cummings,1983,2000,F,9-Jun,220,3/15/1961,15/3/1961,1961,39,DePaul,https://www.basketball-reference.com/players/c/cummite01.html,cummite01,1961,39,17
Bobby Lewis,Bobby Lewis,1968,1971,G,3-Jun,175,3/20/1945,20/3/1945,1945,26,UNC,https://www.basketball-reference.com/players/l/lewisbo01.html,lewisbo01,1945,26,3
Bobby Lloyd,Bobby Lloyd,1968,1969,G,2-Jun,184,1/3/1946,3/1/1946,1946,23,Rutgers University,https://www.basketball-reference.com/players/l/lloydbo01.html,lloydbo01,1946,23,1
Bobby Phills,Bobby Phills,1992,2000,G,5-Jun,210,12/20/1969,20/12/1969,1969,31,Southern University and A&M College,https://www.basketball-reference.com/players/p/phillbo01.html,phillbo01,1969,31,8
Bobby Portis,Bobby Portis,2016,2025,F,10-Jun,250,2/10/1995,10/2/1995,1995,30,Arkansas,https://www.basketball-reference.com/players/p/portibo01.html,portibo01,1995,30,9
Bobby Rascoe,Bobby Rascoe,1968,1970,G-F,4-Jun,205,7/22/1940,22/7/1940,1940,30,Western Kentucky,https://www.basketball-reference.com/players/r/rascobo01.html,rascobo01,1940,30,2
Bobby Simmons,Bobby Simmons,2002,2012,G-F,7-Jun,210,6/2/1980,2/6/1980,1980,32,DePaul,https://www.basketball-reference.com/players/s/simmobo01.html,simmobo01,1980,32,10
Bobby Smith,Bobby Smith,1960,1962,G,4-Jun,190,8/20/1937,20/8/1937,1937,25,West Virginia,https://www.basketball-reference.com/players/s/smithbo01.html,smithbo01,1937,25,2
Terry Porter,Terry Porter,1986,2002,G,3-Jun,195,4/8/1963,8/4/1963,1963,39,University of Wisconsin-Stevens Point,https://www.basketball-reference.com/players/p/portete01.html,portete01,1963,39,16
Bobby Washington,Bobby Washington,1970,1972,G,11-May,175,7/11/1947,11/7/1947,1947,25,Eastern Kentucky University,https://www.basketball-reference.com/players/w/washibo01.html,washibo01,1947,25,2
Bobby Watson,Bobby Watson,1955,1955,G,Jun-00,160,3/22/1930,22/3/1930,1930,25,Kentucky,https://www.basketball-reference.com/players/w/watsobo01.html,watsobo01,1930,25,0
Bobby Wilson,Bobby Wilson,1975,1978,G,3-Jun,175,1/15/1951,15/1/1951,1951,27,Wichita State,https://www.basketball-reference.com/players/w/wilsobo03.html,wilsobo03,1951,27,3
Bobby Wilson,Bobby Wilson,1968,1968,F,8-Jun,215,NA,NA,#VALUE!,#VALUE!,Kansas,https://www.basketball-reference.com/players/w/wilsobo02.html,wilsobo02,NA,#VALUE!,0
Bobi Klintman,Bobi Klintman,2025,2025,F,9-Jun,225,3/6/2003,6/3/2003,2003,22,Wake Forest,https://www.basketball-reference.com/players/k/klintbo01.html,klintbo01,2003,22,0
Bogdan Bogdanović,Bogdan Bogdanović,2018,2025,G,5-Jun,220,8/18/1992,18/8/1992,1992,33,,https://www.basketball-reference.com/players/b/bogdabo01.html,bogdabo01,1992,33,7
Tom Chambers,Tom Chambers,1982,1998,F-C,10-Jun,220,6/21/1959,21/6/1959,1959,39,Utah,https://www.basketball-reference.com/players/c/chambto01.html,chambto01,1959,39,16
Bol Bol,Bol Bol,2020,2025,F-C,3-Jul,220,11/16/1999,16/11/1999,1999,26,Oregon,https://www.basketball-reference.com/players/b/bolbo01.html,bolbo01,1999,26,5
Bones Hyland,Bones Hyland,2022,2025,G,2-Jun,173,9/14/2000,14/9/2000,2000,25,VCU,https://www.basketball-reference.com/players/h/hylanbo01.html,hylanbo01,2000,25,3
Bones McKinney,Bones McKinney,1947,1952,F-C,6-Jun,185,1/1/1919,1/1/1919,1919,33,UNC,https://www.basketball-reference.com/players/m/mckinbo01.html,mckinbo01,1919,33,5
Boniface N'Dong,Boniface N'Dong,2006,2006,C,Jul-00,198,3/9/1977,9/3/1977,1977,29,,https://www.basketball-reference.com/players/n/ndongbo01.html,ndongbo01,1977,29,0
Bonzi Wells,Bonzi Wells,1999,2008,G-F,5-Jun,210,9/28/1976,28/9/1976,1976,32,Ball State University,https://www.basketball-reference.com/players/w/wellsbo01.html,wellsbo01,1976,32,9
Bonzie Colson,Bonzie Colson,2019,2019,F,6-Jun,224,1/12/1996,12/1/1996,1996,23,Notre Dame,https://www.basketball-reference.com/players/c/colsobo01.html,colsobo01,1996,23,0
Boo Ellis,Boo Ellis,1959,1960,F,5-Jun,185,2/11/1936,11/2/1936,1936,24,Niagara University,https://www.basketball-reference.com/players/e/ellisbo01.html,ellisbo01,1936,24,1
Tyrone Corbin,Tyrone Corbin,1986,2001,G-F,6-Jun,210,12/31/1962,31/12/1962,1962,39,DePaul,https://www.basketball-reference.com/players/c/corbity01.html,corbity01,1962,39,15
Boris Nachamkin,Boris Nachamkin,1955,1955,F,6-Jun,210,12/6/1933,6/12/1933,1933,22,NYU,https://www.basketball-reference.com/players/n/nachabo01.html,nachabo01,1933,22,0
Bracey Wright,Bracey Wright,2006,2007,G,3-Jun,210,7/1/1984,1/7/1984,1984,23,Indiana,https://www.basketball-reference.com/players/w/wrighbr02.html,wrighbr02,1984,23,1
Brad Branson,Brad Branson,1982,1983,C-F,10-Jun,220,9/24/1958,24/9/1958,1958,25,SMU,https://www.basketball-reference.com/players/b/bransbr01.html,bransbr01,1958,25,1
Brad Daugherty,Brad Daugherty,1987,1994,C,Jul-00,245,10/19/1965,19/10/1965,1965,29,UNC,https://www.basketball-reference.com/players/d/daughbr01.html,daughbr01,1965,29,7
A.C. Green,A.C. Green,1986,2001,F-C,9-Jun,220,10/4/1963,4/10/1963,1963,38,Oregon State,https://www.basketball-reference.com/players/g/greenac01.html,greenac01,1963,38,15
Brad Holland,Brad Holland,1980,1982,G,3-Jun,180,12/6/1956,6/12/1956,1956,26,UCLA,https://www.basketball-reference.com/players/h/hollabr01.html,hollabr01,1956,26,2
Alonzo Mourning*,Alonzo Mourning,1993,2008,C-F,10-Jun,240,2/8/1970,8/2/1970,1970,38,Georgetown,https://www.basketball-reference.com/players/m/mournal01.html,mournal01,1970,38,15
Antawn Jamison,Antawn Jamison,1999,2014,F,9-Jun,223,6/12/1976,12/6/1976,1976,38,UNC,https://www.basketball-reference.com/players/j/jamisan01.html,jamisan01,1976,38,15
Brad Sellers,Brad Sellers,1987,1993,C-F,Jul-00,210,12/17/1962,17/12/1962,1962,31,"Wisconsin, Ohio State",https://www.basketball-reference.com/players/s/sellebr01.html,sellebr01,1962,31,6
Brad Wanamaker,Brad Wanamaker,2019,2022,G,3-Jun,210,7/25/1989,25/7/1989,1989,33,Pitt,https://www.basketball-reference.com/players/w/wanambr01.html,wanambr01,1989,33,3
Brad Wright,Brad Wright,1987,1988,F,11-Jun,225,3/26/1962,26/3/1962,1962,26,UCLA,https://www.basketball-reference.com/players/w/wrighbr01.html,wrighbr01,1962,26,1
Bradley Beal,Bradley Beal,2013,2025,G,4-Jun,207,6/28/1993,28/6/1993,1993,32,Florida,https://www.basketball-reference.com/players/b/bealbr01.html,bealbr01,1993,32,12
Brady Walker,Brady Walker,1949,1952,F-C,6-Jun,205,3/15/1921,15/3/1921,1921,31,BYU,https://www.basketball-reference.com/players/w/walkebr01.html,walkebr01,1921,31,3
Brandan Wright,Brandan Wright,2008,2018,F-C,10-Jun,210,10/5/1987,5/10/1987,1987,31,UNC,https://www.basketball-reference.com/players/w/wrighbr03.html,wrighbr03,1987,31,10
Branden Carlson,Branden Carlson,2025,2025,C,Jul-00,220,6/14/1999,14/6/1999,1999,26,Utah,https://www.basketball-reference.com/players/c/carlsbr01.html,carlsbr01,1999,26,0
Branden Dawson,Branden Dawson,2016,2016,F,6-Jun,225,2/1/1993,1/2/1993,1993,23,Michigan State,https://www.basketball-reference.com/players/d/dawsobr01.html,dawsobr01,1993,23,0
Brandin Knight,Brandin Knight,2005,2005,G,Jun-00,180,12/16/1981,16/12/1981,1981,24,Pitt,https://www.basketball-reference.com/players/k/knighbr02.html,knighbr02,1981,24,0
Brandin Podziemski,Brandin Podziemski,2024,2025,G,5-Jun,205,2/25/2003,25/2/2003,2003,22,"Illinois, Santa Clara",https://www.basketball-reference.com/players/p/podzibr01.html,podzibr01,2003,22,1
Brandon Armstrong,Brandon Armstrong,2002,2004,G,5-Jun,188,6/16/1980,16/6/1980,1980,24,Pepperdine,https://www.basketball-reference.com/players/a/armstbr01.html,armstbr01,1980,24,2
Brandon Bass,Brandon Bass,2006,2017,F,8-Jun,250,4/30/1985,30/4/1985,1985,32,LSU,https://www.basketball-reference.com/players/b/bassbr01.html,bassbr01,1985,32,11
Brandon Boston Jr.,Brandon Boston Jr.,2022,2025,G-F,7-Jun,185,11/28/2001,28/11/2001,2001,24,Kentucky,https://www.basketball-reference.com/players/b/bostobr01.html,bostobr01,2001,24,3
Brandon Clarke,Brandon Clarke,2020,2025,F,8-Jun,215,9/19/1996,19/9/1996,1996,29,"San Jose State, Gonzaga",https://www.basketball-reference.com/players/c/clarkbr01.html,clarkbr01,1996,29,5
Brandon Davies,Brandon Davies,2014,2015,F,10-Jun,240,7/25/1991,25/7/1991,1991,24,BYU,https://www.basketball-reference.com/players/d/daviebr01.html,daviebr01,1991,24,1
Brandon Goodwin,Brandon Goodwin,2019,2022,G,Jun-00,180,10/2/1995,2/10/1995,1995,27,"Central Florida, Florida Gulf Coast",https://www.basketball-reference.com/players/g/goodwbr01.html,goodwbr01,1995,27,3
Brandon Hunter,Brandon Hunter,2004,2005,F,7-Jun,260,11/24/1980,24/11/1980,1980,25,Ohio University,https://www.basketball-reference.com/players/h/huntebr01.html,huntebr01,1980,25,1
Brandon Ingram,Brandon Ingram,2017,2025,F,8-Jun,190,9/2/1997,2/9/1997,1997,28,Duke,https://www.basketball-reference.com/players/i/ingrabr01.html,ingrabr01,1997,28,8
Brandon Jennings,Brandon Jennings,2010,2018,G,1-Jun,170,9/23/1989,23/9/1989,1989,29,,https://www.basketball-reference.com/players/j/jennibr01.html,jennibr01,1989,29,8
Brandon Knight,Brandon Knight,2012,2022,G,2-Jun,182,12/2/1991,2/12/1991,1991,31,Kentucky,https://www.basketball-reference.com/players/k/knighbr03.html,knighbr03,1991,31,10
Brandon Miller,Brandon Miller,2024,2025,F-G,9-Jun,201,11/22/2002,22/11/2002,2002,23,Alabama,https://www.basketball-reference.com/players/m/millebr02.html,millebr02,2002,23,1
Brandon Paul,Brandon Paul,2018,2018,G,4-Jun,200,4/30/1991,30/4/1991,1991,27,Illinois,https://www.basketball-reference.com/players/p/paulbr01.html,paulbr01,1991,27,0
Brandon Roy,Brandon Roy,2007,2013,G,6-Jun,215,7/23/1984,23/7/1984,1984,29,Washington,https://www.basketball-reference.com/players/r/roybr01.html,roybr01,1984,29,6
Brandon Rush,Brandon Rush,2009,2017,G-F,6-Jun,220,7/7/1985,7/7/1985,1985,32,Kansas,https://www.basketball-reference.com/players/r/rushbr01.html,rushbr01,1985,32,8
Brandon Sampson,Brandon Sampson,2019,2019,G,5-Jun,184,5/1/1997,1/5/1997,1997,22,LSU,https://www.basketball-reference.com/players/s/sampsbr01.html,sampsbr01,1997,22,0
Brandon Williams,Brandon Williams,2022,2025,G,1-Jun,190,11/22/1999,22/11/1999,1999,26,Arizona,https://www.basketball-reference.com/players/w/willibr03.html,willibr03,1999,26,3
Brandon Williams,Brandon Williams,1998,2003,G,6-Jun,215,2/27/1975,27/2/1975,1975,28,Davidson,https://www.basketball-reference.com/players/w/willibr01.html,willibr01,1975,28,5
Brant Weidner,Brant Weidner,1984,1984,F,9-Jun,230,10/28/1960,28/10/1960,1960,24,William & Mary,https://www.basketball-reference.com/players/w/weidnbr01.html,weidnbr01,1960,24,0
Braxton Key,Braxton Key,2022,2024,F,8-Jun,230,2/14/1997,14/2/1997,1997,27,"Alabama, Virginia",https://www.basketball-reference.com/players/k/keybr01.html,keybr01,1997,27,2
Antonio Davis,Antonio Davis,1994,2006,F-C,9-Jun,215,10/31/1968,31/10/1968,1968,38,Texas-El Paso,https://www.basketball-reference.com/players/d/davisan01.html,davisan01,1968,38,12
Brendan McCann,Brendan McCann,1958,1960,G,2-Jun,178,7/5/1935,5/7/1935,1935,25,St. Bonaventure,https://www.basketball-reference.com/players/m/mccanbr01.html,mccanbr01,1935,25,2
Ben Wallace*,Ben Wallace,1997,2012,F-C,9-Jun,240,9/10/1974,10/9/1974,1974,38,"Cuyahoga Community College, Virginia Union University",https://www.basketball-reference.com/players/w/wallabe01.html,wallabe01,1974,38,15
Bill Cartwright,Bill Cartwright,1980,1995,C,1-Jul,245,7/30/1957,30/7/1957,1957,38,San Francisco,https://www.basketball-reference.com/players/c/cartwbi01.html,cartwbi01,1957,38,15
Brent Scott,Brent Scott,1997,1997,F-C,10-Jun,250,6/15/1971,15/6/1971,1971,26,Rice University,https://www.basketball-reference.com/players/s/scottbr01.html,scottbr01,1971,26,0
Brett Szabo,Brett Szabo,1997,1997,C,11-Jun,230,2/1/1968,1/2/1968,1968,29,Augustana College (SD),https://www.basketball-reference.com/players/s/szabobr01.html,szabobr01,1968,29,0
Brett Vroman,Brett Vroman,1981,1981,C,Jul-00,220,12/25/1955,25/12/1955,1955,26,"UCLA, UNLV",https://www.basketball-reference.com/players/v/vromabr01.html,vromabr01,1955,26,0
Brent Barry,Brent Barry,1996,2009,G,6-Jun,185,12/31/1971,31/12/1971,1971,38,Oregon State,https://www.basketball-reference.com/players/b/barrybr01.html,barrybr01,1971,38,13
Brian Bowen,Brian Bowen,2020,2021,F,6-Jun,190,10/2/1998,2/10/1998,1998,23,,https://www.basketball-reference.com/players/b/bowenbr02.html,bowenbr02,1998,23,1
Brian Brunkhorst,Brian Brunkhorst,1969,1969,F,6-Jun,208,6/12/1945,12/6/1945,1945,24,Marquette,https://www.basketball-reference.com/players/b/brunkbr01.html,brunkbr01,1945,24,0
Bruce Bowen,Bruce Bowen,1997,2009,F,7-Jun,185,6/14/1971,14/6/1971,1971,38,Cal State Fullerton,https://www.basketball-reference.com/players/b/bowenbr01.html,bowenbr01,1971,38,12
Brian Cook,Brian Cook,2004,2012,F,9-Jun,234,12/4/1980,4/12/1980,1980,32,Illinois,https://www.basketball-reference.com/players/c/cookbr01.html,cookbr01,1980,32,8
Brian Davis,Brian Davis,1994,1994,F-G,7-Jun,200,6/21/1970,21/6/1970,1970,24,Duke,https://www.basketball-reference.com/players/d/davisbr02.html,davisbr02,1970,24,0
Brian Evans,Brian Evans,1997,1999,F,8-Jun,220,9/13/1973,13/9/1973,1973,26,Indiana,https://www.basketball-reference.com/players/e/evansbr01.html,evansbr01,1973,26,2
Buck Williams,Buck Williams,1982,1998,F-C,8-Jun,215,3/8/1960,8/3/1960,1960,38,Maryland,https://www.basketball-reference.com/players/w/willibu01.html,willibu01,1960,38,16
Brian Heaney,Brian Heaney,1970,1970,G,2-Jun,180,9/3/1946,3/9/1946,1946,24,Acadia University,https://www.basketball-reference.com/players/h/heanebr01.html,heanebr01,1946,24,0
Brian Howard,Brian Howard,1992,1993,F,6-Jun,204,10/19/1967,19/10/1967,1967,26,NC State,https://www.basketball-reference.com/players/h/howarbr01.html,howarbr01,1967,26,1
Brian Mahoney,Brian Mahoney,1973,1973,G,3-Jun,175,12/17/1948,17/12/1948,1948,25,Manhattan College,https://www.basketball-reference.com/players/m/mahonbr01.html,mahonbr01,1948,25,0
Brian Martin,Brian Martin,1986,1986,F,9-Jun,212,8/18/1962,18/8/1962,1962,24,Kansas,https://www.basketball-reference.com/players/m/martibr01.html,martibr01,1962,24,0
Brian Oliver,Brian Oliver,1991,1998,G,4-Jun,210,6/1/1968,1/6/1968,1968,30,Georgia Tech,https://www.basketball-reference.com/players/o/olivebr01.html,olivebr01,1968,30,7
Brian Quinnett,Brian Quinnett,1990,1992,F,8-Jun,235,5/30/1966,30/5/1966,1966,26,Washington State,https://www.basketball-reference.com/players/q/quinnbr01.html,quinnbr01,1966,26,2
Brian Roberts,Brian Roberts,2013,2017,G,1-Jun,173,12/3/1985,3/12/1985,1985,32,Dayton,https://www.basketball-reference.com/players/r/roberbr01.html,roberbr01,1985,32,4
Brian Rowsom,Brian Rowsom,1988,1990,F,9-Jun,220,10/23/1965,23/10/1965,1965,25,UNC Wilmington,https://www.basketball-reference.com/players/r/rowsobr01.html,rowsobr01,1965,25,2
Carmelo Anthony,Carmelo Anthony,2004,2022,F,7-Jun,238,5/29/1984,29/5/1984,1984,38,Syracuse,https://www.basketball-reference.com/players/a/anthoca01.html,anthoca01,1984,38,18
Chauncey Billups*,Chauncey Billups,1998,2014,G,3-Jun,202,9/25/1976,25/9/1976,1976,38,Colorado,https://www.basketball-reference.com/players/b/billuch01.html,billuch01,1976,38,16
Chris Dudley,Chris Dudley,1988,2003,C,11-Jun,235,2/22/1965,22/2/1965,1965,38,Yale,https://www.basketball-reference.com/players/d/dudlech02.html,dudlech02,1965,38,15
Brian Taylor,Brian Taylor,1973,1982,G,2-Jun,185,6/9/1951,9/6/1951,1951,31,Princeton,https://www.basketball-reference.com/players/t/taylobr01.html,taylobr01,1951,31,9
Brian Winters,Brian Winters,1975,1983,G-F,4-Jun,185,3/1/1952,1/3/1952,1952,31,South Carolina,https://www.basketball-reference.com/players/w/wintebr01.html,wintebr01,1952,31,8
Briante Weber,Briante Weber,2016,2018,G,2-Jun,165,12/29/1992,29/12/1992,1992,26,VCU,https://www.basketball-reference.com/players/w/weberbr01.html,weberbr01,1992,26,2
Brice Johnson,Brice Johnson,2017,2018,F,10-Jun,230,6/27/1994,27/6/1994,1994,24,UNC,https://www.basketball-reference.com/players/j/johnsbr02.html,johnsbr02,1994,24,1
Brice Sensabaugh,Brice Sensabaugh,2024,2025,F,6-Jun,235,10/30/2003,30/10/2003,2003,22,Ohio State,https://www.basketball-reference.com/players/s/sensabr01.html,sensabr01,2003,22,1
Britton Johnsen,Britton Johnsen,2004,2005,F,10-Jun,210,7/8/1979,8/7/1979,1979,26,Utah,https://www.basketball-reference.com/players/j/johnsbr01.html,johnsbr01,1979,26,1
Brodric Thomas,Brodric Thomas,2021,2022,G,5-Jun,185,1/28/1997,28/1/1997,1997,25,Truman State University,https://www.basketball-reference.com/players/t/thomabr01.html,thomabr01,1997,25,1
Bronny James,Bronny James,2025,2025,G,2-Jun,210,10/6/2004,6/10/2004,2004,21,USC,https://www.basketball-reference.com/players/j/jamesbr02.html,jamesbr02,2004,21,0
Chris Mullin*,Chris Mullin,1986,2001,F-G,7-Jun,215,7/30/1963,30/7/1963,1963,38,St. John's,https://www.basketball-reference.com/players/m/mullich01.html,mullich01,1963,38,15
Brook Steppe,Brook Steppe,1983,1989,G-F,5-Jun,195,11/7/1959,7/11/1959,1959,30,Georgia Tech,https://www.basketball-reference.com/players/s/steppbr01.html,steppbr01,1959,30,6
Brooks Thompson,Brooks Thompson,1995,1998,G,4-Jun,193,7/19/1970,19/7/1970,1970,28,"Texas A&M, Oklahoma State",https://www.basketball-reference.com/players/t/thompbr01.html,thompbr01,1970,28,3
Dale Davis,Dale Davis,1992,2007,F-C,11-Jun,230,3/25/1969,25/3/1969,1969,38,Clemson,https://www.basketball-reference.com/players/d/davisda01.html,davisda01,1969,38,15
Bruce Brown,Bruce Brown,2019,2025,G-F,4-Jun,202,8/15/1996,15/8/1996,1996,29,Miami (FL),https://www.basketball-reference.com/players/b/brownbr01.html,brownbr01,1996,29,6
Bruce Douglas,Bruce Douglas,1987,1987,G,3-Jun,195,4/9/1964,9/4/1964,1964,23,Illinois,https://www.basketball-reference.com/players/d/douglbr01.html,douglbr01,1964,23,0
Bruce Flowers,Bruce Flowers,1983,1983,F,8-Jun,225,6/13/1957,13/6/1957,1957,26,Notre Dame,https://www.basketball-reference.com/players/f/flowebr01.html,flowebr01,1957,26,0
Bruce Hale,Bruce Hale,1949,1951,G-F,1-Jun,170,8/30/1918,30/8/1918,1918,33,Santa Clara,https://www.basketball-reference.com/players/h/halebr01.html,halebr01,1918,33,2
Bruce Kuczenski,Bruce Kuczenski,1984,1984,F,10-Jun,230,2/3/1961,3/2/1961,1961,23,UConn,https://www.basketball-reference.com/players/k/kuczebr01.html,kuczebr01,1961,23,0
Bruce Seals,Bruce Seals,1974,1978,F,8-Jun,210,6/18/1953,18/6/1953,1953,25,Xavier University of Louisiana,https://www.basketball-reference.com/players/s/sealsbr01.html,sealsbr01,1953,25,4
Bruce Spraggins,Bruce Spraggins,1968,1968,F,5-Jun,188,8/31/1939,31/8/1939,1939,29,Virginia Union University,https://www.basketball-reference.com/players/s/spragbr01.html,spragbr01,1939,29,0
Bruno Šundov,Bruno Šundov,1999,2005,C,2-Jul,220,2/10/1980,10/2/1980,1980,25,,https://www.basketball-reference.com/players/s/sundobr01.html,sundobr01,1980,25,6
Bruno Caboclo,Bruno Caboclo,2015,2021,F-C,9-Jun,218,9/21/1995,21/9/1995,1995,26,,https://www.basketball-reference.com/players/c/cabocbr01.html,cabocbr01,1995,26,6
Bruno Fernando,Bruno Fernando,2020,2025,F,9-Jun,240,8/15/1998,15/8/1998,1998,27,Maryland,https://www.basketball-reference.com/players/f/fernabr01.html,fernabr01,1998,27,5
Bryan Warrick,Bryan Warrick,1983,1986,G,5-Jun,195,7/22/1959,22/7/1959,1959,27,Saint Joseph's,https://www.basketball-reference.com/players/w/warribr01.html,warribr01,1959,27,3
Bryant Reeves,Bryant Reeves,1996,2001,C,Jul-00,275,6/8/1973,8/6/1973,1973,28,Oklahoma State,https://www.basketball-reference.com/players/r/reevebr01.html,reevebr01,1973,28,5
Bryant Stith,Bryant Stith,1993,2002,G,5-Jun,208,12/10/1970,10/12/1970,1970,32,Virginia,https://www.basketball-reference.com/players/s/stithbr01.html,stithbr01,1970,32,9
Bryce Cotton,Bryce Cotton,2015,2016,G,1-Jun,165,8/11/1992,11/8/1992,1992,24,Providence,https://www.basketball-reference.com/players/c/cottobr01.html,cottobr01,1992,24,1
Bryce Dejean-Jones,Bryce Dejean-Jones,2016,2016,G,6-Jun,209,8/21/1992,21/8/1992,1992,24,"USC, UNLV, Iowa State",https://www.basketball-reference.com/players/d/dejeabr01.html,dejeabr01,1992,24,0
Bryce Drew,Bryce Drew,1999,2004,G,2-Jun,185,9/21/1974,21/9/1974,1974,30,Valparaiso,https://www.basketball-reference.com/players/d/drewbr01.html,drewbr01,1974,30,5
Bryce McGowens,Bryce McGowens,2023,2025,G-F,7-Jun,179,11/8/2002,8/11/2002,2002,23,Nebraska,https://www.basketball-reference.com/players/m/mcgowbr01.html,mcgowbr01,2002,23,2
Bryn Forbes,Bryn Forbes,2017,2023,G,2-Jun,205,7/23/1993,23/7/1993,1993,30,Michigan State,https://www.basketball-reference.com/players/f/forbebr01.html,forbebr01,1993,30,6
Damien Wilkins,Damien Wilkins,2005,2018,F-G,6-Jun,225,1/11/1980,11/1/1980,1980,38,"NC State, Georgia",https://www.basketball-reference.com/players/w/wilkida02.html,wilkida02,1980,38,13
Bubba Wells,Bubba Wells,1998,1998,F,5-Jun,230,7/26/1974,26/7/1974,1974,24,Austin Peay State University,https://www.basketball-reference.com/players/w/wellsbu01.html,wellsbu01,1974,24,0
Bubba Wilson,Bubba Wilson,1980,1980,G,3-Jun,175,8/7/1955,7/8/1955,1955,25,Western Carolina University,https://www.basketball-reference.com/players/w/wilsobu01.html,wilsobu01,1955,25,0
Bubbles Hawkins,Bubbles Hawkins,1976,1979,G,4-Jun,190,6/30/1954,30/6/1954,1954,25,Illinois State,https://www.basketball-reference.com/players/h/hawkiro01.html,hawkiro01,1954,25,3
Buck Johnson,Buck Johnson,1987,1993,F,7-Jun,190,1/3/1964,3/1/1964,1964,29,Alabama,https://www.basketball-reference.com/players/j/johnsbu01.html,johnsbu01,1964,29,6
Buck Sydnor,Buck Sydnor,1947,1947,G,10-May,175,9/19/1921,19/9/1921,1921,26,Western Kentucky,https://www.basketball-reference.com/players/s/sydnobu01.html,sydnobu01,1921,26,0
David Robinson*,David Robinson,1990,2003,C,1-Jul,235,8/6/1965,6/8/1965,1965,38,United States Naval Academy,https://www.basketball-reference.com/players/r/robinda01.html,robinda01,1965,38,13
Bucky Bockhorn,Bucky Bockhorn,1959,1965,G,4-Jun,200,7/8/1933,8/7/1933,1933,32,Dayton,https://www.basketball-reference.com/players/b/bockhbu01.html,bockhbu01,1933,32,6
Bucky McConnell,Bucky McConnell,1953,1953,G,10-May,170,7/1/1928,1/7/1928,1928,25,,https://www.basketball-reference.com/players/m/mcconbu01.html,mcconbu01,1928,25,0
Bud Acton,Bud Acton,1968,1968,F,6-Jun,210,1/11/1942,11/1/1942,1942,26,Hillsdale College,https://www.basketball-reference.com/players/a/actonbu01.html,actonbu01,1942,26,0
Bud Grant,Bud Grant,1950,1951,F,3-Jun,195,5/20/1927,20/5/1927,1927,24,Minnesota,https://www.basketball-reference.com/players/g/grantbu01.html,grantbu01,1927,24,1
Bud Koper,Bud Koper,1965,1965,G,6-Jun,210,8/9/1942,9/8/1942,1942,23,Oklahoma City University,https://www.basketball-reference.com/players/k/koperbu01.html,koperbu01,1942,23,0
Bud Ogden,Bud Ogden,1970,1971,F,6-Jun,215,12/29/1946,29/12/1946,1946,25,Santa Clara,https://www.basketball-reference.com/players/o/ogdenbu01.html,ogdenbu01,1946,25,1
Bud Olsen,Bud Olsen,1963,1970,F-C,8-Jun,220,7/25/1940,25/7/1940,1940,30,Louisville,https://www.basketball-reference.com/players/o/olsenbu01.html,olsenbu01,1940,30,7
Bud Palmer,Bud Palmer,1947,1949,F-C,4-Jun,180,9/14/1921,14/9/1921,1921,28,Princeton,https://www.basketball-reference.com/players/p/palmebu01.html,palmebu01,1921,28,2
Bud Stallworth,Bud Stallworth,1973,1977,F-G,5-Jun,190,1/18/1950,18/1/1950,1950,27,Kansas,https://www.basketball-reference.com/players/s/stallbu01.html,stallbu01,1950,27,4
Buddy Boeheim,Buddy Boeheim,2023,2024,G,6-Jun,205,11/11/1999,11/11/1999,1999,25,Syracuse,https://www.basketball-reference.com/players/b/boehebu01.html,boehebu01,1999,25,1
Buddy Hield,Buddy Hield,2017,2025,G-F,4-Jun,220,12/17/1992,17/12/1992,1992,33,Oklahoma,https://www.basketball-reference.com/players/h/hieldbu01.html,hieldbu01,1992,33,8
Buddy Jeannette*,Buddy Jeannette,1948,1950,G,11-May,175,9/15/1917,15/9/1917,1917,33,Washington & Jefferson College,https://www.basketball-reference.com/players/j/jeannbu01.html,jeannbu01,1917,33,2
Buddy O'Grady,Buddy O'Grady,1947,1949,G,11-May,160,1/19/1920,19/1/1920,1920,29,Georgetown,https://www.basketball-reference.com/players/o/ogradbu01.html,ogradbu01,1920,29,2
Bulbs Ehlers,Bulbs Ehlers,1948,1949,F-G,3-Jun,198,3/10/1923,10/3/1923,1923,26,Purdue,https://www.basketball-reference.com/players/e/ehlerbu01.html,ehlerbu01,1923,26,1
Butch Beard,Butch Beard,1970,1979,G,3-Jun,185,5/4/1947,4/5/1947,1947,32,Louisville,https://www.basketball-reference.com/players/b/beardbu01.html,beardbu01,1947,32,9
Butch Booker,Butch Booker,1970,1970,C,10-Jun,230,7/20/1945,20/7/1945,1945,25,Cheyney (PA),https://www.basketball-reference.com/players/b/bookebu01.html,bookebu01,1945,25,0
Butch Carter,Butch Carter,1981,1986,G,5-Jun,180,6/11/1958,11/6/1958,1958,28,Indiana,https://www.basketball-reference.com/players/c/cartebu01.html,cartebu01,1958,28,5
Butch Feher,Butch Feher,1977,1977,G,4-Jun,185,5/19/1954,19/5/1954,1954,23,Vanderbilt,https://www.basketball-reference.com/players/f/feherbu01.html,feherbu01,1954,23,0
Butch Graves,Butch Graves,1985,1985,G,3-Jun,200,1/5/1962,5/1/1962,1962,23,Yale,https://www.basketball-reference.com/players/g/gravebu01.html,gravebu01,1962,23,0
Butch Joyner,Butch Joyner,1969,1969,F,5-Jun,200,4/26/1945,26/4/1945,1945,24,Indiana,https://www.basketball-reference.com/players/j/joynebu01.html,joynebu01,1945,24,0
Butch Lee,Butch Lee,1979,1980,G,Jun-00,185,12/5/1956,5/12/1956,1956,24,Marquette,https://www.basketball-reference.com/players/l/leebu01.html,leebu01,1956,24,1
Butch van Breda Kolff,Butch van Breda Kolff,1947,1950,G-F,3-Jun,185,10/28/1922,28/10/1922,1922,28,NYU,https://www.basketball-reference.com/players/v/vanbrbu01.html,vanbrbu01,1922,28,3
Byron Beck,Byron Beck,1968,1977,C-F,9-Jun,225,1/25/1945,25/1/1945,1945,32,"Columbia Basin College, Denver",https://www.basketball-reference.com/players/b/beckby01.html,beckby01,1945,32,9
Byron Dinkins,Byron Dinkins,1990,1991,G,1-Jun,170,6/15/1967,15/6/1967,1967,24,UNC Charlotte,https://www.basketball-reference.com/players/d/dinkiby01.html,dinkiby01,1967,24,1
Byron Houston,Byron Houston,1993,1996,F,5-Jun,250,11/22/1969,22/11/1969,1969,27,Oklahoma State,https://www.basketball-reference.com/players/h/houstby01.html,houstby01,1969,27,3
Byron Irvin,Byron Irvin,1990,1993,G,5-Jun,190,12/2/1966,2/12/1966,1966,27,"Arkansas, Missouri",https://www.basketball-reference.com/players/i/irvinby01.html,irvinby01,1966,27,3
Byron Mullens,Byron Mullens,2010,2014,C-F,Jul-00,275,2/14/1989,14/2/1989,1989,25,Ohio State,https://www.basketball-reference.com/players/m/mulleby01.html,mulleby01,1989,25,4
David West,David West,2004,2018,F-C,9-Jun,250,8/29/1980,29/8/1980,1980,38,Xavier,https://www.basketball-reference.com/players/w/westda01.html,westda01,1980,38,14
C.J. Kupec,C.J. Kupec,1976,1978,F-C,6-Jun,220,1/26/1953,26/1/1953,1953,25,Michigan,https://www.basketball-reference.com/players/k/kupeccj01.html,kupeccj01,1953,25,2
David Wingate,David Wingate,1987,2001,G-F,5-Jun,185,12/15/1963,15/12/1963,1963,38,Georgetown,https://www.basketball-reference.com/players/w/wingada01.html,wingada01,1963,38,14
C.J. Watson,C.J. Watson,2008,2017,G,2-Jun,175,4/17/1984,17/4/1984,1984,33,Tennessee,https://www.basketball-reference.com/players/w/watsocj01.html,watsocj01,1984,33,9
C.J. Wilcox,C.J. Wilcox,2015,2017,G,5-Jun,195,12/30/1990,30/12/1990,1990,27,Washington,https://www.basketball-reference.com/players/w/wilcocj01.html,wilcocj01,1990,27,2
C.J. Williams,C.J. Williams,2018,2019,G,5-Jun,226,2/6/1990,6/2/1990,1990,29,NC State,https://www.basketball-reference.com/players/w/willicj01.html,willicj01,1990,29,1
Cade Cunningham,Cade Cunningham,2022,2025,G,6-Jun,220,9/25/2001,25/9/2001,2001,24,Oklahoma State,https://www.basketball-reference.com/players/c/cunnica01.html,cunnica01,2001,24,3
Cal Bowdler,Cal Bowdler,2000,2002,F,10-Jun,245,3/31/1977,31/3/1977,1977,25,Old Dominion,https://www.basketball-reference.com/players/b/bowdlca01.html,bowdlca01,1977,25,2
Cal Christensen,Cal Christensen,1951,1955,F-C,5-Jun,210,6/6/1927,6/6/1927,1927,28,Toledo,https://www.basketball-reference.com/players/c/chrisca01.html,chrisca01,1927,28,4
Cal Ramsey,Cal Ramsey,1960,1961,F,4-Jun,200,7/13/1937,13/7/1937,1937,24,NYU,https://www.basketball-reference.com/players/r/ramseca01.html,ramseca01,1937,24,1
Dell Curry,Dell Curry,1987,2002,G,4-Jun,190,6/25/1964,25/6/1964,1964,38,Virginia Tech,https://www.basketball-reference.com/players/c/curryde01.html,curryde01,1964,38,15
Derek Harper,Derek Harper,1984,1999,G,4-Jun,185,10/13/1961,13/10/1961,1961,38,Illinois,https://www.basketball-reference.com/players/h/harpede01.html,harpede01,1961,38,15
Caleb Houstan,Caleb Houstan,2023,2025,G-F,8-Jun,205,1/9/2003,9/1/2003,2003,22,Michigan,https://www.basketball-reference.com/players/h/houstca01.html,houstca01,2003,22,2
Caleb Martin,Caleb Martin,2020,2025,F,5-Jun,205,9/28/1995,28/9/1995,1995,30,"NC State, Nevada",https://www.basketball-reference.com/players/m/martica02.html,martica02,1995,30,5
Caleb Swanigan,Caleb Swanigan,2018,2020,F,9-Jun,260,4/18/1997,18/4/1997,1997,23,Purdue,https://www.basketball-reference.com/players/s/swanica01.html,swanica01,1997,23,2
Calvin Booth,Calvin Booth,2000,2009,C,11-Jun,230,5/7/1976,7/5/1976,1976,33,Penn State,https://www.basketball-reference.com/players/b/boothca01.html,boothca01,1976,33,9
Calvin Fowler,Calvin Fowler,1970,1970,G,Jun-00,175,2/11/1940,11/2/1940,1940,30,Saint Francis University,https://www.basketball-reference.com/players/f/fowleca01.html,fowleca01,1940,30,0
Calvin Garrett,Calvin Garrett,1981,1984,F,7-Jun,190,7/11/1956,11/7/1956,1956,28,"Austin Peay State University, Oral Roberts",https://www.basketball-reference.com/players/g/garreca01.html,garreca01,1956,28,3
Calvin Graham,Calvin Graham,1968,1968,G,2-Jun,195,6/7/1944,7/6/1944,1944,24,Gannon University,https://www.basketball-reference.com/players/g/grahaca01.html,grahaca01,1944,24,0
Derrick Coleman,Derrick Coleman,1991,2005,F-C,10-Jun,230,6/21/1967,21/6/1967,1967,38,Syracuse,https://www.basketball-reference.com/players/c/colemde01.html,colemde01,1967,38,14
Calvin Natt,Calvin Natt,1980,1990,F,6-Jun,220,1/8/1957,8/1/1957,1957,33,Louisiana-Monroe,https://www.basketball-reference.com/players/n/nattca01.html,nattca01,1957,33,10
Cam Christie,Cam Christie,2025,2025,G,5-Jun,190,7/24/2005,24/7/2005,2005,20,Minnesota,https://www.basketball-reference.com/players/c/chrisca02.html,chrisca02,2005,20,0
Cam Reddish,Cam Reddish,2020,2025,F,8-Jun,218,9/1/1999,1/9/1999,1999,26,Duke,https://www.basketball-reference.com/players/r/reddica01.html,reddica01,1999,26,5
Cam Spencer,Cam Spencer,2025,2025,G,3-Jun,205,4/6/2000,6/4/2000,2000,25,"Loyola (MD), Rutgers University, UConn",https://www.basketball-reference.com/players/s/spencca01.html,spencca01,2000,25,0
Cam Thomas,Cam Thomas,2022,2025,G,4-Jun,210,10/13/2001,13/10/2001,2001,24,LSU,https://www.basketball-reference.com/players/t/thomaca02.html,thomaca02,2001,24,3
Cam Whitmore,Cam Whitmore,2024,2025,F,7-Jun,232,7/8/2004,8/7/2004,2004,21,Villanova,https://www.basketball-reference.com/players/w/whitmca01.html,whitmca01,2004,21,1
Cameron Bairstow,Cameron Bairstow,2015,2016,F-C,9-Jun,250,12/7/1990,7/12/1990,1990,26,New Mexico,https://www.basketball-reference.com/players/b/bairsca01.html,bairsca01,1990,26,1
Cameron Johnson,Cameron Johnson,2020,2025,F,8-Jun,210,3/3/1996,3/3/1996,1996,29,"Pitt, UNC",https://www.basketball-reference.com/players/j/johnsca02.html,johnsca02,1996,29,5
Cameron McGriff,Cameron McGriff,2022,2022,F,7-Jun,230,9/30/1997,30/9/1997,1997,25,Oklahoma State,https://www.basketball-reference.com/players/m/mcgrica01.html,mcgrica01,1997,25,0
Cameron Oliver,Cameron Oliver,2021,2022,F,8-Jun,239,7/11/1996,11/7/1996,1996,26,Nevada,https://www.basketball-reference.com/players/o/oliveca01.html,oliveca01,1996,26,1
Cameron Payne,Cameron Payne,2016,2025,G,3-Jun,183,8/8/1994,8/8/1994,1994,31,Murray State,https://www.basketball-reference.com/players/p/payneca01.html,payneca01,1994,31,9
Cameron Reynolds,Cameron Reynolds,2019,2021,G,7-Jun,225,2/7/1995,7/2/1995,1995,26,Tulane,https://www.basketball-reference.com/players/r/reynoca01.html,reynoca01,1995,26,2
Campy Russell,Campy Russell,1975,1985,F,8-Jun,215,1/12/1952,12/1/1952,1952,33,Michigan,https://www.basketball-reference.com/players/r/russeca02.html,russeca02,1952,33,10
Carey Scurry,Carey Scurry,1986,1988,F,7-Jun,188,12/4/1962,4/12/1962,1962,26,Long Island University,https://www.basketball-reference.com/players/s/scurrca01.html,scurrca01,1962,26,2
Caris LeVert,Caris LeVert,2017,2025,G-F,6-Jun,205,8/25/1994,25/8/1994,1994,31,Michigan,https://www.basketball-reference.com/players/l/leverca01.html,leverca01,1994,31,8
Carl Bailey,Carl Bailey,1982,1982,C,Jul-00,210,4/23/1958,23/4/1958,1958,24,Tuskegee University,https://www.basketball-reference.com/players/b/baileca01.html,baileca01,1958,24,0
Detlef Schrempf,Detlef Schrempf,1986,2001,F-C,10-Jun,235,1/21/1963,21/1/1963,1963,38,Washington,https://www.basketball-reference.com/players/s/schrede01.html,schrede01,1963,38,15
Carl Fuller,Carl Fuller,1971,1972,C,9-Jun,225,1/10/1946,10/1/1946,1946,26,Bethune-Cookman College,https://www.basketball-reference.com/players/f/fulleca01.html,fulleca01,1946,26,1
Carl Henry,Carl Henry,1986,1986,G,6-Jun,205,8/16/1960,16/8/1960,1960,26,"Oklahoma City University, Kansas",https://www.basketball-reference.com/players/h/henryca01.html,henryca01,1960,26,0
Carl Herrera,Carl Herrera,1992,1999,F,9-Jun,215,12/14/1966,14/12/1966,1966,33,"Jacksonville College, Houston",https://www.basketball-reference.com/players/h/herreca01.html,herreca01,1966,33,7
Carl Kilpatrick,Carl Kilpatrick,1980,1980,C,10-Jun,230,5/16/1956,16/5/1956,1956,24,Louisiana-Monroe,https://www.basketball-reference.com/players/k/kilpaca01.html,kilpaca01,1956,24,0
Carl Landry,Carl Landry,2008,2016,F,9-Jun,248,9/19/1983,19/9/1983,1983,33,"Vincennes University, Purdue",https://www.basketball-reference.com/players/l/landrca01.html,landrca01,1983,33,8
Carl McNulty,Carl McNulty,1955,1955,G,3-Jun,185,2/14/1930,14/2/1930,1930,25,Purdue,https://www.basketball-reference.com/players/m/mcnulca01.html,mcnulca01,1930,25,0
Carl Meinhold,Carl Meinhold,1948,1949,G-F,2-Jun,185,3/29/1926,29/3/1926,1926,23,Long Island University,https://www.basketball-reference.com/players/m/meinhca01.html,meinhca01,1926,23,1
Carl Nicks,Carl Nicks,1981,1983,G,1-Jun,175,10/6/1958,6/10/1958,1958,25,Indiana State University,https://www.basketball-reference.com/players/n/nicksca01.html,nicksca01,1958,25,2
Carl Shaeffer,Carl Shaeffer,1950,1951,F-G,3-Jun,185,10/25/1924,25/10/1924,1924,27,Alabama,https://www.basketball-reference.com/players/s/shaefca01.html,shaefca01,1924,27,1
Carl Thomas,Carl Thomas,1992,1998,G,4-Jun,175,10/3/1969,3/10/1969,1969,29,Eastern Michigan,https://www.basketball-reference.com/players/t/thomaca01.html,thomaca01,1969,29,6
Carldell Johnson,Carldell Johnson,2012,2012,G,10-May,180,1/28/1983,28/1/1983,1983,29,UAB,https://www.basketball-reference.com/players/j/johnsca01.html,johnsca01,1983,29,0
Carlik Jones,Carlik Jones,2022,2023,G,1-Jun,185,12/23/1997,23/12/1997,1997,26,"Radford, Louisville",https://www.basketball-reference.com/players/j/jonesca03.html,jonesca03,1997,26,1
Carlos Arroyo,Carlos Arroyo,2002,2011,G,2-Jun,202,7/30/1979,30/7/1979,1979,32,Florida International University,https://www.basketball-reference.com/players/a/arroyca01.html,arroyca01,1979,32,9
Dick Barnett*,Dick Barnett,1960,1974,G-F,4-Jun,190,10/2/1936,2/10/1936,1936,38,Tennessee State,https://www.basketball-reference.com/players/b/barnedi01.html,barnedi01,1936,38,14
Carlos Clark,Carlos Clark,1984,1985,G,4-Jun,210,8/10/1960,10/8/1960,1960,25,Ole Miss,https://www.basketball-reference.com/players/c/clarkca01.html,clarkca01,1960,25,1
Carlos Delfino,Carlos Delfino,2005,2013,G,6-Jun,230,8/29/1982,29/8/1982,1982,31,,https://www.basketball-reference.com/players/d/delfica01.html,delfica01,1982,31,8
Carlos Rogers,Carlos Rogers,1995,2002,C-F,11-Jun,220,2/6/1971,6/2/1971,1971,31,"Little Rock, Tennessee State",https://www.basketball-reference.com/players/r/rogerca01.html,rogerca01,1971,31,7
Carlos Terry,Carlos Terry,1981,1983,G-F,5-Jun,210,6/22/1956,22/6/1956,1956,27,Winston-Salem State,https://www.basketball-reference.com/players/t/terryca01.html,terryca01,1956,27,2
Carlton Carrington,Carlton Carrington,2025,2025,G,4-Jun,190,7/21/2005,21/7/2005,2005,20,Pitt,https://www.basketball-reference.com/players/c/carrica01.html,carrica01,2005,20,0
Carlton McKinney,Carlton McKinney,1990,1992,G,4-Jun,190,10/21/1964,21/10/1964,1964,28,"Tulsa, SMU",https://www.basketball-reference.com/players/m/mckinca01.html,mckinca01,1964,28,2
Elgin Baylor*,Elgin Baylor,1959,1972,F,5-Jun,225,9/16/1934,16/9/1934,1934,38,"College of Idaho, Seattle University",https://www.basketball-reference.com/players/b/bayloel01.html,bayloel01,1934,38,13
Eric Piatkowski,Eric Piatkowski,1995,2008,G-F,7-Jun,215,9/30/1970,30/9/1970,1970,38,Nebraska,https://www.basketball-reference.com/players/p/piatker01.html,piatker01,1970,38,13
Carrick Felix,Carrick Felix,2014,2014,G,6-Jun,201,8/17/1990,17/8/1990,1990,24,Arizona State,https://www.basketball-reference.com/players/f/felixca01.html,felixca01,1990,24,0
Carroll Hooser,Carroll Hooser,1968,1968,F,7-Jun,230,3/5/1944,5/3/1944,1944,24,SMU,https://www.basketball-reference.com/players/h/hooseca01.html,hooseca01,1944,24,0
Carsen Edwards,Carsen Edwards,2020,2022,G,11-May,200,3/12/1998,12/3/1998,1998,24,Purdue,https://www.basketball-reference.com/players/e/edwarca01.html,edwarca01,1998,24,2
Cartier Martin,Cartier Martin,2009,2015,F,7-Jun,220,11/20/1984,20/11/1984,1984,31,Kansas State,https://www.basketball-reference.com/players/m/martica01.html,martica01,1984,31,6
Casey Jacobsen,Casey Jacobsen,2003,2008,G-F,6-Jun,215,3/19/1981,19/3/1981,1981,27,Stanford,https://www.basketball-reference.com/players/j/jacobca01.html,jacobca01,1981,27,5
Casey Shaw,Casey Shaw,1999,1999,C,11-Jun,260,7/20/1975,20/7/1975,1975,24,Toledo,https://www.basketball-reference.com/players/s/shawca01.html,shawca01,1975,24,0
Cason Wallace,Cason Wallace,2024,2025,G,4-Jun,205,11/7/2003,7/11/2003,2003,22,Kentucky,https://www.basketball-reference.com/players/w/wallaca01.html,wallaca01,2003,22,1
Casper Ware,Casper Ware,2014,2014,G,10-May,175,1/17/1990,17/1/1990,1990,24,Cal State Long Beach,https://www.basketball-reference.com/players/w/wareca01.html,wareca01,1990,24,0
Cassius Stanley,Cassius Stanley,2021,2022,G,5-Jun,190,8/18/1999,18/8/1999,1999,23,Duke,https://www.basketball-reference.com/players/s/stanlca01.html,stanlca01,1999,23,1
Cassius Winston,Cassius Winston,2021,2022,G,1-Jun,185,2/28/1998,28/2/1998,1998,24,Michigan State,https://www.basketball-reference.com/players/w/winstca01.html,winstca01,1998,24,1
Cat Barber,Cat Barber,2022,2022,G,2-Jun,190,7/25/1994,25/7/1994,1994,28,NC State,https://www.basketball-reference.com/players/b/barbeca01.html,barbeca01,1994,28,0
Frank Brickowski,Frank Brickowski,1985,1997,F-C,9-Jun,240,8/14/1959,14/8/1959,1959,38,Penn State,https://www.basketball-reference.com/players/b/brickfr01.html,brickfr01,1959,38,12
Cecil Hankins,Cecil Hankins,1947,1948,G,1-Jun,175,1/6/1922,6/1/1922,1922,26,Oklahoma State,https://www.basketball-reference.com/players/h/hankice01.html,hankice01,1922,26,1
Cedi Osman,Cedi Osman,2018,2024,F,7-Jun,230,4/8/1995,8/4/1995,1995,29,,https://www.basketball-reference.com/players/o/osmande01.html,osmande01,1995,29,6
Cedric Ball,Cedric Ball,1991,1991,F,8-Jun,210,4/16/1968,16/4/1968,1968,23,UNC Charlotte,https://www.basketball-reference.com/players/b/ballce01.html,ballce01,1968,23,0
Cedric Bozeman,Cedric Bozeman,2007,2007,G,6-Jun,207,3/7/1983,7/3/1983,1983,24,UCLA,https://www.basketball-reference.com/players/b/bozemce01.html,bozemce01,1983,24,0
Cedric Ceballos,Cedric Ceballos,1991,2001,F,7-Jun,220,8/2/1969,2/8/1969,1969,32,Cal State Fullerton,https://www.basketball-reference.com/players/c/cebalce01.html,cebalce01,1969,32,10
Cedric Henderson,Cedric Henderson,1987,1987,F,8-Jun,210,10/3/1965,3/10/1965,1965,22,Georgia,https://www.basketball-reference.com/players/h/hendece01.html,hendece01,1965,22,0
Cedric Henderson,Cedric Henderson,1998,2002,F,7-Jun,215,3/11/1975,11/3/1975,1975,27,Memphis,https://www.basketball-reference.com/players/h/hendece02.html,hendece02,1975,27,4
Cedric Hunter,Cedric Hunter,1992,1992,G,Jun-00,180,1/16/1965,16/1/1965,1965,27,Kansas,https://www.basketball-reference.com/players/h/huntece01.html,huntece01,1965,27,0
Cedric Jackson,Cedric Jackson,2010,2010,G,3-Jun,191,3/5/1986,5/3/1986,1986,24,"St. John's, Cleveland State University",https://www.basketball-reference.com/players/j/jacksce01.html,jacksce01,1986,24,0
Cedric Lewis,Cedric Lewis,1996,1996,F-C,10-Jun,235,9/24/1969,24/9/1969,1969,27,Maryland,https://www.basketball-reference.com/players/l/lewisce01.html,lewisce01,1969,27,0
Cedric Maxwell,Cedric Maxwell,1978,1988,F,8-Jun,205,11/21/1955,21/11/1955,1955,33,UNC Charlotte,https://www.basketball-reference.com/players/m/maxwece01.html,maxwece01,1955,33,10
Cedric Simmons,Cedric Simmons,2007,2009,F,9-Jun,235,1/3/1986,3/1/1986,1986,23,NC State,https://www.basketball-reference.com/players/s/simmoce01.html,simmoce01,1986,23,2
Cedrick Hordges,Cedrick Hordges,1981,1982,F-C,8-Jun,220,1/8/1957,8/1/1957,1957,25,"Auburn, South Carolina",https://www.basketball-reference.com/players/h/hordgce01.html,hordgce01,1957,25,1
Cezary Trybański,Cezary Trybański,2003,2004,C,2-Jul,240,9/22/1979,22/9/1979,1979,25,,https://www.basketball-reference.com/players/t/trybace01.html,trybace01,1979,25,1
Chad Gallagher,Chad Gallagher,1994,1994,C,10-Jun,255,5/30/1969,30/5/1969,1969,25,Creighton,https://www.basketball-reference.com/players/g/gallach01.html,gallach01,1969,25,0
Chad Kinch,Chad Kinch,1981,1981,G,4-Jun,190,5/22/1958,22/5/1958,1958,23,UNC Charlotte,https://www.basketball-reference.com/players/k/kinchch01.html,kinchch01,1958,23,0
Chance Comanche,Chance Comanche,2023,2023,F-C,10-Jun,210,4/14/1996,14/4/1996,1996,27,Arizona,https://www.basketball-reference.com/players/c/comanch01.html,comanch01,1996,27,0
Chandler Hutchison,Chandler Hutchison,2019,2022,G,6-Jun,210,4/26/1996,26/4/1996,1996,26,Boise State,https://www.basketball-reference.com/players/h/hutchch01.html,hutchch01,1996,26,3
Chandler Parsons,Chandler Parsons,2012,2020,F,9-Jun,230,10/25/1988,25/10/1988,1988,32,Florida,https://www.basketball-reference.com/players/p/parsoch01.html,parsoch01,1988,32,8
George Johnson,George Johnson,1973,1986,C-F,11-Jun,205,12/18/1948,18/12/1948,1948,38,Dillard University,https://www.basketball-reference.com/players/j/johnsge02.html,johnsge02,1948,38,13
James Donaldson,James Donaldson,1981,1995,C,2-Jul,275,8/16/1957,16/8/1957,1957,38,Washington State,https://www.basketball-reference.com/players/d/donalja01.html,donalja01,1957,38,14
Charles Bassey,Charles Bassey,2022,2025,C,10-Jun,235,10/28/2000,28/10/2000,2000,25,Western Kentucky,https://www.basketball-reference.com/players/b/bassech01.html,bassech01,2000,25,3
Charles Bradley,Charles Bradley,1982,1984,G,5-Jun,215,5/16/1959,16/5/1959,1959,25,Wyoming,https://www.basketball-reference.com/players/b/bradlch01.html,bradlch01,1959,25,2
Charles Claxton,Charles Claxton,1996,1996,C,Jul-00,265,12/13/1970,13/12/1970,1970,26,Georgia,https://www.basketball-reference.com/players/c/claxtch01.html,claxtch01,1970,26,0
Charles Cooke,Charles Cooke,2018,2018,G,5-Jun,196,7/1/1994,1/7/1994,1994,24,Dayton,https://www.basketball-reference.com/players/c/cookech01.html,cookech01,1994,24,0
Charles Davis,Charles Davis,1982,1990,F,7-Jun,215,10/5/1958,5/10/1958,1958,32,Vanderbilt,https://www.basketball-reference.com/players/d/davisch02.html,davisch02,1958,32,8
Charles Dudley,Charles Dudley,1973,1979,G,2-Jun,180,3/5/1950,5/3/1950,1950,29,Washington,https://www.basketball-reference.com/players/d/dudlech01.html,dudlech01,1950,29,6
Charles Edge,Charles Edge,1974,1975,F,6-Jun,210,2/23/1950,23/2/1950,1950,25,LeMoyne-Owen College,https://www.basketball-reference.com/players/e/edgech01.html,edgech01,1950,25,1
Charles Jenkins,Charles Jenkins,2012,2013,G,3-Jun,220,2/28/1989,28/2/1989,1989,24,Hofstra,https://www.basketball-reference.com/players/j/jenkich01.html,jenkich01,1989,24,1
Charles Johnson,Charles Johnson,1973,1979,G,Jun-00,170,3/31/1949,31/3/1949,1949,30,California,https://www.basketball-reference.com/players/j/johnsch01.html,johnsch01,1949,30,6
Charles Jones,Charles Jones,1999,2000,G,3-Jun,180,7/17/1975,17/7/1975,1975,25,"Rutgers University, Long Island University",https://www.basketball-reference.com/players/j/jonesch03.html,jonesch03,1975,25,1
Charles Jones,Charles Jones,1985,1989,F,8-Jun,215,1/12/1962,12/1/1962,1962,27,Louisville,https://www.basketball-reference.com/players/j/jonesch02.html,jonesch02,1962,27,4
James Johnson,James Johnson,2010,2025,F,7-Jun,240,2/20/1987,20/2/1987,1987,38,Wake Forest,https://www.basketball-reference.com/players/j/johnsja01.html,johnsja01,1987,38,15
Charles Jordan,Charles Jordan,1976,1976,F,8-Jun,220,1/31/1954,31/1/1954,1954,22,Canisius,https://www.basketball-reference.com/players/j/jordach01.html,jordach01,1954,22,0
Joe Ingles,Joe Ingles,2015,2025,F-G,8-Jun,220,10/2/1987,2/10/1987,1987,38,,https://www.basketball-reference.com/players/i/inglejo01.html,inglejo01,1987,38,10
Charles O'Bannon,Charles O'Bannon,1998,1999,G-F,5-Jun,209,2/22/1975,22/2/1975,1975,24,UCLA,https://www.basketball-reference.com/players/o/obannch01.html,obannch01,1975,24,1
Charles Pittman,Charles Pittman,1983,1986,F,8-Jun,220,3/23/1958,23/3/1958,1958,28,Maryland,https://www.basketball-reference.com/players/p/pittmch01.html,pittmch01,1958,28,3
Charles Shackleford,Charles Shackleford,1989,1999,F-C,10-Jun,225,4/22/1966,22/4/1966,1966,33,NC State,https://www.basketball-reference.com/players/s/shackch01.html,shackch01,1966,33,10
Charles Smith,Charles Smith,1990,1996,G,1-Jun,160,11/29/1967,29/11/1967,1967,29,Georgetown,https://www.basketball-reference.com/players/s/smithch02.html,smithch02,1967,29,6
Charles Smith,Charles Smith,1998,2006,G,4-Jun,194,8/22/1975,22/8/1975,1975,31,New Mexico,https://www.basketball-reference.com/players/s/smithch04.html,smithch04,1975,31,8
Charles Smith,Charles Smith,1989,1997,F-C,10-Jun,230,7/16/1965,16/7/1965,1965,32,Pitt,https://www.basketball-reference.com/players/s/smithch01.html,smithch01,1965,32,8
Charles Thomas,Charles Thomas,1992,1992,G,3-Jun,175,10/3/1969,3/10/1969,1969,23,Eastern Michigan,https://www.basketball-reference.com/players/t/thomach01.html,thomach01,1969,23,0
Charley Parks,Charley Parks,1969,1969,F,5-Jun,210,NA,NA,#VALUE!,#VALUE!,Idaho State University,https://www.basketball-reference.com/players/p/parksch01.html,parksch01,NA,#VALUE!,0
Charley Shipp,Charley Shipp,1950,1950,G-F,1-Jun,200,12/3/1913,3/12/1913,1913,37,Catholic University of America,https://www.basketball-reference.com/players/s/shippch01.html,shippch01,1913,37,0
Charlie Beasley,Charlie Beasley,1968,1971,G-F,5-Jun,190,9/23/1945,23/9/1945,1945,26,SMU,https://www.basketball-reference.com/players/b/beaslch01.html,beaslch01,1945,26,3
Charlie Bell,Charlie Bell,2002,2011,G,3-Jun,200,3/12/1979,12/3/1979,1979,32,Michigan State,https://www.basketball-reference.com/players/b/bellch01.html,bellch01,1979,32,9
Charlie Black,Charlie Black,1949,1952,F-C,5-Jun,200,6/15/1921,15/6/1921,1921,31,Kansas,https://www.basketball-reference.com/players/b/blackch01.html,blackch01,1921,31,3
Charlie Brown Jr.,Charlie Brown Jr.,2020,2024,G,6-Jun,199,2/2/1997,2/2/1997,1997,27,Saint Joseph's,https://www.basketball-reference.com/players/b/brownch02.html,brownch02,1997,27,4
Joe Kleine,Joe Kleine,1986,2000,C,11-Jun,255,1/4/1962,4/1/1962,1962,38,"Notre Dame, Arkansas",https://www.basketball-reference.com/players/k/kleinjo01.html,kleinjo01,1962,38,14
Charlie Davis,Charlie Davis,1972,1974,G,2-Jun,160,9/7/1949,7/9/1949,1949,25,Wake Forest,https://www.basketball-reference.com/players/d/davisch01.html,davisch01,1949,25,2
Charlie Hardnett,Charlie Hardnett,1963,1965,F-C,8-Jun,225,9/13/1938,13/9/1938,1938,27,Grambling State University,https://www.basketball-reference.com/players/h/hardnch01.html,hardnch01,1938,27,2
Charlie Hentz,Charlie Hentz,1971,1971,F,5-Jun,210,9/13/1947,13/9/1947,1947,24,University of Arkansas at Pine Bluff,https://www.basketball-reference.com/players/h/hentzch01.html,hentzch01,1947,24,0
Charlie Hoefer,Charlie Hoefer,1947,1948,G,9-May,158,9/16/1921,16/9/1921,1921,27,Queens College,https://www.basketball-reference.com/players/h/hoefech01.html,hoefech01,1921,27,1
Charlie Lowery,Charlie Lowery,1972,1972,G,3-Jun,185,11/12/1949,12/11/1949,1949,23,University of Puget Sound,https://www.basketball-reference.com/players/l/lowerch01.html,lowerch01,1949,23,0
Charlie Parsley,Charlie Parsley,1950,1950,G,2-Jun,175,10/13/1925,13/10/1925,1925,25,Western Kentucky,https://www.basketball-reference.com/players/p/parslch01.html,parslch01,1925,25,0
Charlie Paulk,Charlie Paulk,1969,1972,F-C,8-Jun,219,6/14/1946,14/6/1946,1946,26,Northeastern State University,https://www.basketball-reference.com/players/p/paulkch01.html,paulkch01,1946,26,3
Charlie Scott*,Charlie Scott,1971,1980,G-F,5-Jun,175,12/15/1948,15/12/1948,1948,32,UNC,https://www.basketball-reference.com/players/s/scottch01.html,scottch01,1948,32,9
Charlie Sitton,Charlie Sitton,1985,1985,F,8-Jun,210,7/3/1962,3/7/1962,1962,23,Oregon State,https://www.basketball-reference.com/players/s/sittoch01.html,sittoch01,1962,23,0
Charlie Tyra,Charlie Tyra,1958,1962,C-F,8-Jun,230,8/16/1935,16/8/1935,1935,27,Louisville,https://www.basketball-reference.com/players/t/tyrach01.html,tyrach01,1935,27,4
Charlie Villanueva,Charlie Villanueva,2006,2016,F,11-Jun,232,8/24/1984,24/8/1984,1984,32,UConn,https://www.basketball-reference.com/players/v/villach01.html,villach01,1984,32,10
John Havlicek*,John Havlicek,1963,1978,F-G,5-Jun,203,4/8/1940,8/4/1940,1940,38,Ohio State,https://www.basketball-reference.com/players/h/havlijo01.html,havlijo01,1940,38,15
Charlie Williams,Charlie Williams,1968,1973,G,Jun-00,165,9/5/1943,5/9/1943,1943,30,Seattle University,https://www.basketball-reference.com/players/w/willich01.html,willich01,1943,30,5
Charlie Yelverton,Charlie Yelverton,1972,1972,G-F,2-Jun,190,12/5/1948,5/12/1948,1948,24,Fordham,https://www.basketball-reference.com/players/y/yelvech01.html,yelvech01,1948,24,0
Chase Budinger,Chase Budinger,2010,2016,F,7-Jun,209,5/22/1988,22/5/1988,1988,28,Arizona,https://www.basketball-reference.com/players/b/budinch01.html,budinch01,1988,28,6
Chasson Randle,Chasson Randle,2017,2021,G,2-Jun,185,2/5/1993,5/2/1993,1993,28,Stanford,https://www.basketball-reference.com/players/r/randlch01.html,randlch01,1993,28,4
José Calderón,José Calderón,2006,2019,G,3-Jun,200,9/28/1981,28/9/1981,1981,38,,https://www.basketball-reference.com/players/c/caldejo01.html,caldejo01,1981,38,13
Chaundee Brown Jr.,Chaundee Brown Jr.,2022,2022,G-F,5-Jun,215,12/4/1998,4/12/1998,1998,24,"Wake Forest, Michigan",https://www.basketball-reference.com/players/b/brownch05.html,brownch05,1998,24,0
Cheese Johnson,Cheese Johnson,1980,1980,F-G,6-Jun,195,9/7/1957,7/9/1957,1957,23,Wichita State,https://www.basketball-reference.com/players/j/johnsch02.html,johnsch02,1957,23,0
Cheick Diallo,Cheick Diallo,2017,2022,F,8-Jun,219,9/13/1996,13/9/1996,1996,26,Kansas,https://www.basketball-reference.com/players/d/diallch01.html,diallch01,1996,26,5
Cheikh Samb,Cheikh Samb,2008,2009,C,1-Jul,245,10/22/1984,22/10/1984,1984,25,,https://www.basketball-reference.com/players/s/sambch01.html,sambch01,1984,25,1
Cherokee Parks,Cherokee Parks,1996,2004,C-F,11-Jun,235,10/11/1972,11/10/1972,1972,32,Duke,https://www.basketball-reference.com/players/p/parksch02.html,parksch02,1972,32,8
Chet Aubuchon,Chet Aubuchon,1947,1947,G,10-May,137,5/18/1916,18/5/1916,1916,31,Michigan State,https://www.basketball-reference.com/players/a/aubucch01.html,aubucch01,1916,31,0
Chet Carlisle,Chet Carlisle,1947,1947,F-C,5-Jun,195,11/2/1916,2/11/1916,1916,31,California,https://www.basketball-reference.com/players/c/carlich01.html,carlich01,1916,31,0
Chet Holmgren,Chet Holmgren,2024,2025,F-C,1-Jul,213,5/1/2002,1/5/2002,2002,23,Gonzaga,https://www.basketball-reference.com/players/h/holmgch01.html,holmgch01,2002,23,1
Chet McNabb,Chet McNabb,1948,1948,F,2-Jun,200,9/19/1920,19/9/1920,1920,28,Arizona State,https://www.basketball-reference.com/players/m/mcnabch01.html,mcnabch01,1920,28,0
Kenyon Martin,Kenyon Martin,2001,2015,F,9-Jun,234,12/30/1977,30/12/1977,1977,38,Cincinnati,https://www.basketball-reference.com/players/m/martike01.html,martike01,1977,38,14
Chick Halbert,Chick Halbert,1947,1951,C,9-Jun,225,2/27/1919,27/2/1919,1919,32,West Texas A&M University,https://www.basketball-reference.com/players/h/halbech01.html,halbech01,1919,32,4
Chick Reiser,Chick Reiser,1948,1950,G-F,11-May,165,12/17/1914,17/12/1914,1914,36,NYU,https://www.basketball-reference.com/players/r/reisech01.html,reisech01,1914,36,2
Chico Vaughn,Chico Vaughn,1963,1970,G,2-Jun,190,2/19/1940,19/2/1940,1940,30,Southern Illinois,https://www.basketball-reference.com/players/v/vaughch01.html,vaughch01,1940,30,7
Chima Moneke,Chima Moneke,2023,2023,F,6-Jun,222,12/24/1995,24/12/1995,1995,28,"Northeast Community College, UC-Davis",https://www.basketball-reference.com/players/m/monekch01.html,monekch01,1995,28,0
Chimezie Metu,Chimezie Metu,2019,2024,F-C,9-Jun,225,3/22/1997,22/3/1997,1997,27,USC,https://www.basketball-reference.com/players/m/metuch01.html,metuch01,1997,27,5
Chinanu Onuaku,Chinanu Onuaku,2017,2018,F-C,10-Jun,245,11/1/1996,1/11/1996,1996,22,Louisville,https://www.basketball-reference.com/players/o/onuakch01.html,onuakch01,1996,22,1
Chink Crossin,Chink Crossin,1948,1950,G,1-Jun,165,7/4/1923,4/7/1923,1923,27,Penn,https://www.basketball-reference.com/players/c/crossch01.html,crossch01,1923,27,2
Chips Sobek,Chips Sobek,1950,1950,G-F,Jun-00,180,2/10/1920,10/2/1920,1920,30,Notre Dame,https://www.basketball-reference.com/players/s/sobekch01.html,sobekch01,1920,30,0
Kevin Ollie,Kevin Ollie,1998,2010,G,4-Jun,195,12/27/1972,27/12/1972,1972,38,UConn,https://www.basketball-reference.com/players/o/ollieke01.html,ollieke01,1972,38,12
Chris Anstey,Chris Anstey,1998,2000,C,Jul-00,249,1/1/1975,1/1/1975,1975,25,,https://www.basketball-reference.com/players/a/anstech01.html,anstech01,1975,25,2
Chris Babb,Chris Babb,2014,2014,G,5-Jun,225,2/14/1990,14/2/1990,1990,24,"Penn State, Iowa State",https://www.basketball-reference.com/players/b/babbch01.html,babbch01,1990,24,0
Chris Bosh*,Chris Bosh,2004,2016,F-C,11-Jun,235,3/24/1984,24/3/1984,1984,32,Georgia Tech,https://www.basketball-reference.com/players/b/boshch01.html,boshch01,1984,32,12
Chris Boucher,Chris Boucher,2018,2025,F,9-Jun,200,1/11/1993,11/1/1993,1993,32,"New Mexico Junior College, Northwest College, Oregon",https://www.basketball-reference.com/players/b/bouchch01.html,bouchch01,1993,32,7
Chris Carr,Chris Carr,1996,2001,G,5-Jun,207,3/12/1974,12/3/1974,1974,27,Southern Illinois,https://www.basketball-reference.com/players/c/carrch01.html,carrch01,1974,27,5
Kobe Bryant*,Kobe Bryant,1997,2016,G-F,6-Jun,212,8/23/1978,23/8/1978,1978,38,,https://www.basketball-reference.com/players/b/bryanko01.html,bryanko01,1978,38,19
Chris Chiozza,Chris Chiozza,2019,2022,G,11-May,175,11/21/1995,21/11/1995,1995,27,Florida,https://www.basketball-reference.com/players/c/chiozch01.html,chiozch01,1995,27,3
Chris Clemons,Chris Clemons,2020,2020,G,9-May,180,7/23/1997,23/7/1997,1997,23,Campbell,https://www.basketball-reference.com/players/c/clemoch01.html,clemoch01,1997,23,0
Chris Copeland,Chris Copeland,2013,2016,F,9-Jun,239,3/17/1984,17/3/1984,1984,32,Colorado,https://www.basketball-reference.com/players/c/copelch01.html,copelch01,1984,32,3
Chris Corchiani,Chris Corchiani,1992,1994,G,Jun-00,185,3/28/1968,28/3/1968,1968,26,NC State,https://www.basketball-reference.com/players/c/corchch01.html,corchch01,1968,26,2
Chris Crawford,Chris Crawford,1998,2004,F,9-Jun,235,5/13/1975,13/5/1975,1975,29,Marquette,https://www.basketball-reference.com/players/c/crawfch01.html,crawfch01,1975,29,6
Chris Douglas-Roberts,Chris Douglas-Roberts,2009,2015,G,7-Jun,200,1/8/1987,8/1/1987,1987,28,Memphis,https://www.basketball-reference.com/players/d/douglch01.html,douglch01,1987,28,6
Chris Duarte,Chris Duarte,2022,2025,G,6-Jun,190,6/13/1997,13/6/1997,1997,28,Oregon,https://www.basketball-reference.com/players/d/duartch01.html,duartch01,1997,28,3
Lenny Wilkens*,Lenny Wilkens,1961,1975,G,1-Jun,180,10/28/1937,28/10/1937,1937,38,Providence,https://www.basketball-reference.com/players/w/wilkele01.html,wilkele01,1937,38,14
Chris Duhon,Chris Duhon,2005,2013,G,1-Jun,185,8/31/1982,31/8/1982,1982,31,Duke,https://www.basketball-reference.com/players/d/duhonch01.html,duhonch01,1982,31,8
Chris Engler,Chris Engler,1983,1988,C,11-Jun,245,3/1/1959,1/3/1959,1959,29,"Minnesota, Wyoming",https://www.basketball-reference.com/players/e/englech01.html,englech01,1959,29,5
Chris Ford,Chris Ford,1973,1982,G-F,5-Jun,190,1/11/1949,11/1/1949,1949,33,Villanova,https://www.basketball-reference.com/players/f/fordch01.html,fordch01,1949,33,9
Chris Garner,Chris Garner,1998,2001,G,10-May,156,2/2/1975,2/2/1975,1975,26,Memphis,https://www.basketball-reference.com/players/g/garnech01.html,garnech01,1975,26,3
Mario Elie,Mario Elie,1991,2001,G-F,5-Jun,210,11/26/1963,26/11/1963,1963,38,American International College,https://www.basketball-reference.com/players/e/eliema01.html,eliema01,1963,38,10
Chris Harris,Chris Harris,1956,1956,G,3-Jun,190,8/11/1933,11/8/1933,1933,23,Dayton,https://www.basketball-reference.com/players/h/harrich01.html,harrich01,1933,23,0
Chris Herren,Chris Herren,2000,2001,G,2-Jun,197,9/27/1975,27/9/1975,1975,26,"Boston College, Fresno State",https://www.basketball-reference.com/players/h/herrech01.html,herrech01,1975,26,1
Chris Hunter,Chris Hunter,2010,2010,F,11-Jun,240,7/7/1984,7/7/1984,1984,26,Michigan,https://www.basketball-reference.com/players/h/huntech01.html,huntech01,1984,26,0
Chris Jefferies,Chris Jefferies,2003,2004,G-F,8-Jun,225,2/13/1980,13/2/1980,1980,24,"Arkansas, Fresno State",https://www.basketball-reference.com/players/j/jeffech01.html,jeffech01,1980,24,1
Chris Jent,Chris Jent,1994,1997,F,7-Jun,220,1/11/1970,11/1/1970,1970,27,Ohio State,https://www.basketball-reference.com/players/j/jentch01.html,jentch01,1970,27,3
Chris Johnson,Chris Johnson,2013,2016,F-G,6-Jun,206,4/29/1990,29/4/1990,1990,26,Dayton,https://www.basketball-reference.com/players/j/johnsch04.html,johnsch04,1990,26,3
Chris Johnson,Chris Johnson,2011,2013,C,11-Jun,210,7/15/1985,15/7/1985,1985,28,LSU,https://www.basketball-reference.com/players/j/johnsch03.html,johnsch03,1985,28,2
Mark Bryant,Mark Bryant,1989,2003,F-C,9-Jun,245,4/25/1965,25/4/1965,1965,38,Seton Hall,https://www.basketball-reference.com/players/b/bryanma01.html,bryanma01,1965,38,14
Chris King,Chris King,1994,1999,F,8-Jun,215,7/24/1969,24/7/1969,1969,30,Wake Forest,https://www.basketball-reference.com/players/k/kingch01.html,kingch01,1969,30,5
Chris Livingston,Chris Livingston,2024,2025,F,6-Jun,220,10/15/2003,15/10/2003,2003,22,Kentucky,https://www.basketball-reference.com/players/l/livinch01.html,livinch01,2003,22,1
Chris McCray,Chris McCray,2007,2007,G,5-Jun,192,5/27/1984,27/5/1984,1984,23,Maryland,https://www.basketball-reference.com/players/m/mccrach01.html,mccrach01,1984,23,0
Chris McCullough,Chris McCullough,2016,2018,F,11-Jun,200,2/5/1995,5/2/1995,1995,23,Syracuse,https://www.basketball-reference.com/players/m/mcculch01.html,mcculch01,1995,23,2
Chris McNealy,Chris McNealy,1986,1988,F,7-Jun,210,7/15/1961,15/7/1961,1961,27,San Jose State,https://www.basketball-reference.com/players/m/mcneach01.html,mcneach01,1961,27,2
Chris Mihm,Chris Mihm,2001,2009,C-F,Jul-00,265,7/16/1979,16/7/1979,1979,30,Texas,https://www.basketball-reference.com/players/m/mihmch01.html,mihmch01,1979,30,8
Chris Mills,Chris Mills,1994,2003,F,6-Jun,215,1/25/1970,25/1/1970,1970,33,"Kentucky, Arizona",https://www.basketball-reference.com/players/m/millsch01.html,millsch01,1970,33,9
Chris Morris,Chris Morris,1989,1999,F,8-Jun,210,1/20/1966,20/1/1966,1966,33,Auburn,https://www.basketball-reference.com/players/m/morrich01.html,morrich01,1966,33,10
Metta World Peace,Metta World Peace,2000,2017,F,7-Jun,260,11/13/1979,13/11/1979,1979,38,St. John's,https://www.basketball-reference.com/players/a/artesro01.html,artesro01,1979,38,17
Chris Munk,Chris Munk,1991,1991,F,9-Jun,225,8/5/1967,5/8/1967,1967,24,USC,https://www.basketball-reference.com/players/m/munkch01.html,munkch01,1967,24,0
Chris Owens,Chris Owens,2003,2003,F,7-Jun,245,3/1/1979,1/3/1979,1979,24,"Tulane, Texas",https://www.basketball-reference.com/players/o/owensch01.html,owensch01,1979,24,0
Michael Cage,Michael Cage,1985,2000,F-C,9-Jun,224,1/28/1962,28/1/1962,1962,38,San Diego State,https://www.basketball-reference.com/players/c/cagemi01.html,cagemi01,1962,38,15
Chris Porter,Chris Porter,2001,2001,F,7-Jun,218,5/9/1978,9/5/1978,1978,23,Auburn,https://www.basketball-reference.com/players/p/portech01.html,portech01,1978,23,0
Chris Quinn,Chris Quinn,2007,2013,G,2-Jun,185,9/27/1983,27/9/1983,1983,30,Notre Dame,https://www.basketball-reference.com/players/q/quinnch01.html,quinnch01,1983,30,6
Chris Richard,Chris Richard,2008,2010,F,9-Jun,270,12/25/1984,25/12/1984,1984,26,Florida,https://www.basketball-reference.com/players/r/richach01.html,richach01,1984,26,2
Chris Robinson,Chris Robinson,1997,1998,G,5-Jun,200,4/2/1974,2/4/1974,1974,24,Western Kentucky,https://www.basketball-reference.com/players/r/robinch01.html,robinch01,1974,24,1
Chris Silva,Chris Silva,2020,2023,F,8-Jun,234,9/19/1996,19/9/1996,1996,27,South Carolina,https://www.basketball-reference.com/players/s/silvach01.html,silvach01,1996,27,3
Chris Singleton,Chris Singleton,2012,2014,F,8-Jun,230,11/21/1989,21/11/1989,1989,25,Florida State,https://www.basketball-reference.com/players/s/singlch01.html,singlch01,1989,25,2
Chris Smith,Chris Smith,1993,1995,G,3-Jun,190,5/17/1970,17/5/1970,1970,25,UConn,https://www.basketball-reference.com/players/s/smithch03.html,smithch03,1970,25,2
Chris Smith,Chris Smith,2014,2014,G,2-Jun,200,10/13/1987,13/10/1987,1987,27,"Manhattan College, Louisville",https://www.basketball-reference.com/players/s/smithch05.html,smithch05,1987,27,0
Chris Taft,Chris Taft,2006,2006,F,10-Jun,260,3/10/1985,10/3/1985,1985,21,Pitt,https://www.basketball-reference.com/players/t/taftch01.html,taftch01,1985,21,0
Chris Washburn,Chris Washburn,1987,1988,C,11-Jun,225,5/13/1965,13/5/1965,1965,23,NC State,https://www.basketball-reference.com/players/w/washbch01.html,washbch01,1965,23,1
Mike Conley,Mike Conley,2008,2025,G,Jun-00,175,10/11/1987,11/10/1987,1987,38,Ohio State,https://www.basketball-reference.com/players/c/conlemi01.html,conlemi01,1987,38,17
Chris Welp,Chris Welp,1988,1990,C,Jul-00,245,1/2/1964,2/1/1964,1964,26,Washington,https://www.basketball-reference.com/players/w/welpch01.html,welpch01,1964,26,2
Chris Whitney,Chris Whitney,1994,2004,G,Jun-00,168,10/5/1971,5/10/1971,1971,33,Clemson,https://www.basketball-reference.com/players/w/whitnch01.html,whitnch01,1971,33,10
Chris Wilcox,Chris Wilcox,2003,2013,F,10-Jun,221,9/3/1982,3/9/1982,1982,31,Maryland,https://www.basketball-reference.com/players/w/wilcoch01.html,wilcoch01,1982,31,10
Chris Wright,Chris Wright,2013,2013,G,1-Jun,210,11/4/1989,4/11/1989,1989,24,Georgetown,https://www.basketball-reference.com/players/w/wrighch02.html,wrighch02,1989,24,0
Chris Wright,Chris Wright,2012,2014,F,8-Jun,226,9/30/1988,30/9/1988,1988,26,Dayton,https://www.basketball-reference.com/players/w/wrighch01.html,wrighch01,1988,26,2
Christian Braun,Christian Braun,2023,2025,G,6-Jun,218,4/17/2001,17/4/2001,2001,24,Kansas,https://www.basketball-reference.com/players/b/braunch01.html,braunch01,2001,24,2
Christian Eyenga,Christian Eyenga,2011,2012,F,5-Jun,210,6/22/1989,22/6/1989,1989,23,,https://www.basketball-reference.com/players/e/eyengch01.html,eyengch01,1989,23,1
Christian Koloko,Christian Koloko,2023,2025,C,1-Jul,230,6/20/2000,20/6/2000,2000,25,Arizona,https://www.basketball-reference.com/players/k/kolokch01.html,kolokch01,2000,25,2
Nick Collison,Nick Collison,2005,2018,F,10-Jun,255,10/26/1980,26/10/1980,1980,38,Kansas,https://www.basketball-reference.com/players/c/collini01.html,collini01,1980,38,13
Christian Wood,Christian Wood,2016,2024,F,8-Jun,214,9/27/1995,27/9/1995,1995,29,UNLV,https://www.basketball-reference.com/players/w/woodch01.html,woodch01,1995,29,8
Chubby Cox,Chubby Cox,1983,1983,G,2-Jun,180,12/29/1955,29/12/1955,1955,28,"Villanova, San Francisco",https://www.basketball-reference.com/players/c/coxch01.html,coxch01,1955,28,0
Chuck Aleksinas,Chuck Aleksinas,1985,1985,C,11-Jun,260,2/26/1959,26/2/1959,1959,26,"Kentucky, UConn",https://www.basketball-reference.com/players/a/aleksch01.html,aleksch01,1959,26,0
Chuck Connors,Chuck Connors,1947,1948,F-C,5-Jun,190,4/10/1921,10/4/1921,1921,27,Seton Hall,https://www.basketball-reference.com/players/c/connoch01.html,connoch01,1921,27,1
Chuck Cooper*,Chuck Cooper,1951,1956,F,5-Jun,210,9/29/1926,29/9/1926,1926,30,Duquesne,https://www.basketball-reference.com/players/c/coopech01.html,coopech01,1926,30,5
Chuck Gardner,Chuck Gardner,1968,1968,F,8-Jun,205,9/30/1944,30/9/1944,1944,24,Colorado,https://www.basketball-reference.com/players/g/gardnch01.html,gardnch01,1944,24,0
Chuck Gilmur,Chuck Gilmur,1947,1951,F-C,4-Jun,225,8/13/1922,13/8/1922,1922,29,Washington,https://www.basketball-reference.com/players/g/gilmuch01.html,gilmuch01,1922,29,4
Chuck Grigsby,Chuck Grigsby,1955,1955,G,5-Jun,190,8/15/1928,15/8/1928,1928,27,Dayton,https://www.basketball-reference.com/players/g/grigsch01.html,grigsch01,1928,27,0
Chuck Hayes,Chuck Hayes,2006,2016,F-C,6-Jun,240,6/11/1983,11/6/1983,1983,33,Kentucky,https://www.basketball-reference.com/players/h/hayesch01.html,hayesch01,1983,33,10
Chuck Lloyd,Chuck Lloyd,1971,1971,C-F,8-Jun,220,5/22/1947,22/5/1947,1947,24,Yankton College,https://www.basketball-reference.com/players/l/lloydch01.html,lloydch01,1947,24,0
Chuck Mencel,Chuck Mencel,1956,1957,G,Jun-00,168,4/21/1933,21/4/1933,1933,24,Minnesota,https://www.basketball-reference.com/players/m/mencech01.html,mencech01,1933,24,1
Chuck Mrazovich,Chuck Mrazovich,1951,1951,F,5-Jun,185,2/26/1924,26/2/1924,1924,27,Eastern Kentucky University,https://www.basketball-reference.com/players/m/mrazoch01.html,mrazoch01,1924,27,0
Richard Jefferson,Richard Jefferson,2002,2018,F,7-Jun,233,6/21/1980,21/6/1980,1980,38,Arizona,https://www.basketball-reference.com/players/j/jefferi01.html,jefferi01,1980,38,16
Chuck Noble,Chuck Noble,1956,1962,G,4-Jun,190,7/24/1931,24/7/1931,1931,31,Louisville,https://www.basketball-reference.com/players/n/noblech01.html,noblech01,1931,31,6
Chuck Osborne,Chuck Osborne,1962,1962,F,6-Jun,210,1/21/1939,21/1/1939,1939,23,Western Kentucky,https://www.basketball-reference.com/players/o/osborch01.html,osborch01,1939,23,0
Richie Guerin*,Richie Guerin,1957,1970,G,4-Jun,195,5/29/1932,29/5/1932,1932,38,Iona College,https://www.basketball-reference.com/players/g/gueriri01.html,gueriri01,1932,38,13
Chuck Share,Chuck Share,1952,1960,C,11-Jun,235,3/14/1927,14/3/1927,1927,33,Bowling Green,https://www.basketball-reference.com/players/s/sharech01.html,sharech01,1927,33,8
Chuck Terry,Chuck Terry,1973,1977,F,6-Jun,215,9/27/1950,27/9/1950,1950,27,Cal State Long Beach,https://www.basketball-reference.com/players/t/terrych01.html,terrych01,1950,27,4
Chuck Williams,Chuck Williams,1971,1978,G,2-Jun,175,6/6/1946,6/6/1946,1946,32,Colorado,https://www.basketball-reference.com/players/w/willich02.html,willich02,1946,32,7
Chuckie Williams,Chuckie Williams,1977,1977,G,3-Jun,180,12/31/1953,31/12/1953,1953,24,Kansas State,https://www.basketball-reference.com/players/w/willich03.html,willich03,1953,24,0
Rickey Green,Rickey Green,1978,1992,G,Jun-00,170,8/18/1954,18/8/1954,1954,38,"Vincennes University, Michigan",https://www.basketball-reference.com/players/g/greenri01.html,greenri01,1954,38,14
Robert Horry,Robert Horry,1993,2008,F,10-Jun,240,8/25/1970,25/8/1970,1970,38,Alabama,https://www.basketball-reference.com/players/h/horryro01.html,horryro01,1970,38,15
Chuma Okeke,Chuma Okeke,2021,2024,F,6-Jun,229,8/18/1998,18/8/1998,1998,26,Auburn,https://www.basketball-reference.com/players/o/okekech01.html,okekech01,1998,26,3
Cincy Powell,Cincy Powell,1968,1975,F-C,7-Jun,220,2/25/1942,25/2/1942,1942,33,University of Portland,https://www.basketball-reference.com/players/p/powelci01.html,powelci01,1942,33,7
CJ Elleby,CJ Elleby,2021,2022,F,6-Jun,200,6/16/2000,16/6/2000,2000,22,Washington State,https://www.basketball-reference.com/players/e/ellebcj01.html,ellebcj01,2000,22,1
Stacey Augmon,Stacey Augmon,1992,2006,F-G,8-Jun,205,8/1/1968,1/8/1968,1968,38,UNLV,https://www.basketball-reference.com/players/a/augmost01.html,augmost01,1968,38,14
Clarence Brookins,Clarence Brookins,1971,1971,F,4-Jun,190,NA,NA,#VALUE!,#VALUE!,Temple,https://www.basketball-reference.com/players/b/brookcl01.html,brookcl01,NA,#VALUE!,0
Clarence Glover,Clarence Glover,1972,1972,F,8-Jun,210,11/1/1947,1/11/1947,1947,25,Western Kentucky,https://www.basketball-reference.com/players/g/glovecl01.html,glovecl01,1947,25,0
Clarence Kea,Clarence Kea,1981,1982,F,6-Jun,218,2/2/1959,2/2/1959,1959,23,Lamar,https://www.basketball-reference.com/players/k/keacl01.html,keacl01,1959,23,1
Steve Kerr,Steve Kerr,1989,2003,G,3-Jun,175,9/27/1965,27/9/1965,1965,38,Arizona,https://www.basketball-reference.com/players/k/kerrst01.html,kerrst01,1965,38,14
Clark Kellogg,Clark Kellogg,1983,1987,F,7-Jun,225,7/2/1961,2/7/1961,1961,26,Ohio State,https://www.basketball-reference.com/players/k/kellocl01.html,kellocl01,1961,26,4
Claude English,Claude English,1971,1971,F,4-Jun,185,12/26/1946,26/12/1946,1946,25,Rhode Island,https://www.basketball-reference.com/players/e/englicl01.html,englicl01,1946,25,0
Claude Gregory,Claude Gregory,1986,1988,F,8-Jun,205,12/26/1958,26/12/1958,1958,30,Wisconsin,https://www.basketball-reference.com/players/g/gregocl01.html,gregocl01,1958,30,2
Claude Overton,Claude Overton,1953,1953,G,2-Jun,195,12/16/1927,16/12/1927,1927,26,East Central University,https://www.basketball-reference.com/players/o/overtcl01.html,overtcl01,1927,26,0
Claude Terry,Claude Terry,1973,1978,G-F,4-Jun,195,1/12/1950,12/1/1950,1950,28,Stanford,https://www.basketball-reference.com/players/t/terrycl01.html,terrycl01,1950,28,5
Claude Virden,Claude Virden,1973,1973,F,6-Jun,195,11/25/1947,25/11/1947,1947,26,Murray State,https://www.basketball-reference.com/players/v/virdecl01.html,virdecl01,1947,26,0
Clay Johnson,Clay Johnson,1982,1984,G,4-Jun,175,7/18/1956,18/7/1956,1956,28,Missouri,https://www.basketball-reference.com/players/j/johnscl02.html,johnscl02,1956,28,2
Cleanthony Early,Cleanthony Early,2015,2016,F,8-Jun,210,4/17/1991,17/4/1991,1991,25,Wichita State,https://www.basketball-reference.com/players/e/earlycl01.html,earlycl01,1991,25,1
Clem Haskins,Clem Haskins,1968,1976,G,3-Jun,195,7/11/1943,11/7/1943,1943,33,Western Kentucky,https://www.basketball-reference.com/players/h/haskicl01.html,haskicl01,1943,33,8
Clemon Johnson,Clemon Johnson,1979,1988,C-F,10-Jun,240,9/12/1956,12/9/1956,1956,32,Florida A&M,https://www.basketball-reference.com/players/j/johnscl01.html,johnscl01,1956,32,9
Cleo Hill,Cleo Hill,1962,1962,G,1-Jun,185,5/24/1938,24/5/1938,1938,24,Winston-Salem State,https://www.basketball-reference.com/players/h/hillcl01.html,hillcl01,1938,24,0
Cleveland Buckner,Cleveland Buckner,1962,1963,F-C,9-Jun,210,8/17/1938,17/8/1938,1938,25,Jackson State University,https://www.basketball-reference.com/players/b/buckncl01.html,buckncl01,1938,25,1
Cliff Alexander,Cliff Alexander,2016,2016,F,8-Jun,245,11/16/1995,16/11/1995,1995,21,Kansas,https://www.basketball-reference.com/players/a/alexacl01.html,alexacl01,1995,21,0
Cliff Anderson,Cliff Anderson,1968,1971,G-F,2-Jun,200,9/7/1944,7/9/1944,1944,27,Saint Joseph's,https://www.basketball-reference.com/players/a/andercl01.html,andercl01,1944,27,3
Cliff Barker,Cliff Barker,1950,1952,G,2-Jun,185,1/15/1921,15/1/1921,1921,31,Kentucky,https://www.basketball-reference.com/players/b/barkecl01.html,barkecl01,1921,31,2
Theo Ratliff,Theo Ratliff,1996,2011,C-F,10-Jun,225,4/17/1973,17/4/1973,1973,38,Wyoming,https://www.basketball-reference.com/players/r/ratlith01.html,ratlith01,1973,38,15
Thurl Bailey,Thurl Bailey,1984,1999,F-C,11-Jun,215,4/7/1961,7/4/1961,1961,38,NC State,https://www.basketball-reference.com/players/b/baileth01.html,baileth01,1961,38,15
Cliff Meely,Cliff Meely,1972,1976,F-C,8-Jun,215,7/10/1947,10/7/1947,1947,29,Colorado,https://www.basketball-reference.com/players/m/meelycl01.html,meelycl01,1947,29,4
Cliff Pondexter,Cliff Pondexter,1976,1978,F-C,9-Jun,233,9/15/1954,15/9/1954,1954,24,Cal State Long Beach,https://www.basketball-reference.com/players/p/pondecl01.html,pondecl01,1954,24,2
Cliff Robinson,Cliff Robinson,1980,1992,F,9-Jun,220,3/13/1960,13/3/1960,1960,32,USC,https://www.basketball-reference.com/players/r/robincl01.html,robincl01,1960,32,12
Cliff Williams,Cliff Williams,1969,1969,G,3-Jun,180,4/15/1945,15/4/1945,1945,24,Bowling Green,https://www.basketball-reference.com/players/w/willicl01.html,willicl01,1945,24,0
Clifford Lett,Clifford Lett,1990,1991,G,3-Jun,170,12/23/1965,23/12/1965,1965,26,Florida,https://www.basketball-reference.com/players/l/lettcl01.html,lettcl01,1965,26,1
Clifford Ray,Clifford Ray,1972,1981,C,9-Jun,230,1/21/1949,21/1/1949,1949,32,Oklahoma,https://www.basketball-reference.com/players/r/raycl01.html,raycl01,1949,32,9
Toni Kukoč*,Toni Kukoč,1994,2006,F,10-Jun,192,9/18/1968,18/9/1968,1968,38,,https://www.basketball-reference.com/players/k/kukocto01.html,kukocto01,1968,38,12
Clifford Rozier,Clifford Rozier,1995,1998,C-F,11-Jun,245,10/31/1972,31/10/1972,1972,26,"UNC, Louisville",https://www.basketball-reference.com/players/r/roziecl01.html,roziecl01,1972,26,3
Clint Capela,Clint Capela,2015,2025,C,10-Jun,240,5/18/1994,18/5/1994,1994,31,,https://www.basketball-reference.com/players/c/capelca01.html,capelca01,1994,31,10
Clint McDaniel,Clint McDaniel,1996,1996,G,4-Jun,180,2/26/1972,26/2/1972,1972,24,Arkansas,https://www.basketball-reference.com/players/m/mcdancl01.html,mcdancl01,1972,24,0
Clint Richardson,Clint Richardson,1980,1987,G,3-Jun,195,8/7/1956,7/8/1956,1956,31,Seattle University,https://www.basketball-reference.com/players/r/richacl01.html,richacl01,1956,31,7
Clint Wager,Clint Wager,1950,1950,C-F,6-Jun,210,1/20/1920,20/1/1920,1920,30,Saint Mary's University of Minnesota,https://www.basketball-reference.com/players/w/wagercl01.html,wagercl01,1920,30,0
Clinton Smith,Clinton Smith,1987,1991,F,6-Jun,210,1/19/1964,19/1/1964,1964,27,"Ohio State, Cleveland State University",https://www.basketball-reference.com/players/s/smithcl01.html,smithcl01,1964,27,4
Clinton Wheeler,Clinton Wheeler,1988,1989,G,1-Jun,185,10/27/1959,27/10/1959,1959,30,William Paterson University,https://www.basketball-reference.com/players/w/wheelcl01.html,wheelcl01,1959,30,1
Clyde Dickey,Clyde Dickey,1975,1975,G,3-Jun,185,12/14/1951,14/12/1951,1951,24,"Cochise Community College, Boise State",https://www.basketball-reference.com/players/d/dickecl01.html,dickecl01,1951,24,0
Tony Massenburg,Tony Massenburg,1991,2005,F,9-Jun,220,7/31/1967,31/7/1967,1967,38,Maryland,https://www.basketball-reference.com/players/m/masseto01.html,masseto01,1967,38,14
Clyde Lee,Clyde Lee,1967,1976,F-C,10-Jun,205,3/14/1944,14/3/1944,1944,32,Vanderbilt,https://www.basketball-reference.com/players/l/leecl01.html,leecl01,1944,32,9
Tyson Chandler,Tyson Chandler,2002,2020,C,Jul-00,235,10/2/1982,2/10/1982,1982,38,,https://www.basketball-reference.com/players/c/chandty01.html,chandty01,1982,38,18
Clyde Mayes,Clyde Mayes,1976,1977,F,8-Jun,225,3/17/1953,17/3/1953,1953,24,Furman University,https://www.basketball-reference.com/players/m/mayescl01.html,mayescl01,1953,24,1
Walter Davis*,Walter Davis,1978,1992,G-F,6-Jun,193,9/9/1954,9/9/1954,1954,38,UNC,https://www.basketball-reference.com/players/d/daviswa03.html,daviswa03,1954,38,14
Coby Karl,Coby Karl,2008,2010,G,5-Jun,215,3/6/1983,6/3/1983,1983,27,Boise State,https://www.basketball-reference.com/players/k/karlco01.html,karlco01,1983,27,2
Coby White,Coby White,2020,2025,G,5-Jun,195,2/16/2000,16/2/2000,2000,25,UNC,https://www.basketball-reference.com/players/w/whiteco01.html,whiteco01,2000,25,5
Cody Martin,Cody Martin,2020,2025,G-F,5-Jun,205,9/28/1995,28/9/1995,1995,30,"NC State, Nevada",https://www.basketball-reference.com/players/m/martico01.html,martico01,1995,30,5
Cody Williams,Cody Williams,2025,2025,G-F,7-Jun,190,11/20/2004,20/11/2004,2004,21,Colorado,https://www.basketball-reference.com/players/w/willico04.html,willico04,2004,21,0
Cody Zeller,Cody Zeller,2014,2024,C-F,11-Jun,240,10/5/1992,5/10/1992,1992,32,Indiana,https://www.basketball-reference.com/players/z/zelleco01.html,zelleco01,1992,32,10
Colby Jones,Colby Jones,2024,2025,G,6-Jun,205,5/28/2002,28/5/2002,2002,23,Xavier,https://www.basketball-reference.com/players/j/jonesco02.html,jonesco02,2002,23,1
Cole Aldrich,Cole Aldrich,2011,2018,C,11-Jun,250,10/31/1988,31/10/1988,1988,30,Kansas,https://www.basketball-reference.com/players/a/aldrico01.html,aldrico01,1988,30,7
Cole Anthony,Cole Anthony,2021,2025,G,2-Jun,185,5/15/2000,15/5/2000,2000,25,UNC,https://www.basketball-reference.com/players/a/anthoco01.html,anthoco01,2000,25,4
Cole Swider,Cole Swider,2023,2025,F,9-Jun,220,5/8/1999,8/5/1999,1999,26,"Villanova, Syracuse",https://www.basketball-reference.com/players/s/swideco01.html,swideco01,1999,26,2
Colin Castleton,Colin Castleton,2024,2025,F,11-Jun,250,5/25/2000,25/5/2000,2000,25,"Michigan, Florida",https://www.basketball-reference.com/players/c/castlco01.html,castlco01,2000,25,1
Collin Gillespie,Collin Gillespie,2024,2025,G,1-Jun,195,6/25/1999,25/6/1999,1999,26,Villanova,https://www.basketball-reference.com/players/g/gilleco01.html,gilleco01,1999,26,1
Collin Sexton,Collin Sexton,2019,2025,G,3-Jun,190,1/4/1999,4/1/1999,1999,26,Alabama,https://www.basketball-reference.com/players/s/sextoco01.html,sextoco01,1999,26,6
Collis Jones,Collis Jones,1972,1975,F,7-Jun,203,7/3/1949,3/7/1949,1949,26,Notre Dame,https://www.basketball-reference.com/players/j/jonesco01.html,jonesco01,1949,26,3
Collis Temple,Collis Temple,1975,1975,F,8-Jun,220,11/8/1952,8/11/1952,1952,23,LSU,https://www.basketball-reference.com/players/t/templco01.html,templco01,1952,23,0
Conner Henry,Conner Henry,1987,1988,G,7-Jun,195,7/21/1963,21/7/1963,1963,25,UC Santa Barbara,https://www.basketball-reference.com/players/h/henryco01.html,henryco01,1963,25,1
Wesley Matthews,Wesley Matthews,2010,2024,G,5-Jun,220,10/14/1986,14/10/1986,1986,38,Marquette,https://www.basketball-reference.com/players/m/matthwe02.html,matthwe02,1986,38,14
Aaron Williams,Aaron Williams,1994,2008,F-C,9-Jun,220,10/2/1971,2/10/1971,1971,37,Xavier,https://www.basketball-reference.com/players/w/williaa01.html,williaa01,1971,37,14
Connie Norman,Connie Norman,1975,1979,G,3-Jun,175,9/24/1953,24/9/1953,1953,26,Arizona,https://www.basketball-reference.com/players/n/normaco01.html,normaco01,1953,26,4
Connie Rea,Connie Rea,1954,1954,G-F,3-Jun,175,1/27/1931,27/1/1931,1931,23,Centenary (LA),https://www.basketball-reference.com/players/r/reaco01.html,reaco01,1931,23,0
Connie Simmons,Connie Simmons,1947,1956,C-F,8-Jun,222,3/15/1925,15/3/1925,1925,31,,https://www.basketball-reference.com/players/s/simmoco01.html,simmoco01,1925,31,9
Corey Beck,Corey Beck,1996,1999,G,1-Jun,190,5/27/1971,27/5/1971,1971,28,"South Plains College, Arkansas",https://www.basketball-reference.com/players/b/beckco01.html,beckco01,1971,28,3
Corey Benjamin,Corey Benjamin,1999,2003,G,6-Jun,200,2/24/1978,24/2/1978,1978,25,Oregon State,https://www.basketball-reference.com/players/b/benjaco01.html,benjaco01,1978,25,4
Alex English*,Alex English,1977,1991,F,8-Jun,190,1/5/1954,5/1/1954,1954,37,South Carolina,https://www.basketball-reference.com/players/e/englial01.html,englial01,1954,37,14
Corey Crowder,Corey Crowder,1992,1995,G-F,5-Jun,214,4/13/1969,13/4/1969,1969,26,Kentucky Wesleyan College,https://www.basketball-reference.com/players/c/crowdco01.html,crowdco01,1969,26,3
Corey Gaines,Corey Gaines,1989,1995,G,3-Jun,195,6/1/1965,1/6/1965,1965,30,"UCLA, Loyola Marymount",https://www.basketball-reference.com/players/g/gaineco01.html,gaineco01,1965,30,6
Corey Kispert,Corey Kispert,2022,2025,G-F,7-Jun,220,3/3/1999,3/3/1999,1999,26,Gonzaga,https://www.basketball-reference.com/players/k/kispeco01.html,kispeco01,1999,26,3
Anfernee Hardaway,Anfernee Hardaway,1994,2008,G-F,7-Jun,195,7/18/1971,18/7/1971,1971,37,Memphis,https://www.basketball-reference.com/players/h/hardaan01.html,hardaan01,1971,37,14
Corey Williams,Corey Williams,1993,1994,G,2-Jun,190,4/24/1970,24/4/1970,1970,24,Oklahoma State,https://www.basketball-reference.com/players/w/willico01.html,willico01,1970,24,1
Anthony Carter,Anthony Carter,2000,2012,G,1-Jun,190,6/16/1975,16/6/1975,1975,37,Hawaii,https://www.basketball-reference.com/players/c/cartean01.html,cartean01,1975,37,12
Corky Calhoun,Corky Calhoun,1973,1980,F,7-Jun,210,11/1/1950,1/11/1950,1950,30,Penn,https://www.basketball-reference.com/players/c/calhoco01.html,calhoco01,1950,30,7
Corky Devlin,Corky Devlin,1956,1958,G,5-Jun,195,12/21/1931,21/12/1931,1931,27,George Washington,https://www.basketball-reference.com/players/d/devlico01.html,devlico01,1931,27,2
Anthony Mason,Anthony Mason,1990,2003,F,8-Jun,250,12/14/1966,14/12/1966,1966,37,Tennessee State,https://www.basketball-reference.com/players/m/masonan01.html,masonan01,1966,37,13
Cornelius Cash,Cornelius Cash,1977,1977,F,8-Jun,215,3/3/1952,3/3/1952,1952,25,Bowling Green,https://www.basketball-reference.com/players/c/cashco01.html,cashco01,1952,25,0
Cornell Warner,Cornell Warner,1971,1977,F-C,9-Jun,220,8/12/1948,12/8/1948,1948,29,Jackson State University,https://www.basketball-reference.com/players/w/warneco01.html,warneco01,1948,29,6
Corny Thompson,Corny Thompson,1983,1983,F,8-Jun,225,2/5/1960,5/2/1960,1960,23,UConn,https://www.basketball-reference.com/players/t/thompco01.html,thompco01,1960,23,0
Corsley Edwards,Corsley Edwards,2005,2005,F,9-Jun,275,3/5/1979,5/3/1979,1979,26,Central Connecticut State University,https://www.basketball-reference.com/players/e/edwarco01.html,edwarco01,1979,26,0
Cory Alexander,Cory Alexander,1996,2005,G,1-Jun,185,6/22/1973,22/6/1973,1973,32,Virginia,https://www.basketball-reference.com/players/a/alexaco01.html,alexaco01,1973,32,9
Cory Blackwell,Cory Blackwell,1985,1985,F,6-Jun,210,3/27/1963,27/3/1963,1963,22,Wisconsin,https://www.basketball-reference.com/players/b/blackco01.html,blackco01,1963,22,0
Cory Carr,Cory Carr,1999,1999,G,3-Jun,210,12/5/1975,5/12/1975,1975,24,Texas Tech,https://www.basketball-reference.com/players/c/carrco01.html,carrco01,1975,24,0
Cory Higgins,Cory Higgins,2012,2013,G,5-Jun,180,6/14/1989,14/6/1989,1989,24,Colorado,https://www.basketball-reference.com/players/h/higgico01.html,higgico01,1989,24,1
Cory Jefferson,Cory Jefferson,2015,2016,F,9-Jun,218,12/26/1990,26/12/1990,1990,26,Baylor,https://www.basketball-reference.com/players/j/jeffeco01.html,jeffeco01,1990,26,1
Anthony Parker,Anthony Parker,1998,2012,G,6-Jun,215,6/19/1975,19/6/1975,1975,37,Bradley,https://www.basketball-reference.com/players/p/parkean01.html,parkean01,1975,37,14
Cotton Nash,Cotton Nash,1965,1968,F,5-Jun,215,7/24/1942,24/7/1942,1942,26,Kentucky,https://www.basketball-reference.com/players/n/nashco01.html,nashco01,1942,26,3
Coty Clarke,Coty Clarke,2016,2016,F,7-Jun,232,7/4/1992,4/7/1992,1992,24,Arkansas,https://www.basketball-reference.com/players/c/clarkco01.html,clarkco01,1992,24,0
Coulby Gunther,Coulby Gunther,1947,1949,F,4-Jun,190,2/5/1923,5/2/1923,1923,26,"St. John's, Boston College",https://www.basketball-reference.com/players/g/gunthco01.html,gunthco01,1923,26,2
Courtney Alexander,Courtney Alexander,2001,2003,G,5-Jun,205,4/27/1977,27/4/1977,1977,26,"Virginia, Fresno State",https://www.basketball-reference.com/players/a/alexaco02.html,alexaco02,1977,26,2
Courtney Fortson,Courtney Fortson,2012,2012,G,11-May,185,5/23/1988,23/5/1988,1988,24,Arkansas,https://www.basketball-reference.com/players/f/fortsco01.html,fortsco01,1988,24,0
Antonio McDyess,Antonio McDyess,1996,2011,F-C,9-Jun,220,9/7/1974,7/9/1974,1974,37,Alabama,https://www.basketball-reference.com/players/m/mcdyean01.html,mcdyean01,1974,37,15
Courtney Sims,Courtney Sims,2008,2009,C,10-Jun,245,10/21/1983,21/10/1983,1983,26,Michigan,https://www.basketball-reference.com/players/s/simsco01.html,simsco01,1983,26,1
Cozell McQueen,Cozell McQueen,1987,1987,F,11-Jun,235,1/18/1962,18/1/1962,1962,25,NC State,https://www.basketball-reference.com/players/m/mcqueco01.html,mcqueco01,1962,25,0
Craig Brackins,Craig Brackins,2011,2012,F,10-Jun,230,10/9/1987,9/10/1987,1987,25,Iowa State,https://www.basketball-reference.com/players/b/brackcr01.html,brackcr01,1987,25,1
Craig Dill,Craig Dill,1968,1968,C,11-Jun,215,12/17/1944,17/12/1944,1944,24,Michigan,https://www.basketball-reference.com/players/d/dillcr01.html,dillcr01,1944,24,0
Craig Dykema,Craig Dykema,1982,1982,F,8-Jun,190,6/11/1959,11/6/1959,1959,23,Cal State Long Beach,https://www.basketball-reference.com/players/d/dykemcr01.html,dykemcr01,1959,23,0
Bernard King*,Bernard King,1978,1993,F,7-Jun,205,12/4/1956,4/12/1956,1956,37,Tennessee,https://www.basketball-reference.com/players/k/kingbe01.html,kingbe01,1956,37,15
Craig Hodges,Craig Hodges,1983,1992,G,2-Jun,190,6/27/1960,27/6/1960,1960,32,Cal State Long Beach,https://www.basketball-reference.com/players/h/hodgecr01.html,hodgecr01,1960,32,9
Craig Neal,Craig Neal,1989,1991,G,5-Jun,165,2/16/1964,16/2/1964,1964,27,Georgia Tech,https://www.basketball-reference.com/players/n/nealcr01.html,nealcr01,1964,27,2
Craig Porter Jr.,Craig Porter Jr.,2024,2025,G,2-Jun,186,2/26/2000,26/2/2000,2000,25,"Vincennes University, Wichita State",https://www.basketball-reference.com/players/p/portecr01.html,portecr01,2000,25,1
Craig Raymond,Craig Raymond,1969,1973,C,11-Jun,235,4/5/1945,5/4/1945,1945,28,BYU,https://www.basketball-reference.com/players/r/raymocr01.html,raymocr01,1945,28,4
Craig Shelton,Craig Shelton,1981,1982,F,7-Jun,210,5/1/1957,1/5/1957,1957,25,Georgetown,https://www.basketball-reference.com/players/s/sheltcr01.html,sheltcr01,1957,25,1
Craig Smith,Craig Smith,2007,2012,F,7-Jun,250,11/10/1983,10/11/1983,1983,29,Boston College,https://www.basketball-reference.com/players/s/smithcr01.html,smithcr01,1983,29,5
Craig Spitzer,Craig Spitzer,1968,1968,C,Jul-00,225,12/18/1945,18/12/1945,1945,23,Tulane,https://www.basketball-reference.com/players/s/spitzcr01.html,spitzcr01,1945,23,0
Craig Sword,Craig Sword,2022,2022,G,3-Jun,196,1/16/1994,16/1/1994,1994,28,Mississippi State,https://www.basketball-reference.com/players/s/swordcr01.html,swordcr01,1994,28,0
Cristiano Felício,Cristiano Felício,2016,2021,F-C,11-Jun,270,7/7/1992,7/7/1992,1992,29,,https://www.basketball-reference.com/players/f/feliccr01.html,feliccr01,1992,29,5
Cui Yongxi,Cui Yongxi,2025,2025,G,6-Jun,190,5/28/2003,28/5/2003,2003,22,,https://www.basketball-reference.com/players/c/cuiyo01.html,cuiyo01,2003,22,0
Cuonzo Martin,Cuonzo Martin,1996,1997,G-F,5-Jun,213,9/23/1971,23/9/1971,1971,26,Purdue,https://www.basketball-reference.com/players/m/marticu01.html,marticu01,1971,26,1
Curly Armstrong,Curly Armstrong,1949,1951,G-F,11-May,170,11/1/1918,1/11/1918,1918,33,Indiana,https://www.basketball-reference.com/players/a/armstcu01.html,armstcu01,1918,33,2
Curtis Borchardt,Curtis Borchardt,2004,2005,C,Jul-00,240,9/13/1980,13/9/1980,1980,25,Stanford,https://www.basketball-reference.com/players/b/borchcu01.html,borchcu01,1980,25,1
Curtis Kitchen,Curtis Kitchen,1987,1987,F,9-Jun,235,1/30/1964,30/1/1964,1964,23,South Florida,https://www.basketball-reference.com/players/k/kitchcu01.html,kitchcu01,1964,23,0
Curtis Perry,Curtis Perry,1971,1978,F,7-Jun,220,9/13/1948,13/9/1948,1948,30,Missouri State,https://www.basketball-reference.com/players/p/perrycu01.html,perrycu01,1948,30,7
Curtis Rowe,Curtis Rowe,1972,1979,F,7-Jun,225,7/2/1949,2/7/1949,1949,30,UCLA,https://www.basketball-reference.com/players/r/rowecu01.html,rowecu01,1949,30,7
Bill Laimbeer,Bill Laimbeer,1981,1994,C,11-Jun,245,5/19/1957,19/5/1957,1957,37,Notre Dame,https://www.basketball-reference.com/players/l/laimbbi01.html,laimbbi01,1957,37,13
D.C. Wilcutt,D.C. Wilcutt,1949,1950,G,2-Jun,165,3/25/1923,25/3/1923,1923,27,Saint Louis,https://www.basketball-reference.com/players/w/wilcudc01.html,wilcudc01,1923,27,1
Bill Wennington,Bill Wennington,1986,2000,C,Jul-00,245,4/26/1963,26/4/1963,1963,37,St. John's,https://www.basketball-reference.com/players/w/wennibi01.html,wennibi01,1963,37,14
D.J. Carton,D.J. Carton,2024,2025,G,2-Jun,200,8/5/2000,5/8/2000,2000,25,"Ohio State, Marquette",https://www.basketball-reference.com/players/c/cartodj01.html,cartodj01,2000,25,1
D.J. Kennedy,D.J. Kennedy,2012,2012,F,6-Jun,215,11/5/1989,5/11/1989,1989,23,St. John's,https://www.basketball-reference.com/players/k/kennedj01.html,kennedj01,1989,23,0
D.J. Mbenga,D.J. Mbenga,2005,2011,C,Jul-00,245,12/30/1980,30/12/1980,1980,31,,https://www.basketball-reference.com/players/m/mbengdj01.html,mbengdj01,1980,31,6
D.J. Stephens,D.J. Stephens,2014,2019,G-F,5-Jun,188,12/19/1990,19/12/1990,1990,29,Memphis,https://www.basketball-reference.com/players/s/stephdj01.html,stephdj01,1990,29,5
D.J. Strawberry,D.J. Strawberry,2008,2008,G,5-Jun,201,6/15/1985,15/6/1985,1985,23,Maryland,https://www.basketball-reference.com/players/s/strawdj01.html,strawdj01,1985,23,0
D.J. White,D.J. White,2009,2014,F,9-Jun,251,8/31/1986,31/8/1986,1986,28,Indiana,https://www.basketball-reference.com/players/w/whitedj01.html,whitedj01,1986,28,5
D.J. Wilson,D.J. Wilson,2018,2024,F,10-Jun,231,2/19/1996,19/2/1996,1996,28,Michigan,https://www.basketball-reference.com/players/w/wilsodj01.html,wilsodj01,1996,28,6
Dāvis Bertāns,Dāvis Bertāns,2017,2024,F,10-Jun,225,11/12/1992,12/11/1992,1992,32,,https://www.basketball-reference.com/players/b/bertada01.html,bertada01,1992,32,7
Džanan Musa,Džanan Musa,2019,2020,G-F,9-Jun,217,5/8/1999,8/5/1999,1999,21,,https://www.basketball-reference.com/players/m/musadz01.html,musadz01,1999,21,1
Daequan Cook,Daequan Cook,2008,2013,G,5-Jun,205,4/28/1987,28/4/1987,1987,26,Ohio State,https://www.basketball-reference.com/players/c/cookda02.html,cookda02,1987,26,5
Daeqwon Plowden,Daeqwon Plowden,2025,2025,G,6-Jun,215,8/29/1998,29/8/1998,1998,27,Bowling Green,https://www.basketball-reference.com/players/p/plowdda01.html,plowdda01,1998,27,0
Billy Paultz,Billy Paultz,1971,1985,C-F,11-Jun,235,7/30/1948,30/7/1948,1948,37,"Cameron University, St. John's",https://www.basketball-reference.com/players/p/paultbi01.html,paultbi01,1948,37,14
Dairis Bertāns,Dairis Bertāns,2019,2019,G,4-Jun,200,9/9/1989,9/9/1989,1989,30,,https://www.basketball-reference.com/players/b/bertada02.html,bertada02,1989,30,0
Daishen Nix,Daishen Nix,2022,2025,G,5-Jun,224,2/13/2002,13/2/2002,2002,23,,https://www.basketball-reference.com/players/n/nixda01.html,nixda01,2002,23,3
DaJuan Summers,DaJuan Summers,2010,2013,F,8-Jun,230,1/24/1988,24/1/1988,1988,25,Georgetown,https://www.basketball-reference.com/players/s/summeda01.html,summeda01,1988,25,3
Dajuan Wagner,Dajuan Wagner,2003,2007,G,2-Jun,200,2/4/1983,4/2/1983,1983,24,Memphis,https://www.basketball-reference.com/players/w/wagneda02.html,wagneda02,1983,24,4
Dakari Johnson,Dakari Johnson,2018,2018,C,Jul-00,255,9/22/1995,22/9/1995,1995,23,Kentucky,https://www.basketball-reference.com/players/j/johnsda04.html,johnsda04,1995,23,0
Dakota Mathias,Dakota Mathias,2021,2022,G,4-Jun,200,7/11/1995,11/7/1995,1995,27,Purdue,https://www.basketball-reference.com/players/m/mathida01.html,mathida01,1995,27,1
Dalano Banton,Dalano Banton,2022,2025,G-F,9-Jun,204,11/7/1999,7/11/1999,1999,26,Nebraska,https://www.basketball-reference.com/players/b/bantoda01.html,bantoda01,1999,26,3
Bo Outlaw,Bo Outlaw,1994,2008,F,8-Jun,210,4/13/1971,13/4/1971,1971,37,"South Plains College, Houston",https://www.basketball-reference.com/players/o/outlabo01.html,outlabo01,1971,37,14
Brad Davis,Brad Davis,1978,1992,G,3-Jun,180,12/17/1955,17/12/1955,1955,37,Maryland,https://www.basketball-reference.com/players/d/davisbr01.html,davisbr01,1955,37,14
Dale Hamilton,Dale Hamilton,1950,1950,G-F,Jun-00,180,8/16/1919,16/8/1919,1919,31,Franklin College,https://www.basketball-reference.com/players/h/hamilda01.html,hamilda01,1919,31,0
Dale Schlueter,Dale Schlueter,1969,1978,C,10-Jun,225,11/12/1945,12/11/1945,1945,33,Colorado State,https://www.basketball-reference.com/players/s/schluda01.html,schluda01,1945,33,9
Dale Wilkinson,Dale Wilkinson,1985,1985,F,10-Jun,220,3/18/1960,18/3/1960,1960,25,Idaho State University,https://www.basketball-reference.com/players/w/wilkida01.html,wilkida01,1960,25,0
Dalen Terry,Dalen Terry,2023,2025,G,7-Jun,195,7/12/2002,12/7/2002,2002,23,Arizona,https://www.basketball-reference.com/players/t/terryda01.html,terryda01,2002,23,2
Dalibor Bagarić,Dalibor Bagarić,2001,2003,C,1-Jul,255,2/7/1980,7/2/1980,1980,23,,https://www.basketball-reference.com/players/b/bagarda01.html,bagarda01,1980,23,2
Dallas Comegys,Dallas Comegys,1988,1989,F,9-Jun,205,8/17/1964,17/8/1964,1964,25,DePaul,https://www.basketball-reference.com/players/c/comegda01.html,comegda01,1964,25,1
Dallas Thornton,Dallas Thornton,1969,1970,G,4-Jun,190,9/1/1946,1/9/1946,1946,24,Kentucky Wesleyan College,https://www.basketball-reference.com/players/t/thornda01.html,thornda01,1946,24,1
Dalton Knecht,Dalton Knecht,2025,2025,G,6-Jun,215,4/19/2001,19/4/2001,2001,24,"Northeastern Junior College, University of Northern Colorado, Tennessee",https://www.basketball-reference.com/players/k/knechda01.html,knechda01,2001,24,0
Damian Jones,Damian Jones,2017,2024,F-C,11-Jun,245,6/30/1995,30/6/1995,1995,29,Vanderbilt,https://www.basketball-reference.com/players/j/jonesda03.html,jonesda03,1995,29,7
Brian Shaw,Brian Shaw,1989,2003,G,6-Jun,190,3/22/1966,22/3/1966,1966,37,"Saint Mary's, UC Santa Barbara",https://www.basketball-reference.com/players/s/shawbr01.html,shawbr01,1966,37,14
Damien Inglis,Damien Inglis,2016,2016,F,8-Jun,246,5/20/1995,20/5/1995,1995,21,,https://www.basketball-reference.com/players/i/inglida01.html,inglida01,1995,21,0
Brook Lopez,Brook Lopez,2009,2025,C,1-Jul,282,4/1/1988,1/4/1988,1988,37,Stanford,https://www.basketball-reference.com/players/l/lopezbr01.html,lopezbr01,1988,37,16
Damion James,Damion James,2011,2014,G-F,7-Jun,225,10/7/1987,7/10/1987,1987,27,Texas,https://www.basketball-reference.com/players/j/jamesda01.html,jamesda01,1987,27,3
Damion Lee,Damion Lee,2018,2025,G,5-Jun,210,10/21/1992,21/10/1992,1992,33,"Drexel, Louisville",https://www.basketball-reference.com/players/l/leeda03.html,leeda03,1992,33,7
Damir Markota,Damir Markota,2007,2007,C,10-Jun,225,12/26/1985,26/12/1985,1985,22,,https://www.basketball-reference.com/players/m/markoda01.html,markoda01,1985,22,0
Damjan Rudež,Damjan Rudež,2015,2017,F,10-Jun,228,6/17/1986,17/6/1986,1986,31,,https://www.basketball-reference.com/players/r/rudezda01.html,rudezda01,1986,31,2
Damon Jones,Damon Jones,1999,2009,G,3-Jun,185,8/25/1976,25/8/1976,1976,33,Houston,https://www.basketball-reference.com/players/j/jonesda01.html,jonesda01,1976,33,10
Charles Barkley*,Charles Barkley,1985,2000,F,6-Jun,252,2/20/1963,20/2/1963,1963,37,Auburn,https://www.basketball-reference.com/players/b/barklch01.html,barklch01,1963,37,15
Damone Brown,Damone Brown,2002,2005,F,9-Jun,200,6/28/1979,28/6/1979,1979,26,Syracuse,https://www.basketball-reference.com/players/b/brownda02.html,brownda02,1979,26,3
Damyean Dotson,Damyean Dotson,2018,2022,G,5-Jun,210,5/6/1994,6/5/1994,1994,28,"Oregon, Houston",https://www.basketball-reference.com/players/d/dotsoda01.html,dotsoda01,1994,28,4
Dan Anderson,Dan Anderson,1975,1976,G,2-Jun,185,1/1/1951,1/1/1951,1951,25,USC,https://www.basketball-reference.com/players/a/anderda02.html,anderda02,1951,25,1
Dan Anderson,Dan Anderson,1968,1969,C,10-Jun,230,2/15/1943,15/2/1943,1943,26,Augsburg College,https://www.basketball-reference.com/players/a/anderda01.html,anderda01,1943,26,1
Dan Dickau,Dan Dickau,2003,2008,G,Jun-00,190,9/16/1978,16/9/1978,1978,30,"Washington, Gonzaga",https://www.basketball-reference.com/players/d/dickada01.html,dickada01,1978,30,5
Charlie Criss,Charlie Criss,1978,1985,G,8-May,165,11/6/1948,6/11/1948,1948,37,New Mexico State,https://www.basketball-reference.com/players/c/crissch01.html,crissch01,1948,37,7
Dan Godfread,Dan Godfread,1991,1992,C,10-Jun,250,6/14/1967,14/6/1967,1967,25,University of Evansville,https://www.basketball-reference.com/players/g/godfrda01.html,godfrda01,1967,25,1
Dan Hester,Dan Hester,1971,1971,F,8-Jun,210,11/8/1948,8/11/1948,1948,23,"Murray State College, LSU",https://www.basketball-reference.com/players/h/hesteda01.html,hesteda01,1948,23,0
Dahntay Jones,Dahntay Jones,2004,2017,G-F,6-Jun,225,12/27/1980,27/12/1980,1980,37,"Rutgers University, Duke",https://www.basketball-reference.com/players/j/jonesda02.html,jonesda02,1980,37,13
Dan King,Dan King,1955,1955,F,6-Jun,220,1/7/1931,7/1/1931,1931,24,Western Kentucky,https://www.basketball-reference.com/players/k/kingda01.html,kingda01,1931,24,0
Dan Kraus,Dan Kraus,1949,1949,G,Jun-00,195,2/13/1923,13/2/1923,1923,26,Georgetown,https://www.basketball-reference.com/players/k/krausda01.html,krausda01,1923,26,0
Dan Langhi,Dan Langhi,2001,2004,F,11-Jun,220,11/28/1977,28/11/1977,1977,27,Vanderbilt,https://www.basketball-reference.com/players/l/langhda01.html,langhda01,1977,27,3
Dan Issel*,Dan Issel,1971,1985,C-F,9-Jun,235,10/25/1948,25/10/1948,1948,37,Kentucky,https://www.basketball-reference.com/players/i/isselda01.html,isselda01,1948,37,14
Dan McClintock,Dan McClintock,2001,2001,C,Jul-00,270,4/19/1977,19/4/1977,1977,24,Northern Arizona University,https://www.basketball-reference.com/players/m/mcclida01.html,mcclida01,1977,24,0
Dan O'Sullivan,Dan O'Sullivan,1991,1996,C,10-Jun,250,3/3/1968,3/3/1968,1968,28,Fordham,https://www.basketball-reference.com/players/o/osullda01.html,osullda01,1968,28,5
Dan Majerle,Dan Majerle,1989,2002,G-F,6-Jun,215,9/9/1965,9/9/1965,1965,37,Central Michigan University,https://www.basketball-reference.com/players/m/majerda01.html,majerda01,1965,37,13
Dan Sparks,Dan Sparks,1969,1970,F,8-Jun,200,4/17/1945,17/4/1945,1945,25,"Vincennes University, Weber State",https://www.basketball-reference.com/players/s/sparkda01.html,sparkda01,1945,25,1
Dan Swartz,Dan Swartz,1963,1963,F,4-Jun,215,12/23/1934,23/12/1934,1934,29,Morehead State University,https://www.basketball-reference.com/players/s/swartda01.html,swartda01,1934,29,0
Dan Tieman,Dan Tieman,1963,1963,G,Jun-00,185,11/30/1940,30/11/1940,1940,23,Thomas More College,https://www.basketball-reference.com/players/t/tiemada01.html,tiemada01,1940,23,0
Dana Barros,Dana Barros,1990,2004,G,11-May,163,4/13/1967,13/4/1967,1967,37,Boston College,https://www.basketball-reference.com/players/b/barroda01.html,barroda01,1967,37,14
Dana Pagett,Dana Pagett,1972,1972,G,2-Jun,180,3/29/1949,29/3/1949,1949,23,USC,https://www.basketball-reference.com/players/p/pagetda01.html,pagetda01,1949,23,0
Dane Suttle,Dane Suttle,1984,1985,G,3-Jun,190,8/9/1961,9/8/1961,1961,24,Pepperdine,https://www.basketball-reference.com/players/s/suttlda01.html,suttlda01,1961,24,1
D'Angelo Russell,D'Angelo Russell,2016,2025,G,3-Jun,193,2/23/1996,23/2/1996,1996,29,Ohio State,https://www.basketball-reference.com/players/r/russeda01.html,russeda01,1996,29,9
Daniel Ewing,Daniel Ewing,2006,2007,G,3-Jun,185,3/26/1983,26/3/1983,1983,24,Duke,https://www.basketball-reference.com/players/e/ewingda01.html,ewingda01,1983,24,1
Daniel Gafford,Daniel Gafford,2020,2025,C-F,10-Jun,234,10/1/1998,1/10/1998,1998,27,Arkansas,https://www.basketball-reference.com/players/g/gaffoda01.html,gaffoda01,1998,27,5
Daniel Gibson,Daniel Gibson,2007,2013,G,2-Jun,190,2/27/1986,27/2/1986,1986,27,Texas,https://www.basketball-reference.com/players/g/gibsoda01.html,gibsoda01,1986,27,6
Daniel Hamilton,Daniel Hamilton,2018,2019,G-F,7-Jun,195,8/8/1995,8/8/1995,1995,24,UConn,https://www.basketball-reference.com/players/h/hamilda02.html,hamilda02,1995,24,1
Daniel Ochefu,Daniel Ochefu,2017,2017,C,11-Jun,245,12/15/1993,15/12/1993,1993,24,Villanova,https://www.basketball-reference.com/players/o/ochefda01.html,ochefda01,1993,24,0
Daniel Orton,Daniel Orton,2012,2014,C-F,10-Jun,255,8/6/1990,6/8/1990,1990,24,Kentucky,https://www.basketball-reference.com/players/o/ortonda01.html,ortonda01,1990,24,2
Daniel Oturu,Daniel Oturu,2021,2022,F-C,8-Jun,240,9/20/1999,20/9/1999,1999,23,Minnesota,https://www.basketball-reference.com/players/o/oturuda01.html,oturuda01,1999,23,1
Daniel Santiago,Daniel Santiago,2001,2005,C,1-Jul,256,6/24/1976,24/6/1976,1976,29,"New Mexico, Saint Vincent College",https://www.basketball-reference.com/players/s/santida01.html,santida01,1976,29,4
Daniel Theis,Daniel Theis,2018,2025,C,8-Jun,245,4/4/1992,4/4/1992,1992,33,,https://www.basketball-reference.com/players/t/theisda01.html,theisda01,1992,33,7
Danny Ferry,Danny Ferry,1991,2003,F,10-Jun,230,10/17/1966,17/10/1966,1966,37,Duke,https://www.basketball-reference.com/players/f/ferryda01.html,ferryda01,1966,37,12
Daniss Jenkins,Daniss Jenkins,2025,2025,G,3-Jun,165,8/17/2001,17/8/2001,2001,24,"University of the Pacific, Iona College, St. John's",https://www.basketball-reference.com/players/j/jenkida01.html,jenkida01,2001,24,0
Danny Green,Danny Green,2010,2024,G-F,6-Jun,215,6/22/1987,22/6/1987,1987,37,UNC,https://www.basketball-reference.com/players/g/greenda02.html,greenda02,1987,37,14
Danny Doyle,Danny Doyle,1963,1963,F,8-Jun,200,2/6/1940,6/2/1940,1940,23,Belmont Abbey College,https://www.basketball-reference.com/players/d/doyleda01.html,doyleda01,1940,23,0
Danny Manning,Danny Manning,1989,2003,F-C,10-Jun,230,5/17/1966,17/5/1966,1966,37,Kansas,https://www.basketball-reference.com/players/m/mannida01.html,mannida01,1966,37,14
Danny Finn,Danny Finn,1953,1955,G,1-Jun,185,5/29/1928,29/5/1928,1928,27,St. John's,https://www.basketball-reference.com/players/f/finnda01.html,finnda01,1928,27,2
Danny Fortson,Danny Fortson,1998,2007,F,7-Jun,260,3/27/1976,27/3/1976,1976,31,Cincinnati,https://www.basketball-reference.com/players/f/fortsda01.html,fortsda01,1976,31,9
Danny Granger,Danny Granger,2006,2015,F,9-Jun,222,4/20/1983,20/4/1983,1983,32,"Bradley, New Mexico",https://www.basketball-reference.com/players/g/grangda01.html,grangda01,1983,32,9
Darrick Martin,Darrick Martin,1995,2008,G,11-May,170,3/6/1971,6/3/1971,1971,37,UCLA,https://www.basketball-reference.com/players/m/martida01.html,martida01,1971,37,13
David Wesley,David Wesley,1994,2007,G,Jun-00,190,11/14/1970,14/11/1970,1970,37,Baylor,https://www.basketball-reference.com/players/w/wesleda01.html,wesleda01,1970,37,13
DeAndre Jordan,DeAndre Jordan,2009,2025,C,11-Jun,265,7/21/1988,21/7/1988,1988,37,Texas A&M,https://www.basketball-reference.com/players/j/jordade01.html,jordade01,1988,37,16
Danny Vranes,Danny Vranes,1982,1988,F,7-Jun,210,10/29/1958,29/10/1958,1958,30,Utah,https://www.basketball-reference.com/players/v/vraneda01.html,vraneda01,1958,30,6
Danny Wagner,Danny Wagner,1950,1950,G,Jun-00,170,8/1/1922,1/8/1922,1922,28,Texas,https://www.basketball-reference.com/players/w/wagneda01.html,wagneda01,1922,28,0
Danny Young,Danny Young,1985,1995,G,3-Jun,175,7/26/1962,26/7/1962,1962,33,Wake Forest,https://www.basketball-reference.com/players/y/youngda01.html,youngda01,1962,33,10
Dante Cunningham,Dante Cunningham,2010,2019,F,8-Jun,230,4/22/1987,22/4/1987,1987,32,Villanova,https://www.basketball-reference.com/players/c/cunnida01.html,cunnida01,1987,32,9
Dante Exum,Dante Exum,2015,2024,G,5-Jun,214,7/13/1995,13/7/1995,1995,29,,https://www.basketball-reference.com/players/e/exumda01.html,exumda01,1995,29,9
Danuel House Jr.,Danuel House Jr.,2017,2024,G,6-Jun,220,6/7/1993,7/6/1993,1993,31,Texas A&M,https://www.basketball-reference.com/players/h/houseda01.html,houseda01,1993,31,7
DaQuan Jeffries,DaQuan Jeffries,2020,2025,G-F,5-Jun,230,8/30/1997,30/8/1997,1997,28,"Oral Roberts, Tulsa",https://www.basketball-reference.com/players/j/jeffrda01.html,jeffrda01,1997,28,5
Darel Carrier,Darel Carrier,1968,1973,G,3-Jun,185,10/26/1940,26/10/1940,1940,33,Western Kentucky,https://www.basketball-reference.com/players/c/carrida01.html,carrida01,1940,33,5
Darington Hobson,Darington Hobson,2012,2012,G,7-Jun,210,9/29/1987,29/9/1987,1987,25,New Mexico,https://www.basketball-reference.com/players/h/hobsoda01.html,hobsoda01,1987,25,0
Dario Šarić,Dario Šarić,2017,2025,F-C,10-Jun,225,4/8/1994,8/4/1994,1994,31,,https://www.basketball-reference.com/players/s/saricda01.html,saricda01,1994,31,8
Dariq Whitehead,Dariq Whitehead,2024,2025,F,7-Jun,220,8/1/2004,1/8/2004,2004,21,Duke,https://www.basketball-reference.com/players/w/whiteda01.html,whiteda01,2004,21,1
Darius Bazley,Darius Bazley,2020,2024,F,8-Jun,208,6/12/2000,12/6/2000,2000,24,,https://www.basketball-reference.com/players/b/bazleda01.html,bazleda01,2000,24,4
Darius Days,Darius Days,2023,2023,F,7-Jun,245,10/20/1999,20/10/1999,1999,24,LSU,https://www.basketball-reference.com/players/d/daysda01.html,daysda01,1999,24,0
Darius Garland,Darius Garland,2020,2025,G,1-Jun,192,1/26/2000,26/1/2000,2000,25,Vanderbilt,https://www.basketball-reference.com/players/g/garlada01.html,garlada01,2000,25,5
Darius Johnson-Odom,Darius Johnson-Odom,2013,2014,G,2-Jun,215,9/28/1989,28/9/1989,1989,25,Marquette,https://www.basketball-reference.com/players/j/johnsda03.html,johnsda03,1989,25,1
Darius Miles,Darius Miles,2001,2009,F,9-Jun,210,10/9/1981,9/10/1981,1981,28,,https://www.basketball-reference.com/players/m/milesda01.html,milesda01,1981,28,8
Darius Miller,Darius Miller,2013,2021,F,6-Jun,225,3/21/1990,21/3/1990,1990,31,Kentucky,https://www.basketball-reference.com/players/m/milleda01.html,milleda01,1990,31,8
Darius Morris,Darius Morris,2012,2015,G,4-Jun,190,1/3/1991,3/1/1991,1991,24,Michigan,https://www.basketball-reference.com/players/m/morrida01.html,morrida01,1991,24,3
Darius Songaila,Darius Songaila,2004,2011,F,9-Jun,248,2/14/1978,14/2/1978,1978,33,Wake Forest,https://www.basketball-reference.com/players/s/songada01.html,songada01,1978,33,7
Darius Washington,Darius Washington,2008,2008,G,2-Jun,195,12/6/1985,6/12/1985,1985,23,Memphis,https://www.basketball-reference.com/players/w/washida01.html,washida01,1985,23,0
Darko Miličić,Darko Miličić,2004,2013,F-C,Jul-00,250,6/20/1985,20/6/1985,1985,28,,https://www.basketball-reference.com/players/m/milicda01.html,milicda01,1985,28,9
Darnell Hillman,Darnell Hillman,1972,1980,F-C,9-Jun,215,8/29/1949,29/8/1949,1949,31,San Jose State,https://www.basketball-reference.com/players/h/hillmda01.html,hillmda01,1949,31,8
Darnell Jackson,Darnell Jackson,2009,2011,F,9-Jun,253,11/7/1985,7/11/1985,1985,26,Kansas,https://www.basketball-reference.com/players/j/jacksda01.html,jacksda01,1985,26,2
Darnell Mee,Darnell Mee,1994,1995,G,5-Jun,175,2/11/1971,11/2/1971,1971,24,Western Kentucky,https://www.basketball-reference.com/players/m/meeda01.html,meeda01,1971,24,1
Darnell Valentine,Darnell Valentine,1982,1991,G,1-Jun,183,2/3/1959,3/2/1959,1959,32,Kansas,https://www.basketball-reference.com/players/v/valenda01.html,valenda01,1959,32,9
Doug Christie,Doug Christie,1993,2007,G-F,6-Jun,200,5/9/1970,9/5/1970,1970,37,Pepperdine,https://www.basketball-reference.com/players/c/chrisdo01.html,chrisdo01,1970,37,14
Darrel Brown,Darrel Brown,1949,1949,F,2-Jun,175,3/14/1923,14/3/1923,1923,26,Humboldt State University,https://www.basketball-reference.com/players/b/brownda01.html,brownda01,1923,26,0
Darrell Allums,Darrell Allums,1981,1981,F,9-Jun,220,9/12/1958,12/9/1958,1958,23,UCLA,https://www.basketball-reference.com/players/a/allumda01.html,allumda01,1958,23,0
Dwight Howard,Dwight Howard,2005,2022,C,10-Jun,265,12/8/1985,8/12/1985,1985,37,,https://www.basketball-reference.com/players/h/howardw01.html,howardw01,1985,37,17
Darrell Arthur,Darrell Arthur,2009,2018,F,9-Jun,235,3/25/1988,25/3/1988,1988,30,Kansas,https://www.basketball-reference.com/players/a/arthuda01.html,arthuda01,1988,30,9
Darrell Elston,Darrell Elston,1975,1977,G,4-Jun,190,8/15/1952,15/8/1952,1952,25,UNC,https://www.basketball-reference.com/players/e/elstoda01.html,elstoda01,1952,25,2
Darrell Griffith,Darrell Griffith,1981,1991,G,4-Jun,190,6/16/1958,16/6/1958,1958,33,Louisville,https://www.basketball-reference.com/players/g/griffda01.html,griffda01,1958,33,10
Darrell Hardy,Darrell Hardy,1968,1968,F,7-Jun,220,NA,NA,#VALUE!,#VALUE!,Baylor,https://www.basketball-reference.com/players/h/hardyda01.html,hardyda01,NA,#VALUE!,0
Darrell Lockhart,Darrell Lockhart,1984,1984,C,9-Jun,245,9/14/1960,14/9/1960,1960,24,Auburn,https://www.basketball-reference.com/players/l/lockhda01.html,lockhda01,1960,24,0
Darrell Walker,Darrell Walker,1984,1993,G,4-Jun,180,3/9/1961,9/3/1961,1961,32,Arkansas,https://www.basketball-reference.com/players/w/walkeda01.html,walkeda01,1961,32,9
Dwyane Wade*,Dwyane Wade,2004,2019,G,4-Jun,220,1/17/1982,17/1/1982,1982,37,Marquette,https://www.basketball-reference.com/players/w/wadedw01.html,wadedw01,1982,37,15
Darren Daye,Darren Daye,1984,1988,F-G,8-Jun,220,11/30/1960,30/11/1960,1960,28,UCLA,https://www.basketball-reference.com/players/d/dayeda01.html,dayeda01,1960,28,4
Darren Morningstar,Darren Morningstar,1994,1994,C,10-Jun,235,4/22/1969,22/4/1969,1969,25,"United States Naval Academy, Pitt",https://www.basketball-reference.com/players/m/mornida01.html,mornida01,1969,25,0
Darren Tillis,Darren Tillis,1983,1984,C-F,11-Jun,215,2/23/1960,23/2/1960,1960,24,Cleveland State University,https://www.basketball-reference.com/players/t/tillida01.html,tillida01,1960,24,1
Eddie Jones,Eddie Jones,1995,2008,G-F,6-Jun,190,10/20/1971,20/10/1971,1971,37,Temple,https://www.basketball-reference.com/players/j/jonesed02.html,jonesed02,1971,37,13
Darrin Hancock,Darrin Hancock,1995,1997,G-F,7-Jun,205,11/3/1971,3/11/1971,1971,26,Kansas,https://www.basketball-reference.com/players/h/hancoda01.html,hancoda01,1971,26,2
Darrun Hilliard,Darrun Hilliard,2016,2018,G,6-Jun,205,4/13/1993,13/4/1993,1993,25,Villanova,https://www.basketball-reference.com/players/h/hillida01.html,hillida01,1993,25,2
Darryl Dawkins,Darryl Dawkins,1976,1989,C,11-Jun,251,1/11/1957,11/1/1957,1957,32,,https://www.basketball-reference.com/players/d/dawkida01.html,dawkida01,1957,32,13
Darryl Johnson,Darryl Johnson,1996,1996,G,1-Jun,170,10/26/1965,26/10/1965,1965,31,Michigan State,https://www.basketball-reference.com/players/j/johnsda02.html,johnsda02,1965,31,0
Darryl Watkins,Darryl Watkins,2008,2012,C,11-Jun,258,11/8/1984,8/11/1984,1984,28,Syracuse,https://www.basketball-reference.com/players/w/watkida01.html,watkida01,1984,28,4
Darvin Ham,Darvin Ham,1997,2005,F,7-Jun,220,7/23/1973,23/7/1973,1973,32,Texas Tech,https://www.basketball-reference.com/players/h/hamda01.html,hamda01,1973,32,8
Darwin Cook,Darwin Cook,1981,1989,G,3-Jun,184,8/6/1958,6/8/1958,1958,31,University of Portland,https://www.basketball-reference.com/players/c/cookda01.html,cookda01,1958,31,8
Daryl Macon,Daryl Macon,2019,2020,G,2-Jun,185,11/29/1995,29/11/1995,1995,25,Arkansas,https://www.basketball-reference.com/players/m/maconda01.html,maconda01,1995,25,1
Dave Batton,Dave Batton,1983,1984,C,10-Jun,240,3/26/1956,26/3/1956,1956,28,Notre Dame,https://www.basketball-reference.com/players/b/battoda01.html,battoda01,1956,28,1
Elden Campbell,Elden Campbell,1991,2005,C,11-Jun,215,7/23/1968,23/7/1968,1968,37,Clemson,https://www.basketball-reference.com/players/c/campbel01.html,campbel01,1968,37,14
Dave Britton,Dave Britton,1981,1981,G,4-Jun,180,8/29/1958,29/8/1958,1958,23,Texas A&M,https://www.basketball-reference.com/players/b/brittda01.html,brittda01,1958,23,0
Dave Budd,Dave Budd,1961,1965,F,6-Jun,205,10/28/1938,28/10/1938,1938,27,Wake Forest,https://www.basketball-reference.com/players/b/buddda01.html,buddda01,1938,27,4
Elton Brand,Elton Brand,2000,2016,F-C,9-Jun,275,3/11/1979,11/3/1979,1979,37,Duke,https://www.basketball-reference.com/players/b/brandel01.html,brandel01,1979,37,16
Eric Gordon,Eric Gordon,2009,2025,G-F,3-Jun,215,12/25/1988,25/12/1988,1988,37,Indiana,https://www.basketball-reference.com/players/g/gordoer01.html,gordoer01,1988,37,16
Erick Dampier,Erick Dampier,1997,2012,C,11-Jun,265,7/14/1975,14/7/1975,1975,37,Mississippi State,https://www.basketball-reference.com/players/d/dampier01.html,dampier01,1975,37,15
Dave Deutsch,Dave Deutsch,1967,1967,G,1-Jun,170,5/13/1945,13/5/1945,1945,22,University of Rochester,https://www.basketball-reference.com/players/d/deutsda01.html,deutsda01,1945,22,0
Dave Fedor,Dave Fedor,1963,1963,F,6-Jun,190,12/10/1940,10/12/1940,1940,23,Florida State,https://www.basketball-reference.com/players/f/fedorda01.html,fedorda01,1940,23,0
Dave Feitl,Dave Feitl,1987,1992,C,11-Jun,235,6/8/1962,8/6/1962,1962,30,Texas-El Paso,https://www.basketball-reference.com/players/f/feitlda01.html,feitlda01,1962,30,5
Dave Gambee,Dave Gambee,1959,1970,F,6-Jun,215,4/16/1937,16/4/1937,1937,33,Oregon State,https://www.basketball-reference.com/players/g/gambeda01.html,gambeda01,1937,33,11
Fred Roberts,Fred Roberts,1984,1997,F-C,10-Jun,218,8/14/1960,14/8/1960,1960,37,BYU,https://www.basketball-reference.com/players/r/roberfr01.html,roberfr01,1960,37,13
Dave Gunther,Dave Gunther,1963,1963,F,7-Jun,190,7/22/1937,22/7/1937,1937,26,Iowa,https://www.basketball-reference.com/players/g/gunthda01.html,gunthda01,1937,26,0
Dave Henderson,Dave Henderson,1988,1988,G,5-Jun,195,7/21/1964,21/7/1964,1964,24,Duke,https://www.basketball-reference.com/players/h/hendeda01.html,hendeda01,1964,24,0
Dave Hoppen,Dave Hoppen,1988,1993,C-F,11-Jun,235,3/13/1964,13/3/1964,1964,29,Nebraska,https://www.basketball-reference.com/players/h/hoppeda01.html,hoppeda01,1964,29,5
Dave Jamerson,Dave Jamerson,1991,1994,G-F,5-Jun,190,8/13/1967,13/8/1967,1967,27,Ohio University,https://www.basketball-reference.com/players/j/jamerda01.html,jamerda01,1967,27,3
Dave Johnson,Dave Johnson,1993,1994,G-F,7-Jun,210,11/16/1970,16/11/1970,1970,24,Syracuse,https://www.basketball-reference.com/players/j/johnsda01.html,johnsda01,1970,24,1
Dave Lattin,Dave Lattin,1968,1973,F-C,6-Jun,225,12/23/1943,23/12/1943,1943,30,Texas-El Paso,https://www.basketball-reference.com/players/l/lattida01.html,lattida01,1943,30,5
Dave Lee,Dave Lee,1968,1969,F,7-Jun,225,3/31/1942,31/3/1942,1942,27,San Francisco,https://www.basketball-reference.com/players/l/leeda01.html,leeda01,1942,27,1
Dave Magley,Dave Magley,1983,1983,F,8-Jun,202,11/24/1959,24/11/1959,1959,24,Kansas,https://www.basketball-reference.com/players/m/magleda01.html,magleda01,1959,24,0
Dave Meyers,Dave Meyers,1976,1980,F-C,8-Jun,215,4/21/1953,21/4/1953,1953,27,UCLA,https://www.basketball-reference.com/players/m/meyerda01.html,meyerda01,1953,27,4
Dave Minor,Dave Minor,1952,1953,G-F,2-Jun,185,2/23/1922,23/2/1922,1922,31,"Toledo, UCLA",https://www.basketball-reference.com/players/m/minorda01.html,minorda01,1922,31,1
Dave Newmark,Dave Newmark,1969,1971,C,Jul-00,240,9/11/1946,11/9/1946,1946,25,Columbia University,https://www.basketball-reference.com/players/n/newmada01.html,newmada01,1946,25,2
Dave Piontek,Dave Piontek,1957,1963,F-C,6-Jun,230,8/27/1934,27/8/1934,1934,29,Xavier,https://www.basketball-reference.com/players/p/piontda01.html,piontda01,1934,29,6
Dave Popson,Dave Popson,1989,1992,F-C,10-Jun,220,5/17/1964,17/5/1964,1964,28,UNC,https://www.basketball-reference.com/players/p/popsoda01.html,popsoda01,1964,28,3
George Hill,George Hill,2009,2023,G,4-Jun,188,5/4/1986,4/5/1986,1986,37,IUPUI,https://www.basketball-reference.com/players/h/hillge01.html,hillge01,1986,37,14
Dave Schellhase,Dave Schellhase,1967,1968,G,3-Jun,205,10/14/1944,14/10/1944,1944,24,Purdue,https://www.basketball-reference.com/players/s/schelda01.html,schelda01,1944,24,1
Dave Scholz,Dave Scholz,1970,1970,F,8-Jun,220,4/12/1948,12/4/1948,1948,22,Illinois,https://www.basketball-reference.com/players/s/scholda01.html,scholda01,1948,22,0
Dave Sorenson,Dave Sorenson,1971,1973,F,8-Jun,225,7/8/1948,8/7/1948,1948,25,Ohio State,https://www.basketball-reference.com/players/s/sorenda01.html,sorenda01,1948,25,2
Glen Rice,Glen Rice,1990,2004,F,8-Jun,215,5/28/1967,28/5/1967,1967,37,Michigan,https://www.basketball-reference.com/players/r/ricegl01.html,ricegl01,1967,37,14
Dave Twardzik,Dave Twardzik,1973,1980,G,1-Jun,175,9/20/1950,20/9/1950,1950,30,Old Dominion,https://www.basketball-reference.com/players/t/twardda01.html,twardda01,1950,30,7
Dave Wohl,Dave Wohl,1972,1978,G,2-Jun,185,11/2/1949,2/11/1949,1949,29,Penn,https://www.basketball-reference.com/players/w/wohlda01.html,wohlda01,1949,29,6
Dave Zeller,Dave Zeller,1962,1962,G,1-Jun,175,6/8/1939,8/6/1939,1939,23,Miami University,https://www.basketball-reference.com/players/z/zelleda01.html,zelleda01,1939,23,0
David Andersen,David Andersen,2010,2011,C,11-Jun,245,6/23/1980,23/6/1980,1980,31,,https://www.basketball-reference.com/players/a/anderda03.html,anderda03,1980,31,1
David Benoit,David Benoit,1992,2001,F,8-Jun,220,5/9/1968,9/5/1968,1968,33,Alabama,https://www.basketball-reference.com/players/b/benoida01.html,benoida01,1968,33,9
David Burns,David Burns,1982,1982,G,2-Jun,180,7/3/1958,3/7/1958,1958,24,Saint Louis,https://www.basketball-reference.com/players/b/burnsda01.html,burnsda01,1958,24,0
David Bustion,David Bustion,1973,1973,F,8-Jun,215,8/30/1949,30/8/1949,1949,24,"Northeastern Junior College, Denver",https://www.basketball-reference.com/players/b/bustida01.html,bustida01,1949,24,0
David Cooke,David Cooke,1986,1986,F,8-Jun,230,9/27/1963,27/9/1963,1963,23,Saint Mary's,https://www.basketball-reference.com/players/c/cookeda01.html,cookeda01,1963,23,0
David Duke Jr.,David Duke Jr.,2022,2025,G,5-Jun,205,10/13/1999,13/10/1999,1999,26,Providence,https://www.basketball-reference.com/players/d/dukeda01.html,dukeda01,1999,26,3
David Harrison,David Harrison,2005,2008,C,Jul-00,280,8/15/1982,15/8/1982,1982,26,Colorado,https://www.basketball-reference.com/players/h/harrida01.html,harrida01,1982,26,3
David Johnson,David Johnson,2022,2022,G,5-Jun,210,2/26/2001,26/2/2001,2001,21,Louisville,https://www.basketball-reference.com/players/j/johnsda08.html,johnsda08,2001,21,0
Goran Dragić,Goran Dragić,2009,2023,G,4-Jun,190,5/6/1986,6/5/1986,1986,37,,https://www.basketball-reference.com/players/d/dragigo01.html,dragigo01,1986,37,14
David Noel,David Noel,2007,2007,F,6-Jun,230,2/27/1984,27/2/1984,1984,23,UNC,https://www.basketball-reference.com/players/n/noelda01.html,noelda01,1984,23,0
David Nwaba,David Nwaba,2017,2022,G,5-Jun,219,1/14/1993,14/1/1993,1993,29,Cal Poly,https://www.basketball-reference.com/players/n/nwabada01.html,nwabada01,1993,29,5
David Pope,David Pope,1985,1986,F,7-Jun,220,4/15/1962,15/4/1962,1962,24,Norfolk State,https://www.basketball-reference.com/players/p/popeda01.html,popeda01,1962,24,1
David Rivers,David Rivers,1989,1992,G,Jun-00,170,1/20/1965,20/1/1965,1965,27,Notre Dame,https://www.basketball-reference.com/players/r/riverda01.html,riverda01,1965,27,3
Grant Long,Grant Long,1989,2003,F,8-Jun,225,3/12/1966,12/3/1966,1966,37,Eastern Michigan,https://www.basketball-reference.com/players/l/longgr01.html,longgr01,1966,37,14
David Roddy,David Roddy,2023,2025,F,4-Jun,255,3/27/2001,27/3/2001,2001,24,Colorado State,https://www.basketball-reference.com/players/r/roddyda01.html,roddyda01,2001,24,2
David Stockton,David Stockton,2015,2018,G,11-May,165,6/24/1991,24/6/1991,1991,27,Gonzaga,https://www.basketball-reference.com/players/s/stockda01.html,stockda01,1991,27,3
David Thirdkill,David Thirdkill,1983,1987,F-G,7-Jun,195,4/12/1960,12/4/1960,1960,27,Bradley,https://www.basketball-reference.com/players/t/thirdda01.html,thirdda01,1960,27,4
David Thompson*,David Thompson,1976,1984,G-F,4-Jun,195,7/13/1954,13/7/1954,1954,30,NC State,https://www.basketball-reference.com/players/t/thompda01.html,thompda01,1954,30,8
David Vanterpool,David Vanterpool,2001,2001,G,5-Jun,200,3/31/1973,31/3/1973,1973,28,St. Bonaventure,https://www.basketball-reference.com/players/v/vanteda01.html,vanteda01,1973,28,0
David Vaughn,David Vaughn,1975,1976,C,11-Jun,220,6/4/1952,4/6/1952,1952,24,Oral Roberts,https://www.basketball-reference.com/players/v/vaughda01.html,vaughda01,1952,24,1
David Vaughn,David Vaughn,1996,1999,F,9-Jun,240,3/23/1973,23/3/1973,1973,26,Memphis,https://www.basketball-reference.com/players/v/vaughda02.html,vaughda02,1973,26,3
David Wear,David Wear,2015,2015,F,10-Jun,230,9/21/1990,21/9/1990,1990,25,"UNC, UCLA",https://www.basketball-reference.com/players/w/wearda01.html,wearda01,1990,25,0
Hal Greer*,Hal Greer,1959,1973,G-F,2-Jun,175,6/26/1936,26/6/1936,1936,37,Marshall,https://www.basketball-reference.com/players/g/greerha01.html,greerha01,1936,37,14
Hot Rod Williams,Hot Rod Williams,1987,1999,F-C,11-Jun,215,8/9/1962,9/8/1962,1962,37,Tulane,https://www.basketball-reference.com/players/w/williho01.html,williho01,1962,37,12
James Jones,James Jones,2004,2017,F-G,8-Jun,218,10/4/1980,4/10/1980,1980,37,Miami (FL),https://www.basketball-reference.com/players/j/jonesja02.html,jonesja02,1980,37,13
David Wood,David Wood,1989,1997,F,9-Jun,227,11/30/1964,30/11/1964,1964,33,Nevada,https://www.basketball-reference.com/players/w/woodda01.html,woodda01,1964,33,8
Davion Mitchell,Davion Mitchell,2022,2025,G,2-Jun,205,9/5/1998,5/9/1998,1998,27,"Auburn, Baylor",https://www.basketball-reference.com/players/m/mitchda01.html,mitchda01,1998,27,3
Davon Reed,Davon Reed,2018,2023,G,5-Jun,208,6/11/1995,11/6/1995,1995,28,Miami (FL),https://www.basketball-reference.com/players/r/reedda01.html,reedda01,1995,28,5
Day'Ron Sharpe,Day'Ron Sharpe,2022,2025,C,11-Jun,265,11/6/2001,6/11/2001,2001,24,UNC,https://www.basketball-reference.com/players/s/sharpda01.html,sharpda01,2001,24,3
De'Aaron Fox,De'Aaron Fox,2018,2025,G,3-Jun,185,12/20/1997,20/12/1997,1997,28,Kentucky,https://www.basketball-reference.com/players/f/foxde01.html,foxde01,1997,28,7
Jeff Hornacek,Jeff Hornacek,1987,2000,G,4-Jun,190,5/3/1963,3/5/1963,1963,37,Iowa State,https://www.basketball-reference.com/players/h/hornaje01.html,hornaje01,1963,37,13
Dean Meminger,Dean Meminger,1972,1977,G,Jun-00,175,5/13/1948,13/5/1948,1948,29,Marquette,https://www.basketball-reference.com/players/m/meminde01.html,meminde01,1948,29,5
Dean Oliver,Dean Oliver,2002,2003,G,11-May,180,11/5/1978,5/11/1978,1978,25,Iowa,https://www.basketball-reference.com/players/o/olivede01.html,olivede01,1978,25,1
Dean Tolson,Dean Tolson,1975,1978,F,8-Jun,190,11/25/1951,25/11/1951,1951,27,Arkansas,https://www.basketball-reference.com/players/t/tolsode01.html,tolsode01,1951,27,3
Dean Wade,Dean Wade,2020,2025,F,9-Jun,228,11/20/1996,20/11/1996,1996,29,Kansas State,https://www.basketball-reference.com/players/w/wadede01.html,wadede01,1996,29,5
Deandre Ayton,Deandre Ayton,2019,2025,C,Jul-00,250,7/23/1998,23/7/1998,1998,27,Arizona,https://www.basketball-reference.com/players/a/aytonde01.html,aytonde01,1998,27,6
DeAndre' Bembry,DeAndre' Bembry,2017,2022,F,5-Jun,210,7/4/1994,4/7/1994,1994,28,Saint Joseph's,https://www.basketball-reference.com/players/b/bembrde01.html,bembrde01,1994,28,5
De'Andre Hunter,De'Andre Hunter,2020,2025,F,8-Jun,225,12/2/1997,2/12/1997,1997,28,Virginia,https://www.basketball-reference.com/players/h/huntede01.html,huntede01,1997,28,5
JJ Redick,JJ Redick,2007,2021,G,3-Jun,200,6/24/1984,24/6/1984,1984,37,Duke,https://www.basketball-reference.com/players/r/redicjj01.html,redicjj01,1984,37,14
DeAndre Liggins,DeAndre Liggins,2012,2018,G,6-Jun,209,3/31/1988,31/3/1988,1988,30,Kentucky,https://www.basketball-reference.com/players/l/liggide01.html,liggide01,1988,30,6
De'Anthony Melton,De'Anthony Melton,2019,2025,G,2-Jun,200,5/28/1998,28/5/1998,1998,27,USC,https://www.basketball-reference.com/players/m/meltode01.html,meltode01,1998,27,6
Deb Smith,Deb Smith,1947,1947,F,3-Jun,180,1/7/1920,7/1/1920,1920,27,Utah,https://www.basketball-reference.com/players/s/smithde01.html,smithde01,1920,27,0
Dedric Willoughby,Dedric Willoughby,2000,2000,G-F,3-Jun,180,5/27/1974,27/5/1974,1974,26,"New Orleans, Iowa State",https://www.basketball-reference.com/players/w/willode01.html,willode01,1974,26,0
Dee Brown,Dee Brown,2007,2009,G,Jun-00,185,8/17/1984,17/8/1984,1984,25,Illinois,https://www.basketball-reference.com/players/b/brownde03.html,brownde03,1984,25,2
John Lucas,John Lucas,1977,1990,G,3-Jun,175,10/31/1953,31/10/1953,1953,37,Maryland,https://www.basketball-reference.com/players/l/lucasjo01.html,lucasjo01,1953,37,13
Dee Gibson,Dee Gibson,1950,1950,F-G,11-May,175,8/25/1923,25/8/1923,1923,27,Western Kentucky,https://www.basketball-reference.com/players/g/gibsode01.html,gibsode01,1923,27,0
Deividas Sirvydis,Deividas Sirvydis,2021,2022,G-F,8-Jun,190,6/10/2000,10/6/2000,2000,22,,https://www.basketball-reference.com/players/s/sirvyde01.html,sirvyde01,2000,22,1
DeJon Jarreau,DeJon Jarreau,2022,2024,G,5-Jun,185,1/23/1998,23/1/1998,1998,26,"UMass, Houston",https://www.basketball-reference.com/players/j/jarrede01.html,jarrede01,1998,26,2
Dejounte Murray,Dejounte Murray,2017,2025,G,5-Jun,180,9/19/1996,19/9/1996,1996,29,Washington,https://www.basketball-reference.com/players/m/murrade01.html,murrade01,1996,29,8
DeJuan Blair,DeJuan Blair,2010,2016,F-C,7-Jun,270,4/22/1989,22/4/1989,1989,27,Pitt,https://www.basketball-reference.com/players/b/blairde01.html,blairde01,1989,27,6
DeJuan Wheat,DeJuan Wheat,1998,1999,G,Jun-00,165,10/14/1973,14/10/1973,1973,26,Louisville,https://www.basketball-reference.com/players/w/wheatde01.html,wheatde01,1973,26,1
Del Beshore,Del Beshore,1979,1980,G,11-May,165,11/29/1956,29/11/1956,1956,24,California University of Pennslyvania,https://www.basketball-reference.com/players/b/beshode01.html,beshode01,1956,24,1
Delaney Rudd,Delaney Rudd,1990,1993,G,2-Jun,180,11/8/1962,8/11/1962,1962,31,Wake Forest,https://www.basketball-reference.com/players/r/ruddde01.html,ruddde01,1962,31,3
John Starks,John Starks,1989,2002,G,5-Jun,180,8/10/1965,10/8/1965,1965,37,"Northern Oklahoma College, Oklahoma Junior College, Oklahoma State",https://www.basketball-reference.com/players/s/starkjo01.html,starkjo01,1965,37,13
Dell Demps,Dell Demps,1994,1997,G,3-Jun,205,2/12/1970,12/2/1970,1970,27,University of the Pacific,https://www.basketball-reference.com/players/d/dempsde01.html,dempsde01,1970,27,3
Delon Wright,Delon Wright,2016,2025,G,5-Jun,185,4/26/1992,26/4/1992,1992,33,Utah,https://www.basketball-reference.com/players/w/wrighde01.html,wrighde01,1992,33,9
Delonte West,Delonte West,2005,2012,G,4-Jun,180,7/26/1983,26/7/1983,1983,29,Saint Joseph's,https://www.basketball-reference.com/players/w/westde01.html,westde01,1983,29,7
Jon Barry,Jon Barry,1993,2006,G,4-Jun,195,7/25/1969,25/7/1969,1969,37,"University of the Pacific, Georgia Tech",https://www.basketball-reference.com/players/b/barryjo01.html,barryjo01,1969,37,13
DeMarco Johnson,DeMarco Johnson,2000,2000,F,9-Jun,245,10/6/1975,6/10/1975,1975,25,UNC Charlotte,https://www.basketball-reference.com/players/j/johnsde02.html,johnsde02,1975,25,0
DeMarcus Cousins,DeMarcus Cousins,2011,2022,C-F,10-Jun,270,8/13/1990,13/8/1990,1990,32,Kentucky,https://www.basketball-reference.com/players/c/couside01.html,couside01,1990,32,11
DeMarcus Nelson,DeMarcus Nelson,2009,2009,G,4-Jun,200,11/2/1985,2/11/1985,1985,24,Duke,https://www.basketball-reference.com/players/n/nelsode01.html,nelsode01,1985,24,0
Julius Erving*,Julius Erving,1972,1987,F-G,7-Jun,210,2/22/1950,22/2/1950,1950,37,UMass,https://www.basketball-reference.com/players/e/ervinju01.html,ervinju01,1950,37,15
Demetris Nichols,Demetris Nichols,2008,2009,F,8-Jun,216,9/4/1984,4/9/1984,1984,25,Syracuse,https://www.basketball-reference.com/players/n/nichode01.html,nichode01,1984,25,1
Demetrius Calip,Demetrius Calip,1992,1992,G,1-Jun,165,11/18/1969,18/11/1969,1969,23,Michigan,https://www.basketball-reference.com/players/c/calipde01.html,calipde01,1969,23,0
Demetrius Jackson,Demetrius Jackson,2017,2019,G,1-Jun,201,9/7/1994,7/9/1994,1994,25,Notre Dame,https://www.basketball-reference.com/players/j/jacksde01.html,jacksde01,1994,25,2
Deng Adel,Deng Adel,2019,2019,F,7-Jun,200,2/1/1997,1/2/1997,1997,22,Louisville,https://www.basketball-reference.com/players/a/adelde01.html,adelde01,1997,22,0
Deng Gai,Deng Gai,2006,2006,F,9-Jun,250,3/22/1982,22/3/1982,1982,24,Fairfield,https://www.basketball-reference.com/players/g/gaide01.html,gaide01,1982,24,0
Deni Avdija,Deni Avdija,2021,2025,G-F,9-Jun,210,1/3/2001,3/1/2001,2001,24,,https://www.basketball-reference.com/players/a/avdijde01.html,avdijde01,2001,24,4
Kendall Gill,Kendall Gill,1991,2005,G,5-Jun,195,5/25/1968,25/5/1968,1968,37,Illinois,https://www.basketball-reference.com/players/g/gillke01.html,gillke01,1968,37,14
Dennis Bell,Dennis Bell,1974,1976,F,5-Jun,185,6/2/1951,2/6/1951,1951,25,Drake University,https://www.basketball-reference.com/players/b/bellde01.html,bellde01,1951,25,2
Dennis Boyd,Dennis Boyd,1979,1979,G,1-Jun,175,5/21/1954,21/5/1954,1954,25,Detroit Mercy,https://www.basketball-reference.com/players/b/boydde01.html,boydde01,1954,25,0
Dennis DuVal,Dennis DuVal,1975,1976,G,3-Jun,175,3/31/1952,31/3/1952,1952,24,Syracuse,https://www.basketball-reference.com/players/d/duvalde01.html,duvalde01,1952,24,1
Dennis Grey,Dennis Grey,1969,1970,C-F,8-Jun,215,8/26/1947,26/8/1947,1947,23,California Western Uiversity,https://www.basketball-reference.com/players/g/greyde01.html,greyde01,1947,23,1
Dennis Hamilton,Dennis Hamilton,1968,1971,F,8-Jun,210,5/8/1944,8/5/1944,1944,27,Arizona State,https://www.basketball-reference.com/players/h/hamilde01.html,hamilde01,1944,27,3
Dennis Holman,Dennis Holman,1968,1968,G,3-Jun,175,10/8/1945,8/10/1945,1945,23,SMU,https://www.basketball-reference.com/players/h/holmade01.html,holmade01,1945,23,0
Dennis Hopson,Dennis Hopson,1988,1992,G-F,5-Jun,200,4/22/1965,22/4/1965,1965,27,Ohio State,https://www.basketball-reference.com/players/h/hopsode01.html,hopsode01,1965,27,4
Dennis Horner,Dennis Horner,2012,2012,F,9-Jun,230,2/5/1988,5/2/1988,1988,24,NC State,https://www.basketball-reference.com/players/h/hornede01.html,hornede01,1988,24,0
Kermit Washington,Kermit Washington,1974,1988,F-C,8-Jun,230,9/17/1951,17/9/1951,1951,37,American University,https://www.basketball-reference.com/players/w/washike01.html,washike01,1951,37,14
Dennis Nutt,Dennis Nutt,1987,1987,G,2-Jun,170,3/25/1963,25/3/1963,1963,24,TCU,https://www.basketball-reference.com/players/n/nuttde01.html,nuttde01,1963,24,0
Kevin Durant,Kevin Durant,2008,2025,F-G,11-Jun,240,9/29/1988,29/9/1988,1988,37,Texas,https://www.basketball-reference.com/players/d/duranke01.html,duranke01,1988,37,17
Dennis Schröder,Dennis Schröder,2014,2025,G,1-Jun,172,9/15/1993,15/9/1993,1993,32,,https://www.basketball-reference.com/players/s/schrode01.html,schrode01,1993,32,11
Dennis Scott,Dennis Scott,1991,2000,F,8-Jun,229,9/5/1968,5/9/1968,1968,32,Georgia Tech,https://www.basketball-reference.com/players/s/scottde01.html,scottde01,1968,32,9
Dennis Smith Jr.,Dennis Smith Jr.,2018,2024,G,2-Jun,205,11/25/1997,25/11/1997,1997,27,NC State,https://www.basketball-reference.com/players/s/smithde03.html,smithde03,1997,27,6
Dennis Stewart,Dennis Stewart,1971,1971,F,6-Jun,220,4/11/1947,11/4/1947,1947,24,Michigan,https://www.basketball-reference.com/players/s/stewade01.html,stewade01,1947,24,0
Dennis Van Zant,Dennis Van Zant,1976,1976,F,9-Jun,210,6/1/1952,1/6/1952,1952,24,Azusa Pacific University,https://www.basketball-reference.com/players/v/vanzade01.html,vanzade01,1952,24,0
Dennis Wuycik,Dennis Wuycik,1973,1975,F,6-Jun,215,3/29/1950,29/3/1950,1950,25,UNC,https://www.basketball-reference.com/players/w/wuycide01.html,wuycide01,1950,25,2
Denzel Valentine,Denzel Valentine,2017,2022,G,4-Jun,220,11/16/1993,16/11/1993,1993,29,Michigan State,https://www.basketball-reference.com/players/v/valende01.html,valende01,1993,29,5
Deonte Burton,Deonte Burton,2019,2023,G,4-Jun,240,1/31/1994,31/1/1994,1994,29,"Marquette, Iowa State",https://www.basketball-reference.com/players/b/burtode02.html,burtode02,1994,29,4
DeQuan Jones,DeQuan Jones,2013,2013,F,8-Jun,221,6/20/1990,20/6/1990,1990,23,Miami (FL),https://www.basketball-reference.com/players/j/jonesde01.html,jonesde01,1990,23,0
Dereck Lively II,Dereck Lively II,2024,2025,C,1-Jul,230,2/12/2004,12/2/2004,2004,21,Duke,https://www.basketball-reference.com/players/l/livelde01.html,livelde01,2004,21,1
Kevin Love,Kevin Love,2009,2025,F-C,8-Jun,251,9/7/1988,7/9/1988,1988,37,UCLA,https://www.basketball-reference.com/players/l/loveke01.html,loveke01,1988,37,16
Kurt Rambis,Kurt Rambis,1982,1995,F,8-Jun,213,2/25/1958,25/2/1958,1958,37,Santa Clara,https://www.basketball-reference.com/players/r/rambiku01.html,rambiku01,1958,37,13
Derek Grimm,Derek Grimm,1998,1998,F,9-Jun,230,8/3/1974,3/8/1974,1974,24,Missouri,https://www.basketball-reference.com/players/g/grimmde01.html,grimmde01,1974,24,0
LaMarcus Aldridge,LaMarcus Aldridge,2007,2022,F-C,11-Jun,250,7/19/1985,19/7/1985,1985,37,Texas,https://www.basketball-reference.com/players/a/aldrila01.html,aldrila01,1985,37,15
Derek Hood,Derek Hood,2000,2000,F,8-Jun,222,12/22/1976,22/12/1976,1976,24,Arkansas,https://www.basketball-reference.com/players/h/hoodde01.html,hoodde01,1976,24,0
Derek Smith,Derek Smith,1983,1991,G-F,6-Jun,205,11/1/1961,1/11/1961,1961,30,Louisville,https://www.basketball-reference.com/players/s/smithde02.html,smithde02,1961,30,8
Derek Strong,Derek Strong,1992,2001,F,8-Jun,220,2/9/1968,9/2/1968,1968,33,Xavier,https://www.basketball-reference.com/players/s/stronde01.html,stronde01,1968,33,9
Dereon Seabron,Dereon Seabron,2023,2024,G,7-Jun,180,5/26/2000,26/5/2000,2000,24,NC State,https://www.basketball-reference.com/players/s/seabrde01.html,seabrde01,2000,24,1
DerMarr Johnson,DerMarr Johnson,2001,2008,F,9-Jun,201,5/5/1980,5/5/1980,1980,28,Cincinnati,https://www.basketball-reference.com/players/j/johnsde03.html,johnsde03,1980,28,7
Dermie O'Connell,Dermie O'Connell,1949,1950,G,Jun-00,174,4/13/1928,13/4/1928,1928,22,Holy Cross,https://www.basketball-reference.com/players/o/oconnde01.html,oconnde01,1928,22,1
Deron Williams,Deron Williams,2006,2017,G,3-Jun,200,6/26/1984,26/6/1984,1984,33,Illinois,https://www.basketball-reference.com/players/w/willide01.html,willide01,1984,33,11
Derrek Dickey,Derrek Dickey,1974,1978,F,7-Jun,218,3/20/1951,20/3/1951,1951,27,Cincinnati,https://www.basketball-reference.com/players/d/dickede01.html,dickede01,1951,27,4
Derrick Alston,Derrick Alston,1995,1997,F,11-Jun,225,8/20/1972,20/8/1972,1972,25,Duquesne,https://www.basketball-reference.com/players/a/alstode01.html,alstode01,1972,25,2
Derrick Brown,Derrick Brown,2010,2012,F,7-Jun,225,9/8/1987,8/9/1987,1987,25,Xavier,https://www.basketball-reference.com/players/b/brownde04.html,brownde04,1987,25,2
Derrick Byars,Derrick Byars,2012,2012,F,7-Jun,220,4/25/1984,25/4/1984,1984,28,"Virginia, Vanderbilt",https://www.basketball-reference.com/players/b/byarsde01.html,byarsde01,1984,28,0
Derrick Caracter,Derrick Caracter,2011,2011,F,9-Jun,275,5/4/1988,4/5/1988,1988,23,"Louisville, Texas-El Paso",https://www.basketball-reference.com/players/c/caracde01.html,caracde01,1988,23,0
Derrick Chievous,Derrick Chievous,1989,1991,F,7-Jun,195,7/3/1967,3/7/1967,1967,24,Missouri,https://www.basketball-reference.com/players/c/chievde01.html,chievde01,1967,24,2
Larry Costello*,Larry Costello,1955,1968,G,1-Jun,186,7/2/1931,2/7/1931,1931,37,Niagara University,https://www.basketball-reference.com/players/c/costela01.html,costela01,1931,37,13
Derrick Dial,Derrick Dial,2000,2004,G,4-Jun,184,12/20/1975,20/12/1975,1975,29,Eastern Michigan,https://www.basketball-reference.com/players/d/dialde01.html,dialde01,1975,29,4
Derrick Favors,Derrick Favors,2011,2022,F-C,9-Jun,265,7/15/1991,15/7/1991,1991,31,Georgia Tech,https://www.basketball-reference.com/players/f/favorde01.html,favorde01,1991,31,11
Derrick Gervin,Derrick Gervin,1990,1991,F,8-Jun,200,3/28/1963,28/3/1963,1963,28,Texas-San Antonio,https://www.basketball-reference.com/players/g/gervide01.html,gervide01,1963,28,1
Derrick Jones Jr.,Derrick Jones Jr.,2017,2025,F,5-Jun,210,2/15/1997,15/2/1997,1997,28,UNLV,https://www.basketball-reference.com/players/j/jonesde02.html,jonesde02,1997,28,8
Luis Scola,Luis Scola,2008,2017,F,9-Jun,240,4/30/1980,30/4/1980,1980,37,,https://www.basketball-reference.com/players/s/scolalu01.html,scolalu01,1980,37,9
Derrick Phelps,Derrick Phelps,1995,1995,G,4-Jun,181,7/31/1972,31/7/1972,1972,23,UNC,https://www.basketball-reference.com/players/p/phelpde01.html,phelpde01,1972,23,0
Magic Johnson*,Magic Johnson,1980,1996,G-F,9-Jun,215,8/14/1959,14/8/1959,1959,37,Michigan State,https://www.basketball-reference.com/players/j/johnsma02.html,johnsma02,1959,37,16
Derrick Rowland,Derrick Rowland,1986,1986,G,5-Jun,195,6/21/1959,21/6/1959,1959,27,State University of New York at Potsdam,https://www.basketball-reference.com/players/r/rowlade01.html,rowlade01,1959,27,0
Derrick Walton,Derrick Walton,2018,2022,G,Jun-00,189,4/3/1995,3/4/1995,1995,27,Michigan,https://www.basketball-reference.com/players/w/waltode01.html,waltode01,1995,27,4
Derrick White,Derrick White,2018,2025,G,4-Jun,190,7/2/1994,2/7/1994,1994,31,"Colorado-Colorado Springs, Colorado",https://www.basketball-reference.com/players/w/whitede01.html,whitede01,1994,31,7
Derrick Williams,Derrick Williams,2012,2018,F,8-Jun,240,5/25/1991,25/5/1991,1991,27,Arizona,https://www.basketball-reference.com/players/w/willide02.html,willide02,1991,27,6
Derrick Zimmerman,Derrick Zimmerman,2006,2006,G,3-Jun,195,12/2/1981,2/12/1981,1981,25,Mississippi State,https://www.basketball-reference.com/players/z/zimmede01.html,zimmede01,1981,25,0
DeSagana Diop,DeSagana Diop,2002,2013,C,Jul-00,300,1/30/1982,30/1/1982,1982,31,,https://www.basketball-reference.com/players/d/diopde01.html,diopde01,1982,31,11
DeShawn Stevenson,DeShawn Stevenson,2001,2013,G,5-Jun,210,4/3/1981,3/4/1981,1981,32,,https://www.basketball-reference.com/players/s/stevede01.html,stevede01,1981,32,12
Desmon Farmer,Desmon Farmer,2007,2009,G,5-Jun,220,10/7/1981,7/10/1981,1981,28,USC,https://www.basketball-reference.com/players/f/farmede01.html,farmede01,1981,28,2
Desmond Bane,Desmond Bane,2021,2025,G,5-Jun,215,6/25/1998,25/6/1998,1998,27,TCU,https://www.basketball-reference.com/players/b/banede01.html,banede01,1998,27,4
Desmond Ferguson,Desmond Ferguson,2004,2004,G-F,7-Jun,203,7/22/1977,22/7/1977,1977,27,"Missouri, Detroit Mercy",https://www.basketball-reference.com/players/f/fergude01.html,fergude01,1977,27,0
Desmond Mason,Desmond Mason,2001,2010,F,7-Jun,224,10/11/1977,11/10/1977,1977,33,Oklahoma State,https://www.basketball-reference.com/players/m/masonde01.html,masonde01,1977,33,9
Desmond Penigar,Desmond Penigar,2004,2004,F,7-Jun,245,7/16/1981,16/7/1981,1981,23,Utah State University,https://www.basketball-reference.com/players/p/penigde01.html,penigde01,1981,23,0
Matt Barnes,Matt Barnes,2004,2017,F,7-Jun,226,3/9/1980,9/3/1980,1980,37,UCLA,https://www.basketball-reference.com/players/b/barnema02.html,barnema02,1980,37,13
DeVaughn Akoon-Purcell,DeVaughn Akoon-Purcell,2019,2019,G,6-Jun,200,6/5/1993,5/6/1993,1993,26,Illinois State,https://www.basketball-reference.com/players/a/akoonde01.html,akoonde01,1993,26,0
Devean George,Devean George,2000,2010,G-F,8-Jun,220,8/29/1977,29/8/1977,1977,33,Augsburg College,https://www.basketball-reference.com/players/g/georgde01.html,georgde01,1977,33,10
Devin Booker,Devin Booker,2016,2025,G,6-Jun,206,10/30/1996,30/10/1996,1996,29,Kentucky,https://www.basketball-reference.com/players/b/bookede01.html,bookede01,1996,29,9
Devin Brown,Devin Brown,2003,2010,G,5-Jun,220,12/30/1978,30/12/1978,1978,32,Texas-San Antonio,https://www.basketball-reference.com/players/b/brownde02.html,brownde02,1978,32,7
Devin Cannady,Devin Cannady,2021,2022,G,2-Jun,183,5/21/1996,21/5/1996,1996,26,Princeton,https://www.basketball-reference.com/players/c/cannade01.html,cannade01,1996,26,1
Devin Carter,Devin Carter,2025,2025,G,2-Jun,195,3/18/2002,18/3/2002,2002,23,"South Carolina, Providence",https://www.basketball-reference.com/players/c/cartede02.html,cartede02,2002,23,0
Devin Durrant,Devin Durrant,1985,1986,F,7-Jun,200,10/20/1960,20/10/1960,1960,26,BYU,https://www.basketball-reference.com/players/d/durrade01.html,durrade01,1960,26,1
Devin Ebanks,Devin Ebanks,2011,2013,F,9-Jun,215,10/28/1989,28/10/1989,1989,24,West Virginia,https://www.basketball-reference.com/players/e/ebankde01.html,ebankde01,1989,24,2
Devin Gray,Devin Gray,1997,2000,F,7-Jun,240,5/31/1972,31/5/1972,1972,28,Clemson,https://www.basketball-reference.com/players/g/grayde01.html,grayde01,1972,28,3
Devin Green,Devin Green,2006,2006,G,7-Jun,210,10/25/1982,25/10/1982,1982,24,Hampton,https://www.basketball-reference.com/players/g/greende01.html,greende01,1982,24,0
Maurice Cheeks*,Maurice Cheeks,1979,1993,G,1-Jun,180,9/8/1956,8/9/1956,1956,37,West Texas A&M University,https://www.basketball-reference.com/players/c/cheekma01.html,cheekma01,1956,37,14
Devin Robinson,Devin Robinson,2018,2019,F,8-Jun,200,3/7/1995,7/3/1995,1995,24,Florida,https://www.basketball-reference.com/players/r/robinde01.html,robinde01,1995,24,1
Devin Vassell,Devin Vassell,2021,2025,G-F,5-Jun,200,8/23/2000,23/8/2000,2000,25,Florida State,https://www.basketball-reference.com/players/v/vassede01.html,vassede01,2000,25,4
Devon Dotson,Devon Dotson,2021,2023,G,2-Jun,185,8/2/1999,2/8/1999,1999,24,Kansas,https://www.basketball-reference.com/players/d/dotsode01.html,dotsode01,1999,24,2
Devon Hall,Devon Hall,2020,2020,G,2-Jun,215,7/7/1995,7/7/1995,1995,25,Virginia,https://www.basketball-reference.com/players/h/hallde01.html,hallde01,1995,25,0
Devontae Cacok,Devontae Cacok,2020,2022,F,7-Jun,240,10/8/1996,8/10/1996,1996,26,UNC Wilmington,https://www.basketball-reference.com/players/c/cacokde01.html,cacokde01,1996,26,2
Devonte' Graham,Devonte' Graham,2019,2024,G,1-Jun,195,2/22/1995,22/2/1995,1995,29,Kansas,https://www.basketball-reference.com/players/g/grahade01.html,grahade01,1995,29,5
Devyn Marble,Devyn Marble,2015,2016,G-F,6-Jun,200,9/21/1992,21/9/1992,1992,24,Iowa,https://www.basketball-reference.com/players/m/marblde01.html,marblde01,1992,24,1
Dewan Hernandez,Dewan Hernandez,2020,2020,F,10-Jun,235,12/9/1996,9/12/1996,1996,24,Miami (FL),https://www.basketball-reference.com/players/h/hernade01.html,hernade01,1996,24,0
Michael Curry,Michael Curry,1994,2005,F-G,5-Jun,210,8/22/1968,22/8/1968,1968,37,Georgia Southern University,https://www.basketball-reference.com/players/c/currymi01.html,currymi01,1968,37,11
DeWayne Scales,DeWayne Scales,1981,1984,F,8-Jun,208,12/28/1958,28/12/1958,1958,26,LSU,https://www.basketball-reference.com/players/s/scalede01.html,scalede01,1958,26,3
Dewitt Menyard,Dewitt Menyard,1968,1968,C,10-Jun,210,5/24/1944,24/5/1944,1944,24,"Allan Hancock College, Utah",https://www.basketball-reference.com/players/m/menyade01.html,menyade01,1944,24,0
Dexter Boney,Dexter Boney,1997,1997,G,4-Jun,185,4/27/1970,27/4/1970,1970,27,UNLV,https://www.basketball-reference.com/players/b/boneyde01.html,boneyde01,1970,27,0
Dexter Cambridge,Dexter Cambridge,1993,1993,F,7-Jun,224,1/29/1970,29/1/1970,1970,23,Texas,https://www.basketball-reference.com/players/c/cambrde01.html,cambrde01,1970,23,0
Dexter Dennis,Dexter Dennis,2024,2024,G,5-Jun,210,2/9/1999,9/2/1999,1999,25,"Wichita State, Texas A&M",https://www.basketball-reference.com/players/d/dennide01.html,dennide01,1999,25,0
Dexter Pittman,Dexter Pittman,2011,2014,C,11-Jun,308,3/2/1988,2/3/1988,1988,26,Texas,https://www.basketball-reference.com/players/p/pittmde01.html,pittmde01,1988,26,3
Dexter Shouse,Dexter Shouse,1990,1990,G,2-Jun,200,3/24/1963,24/3/1963,1963,27,University of South Alabama,https://www.basketball-reference.com/players/s/shousde01.html,shousde01,1963,27,0
Dexter Westbrook,Dexter Westbrook,1968,1968,F,8-Jun,190,NA,NA,#VALUE!,#VALUE!,Providence,https://www.basketball-reference.com/players/w/westbde01.html,westbde01,NA,#VALUE!,0
Deyonta Davis,Deyonta Davis,2017,2019,C-F,11-Jun,237,12/2/1996,2/12/1996,1996,23,Michigan State,https://www.basketball-reference.com/players/d/davisde01.html,davisde01,1996,23,2
Diamond Stone,Diamond Stone,2017,2017,C,11-Jun,255,2/10/1997,10/2/1997,1997,20,Maryland,https://www.basketball-reference.com/players/s/stonedi01.html,stonedi01,1997,20,0
Diante Garrett,Diante Garrett,2013,2014,G,4-Jun,190,11/3/1988,3/11/1988,1988,26,Iowa State,https://www.basketball-reference.com/players/g/garredi02.html,garredi02,1988,26,1
Dick Atha,Dick Atha,1956,1958,G,2-Jun,190,9/21/1931,21/9/1931,1931,27,Indiana State University,https://www.basketball-reference.com/players/a/athadi01.html,athadi01,1931,27,2
Michael Finley,Michael Finley,1996,2010,G-F,7-Jun,215,3/6/1973,6/3/1973,1973,37,Wisconsin,https://www.basketball-reference.com/players/f/finlemi01.html,finlemi01,1973,37,14
Dick Bunt,Dick Bunt,1953,1953,G,Jun-00,170,7/13/1930,13/7/1930,1930,23,NYU,https://www.basketball-reference.com/players/b/buntdi01.html,buntdi01,1930,23,0
Dick Clark,Dick Clark,1968,1969,G,4-Jun,190,1/5/1944,5/1/1944,1944,25,Eastern Kentucky University,https://www.basketball-reference.com/players/c/clarkri01.html,clarkri01,1944,25,1
Dick Cunningham,Dick Cunningham,1969,1975,C,10-Jun,245,7/11/1946,11/7/1946,1946,29,Murray State,https://www.basketball-reference.com/players/c/cunnidi01.html,cunnidi01,1946,29,6
Dick Dickey,Dick Dickey,1952,1952,G,1-Jun,175,10/26/1926,26/10/1926,1926,26,NC State,https://www.basketball-reference.com/players/d/dickedi01.html,dickedi01,1926,26,0
Dick Duckett,Dick Duckett,1958,1958,G,1-Jun,185,3/25/1933,25/3/1933,1933,25,St. John's,https://www.basketball-reference.com/players/d/duckedi01.html,duckedi01,1933,25,0
Dick Farley,Dick Farley,1955,1959,G-F,4-Jun,190,4/13/1932,13/4/1932,1932,27,Indiana,https://www.basketball-reference.com/players/f/farledi01.html,farledi01,1932,27,4
Dick Fitzgerald,Dick Fitzgerald,1947,1948,F,2-Jun,175,11/18/1920,18/11/1920,1920,28,Fordham,https://www.basketball-reference.com/players/f/fitzgdi01.html,fitzgdi01,1920,28,1
Dick Garmaker,Dick Garmaker,1956,1961,G-F,3-Jun,200,10/29/1932,29/10/1932,1932,29,"Hibbing Community College, Minnesota",https://www.basketball-reference.com/players/g/garmadi01.html,garmadi01,1932,29,5
Dick Garrett,Dick Garrett,1970,1974,G,3-Jun,185,1/31/1947,31/1/1947,1947,27,Southern Illinois,https://www.basketball-reference.com/players/g/garredi01.html,garredi01,1947,27,4
Dick Gibbs,Dick Gibbs,1972,1976,F-G,5-Jun,210,12/20/1948,20/12/1948,1948,28,Texas-El Paso,https://www.basketball-reference.com/players/g/gibbsdi01.html,gibbsdi01,1948,28,4
Dick Groat,Dick Groat,1953,1953,G,11-May,180,11/4/1930,4/11/1930,1930,23,Duke,https://www.basketball-reference.com/players/g/groatdi01.html,groatdi01,1930,23,0
Dick Grubar,Dick Grubar,1970,1970,G,4-Jun,184,7/26/1947,26/7/1947,1947,23,UNC,https://www.basketball-reference.com/players/g/grubadi01.html,grubadi01,1947,23,0
Dick Hemric,Dick Hemric,1956,1957,F,6-Jun,220,8/29/1933,29/8/1933,1933,24,Wake Forest,https://www.basketball-reference.com/players/h/hemridi01.html,hemridi01,1933,24,1
Dick Holub,Dick Holub,1948,1948,C,6-Jun,205,10/29/1921,29/10/1921,1921,27,Long Island University,https://www.basketball-reference.com/players/h/holubdi01.html,holubdi01,1921,27,0
Dick Knostman,Dick Knostman,1954,1954,C,6-Jun,215,8/9/1931,9/8/1931,1931,23,Kansas State,https://www.basketball-reference.com/players/k/knostdi01.html,knostdi01,1931,23,0
Dick Lee,Dick Lee,1968,1968,F,6-Jun,,NA,NA,#VALUE!,#VALUE!,Washington,https://www.basketball-reference.com/players/l/leedi01.html,leedi01,NA,#VALUE!,0
Mike Dunleavy,Mike Dunleavy,2003,2017,F-G,9-Jun,230,9/15/1980,15/9/1980,1980,37,Duke,https://www.basketball-reference.com/players/d/dunlemi02.html,dunlemi02,1980,37,14
Dick Mehen,Dick Mehen,1950,1952,F-C,5-Jun,195,5/20/1922,20/5/1922,1922,30,Tennessee,https://www.basketball-reference.com/players/m/mehendi01.html,mehendi01,1922,30,2
Dick Miller,Dick Miller,1981,1981,F,6-Jun,215,4/26/1958,26/4/1958,1958,23,Toledo,https://www.basketball-reference.com/players/m/milledi01.html,milledi01,1958,23,0
Dick Murphy,Dick Murphy,1947,1947,G,1-Jun,175,3/10/1921,10/3/1921,1921,26,Manhattan College,https://www.basketball-reference.com/players/m/murphdi01.html,murphdi01,1921,26,0
Dick Nemelka,Dick Nemelka,1971,1971,G,Jun-00,175,10/1/1943,1/10/1943,1943,28,BYU,https://www.basketball-reference.com/players/n/nemeldi01.html,nemeldi01,1943,28,0
Dick O'Keefe,Dick O'Keefe,1948,1951,G-F,2-Jun,185,9/29/1923,29/9/1923,1923,28,Santa Clara,https://www.basketball-reference.com/players/o/okeefdi01.html,okeefdi01,1923,28,3
Dick Ricketts,Dick Ricketts,1956,1958,F-C,7-Jun,215,12/4/1933,4/12/1933,1933,25,Duquesne,https://www.basketball-reference.com/players/r/rickedi01.html,rickedi01,1933,25,2
Dick Rosenthal,Dick Rosenthal,1955,1957,F-G,5-Jun,205,1/20/1930,20/1/1930,1930,27,Notre Dame,https://www.basketball-reference.com/players/r/rosendi01.html,rosendi01,1930,27,2
Dick Schnittker,Dick Schnittker,1951,1958,F,5-Jun,200,5/27/1928,27/5/1928,1928,30,Ohio State,https://www.basketball-reference.com/players/s/schnidi01.html,schnidi01,1928,30,7
Dick Schulz,Dick Schulz,1947,1950,F-G,2-Jun,192,1/3/1917,3/1/1917,1917,33,Wisconsin,https://www.basketball-reference.com/players/s/schuldi01.html,schuldi01,1917,33,3
Dick Shrider,Dick Shrider,1949,1949,G,2-Jun,190,2/7/1923,7/2/1923,1923,26,Ohio University,https://www.basketball-reference.com/players/s/shriddi01.html,shriddi01,1923,26,0
Mike Miller,Mike Miller,2001,2017,F-G,8-Jun,218,2/19/1980,19/2/1980,1980,37,Florida,https://www.basketball-reference.com/players/m/millemi01.html,millemi01,1980,37,16
Dick Surhoff,Dick Surhoff,1953,1954,F,4-Jun,210,11/16/1929,16/11/1929,1929,25,Long Island University,https://www.basketball-reference.com/players/s/surhodi01.html,surhodi01,1929,25,1
Dick Triptow,Dick Triptow,1949,1950,G-F,Jun-00,170,11/3/1922,3/11/1922,1922,28,DePaul,https://www.basketball-reference.com/players/t/triptdi01.html,triptdi01,1922,28,1
Mikki Moore,Mikki Moore,1999,2012,C-F,11-Jun,225,11/4/1975,4/11/1975,1975,37,Nebraska,https://www.basketball-reference.com/players/m/mooremi01.html,mooremi01,1975,37,13
Dick Wehr,Dick Wehr,1949,1949,F,4-Jun,180,12/9/1925,9/12/1925,1925,24,Rice University,https://www.basketball-reference.com/players/w/wehrdi01.html,wehrdi01,1925,24,0
Dickey Simpkins,Dickey Simpkins,1995,2002,F,9-Jun,248,4/6/1972,6/4/1972,1972,30,Providence,https://www.basketball-reference.com/players/s/simpkdi01.html,simpkdi01,1972,30,7
Didi Louzada,Didi Louzada,2021,2022,G,5-Jun,188,2/7/1999,7/2/1999,1999,23,,https://www.basketball-reference.com/players/l/louzama01.html,louzama01,1999,23,1
Dijon Thompson,Dijon Thompson,2006,2007,G-F,7-Jun,195,2/23/1983,23/2/1983,1983,24,UCLA,https://www.basketball-reference.com/players/t/thompdi01.html,thompdi01,1983,24,1
Dike Eddleman,Dike Eddleman,1950,1953,F-G,3-Jun,189,12/27/1922,27/12/1922,1922,31,Illinois,https://www.basketball-reference.com/players/e/eddledi01.html,eddledi01,1922,31,3
Mitch Richmond*,Mitch Richmond,1989,2002,G,5-Jun,215,6/30/1965,30/6/1965,1965,37,"Moberly Area Community College, Kansas State",https://www.basketball-reference.com/players/r/richmmi01.html,richmmi01,1965,37,13
Dillard Crocker,Dillard Crocker,1949,1953,F-G,4-Jun,205,1/19/1925,19/1/1925,1925,28,Western Michigan,https://www.basketball-reference.com/players/c/crockdi01.html,crockdi01,1925,28,4
Dillon Brooks,Dillon Brooks,2018,2025,F-G,6-Jun,225,1/22/1996,22/1/1996,1996,29,Oregon,https://www.basketball-reference.com/players/b/brookdi01.html,brookdi01,1996,29,7
Dillon Jones,Dillon Jones,2025,2025,F,5-Jun,240,10/29/2001,29/10/2001,2001,24,Weber State,https://www.basketball-reference.com/players/j/jonesdi01.html,jonesdi01,2001,24,0
Dino Martin,Dino Martin,1947,1948,G,8-May,160,5/25/1920,25/5/1920,1920,28,Georgetown,https://www.basketball-reference.com/players/m/martidi01.html,martidi01,1920,28,1
Dino Radja*,Dino Radja,1994,1997,F-C,11-Jun,225,4/24/1967,24/4/1967,1967,30,,https://www.basketball-reference.com/players/r/radjadi01.html,radjadi01,1967,30,3
Dion Glover,Dion Glover,2000,2005,G,5-Jun,228,10/22/1978,22/10/1978,1978,27,Georgia Tech,https://www.basketball-reference.com/players/g/glovedi01.html,glovedi01,1978,27,5
Dion Waiters,Dion Waiters,2013,2020,G,3-Jun,215,12/10/1991,10/12/1991,1991,29,Syracuse,https://www.basketball-reference.com/players/w/waitedi01.html,waitedi01,1991,29,7
Dionte Christmas,Dionte Christmas,2014,2014,G,5-Jun,205,9/15/1986,15/9/1986,1986,28,Temple,https://www.basketball-reference.com/players/c/chrisdi01.html,chrisdi01,1986,28,0
Dirk Minniefield,Dirk Minniefield,1986,1988,G,3-Jun,180,1/17/1961,17/1/1961,1961,27,Kentucky,https://www.basketball-reference.com/players/m/minnidi01.html,minnidi01,1961,27,2
Nenê,Nenê,2003,2019,F-C,11-Jun,250,9/13/1982,13/9/1982,1982,37,,https://www.basketball-reference.com/players/h/hilarne01.html,hilarne01,1982,37,16
D'Moi Hodge,D'Moi Hodge,2024,2024,G,4-Jun,188,12/20/1998,20/12/1998,1998,26,"State College of Florida, Manatee-Sarasota, Cleveland State University, Missouri",https://www.basketball-reference.com/players/h/hodgedm01.html,hodgedm01,1998,26,0
Dmytro Skapintsev,Dmytro Skapintsev,2024,2024,C,1-Jul,260,5/12/1998,12/5/1998,1998,26,Cal State Northridge,https://www.basketball-reference.com/players/s/skapidm01.html,skapidm01,1998,26,0
Nicolas Batum,Nicolas Batum,2009,2025,F-G,8-Jun,230,12/14/1988,14/12/1988,1988,37,,https://www.basketball-reference.com/players/b/batumni01.html,batumni01,1988,37,16
Patty Mills,Patty Mills,2010,2025,G,2-Jun,180,8/11/1988,11/8/1988,1988,37,Saint Mary's,https://www.basketball-reference.com/players/m/millspa02.html,millspa02,1988,37,15
Domantas Sabonis,Domantas Sabonis,2017,2025,C-F,10-Jun,240,5/3/1996,3/5/1996,1996,29,Gonzaga,https://www.basketball-reference.com/players/s/sabondo01.html,sabondo01,1996,29,8
Dominic McGuire,Dominic McGuire,2008,2013,F,9-Jun,220,10/20/1985,20/10/1985,1985,28,"California, Fresno State",https://www.basketball-reference.com/players/m/mcguido01.html,mcguido01,1985,28,5
Dominic Pressley,Dominic Pressley,1989,1989,G,2-Jun,170,5/30/1964,30/5/1964,1964,25,Boston College,https://www.basketball-reference.com/players/p/pressdo01.html,pressdo01,1964,25,0
Dominick Barlow,Dominick Barlow,2023,2025,F,9-Jun,221,5/26/2003,26/5/2003,2003,22,,https://www.basketball-reference.com/players/b/barlodo01.html,barlodo01,2003,22,2
Dominique Jones,Dominique Jones,2011,2013,G,4-Jun,215,10/15/1988,15/10/1988,1988,25,South Florida,https://www.basketball-reference.com/players/j/jonesdo02.html,jonesdo02,1988,25,2
Paul Millsap,Paul Millsap,2007,2022,F,7-Jun,257,2/10/1985,10/2/1985,1985,37,Louisiana Tech,https://www.basketball-reference.com/players/m/millspa01.html,millspa01,1985,37,15
Don Ackerman,Don Ackerman,1954,1954,G,Jun-00,183,9/4/1930,4/9/1930,1930,24,Long Island University,https://www.basketball-reference.com/players/a/ackerdo01.html,ackerdo01,1930,24,0
Don Adams,Don Adams,1971,1977,F,6-Jun,210,11/27/1947,27/11/1947,1947,30,Northwestern,https://www.basketball-reference.com/players/a/adamsdo01.html,adamsdo01,1947,30,6
Don Anielak,Don Anielak,1955,1955,F,7-Jun,190,11/1/1930,1/11/1930,1930,25,Missouri State,https://www.basketball-reference.com/players/a/anieldo01.html,anieldo01,1930,25,0
Don Asmonga,Don Asmonga,1954,1954,G,2-Jun,185,2/15/1928,15/2/1928,1928,26,Alliance College,https://www.basketball-reference.com/players/a/asmondo01.html,asmondo01,1928,26,0
Don Barksdale*,Don Barksdale,1952,1955,F-C,6-Jun,200,3/31/1923,31/3/1923,1923,32,UCLA,https://www.basketball-reference.com/players/b/barksdo01.html,barksdo01,1923,32,3
Don Bielke,Don Bielke,1956,1956,C,7-Jun,240,5/10/1932,10/5/1932,1932,24,Valparaiso,https://www.basketball-reference.com/players/b/bielkdo01.html,bielkdo01,1932,24,0
Don Boven,Don Boven,1950,1953,F-G,4-Jun,210,3/6/1925,6/3/1925,1925,28,Western Michigan,https://www.basketball-reference.com/players/b/bovendo01.html,bovendo01,1925,28,3
Paul Silas,Paul Silas,1965,1980,F-C,7-Jun,220,7/12/1943,12/7/1943,1943,37,Creighton,https://www.basketball-reference.com/players/s/silaspa01.html,silaspa01,1943,37,15
Don Carlos,Don Carlos,1969,1969,G-F,5-Jun,210,3/3/1944,3/3/1944,1944,25,Otterbein College,https://www.basketball-reference.com/players/c/carlodo01.html,carlodo01,1944,25,0
Don Carlson,Don Carlson,1947,1951,G-F,Jun-00,170,3/22/1919,22/3/1919,1919,32,Minnesota,https://www.basketball-reference.com/players/c/carlsdo01.html,carlsdo01,1919,32,4
Rasual Butler,Rasual Butler,2003,2016,F-G,7-Jun,215,5/23/1979,23/5/1979,1979,37,La Salle,https://www.basketball-reference.com/players/b/butlera01.html,butlera01,1979,37,13
Don Collins,Don Collins,1981,1987,F-G,6-Jun,190,11/28/1958,28/11/1958,1958,29,Washington State,https://www.basketball-reference.com/players/c/collido02.html,collido02,1958,29,6
Don Dee,Don Dee,1969,1969,F,8-Jun,210,8/9/1943,9/8/1943,1943,26,"Saint Louis, Saint Mary of the Plains College",https://www.basketball-reference.com/players/d/deedo01.html,deedo01,1943,26,0
Don Eliason,Don Eliason,1947,1947,F,2-Jun,210,7/24/1918,24/7/1918,1918,29,Hamline University,https://www.basketball-reference.com/players/e/eliasdo01.html,eliasdo01,1918,29,0
Don Ford,Don Ford,1976,1982,F,9-Jun,215,12/31/1952,31/12/1952,1952,30,"New Mexico, UC Santa Barbara",https://www.basketball-reference.com/players/f/forddo01.html,forddo01,1952,30,6
Don Grate,Don Grate,1950,1950,F-G,2-Jun,185,8/27/1923,27/8/1923,1923,27,Ohio State,https://www.basketball-reference.com/players/g/gratedo01.html,gratedo01,1923,27,0
Don Hanrahan,Don Hanrahan,1953,1953,F,7-Jun,200,2/6/1929,6/2/1929,1929,24,Loyola Chicago,https://www.basketball-reference.com/players/h/hanrado01.html,hanrado01,1929,24,0
Don Henriksen,Don Henriksen,1953,1955,F-C,7-Jun,225,10/10/1929,10/10/1929,1929,26,California,https://www.basketball-reference.com/players/h/henrido01.html,henrido01,1929,26,2
Ron Harper,Ron Harper,1987,2001,G-F,6-Jun,185,1/20/1964,20/1/1964,1964,37,Miami University,https://www.basketball-reference.com/players/h/harpero01.html,harpero01,1964,37,14
Don Lofgran,Don Lofgran,1951,1954,F-C,5-Jun,200,11/8/1929,8/11/1929,1929,25,San Francisco,https://www.basketball-reference.com/players/l/lofgrdo01.html,lofgrdo01,1929,25,3
Don MacLean,Don MacLean,1993,2001,F,10-Jun,235,1/16/1970,16/1/1970,1970,31,UCLA,https://www.basketball-reference.com/players/m/macledo01.html,macledo01,1970,31,8
Don Martin,Don Martin,1947,1949,C-F,7-Jun,210,2/7/1920,7/2/1920,1920,29,Central Missouri State University,https://www.basketball-reference.com/players/m/martido01.html,martido01,1920,29,2
Don May,Don May,1969,1975,F,4-Jun,200,1/3/1946,3/1/1946,1946,29,Dayton,https://www.basketball-reference.com/players/m/maydo01.html,maydo01,1946,29,6
Rudy Gay,Rudy Gay,2007,2023,F,8-Jun,250,8/17/1986,17/8/1986,1986,37,UConn,https://www.basketball-reference.com/players/g/gayru01.html,gayru01,1986,37,16
Russell Westbrook,Russell Westbrook,2009,2025,G,4-Jun,200,11/12/1988,12/11/1988,1988,37,UCLA,https://www.basketball-reference.com/players/w/westbru01.html,westbru01,1988,37,16
Don Otten,Don Otten,1950,1953,C,11-Jun,240,4/18/1921,18/4/1921,1921,32,Bowling Green,https://www.basketball-reference.com/players/o/ottendo01.html,ottendo01,1921,32,3
Don Putman,Don Putman,1947,1950,G,1-Jun,170,11/13/1922,13/11/1922,1922,28,Colorado,https://www.basketball-reference.com/players/p/putnado01.html,putnado01,1922,28,3
Don Ray,Don Ray,1950,1950,F-C,5-Jun,190,7/8/1921,8/7/1921,1921,29,Western Kentucky,https://www.basketball-reference.com/players/r/raydo01.html,raydo01,1921,29,0
Don Rehfeldt,Don Rehfeldt,1951,1952,F,7-Jun,210,1/7/1927,7/1/1927,1927,25,Wisconsin,https://www.basketball-reference.com/players/r/rehfedo01.html,rehfedo01,1927,25,1
Don Reid,Don Reid,1996,2003,F,8-Jun,250,12/30/1973,30/12/1973,1973,30,Georgetown,https://www.basketball-reference.com/players/r/reiddo01.html,reiddo01,1973,30,7
Don Savage,Don Savage,1952,1957,F-G,3-Jun,205,4/9/1928,9/4/1928,1928,29,LeMoyne College,https://www.basketball-reference.com/players/s/savagdo01.html,savagdo01,1928,29,5
Don Sidle,Don Sidle,1969,1972,F-C,8-Jun,215,6/21/1946,21/6/1946,1946,26,Oklahoma,https://www.basketball-reference.com/players/s/sidledo01.html,sidledo01,1946,26,3
Don Smith,Don Smith,1975,1975,G,Jun-00,160,10/10/1951,10/10/1951,1951,24,Dayton,https://www.basketball-reference.com/players/s/smithdo02.html,smithdo02,1951,24,0
Don Smith,Don Smith,1949,1949,G-F,2-Jun,190,7/27/1920,27/7/1920,1920,29,Minnesota,https://www.basketball-reference.com/players/s/smithdo01.html,smithdo01,1920,29,0
Don Sunderlage,Don Sunderlage,1954,1955,G,1-Jun,180,12/20/1929,20/12/1929,1929,26,Illinois,https://www.basketball-reference.com/players/s/sundedo01.html,sundedo01,1929,26,1
Don Washington,Don Washington,1975,1976,F,8-Jun,210,4/22/1952,22/4/1952,1952,24,UNC,https://www.basketball-reference.com/players/w/washido01.html,washido01,1952,24,1
Donald Hodge,Donald Hodge,1992,1996,C,Jul-00,230,2/25/1969,25/2/1969,1969,27,Temple,https://www.basketball-reference.com/players/h/hodgedo01.html,hodgedo01,1969,27,4
Donald Royal,Donald Royal,1990,1998,F,8-Jun,210,5/22/1966,22/5/1966,1966,32,Notre Dame,https://www.basketball-reference.com/players/r/royaldo01.html,royaldo01,1966,32,8
Donald Sloan,Donald Sloan,2012,2016,G,3-Jun,205,1/15/1988,15/1/1988,1988,28,Texas A&M,https://www.basketball-reference.com/players/s/sloando01.html,sloando01,1988,28,4
Donald Whiteside,Donald Whiteside,1997,1998,G,10-May,160,4/25/1969,25/4/1969,1969,29,Northern Illinois,https://www.basketball-reference.com/players/w/whitedo01.html,whitedo01,1969,29,1
Donatas Motiejūnas,Donatas Motiejūnas,2013,2019,F-C,Jul-00,222,9/20/1990,20/9/1990,1990,29,,https://www.basketball-reference.com/players/m/motiedo01.html,motiedo01,1990,29,6
Donell Taylor,Donell Taylor,2006,2007,G,6-Jun,180,7/26/1982,26/7/1982,1982,25,"Okaloosa-Walton Community College, UAB",https://www.basketball-reference.com/players/t/taylodo01.html,taylodo01,1982,25,1
Donnell Harvey,Donnell Harvey,2001,2005,F,8-Jun,220,8/26/1980,26/8/1980,1980,25,Florida,https://www.basketball-reference.com/players/h/harvedo01.html,harvedo01,1980,25,4
Donnie Boyce,Donnie Boyce,1996,1997,G,5-Jun,196,9/2/1973,2/9/1973,1973,24,Colorado,https://www.basketball-reference.com/players/b/boycedo01.html,boycedo01,1973,24,1
Donnie Butcher,Donnie Butcher,1962,1966,G,2-Jun,200,2/8/1936,8/2/1936,1936,30,Pikeville College,https://www.basketball-reference.com/players/b/butchdo01.html,butchdo01,1936,30,4
Donnie Forman,Donnie Forman,1949,1949,G,10-May,175,1/17/1926,17/1/1926,1926,23,NYU,https://www.basketball-reference.com/players/f/formado01.html,formado01,1926,23,0
Donnie Freeman,Donnie Freeman,1968,1976,G,3-Jun,185,7/18/1944,18/7/1944,1944,32,Illinois,https://www.basketball-reference.com/players/f/freemdo01.html,freemdo01,1944,32,8
Donny Marshall,Donny Marshall,1996,2003,F,7-Jun,230,7/17/1972,17/7/1972,1972,31,UConn,https://www.basketball-reference.com/players/m/marshdo02.html,marshdo02,1972,31,7
Donovan Clingan,Donovan Clingan,2025,2025,C,2-Jul,280,2/23/2004,23/2/2004,2004,21,UConn,https://www.basketball-reference.com/players/c/clingdo01.html,clingdo01,2004,21,0
Donovan Mitchell,Donovan Mitchell,2018,2025,G,3-Jun,215,9/7/1996,7/9/1996,1996,29,Louisville,https://www.basketball-reference.com/players/m/mitchdo01.html,mitchdo01,1996,29,7
Donovan Williams,Donovan Williams,2023,2023,F,6-Jun,190,9/6/2001,6/9/2001,2001,22,"Texas, UNLV",https://www.basketball-reference.com/players/w/willido02.html,willido02,2001,22,0
Donta Hall,Donta Hall,2020,2021,F,9-Jun,232,8/7/1997,7/8/1997,1997,24,Alabama,https://www.basketball-reference.com/players/h/halldo01.html,halldo01,1997,24,1
Donta Smith,Donta Smith,2005,2006,G-F,7-Jun,215,11/27/1983,27/11/1983,1983,23,Southeastern Illinois College,https://www.basketball-reference.com/players/s/smithdo04.html,smithdo04,1983,23,1
Donté Greene,Donté Greene,2009,2012,F,11-Jun,226,2/21/1988,21/2/1988,1988,24,Syracuse,https://www.basketball-reference.com/players/g/greendo01.html,greendo01,1988,24,3
Dontae' Jones,Dontae' Jones,1998,1998,F,8-Jun,220,6/2/1975,2/6/1975,1975,23,"Northeast Mississippi Community College, Mississippi State",https://www.basketball-reference.com/players/j/jonesdo01.html,jonesdo01,1975,23,0
Donte DiVincenzo,Donte DiVincenzo,2019,2025,G,4-Jun,203,1/31/1997,31/1/1997,1997,28,Villanova,https://www.basketball-reference.com/players/d/divindo01.html,divindo01,1997,28,6
Donte Grantham,Donte Grantham,2019,2019,F,8-Jun,215,3/19/1995,19/3/1995,1995,24,Clemson,https://www.basketball-reference.com/players/g/grantdo01.html,grantdo01,1995,24,0
Dontell Jefferson,Dontell Jefferson,2009,2009,G,5-Jun,195,12/15/1983,15/12/1983,1983,26,Arkansas,https://www.basketball-reference.com/players/j/jeffedo01.html,jeffedo01,1983,26,0
Dontonio Wingfield,Dontonio Wingfield,1995,1998,F,8-Jun,256,6/23/1974,23/6/1974,1974,24,Cincinnati,https://www.basketball-reference.com/players/w/wingfdo01.html,wingfdo01,1974,24,3
Scott Williams,Scott Williams,1991,2005,F-C,10-Jun,230,3/21/1968,21/3/1968,1968,37,UNC,https://www.basketball-reference.com/players/w/willisc01.html,willisc01,1968,37,14
Dorell Wright,Dorell Wright,2005,2015,F-G,9-Jun,205,12/2/1985,2/12/1985,1985,30,,https://www.basketball-reference.com/players/w/wrighdo01.html,wrighdo01,1985,30,10
Dorian Finney-Smith,Dorian Finney-Smith,2017,2025,F,7-Jun,220,5/4/1993,4/5/1993,1993,32,Florida,https://www.basketball-reference.com/players/f/finnedo01.html,finnedo01,1993,32,8
Dorie Murrey,Dorie Murrey,1967,1972,F-C,8-Jun,215,9/7/1943,7/9/1943,1943,29,Detroit Mercy,https://www.basketball-reference.com/players/m/murredo01.html,murredo01,1943,29,5
Doron Lamb,Doron Lamb,2013,2014,G,4-Jun,210,11/6/1991,6/11/1991,1991,23,Kentucky,https://www.basketball-reference.com/players/l/lambdo01.html,lambdo01,1991,23,1
Doug Bolstorff,Doug Bolstorff,1958,1958,G,4-Jun,195,10/29/1931,29/10/1931,1931,27,Minnesota,https://www.basketball-reference.com/players/b/bolstdo01.html,bolstdo01,1931,27,0
Shawn Marion,Shawn Marion,2000,2015,F,7-Jun,220,5/7/1978,7/5/1978,1978,37,"Vincennes University, UNLV",https://www.basketball-reference.com/players/m/mariosh01.html,mariosh01,1978,37,15
Doug Collins*,Doug Collins,1974,1981,G-F,6-Jun,180,7/28/1951,28/7/1951,1951,30,Illinois State,https://www.basketball-reference.com/players/c/collido01.html,collido01,1951,30,7
Doug Edwards,Doug Edwards,1994,1996,F,7-Jun,220,1/21/1971,21/1/1971,1971,25,Florida State,https://www.basketball-reference.com/players/e/edwardo01.html,edwardo01,1971,25,2
Doug Holcomb,Doug Holcomb,1949,1949,F,4-Jun,200,2/9/1921,9/2/1921,1921,28,Wisconsin,https://www.basketball-reference.com/players/h/holcodo01.html,holcodo01,1921,28,0
Doug Kistler,Doug Kistler,1962,1962,F,9-Jun,210,3/21/1938,21/3/1938,1938,24,Duke,https://www.basketball-reference.com/players/k/kistldo01.html,kistldo01,1938,24,0
Doug Lee,Doug Lee,1992,1995,G-F,5-Jun,200,10/24/1964,24/10/1964,1964,31,"Texas A&M, Purdue",https://www.basketball-reference.com/players/l/leedo01.html,leedo01,1964,31,3
Doug McDermott,Doug McDermott,2015,2025,F,6-Jun,225,1/3/1992,3/1/1992,1992,33,Creighton,https://www.basketball-reference.com/players/m/mcderdo01.html,mcderdo01,1992,33,10
Stephen Curry,Stephen Curry,2010,2025,G,2-Jun,185,3/14/1988,14/3/1988,1988,37,Davidson,https://www.basketball-reference.com/players/c/curryst01.html,curryst01,1988,37,15
Tim Hardaway*,Tim Hardaway,1990,2003,G,Jun-00,175,9/1/1966,1/9/1966,1966,37,Texas-El Paso,https://www.basketball-reference.com/players/h/hardati01.html,hardati01,1966,37,13
Doug Roth,Doug Roth,1990,1990,C,11-Jun,255,8/24/1967,24/8/1967,1967,23,Tennessee,https://www.basketball-reference.com/players/r/rothdo01.html,rothdo01,1967,23,0
Doug Sims,Doug Sims,1969,1969,F,7-Jun,195,6/29/1943,29/6/1943,1943,26,Kent State University,https://www.basketball-reference.com/players/s/simsdo01.html,simsdo01,1943,26,0
Doug Smith,Doug Smith,1992,1996,F,10-Jun,220,9/17/1969,17/9/1969,1969,27,Missouri,https://www.basketball-reference.com/players/s/smithdo03.html,smithdo03,1969,27,4
Tony Parker*,Tony Parker,2002,2019,G,2-Jun,185,5/17/1982,17/5/1982,1982,37,,https://www.basketball-reference.com/players/p/parketo01.html,parketo01,1982,37,17
Doyle Parrack,Doyle Parrack,1947,1947,F-G,Jun-00,165,12/6/1921,6/12/1921,1921,26,Oklahoma State,https://www.basketball-reference.com/players/p/parrado01.html,parrado01,1921,26,0
Dražen Petrović*,Dražen Petrović,1990,1993,G,5-Jun,195,10/22/1964,22/10/1964,1964,29,,https://www.basketball-reference.com/players/p/petrodr01.html,petrodr01,1964,29,3
Dragan Bender,Dragan Bender,2017,2020,F,Jul-00,225,11/17/1997,17/11/1997,1997,23,,https://www.basketball-reference.com/players/b/bendedr01.html,bendedr01,1997,23,3
Dragan Tarlać,Dragan Tarlać,2001,2001,C,10-Jun,260,5/9/1973,9/5/1973,1973,28,,https://www.basketball-reference.com/players/t/tarladr01.html,tarladr01,1973,28,0
Trevor Ariza,Trevor Ariza,2005,2022,F,8-Jun,215,6/30/1985,30/6/1985,1985,37,UCLA,https://www.basketball-reference.com/players/a/arizatr01.html,arizatr01,1985,37,17
Drew Barry,Drew Barry,1998,2000,G,5-Jun,191,2/17/1973,17/2/1973,1973,27,Georgia Tech,https://www.basketball-reference.com/players/b/barrydr01.html,barrydr01,1973,27,2
Drew Eubanks,Drew Eubanks,2019,2025,F,9-Jun,245,2/1/1997,1/2/1997,1997,28,Oregon State,https://www.basketball-reference.com/players/e/eubandr01.html,eubandr01,1997,28,6
Vlade Divac*,Vlade Divac,1990,2005,C,1-Jul,243,2/3/1968,3/2/1968,1968,37,,https://www.basketball-reference.com/players/d/divacvl01.html,divacvl01,1968,37,15
Drew Gordon,Drew Gordon,2015,2015,F,9-Jun,245,7/12/1990,12/7/1990,1990,25,"UCLA, New Mexico",https://www.basketball-reference.com/players/g/gordodr01.html,gordodr01,1990,25,0
Drew Peterson,Drew Peterson,2024,2025,G,9-Jun,205,11/9/1999,9/11/1999,1999,26,"Rice University, USC",https://www.basketball-reference.com/players/p/peterdr01.html,peterdr01,1999,26,1
Dru Smith,Dru Smith,2023,2025,G,3-Jun,203,12/30/1997,30/12/1997,1997,28,"University of Evansville, Missouri",https://www.basketball-reference.com/players/s/smithdr01.html,smithdr01,1997,28,2
Duane Causwell,Duane Causwell,1991,2001,C,Jul-00,240,5/31/1968,31/5/1968,1968,33,Temple,https://www.basketball-reference.com/players/c/causwdu01.html,causwdu01,1968,33,10
Duane Cooper,Duane Cooper,1993,1994,G,1-Jun,185,6/25/1969,25/6/1969,1969,25,USC,https://www.basketball-reference.com/players/c/coopedu01.html,coopedu01,1969,25,1
Wilt Chamberlain*,Wilt Chamberlain,1960,1973,C,1-Jul,275,8/21/1936,21/8/1936,1936,37,Kansas,https://www.basketball-reference.com/players/c/chambwi01.html,chambwi01,1936,37,13
Duane Klueh,Duane Klueh,1950,1951,G,3-Jun,175,1/6/1926,6/1/1926,1926,25,Indiana State University,https://www.basketball-reference.com/players/k/kluehdu01.html,kluehdu01,1926,25,1
Duane Washington,Duane Washington,1988,1993,G,4-Jun,195,8/31/1964,31/8/1964,1964,29,Middle Tennessee,https://www.basketball-reference.com/players/w/washidu01.html,washidu01,1964,29,5
Duane Washington Jr.,Duane Washington Jr.,2022,2023,G,3-Jun,210,3/24/2000,24/3/2000,2000,23,Ohio State,https://www.basketball-reference.com/players/w/washidu02.html,washidu02,2000,23,1
Duck Williams,Duck Williams,1980,1980,G,2-Jun,180,8/2/1956,2/8/1956,1956,24,Notre Dame,https://www.basketball-reference.com/players/w/willidu01.html,willidu01,1956,24,0
Dudley Bradley,Dudley Bradley,1980,1989,G-F,6-Jun,195,3/19/1957,19/3/1957,1957,32,UNC,https://www.basketball-reference.com/players/b/bradldu01.html,bradldu01,1957,32,9
Duje Dukan,Duje Dukan,2016,2016,F,9-Jun,220,12/4/1991,4/12/1991,1991,25,Wisconsin,https://www.basketball-reference.com/players/d/dukandu01.html,dukandu01,1991,25,0
Duncan Robinson,Duncan Robinson,2019,2025,G-F,7-Jun,215,4/22/1994,22/4/1994,1994,31,"Williams, Michigan",https://www.basketball-reference.com/players/r/robindu01.html,robindu01,1994,31,6
Duop Reath,Duop Reath,2024,2025,C,11-Jun,245,6/26/1996,26/6/1996,1996,29,"Lee College, LSU",https://www.basketball-reference.com/players/r/reathdu01.html,reathdu01,1996,29,1
Dusty Hannahs,Dusty Hannahs,2019,2020,G,3-Jun,210,9/2/1993,2/9/1993,1993,27,"Texas Tech, Arkansas",https://www.basketball-reference.com/players/h/hannadu01.html,hannadu01,1993,27,1
Dwaine Dillard,Dwaine Dillard,1976,1976,F,6-Jun,230,3/9/1949,9/3/1949,1949,27,Eastern Michigan,https://www.basketball-reference.com/players/d/dilladw01.html,dilladw01,1949,27,0
Dwayne Bacon,Dwayne Bacon,2018,2021,G,6-Jun,221,8/30/1995,30/8/1995,1995,26,Florida State,https://www.basketball-reference.com/players/b/bacondw01.html,bacondw01,1995,26,3
Dwayne Jones,Dwayne Jones,2006,2010,F-C,11-Jun,250,6/9/1983,9/6/1983,1983,27,Saint Joseph's,https://www.basketball-reference.com/players/j/jonesdw02.html,jonesdw02,1983,27,4
Dwayne McClain,Dwayne McClain,1986,1986,G,6-Jun,185,2/7/1963,7/2/1963,1963,23,Villanova,https://www.basketball-reference.com/players/m/mccladw01.html,mccladw01,1963,23,0
Dwayne Morton,Dwayne Morton,1995,1995,F,7-Jun,195,8/8/1971,8/8/1971,1971,24,Louisville,https://www.basketball-reference.com/players/m/mortodw01.html,mortodw01,1971,24,0
Dwayne Polee,Dwayne Polee,1987,1987,G,5-Jun,180,3/2/1963,2/3/1963,1963,24,"UNLV, Pepperdine",https://www.basketball-reference.com/players/p/poleedw01.html,poleedw01,1963,24,0
Dwayne Schintzius,Dwayne Schintzius,1991,1999,C,1-Jul,260,10/14/1968,14/10/1968,1968,31,Florida,https://www.basketball-reference.com/players/s/schindw01.html,schindw01,1968,31,8
Dwayne Whitfield,Dwayne Whitfield,1996,1996,F,9-Jun,240,8/21/1972,21/8/1972,1972,24,Jackson State University,https://www.basketball-reference.com/players/w/whitfdw01.html,whitfdw01,1972,24,0
Dwight Anderson,Dwight Anderson,1983,1983,G,3-Jun,185,12/28/1960,28/12/1960,1960,23,"Kentucky, USC",https://www.basketball-reference.com/players/a/anderdw01.html,anderdw01,1960,23,0
Dwight Buycks,Dwight Buycks,2014,2018,G,3-Jun,190,3/6/1989,6/3/1989,1989,29,Marquette,https://www.basketball-reference.com/players/b/buyckdw01.html,buyckdw01,1989,29,4
Dwight Davis,Dwight Davis,1973,1977,F,8-Jun,220,10/28/1949,28/10/1949,1949,28,Houston,https://www.basketball-reference.com/players/d/davisdw01.html,davisdw01,1949,28,4
Zach Randolph,Zach Randolph,2002,2018,F-C,9-Jun,250,7/16/1981,16/7/1981,1981,37,Michigan State,https://www.basketball-reference.com/players/r/randoza01.html,randoza01,1981,37,16
Dwight Jones,Dwight Jones,1974,1983,F-C,10-Jun,210,2/27/1952,27/2/1952,1952,31,Houston,https://www.basketball-reference.com/players/j/jonesdw01.html,jonesdw01,1952,31,9
Adrian Dantley*,Adrian Dantley,1977,1991,F-G,5-Jun,208,2/28/1955,28/2/1955,1955,36,Notre Dame,https://www.basketball-reference.com/players/d/dantlad01.html,dantlad01,1955,36,14
Dwight Waller,Dwight Waller,1969,1972,F,6-Jun,220,10/5/1945,5/10/1945,1945,27,Tennessee State,https://www.basketball-reference.com/players/w/walledw01.html,walledw01,1945,27,3
Adrian Smith,Adrian Smith,1962,1972,G,1-Jun,180,10/5/1936,5/10/1936,1936,36,"Northeast Mississippi Community College, Kentucky",https://www.basketball-reference.com/players/s/smithad01.html,smithad01,1936,36,10
Dylan Windler,Dylan Windler,2021,2024,G-F,6-Jun,196,9/22/1996,22/9/1996,1996,28,Belmont,https://www.basketball-reference.com/players/w/windldy01.html,windldy01,1996,28,3
Dyron Nix,Dyron Nix,1990,1990,F,7-Jun,210,2/11/1967,11/2/1967,1967,23,Tennessee,https://www.basketball-reference.com/players/n/nixdy01.html,nixdy01,1967,23,0
Dyson Daniels,Dyson Daniels,2023,2025,G,8-Jun,199,3/17/2003,17/3/2003,2003,22,,https://www.basketball-reference.com/players/d/daniedy01.html,daniedy01,2003,22,2
E.C. Coleman,E.C. Coleman,1974,1979,F,8-Jun,225,9/25/1950,25/9/1950,1950,29,Houston Baptist University,https://www.basketball-reference.com/players/c/colemec01.html,colemec01,1950,29,5
E.J. Liddell,E.J. Liddell,2024,2025,F,7-Jun,240,12/18/2000,18/12/2000,2000,25,Ohio State,https://www.basketball-reference.com/players/l/liddeej01.html,liddeej01,2000,25,1
Al Cervi*,Al Cervi,1950,1953,G-F,11-May,170,2/12/1917,12/2/1917,1917,36,,https://www.basketball-reference.com/players/c/cervial01.html,cervial01,1917,36,3
Andy Phillip*,Andy Phillip,1948,1958,G-F,2-Jun,195,3/7/1922,7/3/1922,1922,36,Illinois,https://www.basketball-reference.com/players/p/phillan01.html,phillan01,1922,36,10
Earl Clark,Earl Clark,2010,2015,F,10-Jun,225,1/17/1988,17/1/1988,1988,27,Louisville,https://www.basketball-reference.com/players/c/clarkea01.html,clarkea01,1988,27,5
Anthony Johnson,Anthony Johnson,1998,2010,G,3-Jun,190,10/2/1974,2/10/1974,1974,36,College of Charleston,https://www.basketball-reference.com/players/j/johnsan02.html,johnsan02,1974,36,12
Earl Dodd,Earl Dodd,1950,1950,F,5-Jun,175,11/1/1924,1/11/1924,1924,26,Truman State University,https://www.basketball-reference.com/players/d/doddea01.html,doddea01,1924,26,0
Earl Evans,Earl Evans,1980,1980,F,8-Jun,202,11/11/1955,11/11/1955,1955,25,"USC, UNLV",https://www.basketball-reference.com/players/e/evansea01.html,evansea01,1955,25,0
Earl Gardner,Earl Gardner,1949,1949,F,3-Jun,195,9/18/1923,18/9/1923,1923,26,DePauw University,https://www.basketball-reference.com/players/g/gardnea01.html,gardnea01,1923,26,0
Earl Jones,Earl Jones,1985,1986,C,Jul-00,210,1/13/1961,13/1/1961,1961,25,University of the District of Columbia,https://www.basketball-reference.com/players/j/jonesea01.html,jonesea01,1961,25,1
Earl Lloyd*,Earl Lloyd,1951,1960,F-C,5-Jun,200,4/3/1928,3/4/1928,1928,32,West Virginia State University,https://www.basketball-reference.com/players/l/lloydea01.html,lloydea01,1928,32,9
Anthony Peeler,Anthony Peeler,1993,2005,G,4-Jun,208,11/25/1969,25/11/1969,1969,36,Missouri,https://www.basketball-reference.com/players/p/peelean01.html,peelean01,1969,36,12
Earl Shannon,Earl Shannon,1947,1949,G-F,11-May,170,11/23/1921,23/11/1921,1921,28,Rhode Island,https://www.basketball-reference.com/players/s/shannea01.html,shannea01,1921,28,2
Earl Tatum,Earl Tatum,1977,1980,G-F,5-Jun,185,7/26/1953,26/7/1953,1953,27,Marquette,https://www.basketball-reference.com/players/t/tatumea01.html,tatumea01,1953,27,3
Anthony Tolliver,Anthony Tolliver,2009,2021,F-C,8-Jun,240,6/1/1985,1/6/1985,1985,36,Creighton,https://www.basketball-reference.com/players/t/tollian01.html,tollian01,1985,36,12
Earl Williams,Earl Williams,1975,1979,C-F,7-Jun,230,3/24/1951,24/3/1951,1951,28,Winston-Salem State,https://www.basketball-reference.com/players/w/williea01.html,williea01,1951,28,4
Earle Higgins,Earle Higgins,1971,1971,F,8-Jun,195,12/30/1946,30/12/1946,1946,25,"Casper College, Eastern Michigan",https://www.basketball-reference.com/players/h/higgiea01.html,higgiea01,1946,25,0
Earnie Killum,Earnie Killum,1971,1971,G,3-Jun,180,6/11/1948,11/6/1948,1948,23,Stetson University,https://www.basketball-reference.com/players/k/killuea01.html,killuea01,1948,23,0
Easy Parham,Easy Parham,1949,1951,F-G,3-Jun,200,12/27/1921,27/12/1921,1921,30,Texas Wesleyan University,https://www.basketball-reference.com/players/p/parhaea01.html,parhaea01,1921,30,2
Ed Bartels,Ed Bartels,1950,1951,F,5-Jun,195,10/8/1925,8/10/1925,1925,26,NC State,https://www.basketball-reference.com/players/b/barteed01.html,barteed01,1925,26,1
Ed Beach,Ed Beach,1951,1951,F,3-Jun,200,1/25/1929,25/1/1929,1929,22,West Virginia,https://www.basketball-reference.com/players/b/beached01.html,beached01,1929,22,0
Ed Biedenbach,Ed Biedenbach,1969,1969,G,1-Jun,175,8/12/1945,12/8/1945,1945,24,NC State,https://www.basketball-reference.com/players/b/biedeed01.html,biedeed01,1945,24,0
Ed Burton,Ed Burton,1962,1965,F,6-Jun,225,8/13/1939,13/8/1939,1939,26,Michigan State,https://www.basketball-reference.com/players/b/burtoed01.html,burtoed01,1939,26,3
Ed Conlin,Ed Conlin,1956,1962,F-G,5-Jun,200,9/2/1933,2/9/1933,1933,29,Fordham,https://www.basketball-reference.com/players/c/conlied01.html,conlied01,1933,29,6
Ed Dahler,Ed Dahler,1952,1952,F,5-Jun,190,1/31/1926,31/1/1926,1926,26,Duquesne,https://www.basketball-reference.com/players/d/dahleed01.html,dahleed01,1926,26,0
Ed Davis,Ed Davis,2011,2022,F,9-Jun,218,6/5/1989,5/6/1989,1989,33,UNC,https://www.basketball-reference.com/players/d/davised01.html,davised01,1989,33,11
Ed Earle,Ed Earle,1954,1954,F,3-Jun,190,4/28/1927,28/4/1927,1927,27,Loyola Chicago,https://www.basketball-reference.com/players/e/earleed01.html,earleed01,1927,27,0
Ed Fleming,Ed Fleming,1956,1960,G-F,3-Jun,189,7/25/1933,25/7/1933,1933,27,Niagara University,https://www.basketball-reference.com/players/f/flemied01.html,flemied01,1933,27,4
Ed Gayda,Ed Gayda,1951,1951,G-F,4-Jun,210,5/16/1927,16/5/1927,1927,24,Washington State,https://www.basketball-reference.com/players/g/gaydaed01.html,gaydaed01,1927,24,0
Ed Gray,Ed Gray,1998,1999,G,3-Jun,210,9/27/1975,27/9/1975,1975,24,"Tennessee, California",https://www.basketball-reference.com/players/g/grayed01.html,grayed01,1975,24,1
Ed Horton,Ed Horton,1990,1990,F,8-Jun,230,12/17/1967,17/12/1967,1967,23,Iowa,https://www.basketball-reference.com/players/h/hortoed01.html,hortoed01,1967,23,0
Ed Johnson,Ed Johnson,1969,1971,C,8-Jun,205,6/17/1944,17/6/1944,1944,27,Tennessee State,https://www.basketball-reference.com/players/j/johnsed01.html,johnsed01,1944,27,2
Ed Kalafat,Ed Kalafat,1955,1957,C-F,6-Jun,245,10/13/1932,13/10/1932,1932,25,Minnesota,https://www.basketball-reference.com/players/k/kalafed01.html,kalafed01,1932,25,2
Ed Kasid,Ed Kasid,1947,1947,G,11-May,185,8/13/1923,13/8/1923,1923,24,,https://www.basketball-reference.com/players/k/kasided01.html,kasided01,1923,24,0
Ed Leede,Ed Leede,1950,1951,F-G,3-Jun,185,7/17/1927,17/7/1927,1927,24,Dartmouth College,https://www.basketball-reference.com/players/l/leedeed01.html,leedeed01,1927,24,1
Ed Macauley*,Ed Macauley,1950,1959,C-F,8-Jun,185,3/22/1928,22/3/1928,1928,31,Saint Louis,https://www.basketball-reference.com/players/m/macaued01.html,macaued01,1928,31,9
Ed Manning,Ed Manning,1968,1976,F,7-Jun,210,1/2/1944,2/1/1944,1944,32,Jackson State University,https://www.basketball-reference.com/players/m/mannied01.html,mannied01,1944,32,8
Ed Melvin,Ed Melvin,1947,1947,G,9-May,170,2/13/1916,13/2/1916,1916,31,Duquesne,https://www.basketball-reference.com/players/m/melvied01.html,melvied01,1916,31,0
Ed Mikan,Ed Mikan,1949,1954,C-F,8-Jun,230,10/20/1925,20/10/1925,1925,29,DePaul,https://www.basketball-reference.com/players/m/mikaned01.html,mikaned01,1925,29,5
Ed Nealy,Ed Nealy,1983,1993,F,7-Jun,238,2/19/1960,19/2/1960,1960,33,Kansas State,https://www.basketball-reference.com/players/n/nealyed01.html,nealyed01,1960,33,10
Ed O'Bannon,Ed O'Bannon,1996,1997,F,8-Jun,222,8/14/1972,14/8/1972,1972,25,UCLA,https://www.basketball-reference.com/players/o/obanned01.html,obanned01,1972,25,1
Ed Peterson,Ed Peterson,1950,1951,C,9-Jun,220,6/27/1924,27/6/1924,1924,27,Cornell,https://www.basketball-reference.com/players/p/petered01.html,petered01,1924,27,1
Antonio Daniels,Antonio Daniels,1998,2011,G,4-Jun,195,3/19/1975,19/3/1975,1975,36,Bowling Green,https://www.basketball-reference.com/players/d/daniean01.html,daniean01,1975,36,13
Ed Rains,Ed Rains,1982,1983,F,7-Jun,190,12/24/1956,24/12/1956,1956,27,University of South Alabama,https://www.basketball-reference.com/players/r/rainsed01.html,rainsed01,1956,27,1
Ed Ratleff,Ed Ratleff,1974,1978,F-G,6-Jun,195,3/29/1950,29/3/1950,1950,28,Cal State Long Beach,https://www.basketball-reference.com/players/r/ratleed01.html,ratleed01,1950,28,4
Armen Gilliam,Armen Gilliam,1988,2000,F-C,9-Jun,230,5/28/1964,28/5/1964,1964,36,UNLV,https://www.basketball-reference.com/players/g/gilliar01.html,gilliar01,1964,36,12
Ed Searcy,Ed Searcy,1976,1976,F,6-Jun,210,4/17/1952,17/4/1952,1952,24,St. John's,https://www.basketball-reference.com/players/s/searced01.html,searced01,1952,24,0
Ed Sherod,Ed Sherod,1983,1983,G,2-Jun,170,9/13/1959,13/9/1959,1959,24,VCU,https://www.basketball-reference.com/players/s/sheroed01.html,sheroed01,1959,24,0
Ed Smith,Ed Smith,1954,1954,F,6-Jun,180,7/5/1929,5/7/1929,1929,25,Harvard University,https://www.basketball-reference.com/players/s/smithed01.html,smithed01,1929,25,0
Ed Stanczak,Ed Stanczak,1950,1951,F,1-Jun,185,8/15/1921,15/8/1921,1921,30,,https://www.basketball-reference.com/players/s/stanced01.html,stanced01,1921,30,1
Ed Stokes,Ed Stokes,1998,1998,C,Jul-00,264,9/3/1971,3/9/1971,1971,27,Arizona,https://www.basketball-reference.com/players/s/stokeed01.html,stokeed01,1971,27,0
Eddie Basden,Eddie Basden,2006,2006,G,5-Jun,215,2/15/1983,15/2/1983,1983,23,UNC Charlotte,https://www.basketball-reference.com/players/b/basdeed01.html,basdeed01,1983,23,0
Eddie Gill,Eddie Gill,2001,2009,G,Jun-00,190,8/16/1978,16/8/1978,1978,31,Weber State,https://www.basketball-reference.com/players/g/gilled01.html,gilled01,1978,31,8
Eddie Griffin,Eddie Griffin,2002,2007,F-C,10-Jun,220,5/30/1982,30/5/1982,1982,25,Seton Hall,https://www.basketball-reference.com/players/g/griffed01.html,griffed01,1982,25,5
Eddie House,Eddie House,2001,2011,G,1-Jun,180,5/14/1978,14/5/1978,1978,33,Arizona State,https://www.basketball-reference.com/players/h/houseed01.html,houseed01,1978,33,10
Eddie Hughes,Eddie Hughes,1988,1990,G,10-May,165,5/26/1960,26/5/1960,1960,30,Colorado State,https://www.basketball-reference.com/players/h/hugheed01.html,hugheed01,1960,30,2
Eddie Johnson,Eddie Johnson,1978,1987,G,2-Jun,180,2/24/1955,24/2/1955,1955,32,Auburn,https://www.basketball-reference.com/players/j/johnsed02.html,johnsed02,1955,32,9
Art Williams,Art Williams,1968,1975,G,1-Jun,180,9/29/1939,29/9/1939,1939,36,Cal Poly Pomona,https://www.basketball-reference.com/players/w/williar01.html,williar01,1939,36,7
Benoit Benjamin,Benoit Benjamin,1986,2000,C,Jul-00,250,11/22/1964,22/11/1964,1964,36,Creighton,https://www.basketball-reference.com/players/b/benjabe01.html,benjabe01,1964,36,14
Eddie Jordan,Eddie Jordan,1978,1984,G,1-Jun,170,1/29/1955,29/1/1955,1955,29,Rutgers University,https://www.basketball-reference.com/players/j/jordaed01.html,jordaed01,1955,29,6
Eddie Lee Wilkins,Eddie Lee Wilkins,1985,1993,F-C,10-Jun,220,5/7/1962,7/5/1962,1962,31,Gardner-Webb University,https://www.basketball-reference.com/players/w/wilkied01.html,wilkied01,1962,31,8
Eddie Mast,Eddie Mast,1971,1973,F-C,9-Jun,220,10/3/1948,3/10/1948,1948,25,Temple,https://www.basketball-reference.com/players/m/masted01.html,masted01,1948,25,2
Eddie Miles,Eddie Miles,1964,1972,G-F,4-Jun,195,7/5/1940,5/7/1940,1940,32,Seattle University,https://www.basketball-reference.com/players/m/milesed01.html,milesed01,1940,32,8
Eddie Miller,Eddie Miller,1953,1954,C-F,8-Jun,225,6/18/1931,18/6/1931,1931,23,Syracuse,https://www.basketball-reference.com/players/m/milleed01.html,milleed01,1931,23,1
Eddie Owens,Eddie Owens,1978,1978,F,7-Jun,210,12/26/1953,26/12/1953,1953,25,UNLV,https://www.basketball-reference.com/players/o/owensed01.html,owensed01,1953,25,0
Eddie Phillips,Eddie Phillips,1983,1983,F,7-Jun,225,9/29/1961,29/9/1961,1961,22,Alabama,https://www.basketball-reference.com/players/p/philled01.html,philled01,1961,22,0
Eddie Robinson,Eddie Robinson,2000,2004,G-F,8-Jun,210,4/19/1976,19/4/1976,1976,28,University of Central Oklahoma,https://www.basketball-reference.com/players/r/robined01.html,robined01,1976,28,4
Eddy Curry,Eddy Curry,2002,2013,C,Jul-00,295,12/5/1982,5/12/1982,1982,31,,https://www.basketball-reference.com/players/c/curryed01.html,curryed01,1982,31,11
Edgar Jones,Edgar Jones,1981,1986,F-C,10-Jun,225,6/17/1956,17/6/1956,1956,30,Nevada,https://www.basketball-reference.com/players/j/jonesed01.html,jonesed01,1956,30,5
Edgar Lacey,Edgar Lacey,1969,1969,F,6-Jun,190,8/2/1944,2/8/1944,1944,25,UCLA,https://www.basketball-reference.com/players/l/laceyed01.html,laceyed01,1944,25,0
Edmond Sumner,Edmond Sumner,2018,2023,G,4-Jun,196,12/31/1995,31/12/1995,1995,28,Xavier,https://www.basketball-reference.com/players/s/sumneed01.html,sumneed01,1995,28,5
Edmund Lawrence,Edmund Lawrence,1981,1981,C,Jul-00,228,12/8/1952,8/12/1952,1952,29,McNeese State University,https://www.basketball-reference.com/players/l/lawreed01.html,lawreed01,1952,29,0
Bill Bridges,Bill Bridges,1963,1975,F-C,6-Jun,228,4/4/1939,4/4/1939,1939,36,Kansas,https://www.basketball-reference.com/players/b/bridgbi01.html,bridgbi01,1939,36,12
Edwin Ubiles,Edwin Ubiles,2012,2012,G,6-Jun,204,11/26/1986,26/11/1986,1986,26,Siena College,https://www.basketball-reference.com/players/u/ubileed01.html,ubileed01,1986,26,0
Edy Tavares,Edy Tavares,2016,2017,C,3-Jul,260,3/22/1992,22/3/1992,1992,25,,https://www.basketball-reference.com/players/t/tavarwa01.html,tavarwa01,1992,25,1
Efthimios Rentzias,Efthimios Rentzias,2003,2003,C,11-Jun,250,1/11/1976,11/1/1976,1976,27,,https://www.basketball-reference.com/players/r/rentzef01.html,rentzef01,1976,27,0
Ekpe Udoh,Ekpe Udoh,2011,2019,C-F,10-Jun,245,5/20/1987,20/5/1987,1987,32,"Michigan, Baylor",https://www.basketball-reference.com/players/u/udohek01.html,udohek01,1987,32,8
Bimbo Coles,Bimbo Coles,1991,2004,G,1-Jun,180,4/22/1968,22/4/1968,1968,36,Virginia Tech,https://www.basketball-reference.com/players/c/colesbi01.html,colesbi01,1968,36,13
Bob Lanier*,Bob Lanier,1971,1984,C,11-Jun,250,9/10/1948,10/9/1948,1948,36,St. Bonaventure,https://www.basketball-reference.com/players/l/laniebo01.html,laniebo01,1948,36,13
Elfrid Payton,Elfrid Payton,2015,2025,G,3-Jun,195,2/22/1994,22/2/1994,1994,31,Louisiana,https://www.basketball-reference.com/players/p/paytoel01.html,paytoel01,1994,31,10
Boban Marjanović,Boban Marjanović,2016,2024,C,4-Jul,290,8/15/1988,15/8/1988,1988,36,,https://www.basketball-reference.com/players/m/marjabo01.html,marjabo01,1988,36,8
Elias Harris,Elias Harris,2014,2014,F,8-Jun,239,7/6/1989,6/7/1989,1989,25,Gonzaga,https://www.basketball-reference.com/players/h/harriel01.html,harriel01,1989,25,0
Elie Okobo,Elie Okobo,2019,2020,G,3-Jun,190,10/23/1997,23/10/1997,1997,23,,https://www.basketball-reference.com/players/o/okoboel01.html,okoboel01,1997,23,1
Elijah Bryant,Elijah Bryant,2021,2021,G,5-Jun,210,4/19/1995,19/4/1995,1995,26,"Elon University, BYU",https://www.basketball-reference.com/players/b/bryanel01.html,bryanel01,1995,26,0
Elijah Harkless,Elijah Harkless,2025,2025,G,3-Jun,195,2/3/2000,3/2/2000,2000,25,"Cal State Northridge, Oklahoma, UNLV",https://www.basketball-reference.com/players/h/harklej01.html,harklej01,2000,25,0
Elijah Hughes,Elijah Hughes,2021,2022,F,5-Jun,215,3/10/1998,10/3/1998,1998,24,"Syracuse, East Carolina University",https://www.basketball-reference.com/players/h/hugheel01.html,hugheel01,1998,24,1
Elijah Millsap,Elijah Millsap,2015,2017,G-F,6-Jun,225,8/12/1987,12/8/1987,1987,30,"Louisiana, UAB",https://www.basketball-reference.com/players/m/millsel01.html,millsel01,1987,30,2
Elliot Perry,Elliot Perry,1992,2002,G,Jun-00,150,3/28/1969,28/3/1969,1969,33,Memphis,https://www.basketball-reference.com/players/p/perryel01.html,perryel01,1969,33,10
Elliot Williams,Elliot Williams,2012,2016,G,5-Jun,190,6/20/1989,20/6/1989,1989,27,"Duke, Memphis",https://www.basketball-reference.com/players/w/williel01.html,williel01,1989,27,4
Elmer Behnke,Elmer Behnke,1952,1952,C,7-Jun,210,2/3/1929,3/2/1929,1929,23,Bradley,https://www.basketball-reference.com/players/b/behnkel01.html,behnkel01,1929,23,0
Elmer Bennett,Elmer Bennett,1995,1997,G,Jun-00,170,2/13/1970,13/2/1970,1970,27,Notre Dame,https://www.basketball-reference.com/players/b/benneel01.html,benneel01,1970,27,2
Elmer Gainer,Elmer Gainer,1948,1950,F-C,6-Jun,195,11/22/1918,22/11/1918,1918,32,DePaul,https://www.basketball-reference.com/players/g/gaineel01.html,gaineel01,1918,32,2
Elmore Morgenthaler,Elmore Morgenthaler,1947,1949,C,9-Jun,230,8/3/1922,3/8/1922,1922,27,"New Mexico Tech, Boston College",https://www.basketball-reference.com/players/m/morgeel01.html,morgeel01,1922,27,2
Elmore Smith,Elmore Smith,1972,1979,C,Jul-00,250,5/9/1949,9/5/1949,1949,30,Kentucky State University,https://www.basketball-reference.com/players/s/smithel01.html,smithel01,1949,30,7
Elmore Spencer,Elmore Spencer,1993,1997,C,Jul-00,270,12/6/1969,6/12/1969,1969,28,"Georgia, UNLV",https://www.basketball-reference.com/players/s/spencel01.html,spencel01,1969,28,4
Elnardo Webster,Elnardo Webster,1972,1972,F,5-Jun,190,3/6/1948,6/3/1948,1948,24,"Wharton County Junior College, Saint Peter's College",https://www.basketball-reference.com/players/w/webstel01.html,webstel01,1948,24,0
Elston Turner,Elston Turner,1982,1989,G-F,5-Jun,190,6/10/1959,10/6/1959,1959,30,Ole Miss,https://www.basketball-reference.com/players/t/turneel01.html,turneel01,1959,30,7
Bobby Jackson,Bobby Jackson,1998,2009,G,1-Jun,185,3/13/1973,13/3/1973,1973,36,Minnesota,https://www.basketball-reference.com/players/j/jacksbo01.html,jacksbo01,1973,36,11
Elton McGriff,Elton McGriff,1968,1969,C,9-Jun,225,8/21/1942,21/8/1942,1942,27,"City College of San Francisco, Creighton",https://www.basketball-reference.com/players/m/mcgriel01.html,mcgriel01,1942,27,1
Bobby Wanzer*,Bobby Wanzer,1949,1957,G,Jun-00,170,6/4/1921,4/6/1921,1921,36,Seton Hall,https://www.basketball-reference.com/players/w/wanzebo01.html,wanzebo01,1921,36,8
Elvin Ivory,Elvin Ivory,1969,1969,F,8-Jun,210,7/2/1948,2/7/1948,1948,21,Louisiana,https://www.basketball-reference.com/players/i/ivoryel01.html,ivoryel01,1948,21,0
Brad Miller,Brad Miller,1999,2012,C-F,11-Jun,244,4/12/1976,12/4/1976,1976,36,Purdue,https://www.basketball-reference.com/players/m/millebr01.html,millebr01,1976,36,13
Brendan Haywood,Brendan Haywood,2002,2015,C,Jul-00,268,11/27/1979,27/11/1979,1979,36,UNC,https://www.basketball-reference.com/players/h/haywobr01.html,haywobr01,1979,36,13
Emanuel Terry,Emanuel Terry,2019,2022,F,9-Jun,220,8/21/1996,21/8/1996,1996,26,Lincoln Memorial,https://www.basketball-reference.com/players/t/terryem01.html,terryem01,1996,26,3
Brian Skinner,Brian Skinner,1999,2012,F,9-Jun,255,5/19/1976,19/5/1976,1976,36,Baylor,https://www.basketball-reference.com/players/s/skinnbr01.html,skinnbr01,1976,36,13
Emmanuel Mudiay,Emmanuel Mudiay,2016,2022,G,3-Jun,200,3/5/1996,5/3/1996,1996,26,,https://www.basketball-reference.com/players/m/mudiaem01.html,mudiaem01,1996,26,6
Emoni Bates,Emoni Bates,2024,2025,G,10-Jun,170,1/28/2004,28/1/2004,2004,21,"Memphis, Eastern Michigan",https://www.basketball-reference.com/players/b/batesem01.html,batesem01,2004,21,1
Enes Freedom,Enes Freedom,2012,2022,C,10-Jun,250,5/20/1992,20/5/1992,1992,30,Kentucky,https://www.basketball-reference.com/players/k/kanteen01.html,kanteen01,1992,30,10
Bryon Russell,Bryon Russell,1994,2006,F,7-Jun,225,12/31/1970,31/12/1970,1970,36,Cal State Long Beach,https://www.basketball-reference.com/players/r/russebr01.html,russebr01,1970,36,12
Enrique Freeman,Enrique Freeman,2025,2025,F,7-Jun,206,7/29/2000,29/7/2000,2000,25,University of Akron,https://www.basketball-reference.com/players/f/freemen01.html,freemen01,2000,25,0
Eric Anderson,Eric Anderson,1993,1994,F,9-Jun,220,5/26/1970,26/5/1970,1970,24,Indiana,https://www.basketball-reference.com/players/a/anderer01.html,anderer01,1970,24,1
Eric Bledsoe,Eric Bledsoe,2011,2022,G,1-Jun,214,12/9/1989,9/12/1989,1989,33,Kentucky,https://www.basketball-reference.com/players/b/bledser01.html,bledser01,1989,33,11
Eric Dawson,Eric Dawson,2012,2012,F,9-Jun,250,7/7/1984,7/7/1984,1984,28,Midwestern State University,https://www.basketball-reference.com/players/d/dawsoer01.html,dawsoer01,1984,28,0
Eric Fernsten,Eric Fernsten,1976,1984,C-F,10-Jun,205,11/1/1953,1/11/1953,1953,31,San Francisco,https://www.basketball-reference.com/players/f/fernser01.html,fernser01,1953,31,8
Byron Scott,Byron Scott,1984,1997,G,3-Jun,195,3/28/1961,28/3/1961,1961,36,Arizona State,https://www.basketball-reference.com/players/s/scottby01.html,scottby01,1961,36,13
Eric Johnson,Eric Johnson,1990,1990,G,2-Jun,205,2/7/1966,7/2/1966,1966,24,"Baylor, Nebraska",https://www.basketball-reference.com/players/j/johnser01.html,johnser01,1966,24,0
Eric Leckner,Eric Leckner,1989,1997,C-F,11-Jun,265,5/27/1966,27/5/1966,1966,31,Wyoming,https://www.basketball-reference.com/players/l/leckner01.html,leckner01,1966,31,8
Eric Maynor,Eric Maynor,2010,2014,G,3-Jun,175,6/11/1987,11/6/1987,1987,27,VCU,https://www.basketball-reference.com/players/m/maynoer01.html,maynoer01,1987,27,4
Eric McWilliams,Eric McWilliams,1973,1973,F,8-Jun,200,4/18/1950,18/4/1950,1950,23,Cal State Long Beach,https://www.basketball-reference.com/players/m/mcwiler01.html,mcwiler01,1950,23,0
Eric Mika,Eric Mika,2020,2020,C,10-Jun,230,1/5/1995,5/1/1995,1995,25,BYU,https://www.basketball-reference.com/players/m/mikaer01.html,mikaer01,1995,25,0
Eric Mobley,Eric Mobley,1995,1997,C,11-Jun,235,2/1/1970,1/2/1970,1970,27,Pitt,https://www.basketball-reference.com/players/m/mobleer01.html,mobleer01,1970,27,2
Eric Money,Eric Money,1975,1980,G,Jun-00,170,2/6/1955,6/2/1955,1955,25,Arizona,https://www.basketball-reference.com/players/m/moneyer01.html,moneyer01,1955,25,5
Eric Montross,Eric Montross,1995,2002,C,Jul-00,270,9/23/1971,23/9/1971,1971,31,UNC,https://www.basketball-reference.com/players/m/montrer01.html,montrer01,1971,31,7
Eric Moreland,Eric Moreland,2015,2019,F-C,10-Jun,238,12/24/1991,24/12/1991,1991,28,Oregon State,https://www.basketball-reference.com/players/m/moreler01.html,moreler01,1991,28,4
Eric Murdock,Eric Murdock,1992,2000,G,1-Jun,190,6/14/1968,14/6/1968,1968,32,Providence,https://www.basketball-reference.com/players/m/murdoer01.html,murdoer01,1968,32,8
Eric Paschall,Eric Paschall,2020,2022,F,6-Jun,255,11/4/1996,4/11/1996,1996,26,"Fordham, Villanova",https://www.basketball-reference.com/players/p/pascher01.html,pascher01,1996,26,2
Caron Butler,Caron Butler,2003,2016,F,7-Jun,228,3/13/1980,13/3/1980,1980,36,UConn,https://www.basketball-reference.com/players/b/butleca01.html,butleca01,1980,36,13
Eric Riley,Eric Riley,1994,1999,C,Jul-00,245,6/2/1970,2/6/1970,1970,29,Michigan,https://www.basketball-reference.com/players/r/rileyer01.html,rileyer01,1970,29,5
Channing Frye,Channing Frye,2006,2019,C-F,Jul-00,255,5/17/1983,17/5/1983,1983,36,Arizona,https://www.basketball-reference.com/players/f/fryech01.html,fryech01,1983,36,13
Eric Washington,Eric Washington,1998,1999,G,4-Jun,190,3/23/1974,23/3/1974,1974,25,Alabama,https://www.basketball-reference.com/players/w/washier01.html,washier01,1974,25,1
Eric White,Eric White,1988,1989,F,8-Jun,200,12/30/1965,30/12/1965,1965,24,Pepperdine,https://www.basketball-reference.com/players/w/whiteer01.html,whiteer01,1965,24,1
Chris Childs,Chris Childs,1995,2003,G,3-Jun,195,11/20/1967,20/11/1967,1967,36,Boise State,https://www.basketball-reference.com/players/c/childch01.html,childch01,1967,36,8
Erick Barkley,Erick Barkley,2001,2002,G,1-Jun,177,2/21/1978,21/2/1978,1978,24,St. John's,https://www.basketball-reference.com/players/b/barkler01.html,barkler01,1978,24,1
Christian Laettner,Christian Laettner,1993,2005,F-C,11-Jun,235,8/17/1969,17/8/1969,1969,36,Duke,https://www.basketball-reference.com/players/l/laettch01.html,laettch01,1969,36,12
Erick Green,Erick Green,2015,2016,G,4-Jun,185,5/9/1991,9/5/1991,1991,25,Virginia Tech,https://www.basketball-reference.com/players/g/greener01.html,greener01,1991,25,1
Erick Strickland,Erick Strickland,1997,2005,G,3-Jun,210,11/25/1973,25/11/1973,1973,32,Nebraska,https://www.basketball-reference.com/players/s/stricer01.html,stricer01,1973,32,8
Erik Daniels,Erik Daniels,2005,2005,F,8-Jun,214,4/1/1982,1/4/1982,1982,23,Kentucky,https://www.basketball-reference.com/players/d/danieer01.html,danieer01,1982,23,0
Erik McCree,Erik McCree,2018,2018,F,7-Jun,219,12/20/1993,20/12/1993,1993,25,Louisiana Tech,https://www.basketball-reference.com/players/m/mccreer01.html,mccreer01,1993,25,0
Erik Murphy,Erik Murphy,2014,2014,F,10-Jun,230,10/26/1990,26/10/1990,1990,24,Florida,https://www.basketball-reference.com/players/m/murpher01.html,murpher01,1990,24,0
Ernest Brown,Ernest Brown,2002,2002,C,Jul-00,244,5/17/1979,17/5/1979,1979,23,Indian Hills Community College,https://www.basketball-reference.com/players/b/browner01.html,browner01,1979,23,0
Ernie Barrett,Ernie Barrett,1954,1956,G-F,3-Jun,180,8/27/1929,27/8/1929,1929,27,Kansas State,https://www.basketball-reference.com/players/b/barreer01.html,barreer01,1929,27,2
Ernie Beck,Ernie Beck,1954,1961,G-F,4-Jun,190,12/11/1931,11/12/1931,1931,30,Penn,https://www.basketball-reference.com/players/b/becker01.html,becker01,1931,30,7
Ernie Calverley,Ernie Calverley,1947,1949,G,10-May,145,1/30/1924,30/1/1924,1924,25,Rhode Island,https://www.basketball-reference.com/players/c/calveer01.html,calveer01,1924,25,2
Ernie DiGregorio,Ernie DiGregorio,1974,1978,G,Jun-00,180,1/15/1951,15/1/1951,1951,27,Providence,https://www.basketball-reference.com/players/d/digreer01.html,digreer01,1951,27,4
Ernie Grunfeld,Ernie Grunfeld,1978,1986,G-F,6-Jun,210,4/24/1955,24/4/1955,1955,31,Tennessee,https://www.basketball-reference.com/players/g/grunfer01.html,grunfer01,1955,31,8
Ernie Vandeweghe,Ernie Vandeweghe,1950,1956,F-G,3-Jun,195,9/12/1928,12/9/1928,1928,28,Colgate,https://www.basketball-reference.com/players/v/vandeer01.html,vandeer01,1928,28,6
Errol Palmer,Errol Palmer,1968,1968,F,5-Jun,195,NA,NA,#VALUE!,#VALUE!,DePaul,https://www.basketball-reference.com/players/p/palmeer01.html,palmeer01,NA,#VALUE!,0
Chuck Person,Chuck Person,1987,2000,F,8-Jun,220,6/27/1964,27/6/1964,1964,36,Auburn,https://www.basketball-reference.com/players/p/persoch01.html,persoch01,1964,36,13
Erv Staggs,Erv Staggs,1970,1970,F-G,6-Jun,195,9/1/1948,1/9/1948,1948,22,"North Carolina A&T, Cheyney (PA)",https://www.basketball-reference.com/players/s/stagger01.html,stagger01,1948,22,0
Ervin Inniger,Ervin Inniger,1968,1969,G,4-Jun,190,1/16/1945,16/1/1945,1945,24,Indiana,https://www.basketball-reference.com/players/i/inniger01.html,inniger01,1945,24,1
Chucky Atkins,Chucky Atkins,2000,2010,G,11-May,160,8/14/1974,14/8/1974,1974,36,South Florida,https://www.basketball-reference.com/players/a/atkinch01.html,atkinch01,1974,36,10
Erwin Mueller,Erwin Mueller,1967,1974,C-F,8-Jun,230,3/12/1944,12/3/1944,1944,30,San Francisco,https://www.basketball-reference.com/players/m/mueller01.html,mueller01,1944,30,7
Essie Hollis,Essie Hollis,1979,1979,F,6-Jun,195,5/16/1955,16/5/1955,1955,24,St. Bonaventure,https://www.basketball-reference.com/players/h/hollies01.html,hollies01,1955,24,0
Esteban Batista,Esteban Batista,2006,2007,F-C,10-Jun,270,9/2/1983,2/9/1983,1983,24,,https://www.basketball-reference.com/players/b/batises01.html,batises01,1983,24,1
Etan Thomas,Etan Thomas,2002,2011,F,9-Jun,256,4/1/1978,1/4/1978,1978,33,Syracuse,https://www.basketball-reference.com/players/t/thomaet01.html,thomaet01,1978,33,9
Etdrick Bohannon,Etdrick Bohannon,1998,2001,F,9-Jun,220,5/29/1973,29/5/1973,1973,28,"Arizona, Tennessee, Auburn University at Montgomery",https://www.basketball-reference.com/players/b/bohanet01.html,bohanet01,1973,28,3
E'Twaun Moore,E'Twaun Moore,2012,2021,G-F,3-Jun,191,2/25/1989,25/2/1989,1989,32,Purdue,https://www.basketball-reference.com/players/m/mooreet01.html,mooreet01,1989,32,9
Eugene Jeter,Eugene Jeter,2011,2011,G,11-May,175,12/2/1983,2/12/1983,1983,28,University of Portland,https://www.basketball-reference.com/players/j/jetereu01.html,jetereu01,1983,28,0
Eugene Omoruyi,Eugene Omoruyi,2022,2024,F,7-Jun,244,2/14/1997,14/2/1997,1997,27,"Rutgers University, Oregon",https://www.basketball-reference.com/players/o/omorueu01.html,omorueu01,1997,27,2
Evan Eschmeyer,Evan Eschmeyer,2000,2003,C,11-Jun,255,5/30/1975,30/5/1975,1975,28,Northwestern,https://www.basketball-reference.com/players/e/eschmev01.html,eschmev01,1975,28,3
Evan Fournier,Evan Fournier,2013,2024,G-F,6-Jun,205,10/29/1992,29/10/1992,1992,32,,https://www.basketball-reference.com/players/f/fournev01.html,fournev01,1992,32,11
Evan Mobley,Evan Mobley,2022,2025,F-C,11-Jun,215,6/18/2001,18/6/2001,2001,24,USC,https://www.basketball-reference.com/players/m/mobleev01.html,mobleev01,2001,24,3
Evan Turner,Evan Turner,2011,2020,G,6-Jun,220,10/27/1988,27/10/1988,1988,32,Ohio State,https://www.basketball-reference.com/players/t/turneev01.html,turneev01,1988,32,9
Everette Stephens,Everette Stephens,1989,1991,G,2-Jun,175,10/21/1966,21/10/1966,1966,25,Purdue,https://www.basketball-reference.com/players/s/stephev01.html,stephev01,1966,25,2
Evers Burns,Evers Burns,1994,1994,F,8-Jun,260,8/24/1971,24/8/1971,1971,23,Maryland,https://www.basketball-reference.com/players/b/burnsev01.html,burnsev01,1971,23,0
Evric Gray,Evric Gray,1997,1997,F,7-Jun,235,12/13/1969,13/12/1969,1969,28,UNLV,https://www.basketball-reference.com/players/g/grayev01.html,grayev01,1969,28,0
Fab Melo,Fab Melo,2013,2013,C,Jul-00,255,6/20/1990,20/6/1990,1990,23,Syracuse,https://www.basketball-reference.com/players/m/melofa01.html,melofa01,1990,23,0
Clyde Drexler*,Clyde Drexler,1984,1998,G,7-Jun,210,6/22/1962,22/6/1962,1962,36,Houston,https://www.basketball-reference.com/players/d/drexlcl01.html,drexlcl01,1962,36,14
Facundo Campazzo,Facundo Campazzo,2021,2023,G,10-May,195,3/23/1991,23/3/1991,1991,32,,https://www.basketball-reference.com/players/c/campafa01.html,campafa01,1991,32,2
Craig Ehlo,Craig Ehlo,1984,1997,G-F,6-Jun,180,8/11/1961,11/8/1961,1961,36,"Odessa College, Washington State",https://www.basketball-reference.com/players/e/ehlocr01.html,ehlocr01,1961,36,13
Fatty Taylor,Fatty Taylor,1970,1977,G,Jun-00,175,3/13/1946,13/3/1946,1946,31,"Dodge City Community College, La Salle",https://www.basketball-reference.com/players/t/taylofa01.html,taylofa01,1946,31,7
Felipe López,Felipe López,1999,2002,G,5-Jun,199,12/19/1974,19/12/1974,1974,28,St. John's,https://www.basketball-reference.com/players/l/lopezfe01.html,lopezfe01,1974,28,3
Danilo Gallinari,Danilo Gallinari,2009,2024,F,10-Jun,233,8/8/1988,8/8/1988,1988,36,,https://www.basketball-reference.com/players/g/gallida01.html,gallida01,1988,36,15
Fennis Dembo,Fennis Dembo,1989,1989,F,5-Jun,215,1/24/1966,24/1/1966,1966,23,Wyoming,https://www.basketball-reference.com/players/d/dembofe01.html,dembofe01,1966,23,0
Fernando Martín,Fernando Martín,1987,1987,C,9-Jun,220,3/25/1962,25/3/1962,1962,25,,https://www.basketball-reference.com/players/m/martife01.html,martife01,1962,25,0
Feron Hunt,Feron Hunt,2022,2022,F,8-Jun,195,7/5/1999,5/7/1999,1999,23,SMU,https://www.basketball-reference.com/players/h/huntfe01.html,huntfe01,1999,23,0
Festus Ezeli,Festus Ezeli,2013,2016,C,11-Jun,255,10/21/1989,21/10/1989,1989,27,Vanderbilt,https://www.basketball-reference.com/players/e/ezelife01.html,ezelife01,1989,27,3
Filip Petrušev,Filip Petrušev,2024,2024,F-C,11-Jun,234,4/15/2000,15/4/2000,2000,24,Gonzaga,https://www.basketball-reference.com/players/p/petrufi01.html,petrufi01,2000,24,0
Floyd Theard,Floyd Theard,1970,1970,G,1-Jun,170,9/5/1944,5/9/1944,1944,26,Kentucky State University,https://www.basketball-reference.com/players/t/thearfl01.html,thearfl01,1944,26,0
Floyd Volker,Floyd Volker,1950,1950,F-C,4-Jun,205,6/21/1921,21/6/1921,1921,29,Wyoming,https://www.basketball-reference.com/players/v/volkefl01.html,volkefl01,1921,29,0
Fly Williams,Fly Williams,1975,1975,G-F,5-Jun,200,2/18/1953,18/2/1953,1953,22,Austin Peay State University,https://www.basketball-reference.com/players/w/willifl01.html,willifl01,1953,22,0
Flynn Robinson,Flynn Robinson,1967,1974,G,1-Jun,185,4/28/1941,28/4/1941,1941,33,"Southern Illinois, Casper College, Wyoming",https://www.basketball-reference.com/players/r/robinfl01.html,robinfl01,1941,33,7
Foots Walker,Foots Walker,1975,1984,G,Jun-00,184,5/21/1951,21/5/1951,1951,33,"Vincennes University, West Georgia",https://www.basketball-reference.com/players/w/walkefo01.html,walkefo01,1951,33,9
Forest Able,Forest Able,1957,1957,G,3-Jun,180,7/27/1932,27/7/1932,1932,25,Western Kentucky,https://www.basketball-reference.com/players/a/ablefo01.html,ablefo01,1932,25,0
Forrest McKenzie,Forrest McKenzie,1987,1987,F,7-Jun,200,2/16/1963,16/2/1963,1963,24,Loyola Marymount,https://www.basketball-reference.com/players/m/mckenfo01.html,mckenfo01,1963,24,0
Fran Curran,Fran Curran,1949,1950,G,Jun-00,175,9/9/1922,9/9/1922,1922,28,Notre Dame,https://www.basketball-reference.com/players/c/currafr01.html,currafr01,1922,28,1
Fran O'Hanlon,Fran O'Hanlon,1971,1971,G,1-Jun,175,8/24/1948,24/8/1948,1948,23,Villanova,https://www.basketball-reference.com/players/o/ohanlfr01.html,ohanlfr01,1948,23,0
Danny Ainge,Danny Ainge,1982,1995,G,5-Jun,185,3/17/1959,17/3/1959,1959,36,BYU,https://www.basketball-reference.com/players/a/aingeda01.html,aingeda01,1959,36,13
Dean Garrett,Dean Garrett,1997,2002,C,10-Jun,225,11/27/1966,27/11/1966,1966,36,Indiana,https://www.basketball-reference.com/players/g/garrede01.html,garrede01,1966,36,5
DeMar DeRozan,DeMar DeRozan,2010,2025,G-F,6-Jun,220,8/7/1989,7/8/1989,1989,36,USC,https://www.basketball-reference.com/players/d/derozde01.html,derozde01,1989,36,15
Frank Card,Frank Card,1969,1973,F,7-Jun,195,12/28/1944,28/12/1944,1944,29,South Carolina State,https://www.basketball-reference.com/players/c/cardfr01.html,cardfr01,1944,29,4
Frank Fucarino,Frank Fucarino,1947,1947,F,2-Jun,175,7/24/1920,24/7/1920,1920,27,Long Island University,https://www.basketball-reference.com/players/f/fucarfr01.html,fucarfr01,1920,27,0
Frank Gates,Frank Gates,1950,1950,G,Jun-00,160,4/12/1920,12/4/1920,1920,30,Sam Houston State University,https://www.basketball-reference.com/players/g/gatesfr01.html,gatesfr01,1920,30,0
Frank Jackson,Frank Jackson,2019,2023,G,3-Jun,205,5/4/1998,4/5/1998,1998,25,Duke,https://www.basketball-reference.com/players/j/jacksfr01.html,jacksfr01,1998,25,4
Dennis Johnson*,Dennis Johnson,1977,1990,G,4-Jun,185,9/18/1954,18/9/1954,1954,36,"Harbor College, Pepperdine",https://www.basketball-reference.com/players/j/johnsde01.html,johnsde01,1954,36,13
Frank Kaminsky,Frank Kaminsky,2016,2023,F-C,Jul-00,240,4/4/1993,4/4/1993,1993,30,Wisconsin,https://www.basketball-reference.com/players/k/kaminfr01.html,kaminfr01,1993,30,7
Frank Kendrick,Frank Kendrick,1975,1975,F,6-Jun,198,9/11/1950,11/9/1950,1950,25,Purdue,https://www.basketball-reference.com/players/k/kendrfr01.html,kendrfr01,1950,25,0
Frank Kornet,Frank Kornet,1990,1991,F,9-Jun,225,1/27/1967,27/1/1967,1967,24,Vanderbilt,https://www.basketball-reference.com/players/k/kornefr01.html,kornefr01,1967,24,1
Frank Kudelka,Frank Kudelka,1950,1953,G-F,2-Jun,193,6/25/1925,25/6/1925,1925,28,Saint Mary's,https://www.basketball-reference.com/players/k/kudelfr01.html,kudelfr01,1925,28,3
Frank Mangiapane,Frank Mangiapane,1947,1947,G,10-May,195,8/5/1925,5/8/1925,1925,22,NYU,https://www.basketball-reference.com/players/m/mangifr01.html,mangifr01,1925,22,0
Frank Mason III,Frank Mason III,2018,2021,G,11-May,190,4/3/1994,3/4/1994,1994,27,Kansas,https://www.basketball-reference.com/players/m/masonfr01.html,masonfr01,1994,27,3
Frank Ntilikina,Frank Ntilikina,2018,2024,G,4-Jun,200,7/28/1998,28/7/1998,1998,26,,https://www.basketball-reference.com/players/n/ntilila01.html,ntilila01,1998,26,6
Frank Oleynick,Frank Oleynick,1976,1977,G,2-Jun,185,2/20/1955,20/2/1955,1955,22,Seattle University,https://www.basketball-reference.com/players/o/oleynfr01.html,oleynfr01,1955,22,1
Frank Radovich,Frank Radovich,1962,1962,F,8-Jun,235,3/3/1938,3/3/1938,1938,24,Indiana,https://www.basketball-reference.com/players/r/radovfr01.html,radovfr01,1938,24,0
Frank Ramsey*,Frank Ramsey,1955,1964,F-G,3-Jun,190,7/13/1931,13/7/1931,1931,33,Kentucky,https://www.basketball-reference.com/players/r/ramsefr01.html,ramsefr01,1931,33,9
Frank Reddout,Frank Reddout,1954,1954,F,5-Jun,195,3/4/1931,4/3/1931,1931,23,Syracuse,https://www.basketball-reference.com/players/r/reddofr01.html,reddofr01,1931,23,0
Frank Russell,Frank Russell,1973,1973,G,3-Jun,180,4/17/1949,17/4/1949,1949,24,Detroit Mercy,https://www.basketball-reference.com/players/r/russefr01.html,russefr01,1949,24,0
Frank Schade,Frank Schade,1973,1973,G,1-Jun,170,1/22/1950,22/1/1950,1950,23,University of Wisconsin-Eau Claire,https://www.basketball-reference.com/players/s/schadfr01.html,schadfr01,1950,23,0
Frank Selvy,Frank Selvy,1955,1964,G-F,3-Jun,180,11/9/1932,9/11/1932,1932,32,Furman University,https://www.basketball-reference.com/players/s/selvyfr01.html,selvyfr01,1932,32,9
Frank Williams,Frank Williams,2003,2005,G,3-Jun,212,2/25/1980,25/2/1980,1980,25,Illinois,https://www.basketball-reference.com/players/w/willifr02.html,willifr02,1980,25,2
Frankie Baumholtz,Frankie Baumholtz,1947,1947,G,10-May,170,10/7/1918,7/10/1918,1918,29,Ohio University,https://www.basketball-reference.com/players/b/baumhfr01.html,baumhfr01,1918,29,0
Frankie Brian,Frankie Brian,1950,1956,G,1-Jun,180,5/1/1923,1/5/1923,1923,33,LSU,https://www.basketball-reference.com/players/b/brianfr01.html,brianfr01,1923,33,6
Frankie King,Frankie King,1996,1997,G,1-Jun,185,6/6/1972,6/6/1972,1972,25,Western Carolina University,https://www.basketball-reference.com/players/k/kingfr01.html,kingfr01,1972,25,1
Frankie Sanders,Frankie Sanders,1979,1981,F-G,6-Jun,200,1/23/1957,23/1/1957,1957,24,Southern University and A&M College,https://www.basketball-reference.com/players/s/sandefr01.html,sandefr01,1957,24,2
Franklin Edwards,Franklin Edwards,1982,1988,G,1-Jun,170,2/2/1959,2/2/1959,1959,29,Cleveland State University,https://www.basketball-reference.com/players/e/edwarfr01.html,edwarfr01,1959,29,6
Franz Wagner,Franz Wagner,2022,2025,G-F,10-Jun,225,8/27/2001,27/8/2001,2001,24,Michigan,https://www.basketball-reference.com/players/w/wagnefr01.html,wagnefr01,2001,24,3
Derrick McKey,Derrick McKey,1988,2002,F-C,9-Jun,205,10/10/1966,10/10/1966,1966,36,Alabama,https://www.basketball-reference.com/players/m/mckeyde01.html,mckeyde01,1966,36,14
Fred Carter,Fred Carter,1970,1977,G-F,3-Jun,185,2/14/1945,14/2/1945,1945,32,Mount St. Mary's University,https://www.basketball-reference.com/players/c/cartefr01.html,cartefr01,1945,32,7
Fred Christ,Fred Christ,1955,1955,G,4-Jun,210,8/6/1930,6/8/1930,1930,25,Fordham,https://www.basketball-reference.com/players/c/chrisfr01.html,chrisfr01,1930,25,0
Fred Cofield,Fred Cofield,1986,1987,G,3-Jun,190,1/4/1962,4/1/1962,1962,25,"Oregon, Eastern Michigan",https://www.basketball-reference.com/players/c/cofiefr01.html,cofiefr01,1962,25,1
Fred Diute,Fred Diute,1955,1955,G,3-Jun,210,1/9/1929,9/1/1929,1929,26,St. Bonaventure,https://www.basketball-reference.com/players/d/diutefr01.html,diutefr01,1929,26,0
Fred Foster,Fred Foster,1969,1977,F,5-Jun,210,3/18/1946,18/3/1946,1946,31,Miami University,https://www.basketball-reference.com/players/f/fostefr01.html,fostefr01,1946,31,8
Fred Hetzel,Fred Hetzel,1966,1971,F-C,8-Jun,220,7/21/1942,21/7/1942,1942,29,Davidson,https://www.basketball-reference.com/players/h/hetzefr01.html,hetzefr01,1942,29,5
Fred Hilton,Fred Hilton,1972,1973,G-F,3-Jun,185,1/15/1948,15/1/1948,1948,25,Grambling State University,https://www.basketball-reference.com/players/h/hiltofr01.html,hiltofr01,1948,25,1
Fred Hoiberg,Fred Hoiberg,1996,2005,G,4-Jun,203,10/15/1972,15/10/1972,1972,33,Iowa State,https://www.basketball-reference.com/players/h/hoibefr01.html,hoibefr01,1972,33,9
Fred Jacobs,Fred Jacobs,1947,1947,F,3-Jun,175,12/2/1922,2/12/1922,1922,25,Denver,https://www.basketball-reference.com/players/j/jacobfr01.html,jacobfr01,1922,25,0
Fred Jones,Fred Jones,2003,2009,G-F,4-Jun,210,3/11/1979,11/3/1979,1979,30,Oregon,https://www.basketball-reference.com/players/j/jonesfr01.html,jonesfr01,1979,30,6
Fred LaCour,Fred LaCour,1961,1963,G-F,5-Jun,210,2/7/1938,7/2/1938,1938,25,San Francisco,https://www.basketball-reference.com/players/l/lacoufr01.html,lacoufr01,1938,25,2
Fred Paine,Fred Paine,1949,1949,F,5-Jun,210,12/7/1925,7/12/1925,1925,24,Westminster College of Pennsylvania,https://www.basketball-reference.com/players/p/painefr01.html,painefr01,1925,24,0
Derrick Rose,Derrick Rose,2009,2024,G,3-Jun,200,10/4/1988,4/10/1988,1988,36,Memphis,https://www.basketball-reference.com/players/r/rosede01.html,rosede01,1988,36,15
Fred Saunders,Fred Saunders,1975,1978,F,7-Jun,210,6/13/1951,13/6/1951,1951,27,Syracuse,https://www.basketball-reference.com/players/s/saundfr01.html,saundfr01,1951,27,3
Fred Schaus,Fred Schaus,1950,1954,F,5-Jun,205,6/30/1925,30/6/1925,1925,29,West Virginia,https://www.basketball-reference.com/players/s/schaufr01.html,schaufr01,1925,29,4
Fred Scolari,Fred Scolari,1947,1955,G,10-May,180,3/1/1922,1/3/1922,1922,33,San Francisco,https://www.basketball-reference.com/players/s/scolafr01.html,scolafr01,1922,33,8
Fred Sheffield,Fred Sheffield,1947,1947,F,2-Jun,165,11/5/1923,5/11/1923,1923,24,Utah,https://www.basketball-reference.com/players/s/shefffr01.html,shefffr01,1923,24,0
Fred Taylor,Fred Taylor,1971,1972,G-F,5-Jun,180,2/5/1948,5/2/1948,1948,24,University of Texas Rio Grande Valley,https://www.basketball-reference.com/players/t/taylofr01.html,taylofr01,1948,24,1
Fred VanVleet,Fred VanVleet,2017,2025,G,Jun-00,197,2/25/1994,25/2/1994,1994,31,Wichita State,https://www.basketball-reference.com/players/v/vanvlfr01.html,vanvlfr01,1994,31,8
Fred Vinson,Fred Vinson,1995,2000,G,4-Jun,190,1/28/1971,28/1/1971,1971,29,Georgia Tech,https://www.basketball-reference.com/players/v/vinsofr01.html,vinsofr01,1971,29,5
Freddie Boyd,Freddie Boyd,1973,1978,G,2-Jun,180,6/13/1950,13/6/1950,1950,28,Oregon State,https://www.basketball-reference.com/players/b/boydfr01.html,boydfr01,1950,28,5
Freddie Crawford,Freddie Crawford,1967,1971,G-F,4-Jun,189,12/23/1941,23/12/1941,1941,30,St. Bonaventure,https://www.basketball-reference.com/players/c/crawffr01.html,crawffr01,1941,30,4
Freddie Gillespie,Freddie Gillespie,2021,2022,F,9-Jun,245,6/14/1997,14/6/1997,1997,25,"Carleton College, Baylor",https://www.basketball-reference.com/players/g/gillefr01.html,gillefr01,1997,25,1
Freddie Lewis,Freddie Lewis,1949,1950,F-G,2-Jun,195,1/6/1921,6/1/1921,1921,29,Eastern Kentucky University,https://www.basketball-reference.com/players/l/lewisfr01.html,lewisfr01,1921,29,1
Devin Harris,Devin Harris,2005,2019,G,3-Jun,185,2/27/1983,27/2/1983,1983,36,Wisconsin,https://www.basketball-reference.com/players/h/harride01.html,harride01,1983,36,14
Freeman Williams,Freeman Williams,1979,1986,G-F,4-Jun,190,5/15/1956,15/5/1956,1956,30,Portland State,https://www.basketball-reference.com/players/w/willifr01.html,willifr01,1956,30,7
Frido Frey,Frido Frey,1947,1947,F,2-Jun,195,10/26/1921,26/10/1921,1921,26,Long Island University,https://www.basketball-reference.com/players/f/freyfr01.html,freyfr01,1921,26,0
Fritz Nagy,Fritz Nagy,1949,1949,G-F,2-Jun,185,1/3/1924,3/1/1924,1924,25,University of Akron,https://www.basketball-reference.com/players/n/nagyfr01.html,nagyfr01,1924,25,0
Furkan Aldemir,Furkan Aldemir,2015,2015,F-C,10-Jun,240,8/9/1991,9/8/1991,1991,24,,https://www.basketball-reference.com/players/a/aldemfu01.html,aldemfu01,1991,24,0
Furkan Korkmaz,Furkan Korkmaz,2018,2024,G,7-Jun,202,7/24/1997,24/7/1997,1997,27,,https://www.basketball-reference.com/players/k/korkmfu01.html,korkmfu01,1997,27,6
Gabe Pruitt,Gabe Pruitt,2008,2009,G,4-Jun,170,4/19/1986,19/4/1986,1986,23,USC,https://www.basketball-reference.com/players/p/pruitga01.html,pruitga01,1986,23,1
Gabe Vincent,Gabe Vincent,2020,2025,G,3-Jun,195,6/14/1996,14/6/1996,1996,29,UC Santa Barbara,https://www.basketball-reference.com/players/v/vincega01.html,vincega01,1996,29,5
Gabe York,Gabe York,2022,2023,G,3-Jun,185,8/2/1993,2/8/1993,1993,30,Arizona,https://www.basketball-reference.com/players/y/yorkga01.html,yorkga01,1993,30,1
Gabriel Deck,Gabriel Deck,2021,2022,F,8-Jun,232,2/8/1995,8/2/1995,1995,27,,https://www.basketball-reference.com/players/d/deckga01.html,deckga01,1995,27,1
Gabriel Lundberg,Gabriel Lundberg,2022,2022,G,4-Jun,203,12/4/1994,4/12/1994,1994,28,,https://www.basketball-reference.com/players/l/lundbga01.html,lundbga01,1994,28,0
Dolph Schayes*,Dolph Schayes,1950,1964,F-C,8-Jun,220,5/19/1928,19/5/1928,1928,36,NYU,https://www.basketball-reference.com/players/s/schaydo01.html,schaydo01,1928,36,14
Gal Mekel,Gal Mekel,2014,2015,G,3-Jun,191,3/4/1988,4/3/1988,1988,27,Wichita State,https://www.basketball-reference.com/players/m/mekelga01.html,mekelga01,1988,27,1
Gale Bishop,Gale Bishop,1949,1949,F,3-Jun,195,6/4/1922,4/6/1922,1922,27,Washington State,https://www.basketball-reference.com/players/b/bishoga01.html,bishoga01,1922,27,0
Gani Lawal,Gani Lawal,2011,2011,F,9-Jun,234,11/7/1988,7/11/1988,1988,23,Georgia Tech,https://www.basketball-reference.com/players/l/lawalga01.html,lawalga01,1988,23,0
Gar Heard,Gar Heard,1971,1981,F,6-Jun,219,5/3/1948,3/5/1948,1948,33,Oklahoma,https://www.basketball-reference.com/players/h/heardga01.html,heardga01,1948,33,10
Garfield Smith,Garfield Smith,1971,1973,C-F,9-Jun,235,11/18/1945,18/11/1945,1945,28,Eastern Kentucky University,https://www.basketball-reference.com/players/s/smithga01.html,smithga01,1945,28,2
Garland O'Shields,Garland O'Shields,1947,1947,G-F,1-Jun,195,5/23/1921,23/5/1921,1921,26,Tennessee,https://www.basketball-reference.com/players/o/oshiega01.html,oshiega01,1921,26,0
Garret Siler,Garret Siler,2011,2011,C,11-Jun,305,10/25/1986,25/10/1986,1986,25,Augusta State University,https://www.basketball-reference.com/players/s/silerga01.html,silerga01,1986,25,0
Don Kojis,Don Kojis,1964,1975,F,5-Jun,215,1/15/1939,15/1/1939,1939,36,Marquette,https://www.basketball-reference.com/players/k/kojisdo01.html,kojisdo01,1939,36,11
Garrison Mathews,Garrison Mathews,2020,2025,G,5-Jun,215,10/24/1996,24/10/1996,1996,29,Lipscomb,https://www.basketball-reference.com/players/m/mathega01.html,mathega01,1996,29,5
Garry Witts,Garry Witts,1982,1982,G-F,7-Jun,190,7/3/1959,3/7/1959,1959,23,Holy Cross,https://www.basketball-reference.com/players/w/wittsga01.html,wittsga01,1959,23,0
Garth Joseph,Garth Joseph,2001,2001,C,2-Jul,315,8/8/1973,8/8/1973,1973,28,College of Saint Rose,https://www.basketball-reference.com/players/j/josepga01.html,josepga01,1973,28,0
Gary Alcorn,Gary Alcorn,1960,1961,C,9-Jun,225,10/8/1936,8/10/1936,1936,25,Fresno State,https://www.basketball-reference.com/players/a/alcorga01.html,alcorga01,1936,25,1
Gary Alexander,Gary Alexander,1994,1994,F,7-Jun,240,11/1/1969,1/11/1969,1969,25,South Florida,https://www.basketball-reference.com/players/a/alexaga01.html,alexaga01,1969,25,0
Gary Bergen,Gary Bergen,1957,1957,C,8-Jun,210,7/16/1932,16/7/1932,1932,25,Utah,https://www.basketball-reference.com/players/b/bergega01.html,bergega01,1932,25,0
Gary Bradds,Gary Bradds,1965,1971,F,8-Jun,210,7/26/1942,26/7/1942,1942,29,Ohio State,https://www.basketball-reference.com/players/b/braddga01.html,braddga01,1942,29,6
Gary Brokaw,Gary Brokaw,1975,1978,G,4-Jun,178,1/11/1954,11/1/1954,1954,24,Notre Dame,https://www.basketball-reference.com/players/b/brokaga01.html,brokaga01,1954,24,3
Gary Clark,Gary Clark,2019,2022,F,6-Jun,225,11/16/1994,16/11/1994,1994,28,Cincinnati,https://www.basketball-reference.com/players/c/clarkga01.html,clarkga01,1994,28,3
Gary Forbes,Gary Forbes,2011,2012,F,7-Jun,220,2/25/1985,25/2/1985,1985,27,"Virginia, UMass",https://www.basketball-reference.com/players/f/forbega01.html,forbega01,1985,27,1
Gary Freeman,Gary Freeman,1971,1971,F,9-Jun,210,7/25/1948,25/7/1948,1948,23,Oregon State,https://www.basketball-reference.com/players/f/freemga01.html,freemga01,1948,23,0
Gary Garland,Gary Garland,1980,1980,G,4-Jun,180,10/12/1957,12/10/1957,1957,23,DePaul,https://www.basketball-reference.com/players/g/garlaga01.html,garlaga01,1957,23,0
Don Nelson*,Don Nelson,1963,1976,F,6-Jun,210,5/15/1940,15/5/1940,1940,36,Iowa,https://www.basketball-reference.com/players/n/nelsodo01.html,nelsodo01,1940,36,13
Gary Gray,Gary Gray,1968,1968,G,1-Jun,185,2/23/1945,23/2/1945,1945,23,Oklahoma City University,https://www.basketball-reference.com/players/g/grayga01.html,grayga01,1945,23,0
Gary Gregor,Gary Gregor,1969,1974,F-C,7-Jun,225,8/13/1945,13/8/1945,1945,29,South Carolina,https://www.basketball-reference.com/players/g/gregoga01.html,gregoga01,1945,29,5
Gary Harris,Gary Harris,2015,2025,G,4-Jun,210,9/14/1994,14/9/1994,1994,31,Michigan State,https://www.basketball-reference.com/players/h/harriga01.html,harriga01,1994,31,10
Gary Hill,Gary Hill,1964,1965,G,4-Jun,185,10/7/1941,7/10/1941,1941,24,Oklahoma City University,https://www.basketball-reference.com/players/h/hillga01.html,hillga01,1941,24,1
Gary Keller,Gary Keller,1968,1969,F-C,9-Jun,220,6/13/1944,13/6/1944,1944,25,Florida,https://www.basketball-reference.com/players/k/kellega01.html,kellega01,1944,25,1
Gary Leonard,Gary Leonard,1990,1992,C,1-Jul,250,2/16/1967,16/2/1967,1967,25,Missouri,https://www.basketball-reference.com/players/l/leonaga01.html,leonaga01,1967,25,2
Gary Melchionni,Gary Melchionni,1974,1975,G,2-Jun,185,1/19/1951,19/1/1951,1951,24,Duke,https://www.basketball-reference.com/players/m/melchga01.html,melchga01,1951,24,1
Gary Neal,Gary Neal,2011,2017,G,4-Jun,210,10/3/1984,3/10/1984,1984,33,"La Salle, Towson University",https://www.basketball-reference.com/players/n/nealga01.html,nealga01,1984,33,6
Gary Payton II,Gary Payton II,2017,2025,G,2-Jun,190,12/1/1992,1/12/1992,1992,33,Oregon State,https://www.basketball-reference.com/players/p/paytoga02.html,paytoga02,1992,33,8
Donyell Marshall,Donyell Marshall,1995,2009,F,9-Jun,218,5/18/1973,18/5/1973,1973,36,UConn,https://www.basketball-reference.com/players/m/marshdo01.html,marshdo01,1973,36,14
Gary Phillips,Gary Phillips,1962,1966,G,3-Jun,189,12/7/1939,7/12/1939,1939,27,Houston,https://www.basketball-reference.com/players/p/phillga01.html,phillga01,1939,27,4
Gary Plummer,Gary Plummer,1985,1993,F-C,9-Jun,215,2/21/1962,21/2/1962,1962,31,Boston University,https://www.basketball-reference.com/players/p/plummga01.html,plummga01,1962,31,8
Gary Suiter,Gary Suiter,1971,1971,C-F,9-Jun,225,1/18/1945,18/1/1945,1945,26,Midwestern State University,https://www.basketball-reference.com/players/s/suitega01.html,suitega01,1945,26,0
Gary Trent,Gary Trent,1996,2004,F,8-Jun,250,9/22/1974,22/9/1974,1974,30,Ohio University,https://www.basketball-reference.com/players/t/trentga01.html,trentga01,1974,30,8
Gary Trent Jr.,Gary Trent Jr.,2019,2025,G,5-Jun,209,1/18/1999,18/1/1999,1999,26,Duke,https://www.basketball-reference.com/players/t/trentga02.html,trentga02,1999,26,6
Gary Turner,Gary Turner,1968,1968,F,7-Jun,200,11/23/1942,23/11/1942,1942,26,"Paris Junior College, TCU",https://www.basketball-reference.com/players/t/turnega01.html,turnega01,1942,26,0
Gary Voce,Gary Voce,1990,1990,F,9-Jun,240,11/24/1965,24/11/1965,1965,25,Notre Dame,https://www.basketball-reference.com/players/v/vocega01.html,vocega01,1965,25,0
Gary Zeller,Gary Zeller,1971,1972,G,3-Jun,205,11/20/1947,20/11/1947,1947,25,"University of North Texas, Long Beach City College, Drake University",https://www.basketball-reference.com/players/z/zellega01.html,zellega01,1947,25,1
Gaylon Nickerson,Gaylon Nickerson,1997,1997,G,3-Jun,190,2/5/1969,5/2/1969,1969,28,"Wichita State, Butler County Community College, Kansas State, Northwestern Oklahoma State University",https://www.basketball-reference.com/players/n/nickega01.html,nickega01,1969,28,0
Geert Hammink,Geert Hammink,1994,1996,C,Jul-00,262,7/12/1969,12/7/1969,1969,27,LSU,https://www.basketball-reference.com/players/h/hammige01.html,hammige01,1969,27,2
Gene Banks,Gene Banks,1982,1987,F-G,7-Jun,215,5/15/1959,15/5/1959,1959,28,Duke,https://www.basketball-reference.com/players/b/banksge01.html,banksge01,1959,28,5
Gene Berce,Gene Berce,1950,1950,G-F,11-May,175,11/22/1926,22/11/1926,1926,24,Marquette,https://www.basketball-reference.com/players/b/bercege01.html,bercege01,1926,24,0
Earl Boykins,Earl Boykins,1999,2012,G,5-May,135,6/2/1976,2/6/1976,1976,36,Eastern Michigan,https://www.basketball-reference.com/players/b/boykiea01.html,boykiea01,1976,36,13
Gene Dyker,Gene Dyker,1954,1954,F,6-Jun,225,2/17/1930,17/2/1930,1930,24,DePaul,https://www.basketball-reference.com/players/d/dykerge01.html,dykerge01,1930,24,0
Gene Englund,Gene Englund,1950,1950,F-C,5-Jun,205,10/21/1917,21/10/1917,1917,33,Wisconsin,https://www.basketball-reference.com/players/e/engluge01.html,engluge01,1917,33,0
Gene Gallette,Gene Gallette,1947,1947,F,2-Jun,205,2/22/1919,22/2/1919,1919,28,,https://www.basketball-reference.com/players/g/gillege01.html,gillege01,1919,28,0
Gene Guarilia,Gene Guarilia,1960,1963,F,5-Jun,220,9/13/1937,13/9/1937,1937,26,George Washington,https://www.basketball-reference.com/players/g/guarige01.html,guarige01,1937,26,3
Gene James,Gene James,1949,1951,F,4-Jun,180,2/15/1925,15/2/1925,1925,26,Marshall,https://www.basketball-reference.com/players/j/jamesge01.html,jamesge01,1925,26,2
Gene Littles,Gene Littles,1970,1975,G,Jun-00,160,6/29/1943,29/6/1943,1943,32,High Point University,https://www.basketball-reference.com/players/l/littlge01.html,littlge01,1943,32,5
Gene Moore,Gene Moore,1969,1975,C-F,9-Jun,225,7/29/1945,29/7/1945,1945,30,Saint Louis,https://www.basketball-reference.com/players/m/moorege01.html,moorege01,1945,30,6
Gene Ollrich,Gene Ollrich,1950,1950,G,11-May,160,6/30/1922,30/6/1922,1922,28,Drake University,https://www.basketball-reference.com/players/o/ollrige01.html,ollrige01,1922,28,0
Gene Phillips,Gene Phillips,1972,1973,G,4-Jun,175,10/25/1948,25/10/1948,1948,25,SMU,https://www.basketball-reference.com/players/p/phillge01.html,phillge01,1948,25,1
Gene Rhodes,Gene Rhodes,1953,1953,G,1-Jun,170,9/2/1927,2/9/1927,1927,26,Western Kentucky,https://www.basketball-reference.com/players/r/rhodege01.html,rhodege01,1927,26,0
Gene Rock,Gene Rock,1948,1948,G,9-May,155,11/4/1921,4/11/1921,1921,27,USC,https://www.basketball-reference.com/players/r/rockge01.html,rockge01,1921,27,0
Gene Short,Gene Short,1976,1976,F,6-Jun,200,8/7/1953,7/8/1953,1953,23,Jackson State University,https://www.basketball-reference.com/players/s/shortge01.html,shortge01,1953,23,0
Gene Shue,Gene Shue,1955,1964,G,2-Jun,170,12/18/1931,18/12/1931,1931,33,Maryland,https://www.basketball-reference.com/players/s/shuege01.html,shuege01,1931,33,9
Gene Stump,Gene Stump,1948,1950,F-G,2-Jun,185,8/9/1925,9/8/1925,1925,25,DePaul,https://www.basketball-reference.com/players/s/stumpge01.html,stumpge01,1925,25,2
Gene Tormohlen,Gene Tormohlen,1963,1970,C-F,8-Jun,230,5/12/1937,12/5/1937,1937,33,Tennessee,https://www.basketball-reference.com/players/t/tormobu01.html,tormobu01,1937,33,7
Gene Vance,Gene Vance,1948,1952,G-F,3-Jun,195,2/25/1923,25/2/1923,1923,29,Illinois,https://www.basketball-reference.com/players/v/vancege01.html,vancege01,1923,29,4
Gene Wiley,Gene Wiley,1963,1968,C,10-Jun,210,11/12/1937,12/11/1937,1937,31,Wichita State,https://www.basketball-reference.com/players/w/wileyge01.html,wileyge01,1937,31,5
Gene Williams,Gene Williams,1970,1970,F,7-Jun,235,4/1/1947,1/4/1947,1947,23,Kansas State,https://www.basketball-reference.com/players/w/willige01.html,willige01,1947,23,0
Geno Carlisle,Geno Carlisle,2005,2005,G,3-Jun,180,8/13/1976,13/8/1976,1976,29,"Northwestern, California",https://www.basketball-reference.com/players/c/carlige01.html,carlige01,1976,29,0
Geoff Crompton,Geoff Crompton,1979,1984,C,11-Jun,280,7/4/1955,4/7/1955,1955,29,UNC,https://www.basketball-reference.com/players/c/crompge01.html,crompge01,1955,29,5
Geoff Huston,Geoff Huston,1980,1987,G,2-Jun,175,11/8/1957,8/11/1957,1957,30,Texas Tech,https://www.basketball-reference.com/players/h/hustoge01.html,hustoge01,1957,30,7
Geoff Petrie,Geoff Petrie,1971,1976,G,4-Jun,190,4/17/1948,17/4/1948,1948,28,Princeton,https://www.basketball-reference.com/players/p/petrige01.html,petrige01,1948,28,5
George Adams,George Adams,1973,1975,F-G,5-Jun,210,5/15/1949,15/5/1949,1949,26,Gardner-Webb University,https://www.basketball-reference.com/players/a/adamsge01.html,adamsge01,1949,26,2
George Blaney,George Blaney,1962,1962,G,1-Jun,175,11/12/1939,12/11/1939,1939,23,Holy Cross,https://www.basketball-reference.com/players/b/blanege01.html,blanege01,1939,23,0
George Bon Salle,George Bon Salle,1962,1962,F,8-Jun,220,7/1/1935,1/7/1935,1935,27,Illinois,https://www.basketball-reference.com/players/b/bonsage01.html,bonsage01,1935,27,0
George Brown,George Brown,1958,1958,F,6-Jun,190,10/30/1935,30/10/1935,1935,23,Wayne State University,https://www.basketball-reference.com/players/b/brownge01.html,brownge01,1935,23,0
George Bruns,George Bruns,1973,1973,G,Jun-00,160,8/30/1946,30/8/1946,1946,27,Manhattan College,https://www.basketball-reference.com/players/b/brunsge01.html,brunsge01,1946,27,0
George Bucci,George Bucci,1976,1976,G,3-Jun,200,7/9/1953,9/7/1953,1953,23,Manhattan College,https://www.basketball-reference.com/players/b/buccige01.html,buccige01,1953,23,0
George Carter,George Carter,1968,1976,F-G,4-Jun,210,1/10/1944,10/1/1944,1944,32,St. Bonaventure,https://www.basketball-reference.com/players/c/cartege01.html,cartege01,1944,32,8
George Dempsey,George Dempsey,1955,1959,G,2-Jun,190,7/19/1929,19/7/1929,1929,30,King's College,https://www.basketball-reference.com/players/d/dempsge01.html,dempsge01,1929,30,4
George Feigenbaum,George Feigenbaum,1950,1953,G,1-Jun,185,7/2/1928,2/7/1928,1928,25,Kentucky,https://www.basketball-reference.com/players/f/feigege01.html,feigege01,1928,25,3
Earl Monroe*,Earl Monroe,1968,1980,G,3-Jun,185,11/21/1944,21/11/1944,1944,36,Winston-Salem State,https://www.basketball-reference.com/players/m/monroea01.html,monroea01,1944,36,12
George Glamack,George Glamack,1949,1949,C-F,6-Jun,225,6/7/1918,7/6/1918,1918,31,UNC,https://www.basketball-reference.com/players/g/glamage01.html,glamage01,1918,31,0
Eduardo Nájera,Eduardo Nájera,2001,2012,F,8-Jun,240,7/11/1976,11/7/1976,1976,36,Oklahoma,https://www.basketball-reference.com/players/n/najered01.html,najered01,1976,36,11
George Irvine,George Irvine,1971,1976,F-G,6-Jun,200,2/1/1948,1/2/1948,1948,28,Washington,https://www.basketball-reference.com/players/i/irvinge01.html,irvinge01,1948,28,5
George Johnson,George Johnson,1971,1974,C,11-Jun,245,6/19/1947,19/6/1947,1947,27,Stephen F. Austin,https://www.basketball-reference.com/players/j/johnsge01.html,johnsge01,1947,27,3
George Johnson,George Johnson,1979,1986,F-C,7-Jun,210,12/8/1956,8/12/1956,1956,30,St. John's,https://www.basketball-reference.com/players/j/johnsge03.html,johnsge03,1956,30,7
Emeka Okafor,Emeka Okafor,2005,2018,C-F,10-Jun,252,9/28/1982,28/9/1982,1982,36,UConn,https://www.basketball-reference.com/players/o/okafoem01.html,okafoem01,1982,36,13
George Kaftan,George Kaftan,1949,1953,F,3-Jun,190,2/22/1928,22/2/1928,1928,25,Holy Cross,https://www.basketball-reference.com/players/k/kaftage01.html,kaftage01,1928,25,4
George Karl*,George Karl,1974,1978,G,2-Jun,190,5/12/1951,12/5/1951,1951,27,UNC,https://www.basketball-reference.com/players/k/karlge01.html,karlge01,1951,27,4
George King,George King,2019,2022,G-F,6-Jun,225,1/15/1994,15/1/1994,1994,28,Colorado,https://www.basketball-reference.com/players/k/kingge03.html,kingge03,1994,28,3
George King,George King,1952,1958,G,Jun-00,175,8/16/1928,16/8/1928,1928,30,University of Charleston,https://www.basketball-reference.com/players/k/kingge01.html,kingge01,1928,30,6
George Lee,George Lee,1961,1968,F-G,4-Jun,200,11/23/1936,23/11/1936,1936,32,Michigan,https://www.basketball-reference.com/players/l/leege01.html,leege01,1936,32,7
George Lehmann,George Lehmann,1968,1974,G,Jun-00,180,5/1/1941,1/5/1941,1941,33,Campbell,https://www.basketball-reference.com/players/l/lehmage01.html,lehmage01,1941,33,6
Fabricio Oberto,Fabricio Oberto,2006,2011,C-F,10-Jun,245,3/21/1975,21/3/1975,1975,36,,https://www.basketball-reference.com/players/o/obertfa01.html,obertfa01,1975,36,5
Francisco Elson,Francisco Elson,2004,2012,C,Jul-00,235,2/28/1976,28/2/1976,1976,36,California,https://www.basketball-reference.com/players/e/elsonfr01.html,elsonfr01,1976,36,8
George McGinnis*,George McGinnis,1972,1982,F-C,8-Jun,235,8/12/1950,12/8/1950,1950,32,Indiana,https://www.basketball-reference.com/players/m/mcginge01.html,mcginge01,1950,32,10
George McLeod,George McLeod,1953,1953,F,5-Jun,200,1/3/1931,3/1/1931,1931,22,TCU,https://www.basketball-reference.com/players/m/mcleoge01.html,mcleoge01,1931,22,0
George Mearns,George Mearns,1947,1948,F,3-Jun,175,4/18/1922,18/4/1922,1922,26,Rhode Island,https://www.basketball-reference.com/players/m/mearnge01.html,mearnge01,1922,26,1
George Mikan*,George Mikan,1949,1956,C,10-Jun,245,6/18/1924,18/6/1924,1924,32,DePaul,https://www.basketball-reference.com/players/m/mikange01.html,mikange01,1924,32,7
George Munroe,George Munroe,1947,1948,G,11-May,170,1/5/1922,5/1/1922,1922,26,Dartmouth College,https://www.basketball-reference.com/players/m/munroge01.html,munroge01,1922,26,1
George Nostrand,George Nostrand,1947,1950,C-F,8-Jun,195,1/25/1924,25/1/1924,1924,26,Wyoming,https://www.basketball-reference.com/players/n/nostrge01.html,nostrge01,1924,26,3
George Pastushok,George Pastushok,1947,1947,G,1-Jun,195,7/13/1922,13/7/1922,1922,25,St. John's,https://www.basketball-reference.com/players/p/pastuge01.html,pastuge01,1922,25,0
George Patterson,George Patterson,1968,1968,C-F,8-Jun,230,11/26/1939,26/11/1939,1939,29,Toledo,https://www.basketball-reference.com/players/p/pattege01.html,pattege01,1939,29,0
George Pearcy,George Pearcy,1947,1947,G,1-Jun,165,7/2/1919,2/7/1919,1919,28,Indiana State University,https://www.basketball-reference.com/players/p/pearcge01.html,pearcge01,1919,28,0
George Peeples,George Peeples,1968,1973,C-F,7-Jun,190,10/30/1943,30/10/1943,1943,30,Iowa,https://www.basketball-reference.com/players/p/peeplge01.html,peeplge01,1943,30,5
George Ratkovicz,George Ratkovicz,1950,1955,C-F,6-Jun,220,11/13/1922,13/11/1922,1922,33,,https://www.basketball-reference.com/players/r/ratkoge01.html,ratkoge01,1922,33,5
George Reynolds,George Reynolds,1970,1970,G,4-Jun,195,11/23/1947,23/11/1947,1947,23,Houston,https://www.basketball-reference.com/players/r/reynoge01.html,reynoge01,1947,23,0
George Senesky,George Senesky,1947,1954,G,2-Jun,179,4/4/1922,4/4/1922,1922,32,Saint Joseph's,https://www.basketball-reference.com/players/s/senesge01.html,senesge01,1922,32,7
George Stone,George Stone,1969,1972,F,7-Jun,195,2/9/1946,9/2/1946,1946,26,Marshall,https://www.basketball-reference.com/players/s/stonege01.html,stonege01,1946,26,3
George Sutor,George Sutor,1968,1970,C,8-Jun,235,9/14/1943,14/9/1943,1943,27,La Salle,https://www.basketball-reference.com/players/s/sutorge01.html,sutorge01,1943,27,2
George Thompson,George Thompson,1970,1975,G,2-Jun,200,11/29/1947,29/11/1947,1947,28,Marquette,https://www.basketball-reference.com/players/t/thompge01.html,thompge01,1947,28,5
George Tinsley,George Tinsley,1970,1972,F,5-Jun,205,9/19/1946,19/9/1946,1946,26,Kentucky Wesleyan College,https://www.basketball-reference.com/players/t/tinslge01.html,tinslge01,1946,26,2
George Trapp,George Trapp,1972,1977,F-C,8-Jun,205,7/11/1948,11/7/1948,1948,29,Cal State Long Beach,https://www.basketball-reference.com/players/t/trappge01.html,trappge01,1948,29,5
George Wilson,George Wilson,1965,1971,C,8-Jun,225,5/9/1942,9/5/1942,1942,29,Cincinnati,https://www.basketball-reference.com/players/w/wilsoge01.html,wilsoge01,1942,29,6
George Yardley*,George Yardley,1954,1960,F-G,5-Jun,190,11/3/1928,3/11/1928,1928,32,Stanford,https://www.basketball-reference.com/players/y/yardlge01.html,yardlge01,1928,32,6
George Zídek,George Zídek,1996,1998,C,Jul-00,250,8/2/1973,2/8/1973,1973,25,UCLA,https://www.basketball-reference.com/players/z/zidekge01.html,zidekge01,1973,25,2
Georges Niang,Georges Niang,2017,2025,F,7-Jun,230,6/17/1993,17/6/1993,1993,32,Iowa State,https://www.basketball-reference.com/players/n/niangge01.html,niangge01,1993,32,8
Georgi Glouchkov,Georgi Glouchkov,1986,1986,F,8-Jun,235,1/10/1960,10/1/1960,1960,26,,https://www.basketball-reference.com/players/g/gloucge01.html,gloucge01,1960,26,0
Georgios Kalaitzakis,Georgios Kalaitzakis,2022,2022,G-F,8-Jun,192,1/2/1999,2/1/1999,1999,23,,https://www.basketball-reference.com/players/k/kalaige01.html,kalaige01,1999,23,0
Georgios Papagiannis,Georgios Papagiannis,2017,2018,C,1-Jul,240,7/3/1997,3/7/1997,1997,21,,https://www.basketball-reference.com/players/p/papagge01.html,papagge01,1997,21,1
Gerald Brown,Gerald Brown,1999,1999,G,4-Jun,210,7/28/1975,28/7/1975,1975,24,Pepperdine,https://www.basketball-reference.com/players/b/brownge02.html,brownge02,1975,24,0
Gerald Fitch,Gerald Fitch,2006,2006,G,3-Jun,188,8/12/1982,12/8/1982,1982,24,Kentucky,https://www.basketball-reference.com/players/f/fitchge01.html,fitchge01,1982,24,0
Gerald Glass,Gerald Glass,1991,1996,G-F,5-Jun,221,11/12/1967,12/11/1967,1967,29,"Delta State University, Ole Miss",https://www.basketball-reference.com/players/g/glassge01.html,glassge01,1967,29,5
Frank Johnson,Frank Johnson,1982,1994,G,1-Jun,185,11/23/1958,23/11/1958,1958,36,Wake Forest,https://www.basketball-reference.com/players/j/johnsfr01.html,johnsfr01,1958,36,12
Gerald Green,Gerald Green,2006,2019,G-F,6-Jun,205,1/26/1986,26/1/1986,1986,33,,https://www.basketball-reference.com/players/g/greenge01.html,greenge01,1986,33,13
Gerald Henderson,Gerald Henderson,2010,2017,G,5-Jun,215,12/9/1987,9/12/1987,1987,30,Duke,https://www.basketball-reference.com/players/h/hendege02.html,hendege02,1987,30,7
Fred Brown,Fred Brown,1972,1984,G,3-Jun,182,8/7/1948,7/8/1948,1948,36,"Southeastern Iowa Community College, West Burlington Campus, Iowa",https://www.basketball-reference.com/players/b/brownfr01.html,brownfr01,1948,36,12
Gerald Madkins,Gerald Madkins,1994,1998,G,4-Jun,200,4/18/1969,18/4/1969,1969,29,UCLA,https://www.basketball-reference.com/players/m/madkige01.html,madkige01,1969,29,4
Gerald Paddio,Gerald Paddio,1991,1994,F-G,7-Jun,205,4/21/1965,21/4/1965,1965,29,UNLV,https://www.basketball-reference.com/players/p/paddige01.html,paddige01,1965,29,3
Gerald Wallace,Gerald Wallace,2002,2015,F,7-Jun,215,7/23/1982,23/7/1982,1982,33,Alabama,https://www.basketball-reference.com/players/w/wallage01.html,wallage01,1982,33,13
Gail Goodrich*,Gail Goodrich,1966,1979,G,1-Jun,170,4/23/1943,23/4/1943,1943,36,UCLA,https://www.basketball-reference.com/players/g/goodrga01.html,goodrga01,1943,36,13
Gerard King,Gerard King,1999,2001,F,9-Jun,230,11/25/1972,25/11/1972,1972,29,Nicholls State,https://www.basketball-reference.com/players/k/kingge02.html,kingge02,1972,29,2
Gerry Calabrese,Gerry Calabrese,1951,1952,G,1-Jun,175,2/4/1925,4/2/1925,1925,27,St. John's,https://www.basketball-reference.com/players/c/calabge01.html,calabge01,1925,27,1
Gerry Ward,Gerry Ward,1964,1967,G,4-Jun,195,9/6/1941,6/9/1941,1941,26,Boston College,https://www.basketball-reference.com/players/w/wardge01.html,wardge01,1941,26,3
GG Jackson II,GG Jackson II,2024,2025,F,9-Jun,215,12/17/2004,17/12/2004,2004,21,South Carolina,https://www.basketball-reference.com/players/j/jacksgg01.html,jacksgg01,2004,21,1
Gheorghe Mureșan,Gheorghe Mureșan,1994,2000,C,7-Jul,303,2/14/1971,14/2/1971,1971,29,,https://www.basketball-reference.com/players/m/muresgh01.html,muresgh01,1971,29,6
Gian Clavell,Gian Clavell,2018,2018,G,4-Jun,185,11/26/1993,26/11/1993,1993,25,Colorado State,https://www.basketball-reference.com/players/c/clavegi01.html,clavegi01,1993,25,0
Giannis Antetokounmpo,Giannis Antetokounmpo,2014,2025,F-G,11-Jun,242,12/6/1994,6/12/1994,1994,31,,https://www.basketball-reference.com/players/a/antetgi01.html,antetgi01,1994,31,11
Giff Roux,Giff Roux,1947,1949,F-C,5-Jun,195,6/28/1923,28/6/1923,1923,26,Kansas,https://www.basketball-reference.com/players/r/rouxgi01.html,rouxgi01,1923,26,2
Gigi Datome,Gigi Datome,2014,2015,F,8-Jun,215,11/27/1987,27/11/1987,1987,28,,https://www.basketball-reference.com/players/d/datomlu01.html,datomlu01,1987,28,1
Gil McGregor,Gil McGregor,1972,1972,F,8-Jun,240,6/14/1949,14/6/1949,1949,23,Wake Forest,https://www.basketball-reference.com/players/m/mcgregi01.html,mcgregi01,1949,23,0
Gilbert Arenas,Gilbert Arenas,2002,2012,G,4-Jun,191,1/6/1982,6/1/1982,1982,30,Arizona,https://www.basketball-reference.com/players/a/arenagi01.html,arenagi01,1982,30,10
Gino Sovran,Gino Sovran,1947,1947,F-G,2-Jun,175,12/17/1924,17/12/1924,1924,23,Detroit Mercy,https://www.basketball-reference.com/players/s/sovragi01.html,sovragi01,1924,23,0
Glen Combs,Glen Combs,1969,1975,G,2-Jun,185,10/30/1946,30/10/1946,1946,29,Virginia Tech,https://www.basketball-reference.com/players/c/combsgl01.html,combsgl01,1946,29,6
Glen Davis,Glen Davis,2008,2015,F-C,9-Jun,289,1/1/1986,1/1/1986,1986,29,LSU,https://www.basketball-reference.com/players/d/davisgl01.html,davisgl01,1986,29,7
Glen Gondrezick,Glen Gondrezick,1978,1983,F-G,6-Jun,218,8/30/1955,30/8/1955,1955,28,UNLV,https://www.basketball-reference.com/players/g/gondrgl01.html,gondrgl01,1955,28,5
Gary Grant,Gary Grant,1989,2001,G,3-Jun,185,4/21/1965,21/4/1965,1965,36,Michigan,https://www.basketball-reference.com/players/g/grantga01.html,grantga01,1965,36,12
Glen Rice Jr.,Glen Rice Jr.,2014,2015,G,6-Jun,206,1/1/1991,1/1/1991,1991,24,Georgia Tech,https://www.basketball-reference.com/players/r/ricegl02.html,ricegl02,1991,24,1
Glen Selbo,Glen Selbo,1950,1950,G-F,3-Jun,196,3/29/1926,29/3/1926,1926,24,Wisconsin,https://www.basketball-reference.com/players/s/selbogl01.html,selbogl01,1926,24,0
Glenn Hagan,Glenn Hagan,1982,1982,G,Jun-00,170,6/25/1955,25/6/1955,1955,27,St. Bonaventure,https://www.basketball-reference.com/players/h/hagangl01.html,hagangl01,1955,27,0
Glenn Hansen,Glenn Hansen,1976,1978,G,4-Jun,205,4/21/1952,21/4/1952,1952,26,LSU,https://www.basketball-reference.com/players/h/hansegl01.html,hansegl01,1952,26,2
Glenn McDonald,Glenn McDonald,1975,1977,F-G,6-Jun,190,3/18/1952,18/3/1952,1952,25,Cal State Long Beach,https://www.basketball-reference.com/players/m/mcdongl01.html,mcdongl01,1952,25,2
Glenn Mosley,Glenn Mosley,1978,1979,F,8-Jun,195,12/26/1955,26/12/1955,1955,24,Seton Hall,https://www.basketball-reference.com/players/m/moslegl01.html,moslegl01,1955,24,1
Glenn Robinson,Glenn Robinson,1995,2005,F,7-Jun,225,1/10/1973,10/1/1973,1973,32,Purdue,https://www.basketball-reference.com/players/r/robingl01.html,robingl01,1973,32,10
Glenn Robinson III,Glenn Robinson III,2015,2021,G-F,6-Jun,222,1/8/1994,8/1/1994,1994,27,Michigan,https://www.basketball-reference.com/players/r/robingl02.html,robingl02,1994,27,6
Glynn Saulters,Glynn Saulters,1969,1969,G,2-Jun,175,2/10/1945,10/2/1945,1945,24,Louisiana-Monroe,https://www.basketball-reference.com/players/s/saultgl01.html,saultgl01,1945,24,0
God Shammgod,God Shammgod,1998,1998,G,Jun-00,169,4/29/1976,29/4/1976,1976,22,Providence,https://www.basketball-reference.com/players/s/shammgo01.html,shammgo01,1976,22,0
Goga Bitadze,Goga Bitadze,2020,2025,C,11-Jun,250,7/20/1999,20/7/1999,1999,26,,https://www.basketball-reference.com/players/b/bitadgo01.html,bitadgo01,1999,26,5
Goo Kennedy,Goo Kennedy,1972,1977,F-C,5-Jun,205,8/23/1949,23/8/1949,1949,28,"Fort Worth Community College, TCU",https://www.basketball-reference.com/players/k/kennego01.html,kennego01,1949,28,5
Goose Ligon,Goose Ligon,1968,1974,F-C,7-Jun,210,2/22/1944,22/2/1944,1944,30,,https://www.basketball-reference.com/players/l/ligongo01.html,ligongo01,1944,30,6
Gerald Henderson,Gerald Henderson,1980,1992,G,2-Jun,175,1/16/1956,16/1/1956,1956,36,VCU,https://www.basketball-reference.com/players/h/hendege01.html,hendege01,1956,36,12
Gordan Giriček,Gordan Giriček,2003,2008,G-F,6-Jun,210,6/20/1977,20/6/1977,1977,31,,https://www.basketball-reference.com/players/g/giricgo01.html,giricgo01,1977,31,5
Gerald Wilkins,Gerald Wilkins,1986,1999,G-F,6-Jun,185,9/11/1963,11/9/1963,1963,36,Chattanooga,https://www.basketball-reference.com/players/w/wilkige01.html,wilkige01,1963,36,13
Gorgui Dieng,Gorgui Dieng,2014,2023,C,10-Jun,252,1/18/1990,18/1/1990,1990,33,Louisville,https://www.basketball-reference.com/players/d/dienggo01.html,dienggo01,1990,33,9
Gorham Getchell,Gorham Getchell,1947,1947,C,4-Jun,205,8/14/1920,14/8/1920,1920,27,Temple,https://www.basketball-reference.com/players/g/getchgo01.html,getchgo01,1920,27,0
Gradey Dick,Gradey Dick,2024,2025,G,6-Jun,205,11/20/2003,20/11/2003,2003,22,Kansas,https://www.basketball-reference.com/players/d/dickgr01.html,dickgr01,2003,22,1
Grady Lewis,Grady Lewis,1947,1949,F-C,7-Jun,215,3/25/1917,25/3/1917,1917,32,Oklahoma,https://www.basketball-reference.com/players/l/lewisgr01.html,lewisgr01,1917,32,2
Grady O'Malley,Grady O'Malley,1970,1970,F,5-Jun,205,4/25/1948,25/4/1948,1948,22,Manhattan College,https://www.basketball-reference.com/players/o/omallgr01.html,omallgr01,1948,22,0
Grant Gondrezick,Grant Gondrezick,1987,1989,G,5-Jun,205,1/19/1963,19/1/1963,1963,26,Pepperdine,https://www.basketball-reference.com/players/g/gondrgr01.html,gondrgr01,1963,26,2
Hedo Türkoğlu,Hedo Türkoğlu,2001,2015,F,10-Jun,220,3/19/1979,19/3/1979,1979,36,,https://www.basketball-reference.com/players/t/turkohe01.html,turkohe01,1979,36,14
Grant Jerrett,Grant Jerrett,2015,2015,F,10-Jun,235,7/8/1993,8/7/1993,1993,22,Arizona,https://www.basketball-reference.com/players/j/jerregr01.html,jerregr01,1993,22,0
Ish Smith,Ish Smith,2011,2024,G,Jun-00,175,7/5/1988,5/7/1988,1988,36,Wake Forest,https://www.basketball-reference.com/players/s/smithis01.html,smithis01,1988,36,13
Grant Riller,Grant Riller,2021,2021,G,2-Jun,190,2/8/1997,8/2/1997,1997,24,College of Charleston,https://www.basketball-reference.com/players/r/rillegr01.html,rillegr01,1997,24,0
Grant Simmons,Grant Simmons,1968,1969,G,3-Jun,190,3/7/1943,7/3/1943,1943,26,Nebraska,https://www.basketball-reference.com/players/s/simmogr01.html,simmogr01,1943,26,1
Grant Williams,Grant Williams,2020,2025,F,6-Jun,236,11/30/1998,30/11/1998,1998,27,Tennessee,https://www.basketball-reference.com/players/w/willigr01.html,willigr01,1998,27,5
Granville Waiters,Granville Waiters,1984,1988,C,11-Jun,225,1/8/1961,8/1/1961,1961,27,Ohio State,https://www.basketball-reference.com/players/w/waitegr01.html,waitegr01,1961,27,4
Grayson Allen,Grayson Allen,2019,2025,G,4-Jun,198,10/8/1995,8/10/1995,1995,30,Duke,https://www.basketball-reference.com/players/a/allengr01.html,allengr01,1995,30,6
J.J. Barea,J.J. Barea,2007,2020,G,10-May,180,6/26/1984,26/6/1984,1984,36,Northeastern University,https://www.basketball-reference.com/players/b/bareajo01.html,bareajo01,1984,36,13
Jack Sikma*,Jack Sikma,1978,1991,C-F,11-Jun,230,11/14/1955,14/11/1955,1955,36,Illinois Wesleyan University,https://www.basketball-reference.com/players/s/sikmaja01.html,sikmaja01,1955,36,13
Jamaal Tinsley,Jamaal Tinsley,2002,2014,G,3-Jun,195,2/28/1978,28/2/1978,1978,36,Iowa State,https://www.basketball-reference.com/players/t/tinslja01.html,tinslja01,1978,36,12
Greg Brown III,Greg Brown III,2022,2024,F,7-Jun,205,9/1/2001,1/9/2001,2001,23,Texas,https://www.basketball-reference.com/players/b/browngr01.html,browngr01,2001,23,2
Greg Buckner,Greg Buckner,2000,2009,G,4-Jun,210,9/16/1976,16/9/1976,1976,33,Clemson,https://www.basketball-reference.com/players/b/buckngr01.html,buckngr01,1976,33,9
Greg Bunch,Greg Bunch,1979,1979,F,6-Jun,190,5/15/1956,15/5/1956,1956,23,Cal State Fullerton,https://www.basketball-reference.com/players/b/bunchgr01.html,bunchgr01,1956,23,0
Greg Butler,Greg Butler,1989,1991,C,11-Jun,240,3/11/1966,11/3/1966,1966,25,Stanford,https://www.basketball-reference.com/players/b/butlegr01.html,butlegr01,1966,25,2
Greg Deane,Greg Deane,1980,1980,G,4-Jun,190,12/6/1957,6/12/1957,1957,23,Utah,https://www.basketball-reference.com/players/d/deanegr01.html,deanegr01,1957,23,0
Jameer Nelson,Jameer Nelson,2005,2018,G,Jun-00,190,2/9/1982,9/2/1982,1982,36,Saint Joseph's,https://www.basketball-reference.com/players/n/nelsoja01.html,nelsoja01,1982,36,13
Greg Fillmore,Greg Fillmore,1971,1972,C,1-Jul,240,3/7/1947,7/3/1947,1947,25,Cheyney (PA),https://www.basketball-reference.com/players/f/fillmgr01.html,fillmgr01,1947,25,1
James Harden,James Harden,2010,2025,G,5-Jun,220,8/26/1989,26/8/1989,1989,36,Arizona State,https://www.basketball-reference.com/players/h/hardeja01.html,hardeja01,1989,36,15
Greg Graham,Greg Graham,1994,1998,G,4-Jun,174,11/26/1970,26/11/1970,1970,28,Indiana,https://www.basketball-reference.com/players/g/grahagr01.html,grahagr01,1970,28,4
Greg Grant,Greg Grant,1990,1996,G,7-May,140,8/29/1966,29/8/1966,1966,30,Trenton State University,https://www.basketball-reference.com/players/g/grantgr01.html,grantgr01,1966,30,6
Greg Griffin,Greg Griffin,1978,1978,F,7-Jun,190,9/6/1952,6/9/1952,1952,26,Idaho State University,https://www.basketball-reference.com/players/g/griffgr01.html,griffgr01,1952,26,0
Greg Howard,Greg Howard,1971,1972,F-C,9-Jun,215,1/8/1948,8/1/1948,1948,24,New Mexico,https://www.basketball-reference.com/players/h/howargr01.html,howargr01,1948,24,1
Greg Hyder,Greg Hyder,1971,1971,F,6-Jun,215,6/21/1948,21/6/1948,1948,23,Eastern New Mexico University,https://www.basketball-reference.com/players/h/hydergr01.html,hydergr01,1948,23,0
Greg Jackson,Greg Jackson,1975,1975,G,Jun-00,180,8/2/1952,2/8/1952,1952,23,Guilford College,https://www.basketball-reference.com/players/j/jacksgr01.html,jacksgr01,1952,23,0
Greg Kelser,Greg Kelser,1980,1985,F,7-Jun,190,9/17/1957,17/9/1957,1957,28,Michigan State,https://www.basketball-reference.com/players/k/kelsegr01.html,kelsegr01,1957,28,5
Jannero Pargo,Jannero Pargo,2003,2015,G,1-Jun,175,10/22/1979,22/10/1979,1979,36,Arkansas,https://www.basketball-reference.com/players/p/pargoja01.html,pargoja01,1979,36,12
Greg Lee,Greg Lee,1975,1976,G,3-Jun,190,12/12/1951,12/12/1951,1951,25,UCLA,https://www.basketball-reference.com/players/l/leegr01.html,leegr01,1951,25,1
Greg Minor,Greg Minor,1995,1999,G-F,6-Jun,210,9/18/1971,18/9/1971,1971,28,Louisville,https://www.basketball-reference.com/players/m/minorgr01.html,minorgr01,1971,28,4
Greg Monroe,Greg Monroe,2011,2022,C-F,11-Jun,265,6/4/1990,4/6/1990,1990,32,Georgetown,https://www.basketball-reference.com/players/m/monrogr01.html,monrogr01,1990,32,11
Greg Oden,Greg Oden,2009,2014,C,Jul-00,250,1/22/1988,22/1/1988,1988,26,Ohio State,https://www.basketball-reference.com/players/o/odengr01.html,odengr01,1988,26,5
Greg Ostertag,Greg Ostertag,1996,2006,C,2-Jul,280,3/6/1973,6/3/1973,1973,33,Kansas,https://www.basketball-reference.com/players/o/ostergr01.html,ostergr01,1973,33,10
Greg Smith,Greg Smith,2012,2016,C,10-Jun,250,1/8/1991,8/1/1991,1991,25,Fresno State,https://www.basketball-reference.com/players/s/smithgr02.html,smithgr02,1991,25,4
Greg Smith,Greg Smith,1969,1976,F,5-Jun,195,1/28/1947,28/1/1947,1947,29,Western Kentucky,https://www.basketball-reference.com/players/s/smithgr01.html,smithgr01,1947,29,7
Greg Stiemsma,Greg Stiemsma,2012,2015,C,11-Jun,260,9/26/1985,26/9/1985,1985,30,Wisconsin,https://www.basketball-reference.com/players/s/stiemgr01.html,stiemgr01,1985,30,3
Greg Stokes,Greg Stokes,1986,1990,F-C,10-Jun,220,8/5/1963,5/8/1963,1963,27,Iowa,https://www.basketball-reference.com/players/s/stokegr01.html,stokegr01,1963,27,4
Greg Sutton,Greg Sutton,1992,1996,G,2-Jun,170,12/3/1967,3/12/1967,1967,29,Oral Roberts,https://www.basketball-reference.com/players/s/suttogr01.html,suttogr01,1967,29,4
Greg Whittington,Greg Whittington,2021,2021,F,8-Jun,210,2/7/1993,7/2/1993,1993,28,Georgetown,https://www.basketball-reference.com/players/w/whittgr01.html,whittgr01,1993,28,0
Greg Wittman,Greg Wittman,1970,1971,F,8-Jun,210,5/10/1947,10/5/1947,1947,24,Western Carolina University,https://www.basketball-reference.com/players/w/wittmgr01.html,wittmgr01,1947,24,1
Greivis Vásquez,Greivis Vásquez,2011,2017,G,6-Jun,217,1/16/1987,16/1/1987,1987,30,Maryland,https://www.basketball-reference.com/players/v/vasqugr01.html,vasqugr01,1987,30,6
Guerschon Yabusele,Guerschon Yabusele,2018,2025,F-C,8-Jun,260,12/17/1995,17/12/1995,1995,30,,https://www.basketball-reference.com/players/y/yabusgu01.html,yabusgu01,1995,30,7
Gui Santos,Gui Santos,2024,2025,F,8-Jun,209,6/22/2002,22/6/2002,2002,23,,https://www.basketball-reference.com/players/s/santogu01.html,santogu01,2002,23,1
Guillermo Díaz,Guillermo Díaz,2008,2008,G,2-Jun,192,3/4/1985,4/3/1985,1985,23,Miami (FL),https://www.basketball-reference.com/players/d/diazgu01.html,diazgu01,1985,23,0
Gundars Vētra,Gundars Vētra,1993,1993,F,6-Jun,195,5/22/1967,22/5/1967,1967,26,,https://www.basketball-reference.com/players/v/vetragu01.html,vetragu01,1967,26,0
Gus Bailey,Gus Bailey,1975,1980,G-F,5-Jun,185,2/18/1951,18/2/1951,1951,29,Texas-El Paso,https://www.basketball-reference.com/players/b/bailegu01.html,bailegu01,1951,29,5
Gus Gerard,Gus Gerard,1975,1981,F-G,8-Jun,200,7/27/1953,27/7/1953,1953,28,Virginia,https://www.basketball-reference.com/players/g/gerargu01.html,gerargu01,1953,28,6
Jared Dudley,Jared Dudley,2008,2021,F-G,6-Jun,237,7/10/1985,10/7/1985,1985,36,Boston College,https://www.basketball-reference.com/players/d/dudleja01.html,dudleja01,1985,36,13
Jason Collins,Jason Collins,2002,2014,C,Jul-00,255,12/2/1978,2/12/1978,1978,36,Stanford,https://www.basketball-reference.com/players/c/collija04.html,collija04,1978,36,12
Gustavo Ayón,Gustavo Ayón,2012,2014,C,10-Jun,250,4/1/1985,1/4/1985,1985,29,,https://www.basketball-reference.com/players/a/ayongu01.html,ayongu01,1985,29,2
Guy Manning,Guy Manning,1968,1969,F,6-Jun,195,2/4/1944,4/2/1944,1944,25,Prairie View A&M University,https://www.basketball-reference.com/players/m/mannigu01.html,mannigu01,1944,25,1
Guy Morgan,Guy Morgan,1983,1983,G,8-Jun,205,8/23/1960,23/8/1960,1960,23,Wake Forest,https://www.basketball-reference.com/players/m/morgagu01.html,morgagu01,1960,23,0
Jason Williams,Jason Williams,1999,2011,G,1-Jun,190,11/18/1975,18/11/1975,1975,36,"Marshall, Florida",https://www.basketball-reference.com/players/w/willija02.html,willija02,1975,36,12
Guy Rucker,Guy Rucker,2003,2003,F-C,11-Jun,265,7/27/1977,27/7/1977,1977,26,Iowa,https://www.basketball-reference.com/players/r/ruckegu01.html,ruckegu01,1977,26,0
Guy Sparrow,Guy Sparrow,1958,1960,F,6-Jun,218,11/2/1932,2/11/1932,1932,28,Detroit Mercy,https://www.basketball-reference.com/players/s/sparrgu01.html,sparrgu01,1932,28,2
Guy Williams,Guy Williams,1985,1986,F,9-Jun,200,7/1/1960,1/7/1960,1960,26,"San Francisco, Washington State",https://www.basketball-reference.com/players/w/willigu02.html,willigu02,1960,26,1
Ha Seung-Jin,Ha Seung-Jin,2005,2006,C,3-Jul,305,8/4/1985,4/8/1985,1985,21,,https://www.basketball-reference.com/players/s/seungha01.html,seungha01,1985,21,1
JaVale McGee,JaVale McGee,2009,2024,C,Jul-00,270,1/19/1988,19/1/1988,1988,36,Nevada,https://www.basketball-reference.com/players/m/mcgeeja01.html,mcgeeja01,1988,36,15
Hakim Warrick,Hakim Warrick,2006,2013,F,9-Jun,219,7/8/1982,8/7/1982,1982,31,Syracuse,https://www.basketball-reference.com/players/w/warriha01.html,warriha01,1982,31,7
Hal Crisler,Hal Crisler,1947,1947,F,3-Jun,215,12/31/1923,31/12/1923,1923,24,Iowa State,https://www.basketball-reference.com/players/c/crislha01.html,crislha01,1923,24,0
Jermaine O'Neal,Jermaine O'Neal,1997,2014,C-F,11-Jun,226,10/13/1978,13/10/1978,1978,36,,https://www.basketball-reference.com/players/o/onealje01.html,onealje01,1978,36,17
Hal Hale,Hal Hale,1968,1968,G,1-Jun,180,9/21/1945,21/9/1945,1945,23,Utah State University,https://www.basketball-reference.com/players/h/haleha01.html,haleha01,1945,23,0
Hal Jeter,Hal Jeter,1970,1970,G,3-Jun,190,5/17/1945,17/5/1945,1945,25,Drake University,https://www.basketball-reference.com/players/j/jeterha01.html,jeterha01,1945,25,0
Hal Lear,Hal Lear,1957,1957,G,Jun-00,163,1/31/1935,31/1/1935,1935,22,Temple,https://www.basketball-reference.com/players/l/learha01.html,learha01,1935,22,0
Hal Tidrick,Hal Tidrick,1949,1949,F-G,1-Jun,190,4/4/1915,4/4/1915,1915,34,Washington & Jefferson College,https://www.basketball-reference.com/players/t/tidriha01.html,tidriha01,1915,34,0
Hal Uplinger,Hal Uplinger,1954,1954,G,4-Jun,185,9/30/1929,30/9/1929,1929,25,Long Island University,https://www.basketball-reference.com/players/u/uplinha01.html,uplinha01,1929,25,0
Hamady N'Diaye,Hamady N'Diaye,2011,2014,C,Jul-00,235,1/12/1987,12/1/1987,1987,27,Rutgers University,https://www.basketball-reference.com/players/n/ndiayha01.html,ndiayha01,1987,27,3
Hamed Haddadi,Hamed Haddadi,2009,2013,C,2-Jul,254,5/19/1985,19/5/1985,1985,28,,https://www.basketball-reference.com/players/h/haddaha01.html,haddaha01,1985,28,4
Hamidou Diallo,Hamidou Diallo,2019,2024,G,5-Jun,202,7/31/1998,31/7/1998,1998,26,Kentucky,https://www.basketball-reference.com/players/d/diallha01.html,diallha01,1998,26,5
Hank Beenders,Hank Beenders,1947,1949,C-F,6-Jun,185,6/2/1916,2/6/1916,1916,33,Long Island University,https://www.basketball-reference.com/players/b/beendha01.html,beendha01,1916,33,2
Hank Biasatti,Hank Biasatti,1947,1947,G,11-May,175,1/14/1922,14/1/1922,1922,25,Assumption University,https://www.basketball-reference.com/players/b/biasaha01.html,biasaha01,1922,25,0
Hank DeZonie,Hank DeZonie,1951,1951,C-F,6-Jun,215,2/12/1922,12/2/1922,1922,29,Clark Atlanta University,https://www.basketball-reference.com/players/d/dezonha01.html,dezonha01,1922,29,0
Hank Finkel,Hank Finkel,1967,1975,C,Jul-00,240,4/20/1942,20/4/1942,1942,33,Dayton,https://www.basketball-reference.com/players/f/finkeha01.html,finkeha01,1942,33,8
Hank Lefkowitz,Hank Lefkowitz,1947,1947,F,2-Jun,190,8/31/1923,31/8/1923,1923,24,Case Western Reserve University,https://www.basketball-reference.com/players/l/lefkoha01.html,lefkoha01,1923,24,0
Hank McDowell,Hank McDowell,1982,1987,F-C,9-Jun,215,11/13/1959,13/11/1959,1959,28,Memphis,https://www.basketball-reference.com/players/m/mcdowha01.html,mcdowha01,1959,28,5
Hank Rosenstein,Hank Rosenstein,1947,1947,F,4-Jun,185,6/16/1920,16/6/1920,1920,27,City College of New York,https://www.basketball-reference.com/players/r/rosenha01.html,rosenha01,1920,27,0
Hank Whitney,Hank Whitney,1968,1970,F-C,7-Jun,230,4/28/1939,28/4/1939,1939,31,Iowa State,https://www.basketball-reference.com/players/w/whitnha01.html,whitnha01,1939,31,2
Hank Williams,Hank Williams,1975,1975,F,5-Jun,210,4/28/1952,28/4/1952,1952,23,Jacksonville University,https://www.basketball-reference.com/players/w/williha01.html,williha01,1952,23,0
Hanno Möttölä,Hanno Möttölä,2001,2002,F-C,11-Jun,247,9/9/1976,9/9/1976,1976,26,Utah,https://www.basketball-reference.com/players/m/mottoha01.html,mottoha01,1976,26,1
Happy Hairston,Happy Hairston,1965,1975,F,7-Jun,225,5/31/1942,31/5/1942,1942,33,NYU,https://www.basketball-reference.com/players/h/hairsha01.html,hairsha01,1942,33,10
Harold Brown,Harold Brown,1947,1947,G,Jun-00,155,10/2/1923,2/10/1923,1923,24,University of Evansville,https://www.basketball-reference.com/players/b/brownha01.html,brownha01,1923,24,0
Harold Ellis,Harold Ellis,1994,1998,G,5-Jun,200,10/7/1970,7/10/1970,1970,28,Morehouse College,https://www.basketball-reference.com/players/e/ellisha01.html,ellisha01,1970,28,4
Harold Fox,Harold Fox,1973,1973,G,2-Jun,175,8/29/1949,29/8/1949,1949,24,Jacksonville University,https://www.basketball-reference.com/players/f/foxha01.html,foxha01,1949,24,0
Harold Jamison,Harold Jamison,2000,2002,F,8-Jun,260,11/20/1976,20/11/1976,1976,26,Clemson,https://www.basketball-reference.com/players/j/jamisha01.html,jamisha01,1976,26,2
Harold Johnson,Harold Johnson,1947,1947,C,6-Jun,240,1/30/1920,30/1/1920,1920,27,Indiana State University,https://www.basketball-reference.com/players/j/johnsha01.html,johnsha01,1920,27,0
Harold Keeling,Harold Keeling,1986,1986,G,4-Jun,185,9/18/1963,18/9/1963,1963,23,Santa Clara,https://www.basketball-reference.com/players/k/keeliha01.html,keeliha01,1963,23,0
Harold Kottman,Harold Kottman,1947,1947,C,8-Jun,220,8/22/1922,22/8/1922,1922,25,Culver-Stockton College,https://www.basketball-reference.com/players/k/kottmha01.html,kottmha01,1922,25,0
Harold Miner,Harold Miner,1993,1996,G,5-Jun,210,5/5/1971,5/5/1971,1971,25,USC,https://www.basketball-reference.com/players/m/minerha01.html,minerha01,1971,25,3
Harold Pressley,Harold Pressley,1987,1990,F-G,7-Jun,210,7/14/1963,14/7/1963,1963,27,Villanova,https://www.basketball-reference.com/players/p/pressha01.html,pressha01,1963,27,3
Harrison Barnes,Harrison Barnes,2013,2025,F,8-Jun,225,5/30/1992,30/5/1992,1992,33,UNC,https://www.basketball-reference.com/players/b/barneha02.html,barneha02,1992,33,12
Harrison Ingram,Harrison Ingram,2025,2025,F,5-Jun,230,11/27/2002,27/11/2002,2002,23,"Stanford, UNC",https://www.basketball-reference.com/players/i/ingraha01.html,ingraha01,2002,23,0
Harry Barnes,Harry Barnes,1969,1969,F,3-Jun,205,7/25/1945,25/7/1945,1945,24,Northeastern University,https://www.basketball-reference.com/players/b/barneha01.html,barneha01,1945,24,0
Harry Boykoff,Harry Boykoff,1950,1951,C,10-Jun,225,7/24/1922,24/7/1922,1922,29,St. John's,https://www.basketball-reference.com/players/b/boykoha01.html,boykoha01,1922,29,1
Harry Davis,Harry Davis,1979,1980,F,7-Jun,220,1/27/1956,27/1/1956,1956,24,Florida State,https://www.basketball-reference.com/players/d/davisha01.html,davisha01,1956,24,1
Harry Dinnel,Harry Dinnel,1968,1968,F-G,4-Jun,200,10/9/1940,9/10/1940,1940,28,Pepperdine,https://www.basketball-reference.com/players/d/dinneha01.html,dinneha01,1940,28,0
Harry Donovan,Harry Donovan,1950,1950,G,2-Jun,180,9/10/1926,10/9/1926,1926,24,Muhlenberg College,https://www.basketball-reference.com/players/d/donovha01.html,donovha01,1926,24,0
Harry Gallatin*,Harry Gallatin,1949,1958,F-C,6-Jun,210,4/26/1927,26/4/1927,1927,31,Truman State University,https://www.basketball-reference.com/players/g/gallaha01.html,gallaha01,1927,31,9
Harry Giles,Harry Giles,2019,2024,F-C,11-Jun,240,4/22/1998,22/4/1998,1998,26,Duke,https://www.basketball-reference.com/players/g/gilesha01.html,gilesha01,1998,26,5
Harry Laurie,Harry Laurie,1971,1971,G,1-Jun,178,11/2/1944,2/11/1944,1944,27,"Loyola Chicago, Saint Peter's College",https://www.basketball-reference.com/players/l/lauriha01.html,lauriha01,1944,27,0
Harry Miller,Harry Miller,1947,1947,C-F,4-Jun,230,7/28/1923,28/7/1923,1923,24,UNC,https://www.basketball-reference.com/players/m/milleha01.html,milleha01,1923,24,0
Harry Rogers,Harry Rogers,1976,1976,F,7-Jun,195,12/31/1950,31/12/1950,1950,26,Saint Louis,https://www.basketball-reference.com/players/r/rogerha01.html,rogerha01,1950,26,0
Harry Zeller,Harry Zeller,1947,1947,C-F,4-Jun,210,7/10/1919,10/7/1919,1919,28,"Washington & Jefferson College, Pitt",https://www.basketball-reference.com/players/z/zelleha01.html,zelleha01,1919,28,0
Harthorne Wingo,Harthorne Wingo,1973,1976,F,6-Jun,210,9/9/1947,9/9/1947,1947,29,Friendship Junior College,https://www.basketball-reference.com/players/w/wingoha01.html,wingoha01,1947,29,3
Jerry West*,Jerry West,1961,1974,G,3-Jun,175,5/28/1938,28/5/1938,1938,36,West Virginia,https://www.basketball-reference.com/players/w/westje01.html,westje01,1938,36,13
Jim Jackson,Jim Jackson,1993,2006,G,6-Jun,220,10/14/1970,14/10/1970,1970,36,Ohio State,https://www.basketball-reference.com/players/j/jacksji01.html,jacksji01,1970,36,13
Harvey Marlatt,Harvey Marlatt,1971,1973,G,3-Jun,185,8/26/1948,26/8/1948,1948,25,Eastern Michigan,https://www.basketball-reference.com/players/m/marlaha01.html,marlaha01,1948,25,2
Hasheem Thabeet,Hasheem Thabeet,2010,2014,C,3-Jul,263,2/16/1987,16/2/1987,1987,27,UConn,https://www.basketball-reference.com/players/t/thabeha01.html,thabeha01,1987,27,4
Hassan Adams,Hassan Adams,2007,2009,G,4-Jun,220,6/20/1984,20/6/1984,1984,25,Arizona,https://www.basketball-reference.com/players/a/adamsha01.html,adamsha01,1984,25,2
Hassan Whiteside,Hassan Whiteside,2011,2022,C,Jul-00,265,6/13/1989,13/6/1989,1989,33,Marshall,https://www.basketball-reference.com/players/w/whiteha01.html,whiteha01,1989,33,11
Hassani Gravett,Hassani Gravett,2022,2022,G,2-Jun,188,7/16/1996,16/7/1996,1996,26,"Pensacola State, South Carolina",https://www.basketball-reference.com/players/g/graveha01.html,graveha01,1996,26,0
Hawkeye Whitney,Hawkeye Whitney,1981,1982,G-F,5-Jun,235,6/22/1957,22/6/1957,1957,25,NC State,https://www.basketball-reference.com/players/w/whitnha02.html,whitnha02,1957,25,1
Haywood Highsmith,Haywood Highsmith,2019,2025,F,7-Jun,220,12/9/1996,9/12/1996,1996,29,Wheeling University,https://www.basketball-reference.com/players/h/highsha01.html,highsha01,1996,29,6
Jimmy Butler,Jimmy Butler,2012,2025,F-G,7-Jun,230,9/14/1989,14/9/1989,1989,36,"Tyler Junior College, Marquette",https://www.basketball-reference.com/players/b/butleji01.html,butleji01,1989,36,13
Joe Dumars*,Joe Dumars,1986,1999,G,3-Jun,190,5/24/1963,24/5/1963,1963,36,McNeese State University,https://www.basketball-reference.com/players/d/dumarjo01.html,dumarjo01,1963,36,13
Henri Drell,Henri Drell,2024,2024,G,9-Jun,187,4/25/2000,25/4/2000,2000,24,,https://www.basketball-reference.com/players/d/drellhe01.html,drellhe01,2000,24,0
Henry Akin,Henry Akin,1967,1969,C-F,10-Jun,225,7/31/1944,31/7/1944,1944,25,Morehead State University,https://www.basketball-reference.com/players/a/akinhe01.html,akinhe01,1944,25,2
Henry Bacon,Henry Bacon,1973,1973,G,3-Jun,205,7/5/1948,5/7/1948,1948,25,Louisville,https://www.basketball-reference.com/players/b/baconhe01.html,baconhe01,1948,25,0
Henry Bibby,Henry Bibby,1973,1981,G,1-Jun,185,11/24/1949,24/11/1949,1949,32,UCLA,https://www.basketball-reference.com/players/b/bibbyhe01.html,bibbyhe01,1949,32,8
Henry Dickerson,Henry Dickerson,1976,1977,G,4-Jun,190,11/27/1951,27/11/1951,1951,26,University of Charleston,https://www.basketball-reference.com/players/d/dickehe01.html,dickehe01,1951,26,1
Henry Ellenson,Henry Ellenson,2017,2021,F,10-Jun,240,1/13/1997,13/1/1997,1997,24,Marquette,https://www.basketball-reference.com/players/e/ellenhe01.html,ellenhe01,1997,24,4
Henry James,Henry James,1991,1998,F,8-Jun,220,7/29/1965,29/7/1965,1965,33,"South Plains College, St. Mary's University",https://www.basketball-reference.com/players/j/jameshe01.html,jameshe01,1965,33,7
Henry Logan,Henry Logan,1969,1970,G,Jun-00,180,3/14/1946,14/3/1946,1946,24,Western Carolina University,https://www.basketball-reference.com/players/l/loganhe01.html,loganhe01,1946,24,1
Henry Pearcy,Henry Pearcy,1947,1947,G,1-Jun,170,7/21/1922,21/7/1922,1922,25,Indiana State University,https://www.basketball-reference.com/players/p/pearche01.html,pearche01,1922,25,0
Henry Sims,Henry Sims,2013,2016,C,10-Jun,248,3/27/1990,27/3/1990,1990,26,Georgetown,https://www.basketball-reference.com/players/s/simshe01.html,simshe01,1990,26,3
Henry Turner,Henry Turner,1990,1995,G-F,7-Jun,200,8/18/1966,18/8/1966,1966,29,Cal State Fullerton,https://www.basketball-reference.com/players/t/turnehe02.html,turnehe02,1966,29,5
Henry Walker,Henry Walker,2009,2015,F,6-Jun,220,10/9/1987,9/10/1987,1987,28,Kansas State,https://www.basketball-reference.com/players/w/walkebi01.html,walkebi01,1987,28,6
Henry Ward,Henry Ward,1976,1977,G-F,4-Jun,195,1/30/1952,30/1/1952,1952,25,Jackson State University,https://www.basketball-reference.com/players/w/wardhe01.html,wardhe01,1952,25,1
Herb Krautblatt,Herb Krautblatt,1949,1949,G,1-Jun,190,11/19/1926,19/11/1926,1926,23,Rider University,https://www.basketball-reference.com/players/k/krauthe01.html,krauthe01,1926,23,0
Herb Scherer,Herb Scherer,1951,1952,C,9-Jun,212,12/21/1928,21/12/1928,1928,24,Long Island University,https://www.basketball-reference.com/players/s/scherhe01.html,scherhe01,1928,24,1
Herb White,Herb White,1971,1971,G,2-Jun,195,6/15/1948,15/6/1948,1948,23,Georgia,https://www.basketball-reference.com/players/w/whitehe01.html,whitehe01,1948,23,0
Joe Smith,Joe Smith,1996,2011,F,10-Jun,225,7/26/1975,26/7/1975,1975,36,Maryland,https://www.basketball-reference.com/players/s/smithjo02.html,smithjo02,1975,36,15
Herbert Jones,Herbert Jones,2022,2025,F,8-Jun,210,10/6/1998,6/10/1998,1998,27,Alabama,https://www.basketball-reference.com/players/j/joneshe01.html,joneshe01,1998,27,3
Herm Fuetsch,Herm Fuetsch,1948,1948,G,Jun-00,170,7/6/1918,6/7/1918,1918,30,,https://www.basketball-reference.com/players/f/fuetshe01.html,fuetshe01,1918,30,0
Herm Gilliam,Herm Gilliam,1970,1977,G-F,3-Jun,190,5/5/1946,5/5/1946,1946,31,Purdue,https://www.basketball-reference.com/players/g/gillihe01.html,gillihe01,1946,31,7
Herm Hedderick,Herm Hedderick,1955,1955,G,5-Jun,170,1/10/1930,10/1/1930,1930,25,Canisius,https://www.basketball-reference.com/players/h/heddehe01.html,heddehe01,1930,25,0
Herm Schaefer,Herm Schaefer,1949,1950,G-F,Jun-00,175,12/20/1918,20/12/1918,1918,32,Indiana,https://www.basketball-reference.com/players/s/schaehe01.html,schaehe01,1918,32,1
Herschel Baltimore,Herschel Baltimore,1947,1947,F,4-Jun,195,6/21/1921,21/6/1921,1921,26,Penn State,https://www.basketball-reference.com/players/b/baltihe01.html,baltihe01,1921,26,0
Herschell Turner,Herschell Turner,1968,1968,G,2-Jun,195,3/29/1938,29/3/1938,1938,30,Nebraska,https://www.basketball-reference.com/players/t/turnehe01.html,turnehe01,1938,30,0
John Salley,John Salley,1987,2000,F-C,11-Jun,230,5/16/1964,16/5/1964,1964,36,Georgia Tech,https://www.basketball-reference.com/players/s/sallejo01.html,sallejo01,1964,36,13
Hilton Armstrong,Hilton Armstrong,2007,2014,F-C,11-Jun,235,11/11/1984,11/11/1984,1984,30,UConn,https://www.basketball-reference.com/players/a/armsthi01.html,armsthi01,1984,30,7
Hiram Fuller,Hiram Fuller,2004,2004,F,9-Jun,240,5/15/1981,15/5/1981,1981,23,Fresno State,https://www.basketball-reference.com/players/f/fullehi01.html,fullehi01,1981,23,0
Hollis Copeland,Hollis Copeland,1980,1982,F,6-Jun,180,12/20/1955,20/12/1955,1955,27,Rutgers University,https://www.basketball-reference.com/players/c/copelho01.html,copelho01,1955,27,2
Hollis Thompson,Hollis Thompson,2014,2017,G-F,8-Jun,206,4/3/1991,3/4/1991,1991,26,Georgetown,https://www.basketball-reference.com/players/t/thompho01.html,thompho01,1991,26,3
Hook Dillon,Hook Dillon,1950,1950,F,3-Jun,180,1/8/1924,8/1/1924,1924,26,UNC,https://www.basketball-reference.com/players/d/dilloho01.html,dilloho01,1924,26,0
Hoot Gibson,Hoot Gibson,1950,1950,F-C,5-Jun,198,12/5/1921,5/12/1921,1921,29,Creighton,https://www.basketball-reference.com/players/g/gibsoho01.html,gibsoho01,1921,29,0
John Salmons,John Salmons,2003,2015,G,7-Jun,210,12/12/1979,12/12/1979,1979,36,Miami (FL),https://www.basketball-reference.com/players/s/salmojo01.html,salmojo01,1979,36,12
Horace Jenkins,Horace Jenkins,2005,2005,G,1-Jun,180,10/14/1974,14/10/1974,1974,31,William Paterson University,https://www.basketball-reference.com/players/j/jenkiho01.html,jenkiho01,1974,31,0
Horace Walker,Horace Walker,1962,1962,F,3-Jun,210,4/17/1937,17/4/1937,1937,25,Michigan State,https://www.basketball-reference.com/players/w/walkeho01.html,walkeho01,1937,25,0
Horacio Llamas,Horacio Llamas,1997,1998,C,11-Jun,285,7/17/1973,17/7/1973,1973,25,Grand Canyon University,https://www.basketball-reference.com/players/l/llamaho01.html,llamaho01,1973,25,1
Hot Rod Hundley,Hot Rod Hundley,1958,1963,G,4-Jun,185,10/26/1934,26/10/1934,1934,29,West Virginia,https://www.basketball-reference.com/players/h/hundlho01.html,hundlho01,1934,29,5
Kevin Edwards,Kevin Edwards,1989,2001,G,3-Jun,190,10/30/1965,30/10/1965,1965,36,DePaul,https://www.basketball-reference.com/players/e/edwarke01.html,edwarke01,1965,36,12
Howard Bayne,Howard Bayne,1968,1968,F,6-Jun,235,7/28/1942,28/7/1942,1942,26,Tennessee,https://www.basketball-reference.com/players/b/bayneho01.html,bayneho01,1942,26,0
Howard Carter,Howard Carter,1984,1985,G,5-Jun,215,10/26/1961,26/10/1961,1961,24,LSU,https://www.basketball-reference.com/players/c/carteho01.html,carteho01,1961,24,1
Kevin McHale*,Kevin McHale,1981,1993,F-C,10-Jun,210,12/19/1957,19/12/1957,1957,36,Minnesota,https://www.basketball-reference.com/players/m/mchalke01.html,mchalke01,1957,36,12
Howard Komives,Howard Komives,1965,1974,G,1-Jun,185,5/9/1941,9/5/1941,1941,33,Bowling Green,https://www.basketball-reference.com/players/k/komivho01.html,komivho01,1941,33,9
Howard Nathan,Howard Nathan,1996,1996,G,11-May,175,1/21/1972,21/1/1972,1972,24,"DePaul, Louisiana-Monroe",https://www.basketball-reference.com/players/n/nathaho01.html,nathaho01,1972,24,0
Howard Porter,Howard Porter,1972,1978,F-C,8-Jun,220,8/31/1948,31/8/1948,1948,30,Villanova,https://www.basketball-reference.com/players/p/porteho01.html,porteho01,1948,30,6
Howard Wood,Howard Wood,1982,1982,F,7-Jun,235,5/20/1959,20/5/1959,1959,23,Tennessee,https://www.basketball-reference.com/players/w/woodho01.html,woodho01,1959,23,0
Howard Wright,Howard Wright,1991,1993,F,8-Jun,220,12/20/1967,20/12/1967,1967,26,Stanford,https://www.basketball-reference.com/players/w/wrighho02.html,wrighho02,1967,26,2
Howie Carl,Howie Carl,1962,1962,G,9-May,160,6/7/1938,7/6/1938,1938,24,DePaul,https://www.basketball-reference.com/players/c/carlho01.html,carlho01,1938,24,0
Howie Dallmar,Howie Dallmar,1947,1949,F,4-Jun,200,5/24/1922,24/5/1922,1922,27,Stanford,https://www.basketball-reference.com/players/d/dallmho01.html,dallmho01,1922,27,2
Howie Janotta,Howie Janotta,1950,1950,F,3-Jun,185,10/19/1924,19/10/1924,1924,26,Seton Hall,https://www.basketball-reference.com/players/j/janotho01.html,janotho01,1924,26,0
Howie Jolliff,Howie Jolliff,1961,1963,F-C,7-Jun,218,7/20/1938,20/7/1938,1938,25,Ohio University,https://www.basketball-reference.com/players/j/jolifho01.html,jolifho01,1938,25,2
Howie McCarty,Howie McCarty,1947,1947,F-G,2-Jun,190,4/15/1919,15/4/1919,1919,28,Wayne State University,https://www.basketball-reference.com/players/m/mccarho01.html,mccarho01,1919,28,0
Howie Montgomery,Howie Montgomery,1963,1963,F,5-Jun,220,8/22/1940,22/8/1940,1940,23,University of Texas Rio Grande Valley,https://www.basketball-reference.com/players/m/montgho01.html,montgho01,1940,23,0
Howie Rader,Howie Rader,1949,1949,G-F,1-Jun,190,3/29/1921,29/3/1921,1921,28,Long Island University,https://www.basketball-reference.com/players/r/raderho01.html,raderho01,1921,28,0
Howie Schultz,Howie Schultz,1950,1953,C-F,6-Jun,200,7/3/1922,3/7/1922,1922,31,Hamline University,https://www.basketball-reference.com/players/s/schulho01.html,schulho01,1922,31,3
Howie Shannon,Howie Shannon,1949,1950,G-F,2-Jun,175,6/10/1923,10/6/1923,1923,27,"University of North Texas, Kansas State",https://www.basketball-reference.com/players/s/shannho01.html,shannho01,1923,27,1
Howie Wright,Howie Wright,1971,1972,G,3-Jun,185,2/22/1947,22/2/1947,1947,25,Austin Peay State University,https://www.basketball-reference.com/players/w/wrighho01.html,wrighho01,1947,25,1
Hub Reed,Hub Reed,1959,1965,C-F,9-Jun,215,10/4/1936,4/10/1936,1936,29,Oklahoma City University,https://www.basketball-reference.com/players/r/reedhu01.html,reedhu01,1936,29,6
Larry Bird*,Larry Bird,1980,1992,F,9-Jun,220,12/7/1956,7/12/1956,1956,36,Indiana State University,https://www.basketball-reference.com/players/b/birdla01.html,birdla01,1956,36,12
Hubie White,Hubie White,1963,1971,G-F,4-Jun,205,1/26/1940,26/1/1940,1940,31,Villanova,https://www.basketball-reference.com/players/w/whitehu01.html,whitehu01,1940,31,8
Hunter Tyson,Hunter Tyson,2024,2025,F,8-Jun,215,6/13/2000,13/6/2000,2000,25,Clemson,https://www.basketball-reference.com/players/t/tysonhu01.html,tysonhu01,2000,25,1
Hutch Jones,Hutch Jones,1983,1984,F,8-Jun,190,9/1/1959,1/9/1959,1959,25,"Buffalo State, Vanderbilt",https://www.basketball-reference.com/players/j/joneshu01.html,joneshu01,1959,25,1
Ian Clark,Ian Clark,2014,2019,G,3-Jun,175,3/7/1991,7/3/1991,1991,28,Belmont,https://www.basketball-reference.com/players/c/clarkia01.html,clarkia01,1991,28,5
Ian Lockhart,Ian Lockhart,1991,1991,F,8-Jun,240,6/25/1967,25/6/1967,1967,24,Tennessee,https://www.basketball-reference.com/players/l/lockhia01.html,lockhia01,1967,24,0
LaSalle Thompson,LaSalle Thompson,1983,1997,C-F,10-Jun,245,6/23/1961,23/6/1961,1961,36,Texas,https://www.basketball-reference.com/players/t/thompla01.html,thompla01,1961,36,14
Ibo Kutluay,Ibo Kutluay,2005,2005,G,6-Jun,200,7/1/1974,1/7/1974,1974,31,,https://www.basketball-reference.com/players/k/kutluib01.html,kutluib01,1974,31,0
Ibou Badji,Ibou Badji,2024,2024,C,1-Jul,240,10/13/2002,13/10/2002,2002,22,,https://www.basketball-reference.com/players/b/badjiib01.html,badjiib01,2002,22,0
Ignas Brazdeikis,Ignas Brazdeikis,2020,2022,F,6-Jun,221,1/8/1999,8/1/1999,1999,23,Michigan,https://www.basketball-reference.com/players/b/brazdig01.html,brazdig01,1999,23,2
Igor Rakočević,Igor Rakočević,2003,2003,G,3-Jun,183,3/29/1978,29/3/1978,1978,25,,https://www.basketball-reference.com/players/r/rakocig01.html,rakocig01,1978,25,0
Ike Anigbogu,Ike Anigbogu,2018,2019,F-C,10-Jun,250,10/17/1998,17/10/1998,1998,21,UCLA,https://www.basketball-reference.com/players/a/anigbik01.html,anigbik01,1998,21,1
Ike Borsavage,Ike Borsavage,1951,1951,C-F,8-Jun,220,7/25/1924,25/7/1924,1924,27,Temple,https://www.basketball-reference.com/players/b/borsaik01.html,borsaik01,1924,27,0
Ike Diogu,Ike Diogu,2006,2012,F,8-Jun,250,9/11/1983,11/9/1983,1983,29,Arizona State,https://www.basketball-reference.com/players/d/dioguik01.html,dioguik01,1983,29,6
Iman Shumpert,Iman Shumpert,2012,2021,G,5-Jun,215,6/26/1990,26/6/1990,1990,31,Georgia Tech,https://www.basketball-reference.com/players/s/shumpim01.html,shumpim01,1990,31,9
Leroy Ellis,Leroy Ellis,1963,1976,C-F,10-Jun,210,3/10/1940,10/3/1940,1940,36,St. John's,https://www.basketball-reference.com/players/e/ellisle01.html,ellisle01,1940,36,13
Immanuel Quickley,Immanuel Quickley,2021,2025,G,3-Jun,190,6/17/1999,17/6/1999,1999,26,Kentucky,https://www.basketball-reference.com/players/q/quickim01.html,quickim01,1999,26,4
Ira Bowman,Ira Bowman,2000,2002,G,5-Jun,195,6/11/1973,11/6/1973,1973,29,"Providence, Penn",https://www.basketball-reference.com/players/b/bowmair01.html,bowmair01,1973,29,2
Ira Harge,Ira Harge,1968,1973,C,9-Jun,225,3/14/1941,14/3/1941,1941,32,"Southeastern Iowa Community College, West Burlington Campus, New Mexico",https://www.basketball-reference.com/players/h/hargeir01.html,hargeir01,1941,32,5
Ira Newble,Ira Newble,2001,2008,F,7-Jun,220,1/20/1975,20/1/1975,1975,33,Miami University,https://www.basketball-reference.com/players/n/newblir01.html,newblir01,1975,33,7
Ira Terrell,Ira Terrell,1977,1979,F-C,8-Jun,200,6/19/1954,19/6/1954,1954,25,SMU,https://www.basketball-reference.com/players/t/terreir01.html,terreir01,1954,25,2
Irv Bemoras,Irv Bemoras,1954,1957,F-G,3-Jun,185,11/18/1930,18/11/1930,1930,27,Illinois,https://www.basketball-reference.com/players/b/bemorir01.html,bemorir01,1930,27,3
Irv Kiffin,Irv Kiffin,1980,1980,F,9-Jun,225,8/8/1951,8/8/1951,1951,29,Oklahoma Baptist University,https://www.basketball-reference.com/players/k/kiffiir01.html,kiffiir01,1951,29,0
Irv Rothenberg,Irv Rothenberg,1947,1949,C,7-Jun,215,12/31/1921,31/12/1921,1921,28,Long Island University,https://www.basketball-reference.com/players/r/rotheir01.html,rotheir01,1921,28,2
Irv Torgoff,Irv Torgoff,1947,1949,F,2-Jun,192,3/6/1917,6/3/1917,1917,32,Long Island University,https://www.basketball-reference.com/players/t/torgoir01.html,torgoir01,1917,32,2
Irving Thomas,Irving Thomas,1991,1991,F,8-Jun,225,1/2/1966,2/1/1966,1966,25,"Kentucky, Florida State",https://www.basketball-reference.com/players/t/thomair01.html,thomair01,1966,25,0
Isaac Austin,Isaac Austin,1992,2002,C,10-Jun,255,8/18/1969,18/8/1969,1969,33,Arizona State,https://www.basketball-reference.com/players/a/austiis01.html,austiis01,1969,33,10
Isaac Bonga,Isaac Bonga,2019,2022,G,8-Jun,180,11/8/1999,8/11/1999,1999,23,,https://www.basketball-reference.com/players/b/bongais01.html,bongais01,1999,23,3
Isaac Fontaine,Isaac Fontaine,2002,2002,G,4-Jun,210,4/16/1975,16/4/1975,1975,27,Washington State,https://www.basketball-reference.com/players/f/fontais01.html,fontais01,1975,27,0
Isaac Humphries,Isaac Humphries,2019,2019,C,Jul-00,255,1/5/1998,5/1/1998,1998,21,Kentucky,https://www.basketball-reference.com/players/h/humphis01.html,humphis01,1998,21,0
Isaac Jones,Isaac Jones,2025,2025,F,8-Jun,245,7/11/2000,11/7/2000,2000,25,"Wenatchee Valley College, Idaho, Washington State",https://www.basketball-reference.com/players/j/jonesis01.html,jonesis01,2000,25,0
Isaac Okoro,Isaac Okoro,2021,2025,G-F,5-Jun,225,1/26/2001,26/1/2001,2001,24,Auburn,https://www.basketball-reference.com/players/o/okorois01.html,okorois01,2001,24,4
Isaac Walthour,Isaac Walthour,1954,1954,G,11-May,163,8/25/1930,25/8/1930,1930,24,,https://www.basketball-reference.com/players/w/walthis01.html,walthis01,1930,24,0
Isaiah Briscoe,Isaiah Briscoe,2019,2019,G,3-Jun,215,4/13/1996,13/4/1996,1996,23,Kentucky,https://www.basketball-reference.com/players/b/briscis01.html,briscis01,1996,23,0
Isaiah Canaan,Isaiah Canaan,2014,2019,G,Jun-00,201,5/21/1991,21/5/1991,1991,28,Murray State,https://www.basketball-reference.com/players/c/canaais01.html,canaais01,1991,28,5
Isaiah Collier,Isaiah Collier,2025,2025,G,3-Jun,210,10/8/2004,8/10/2004,2004,21,USC,https://www.basketball-reference.com/players/c/colliis01.html,colliis01,2004,21,0
Isaiah Crawford,Isaiah Crawford,2025,2025,F,6-Jun,220,11/1/2001,1/11/2001,2001,24,Louisiana Tech,https://www.basketball-reference.com/players/c/crawfis01.html,crawfis01,2001,24,0
Isaiah Hartenstein,Isaiah Hartenstein,2019,2025,F,Jul-00,255,5/5/1998,5/5/1998,1998,27,,https://www.basketball-reference.com/players/h/harteis01.html,harteis01,1998,27,6
Isaiah Hicks,Isaiah Hicks,2018,2019,F,9-Jun,230,7/24/1994,24/7/1994,1994,25,UNC,https://www.basketball-reference.com/players/h/hicksis01.html,hicksis01,1994,25,1
Isaiah Jackson,Isaiah Jackson,2022,2025,C-F,10-Jun,206,1/10/2002,10/1/2002,2002,23,Kentucky,https://www.basketball-reference.com/players/j/jacksis01.html,jacksis01,2002,23,3
Isaiah Joe,Isaiah Joe,2021,2025,G,5-Jun,181,7/2/1999,2/7/1999,1999,26,Arkansas,https://www.basketball-reference.com/players/j/joeis01.html,joeis01,1999,26,4
Isaiah Livers,Isaiah Livers,2022,2024,F,7-Jun,230,7/28/1998,28/7/1998,1998,26,Michigan,https://www.basketball-reference.com/players/l/liveris01.html,liveris01,1998,26,2
Isaiah Mobley,Isaiah Mobley,2023,2024,F,8-Jun,240,9/24/1999,24/9/1999,1999,25,USC,https://www.basketball-reference.com/players/m/mobleis01.html,mobleis01,1999,25,1
Isaiah Morris,Isaiah Morris,1993,1993,F,8-Jun,229,4/2/1969,2/4/1969,1969,24,Arkansas,https://www.basketball-reference.com/players/m/morriis01.html,morriis01,1969,24,0
Isaiah Rider,Isaiah Rider,1994,2002,G,5-Jun,215,3/12/1971,12/3/1971,1971,31,UNLV,https://www.basketball-reference.com/players/r/rideris01.html,rideris01,1971,31,8
Isaiah Roby,Isaiah Roby,2020,2023,F,8-Jun,230,2/3/1998,3/2/1998,1998,25,Nebraska,https://www.basketball-reference.com/players/r/robyis01.html,robyis01,1998,25,3
Isaiah Stewart,Isaiah Stewart,2021,2025,F-C,8-Jun,250,5/22/2001,22/5/2001,2001,24,Washington,https://www.basketball-reference.com/players/s/stewais01.html,stewais01,2001,24,4
Isaiah Taylor,Isaiah Taylor,2017,2018,G,3-Jun,170,7/11/1994,11/7/1994,1994,24,Texas,https://www.basketball-reference.com/players/t/taylois01.html,taylois01,1994,24,1
Lester Conner,Lester Conner,1983,1995,G,4-Jun,180,9/17/1959,17/9/1959,1959,36,Oregon State,https://www.basketball-reference.com/players/c/connele01.html,connele01,1959,36,12
Isaiah Todd,Isaiah Todd,2022,2023,F,10-Jun,220,10/17/2001,17/10/2001,2001,22,,https://www.basketball-reference.com/players/t/toddis01.html,toddis01,2001,22,1
Isaiah Whitehead,Isaiah Whitehead,2017,2018,G,4-Jun,213,3/8/1995,8/3/1995,1995,23,Seton Hall,https://www.basketball-reference.com/players/w/whiteis01.html,whiteis01,1995,23,1
Isaiah Wilson,Isaiah Wilson,1972,1973,G,2-Jun,175,5/31/1948,31/5/1948,1948,25,University of Baltimore,https://www.basketball-reference.com/players/w/wilsois01.html,wilsois01,1948,25,1
Isaiah Wong,Isaiah Wong,2024,2025,G,4-Jun,184,1/28/2001,28/1/2001,2001,24,Miami (FL),https://www.basketball-reference.com/players/w/wongis01.html,wongis01,2001,24,1
Lou Williams,Lou Williams,2006,2022,G,2-Jun,175,10/27/1986,27/10/1986,1986,36,,https://www.basketball-reference.com/players/w/willilo02.html,willilo02,1986,36,16
Ish Wainright,Ish Wainright,2022,2024,F,6-Jun,250,9/12/1994,12/9/1994,1994,30,Baylor,https://www.basketball-reference.com/players/w/wainris01.html,wainris01,1994,30,2
Isiah Thomas*,Isiah Thomas,1982,1994,G,1-Jun,180,4/30/1961,30/4/1961,1961,33,Indiana,https://www.basketball-reference.com/players/t/thomais01.html,thomais01,1961,33,12
Ivan Johnson,Ivan Johnson,2012,2013,F,8-Jun,230,4/10/1984,10/4/1984,1984,29,"Oregon, Cal State San Bernardino",https://www.basketball-reference.com/players/j/johnsiv01.html,johnsiv01,1984,29,1
Ivan McFarlin,Ivan McFarlin,2007,2007,F,8-Jun,240,4/26/1982,26/4/1982,1982,25,Oklahoma State,https://www.basketball-reference.com/players/m/mcfariv01.html,mcfariv01,1982,25,0
Ivan Rabb,Ivan Rabb,2018,2019,F,10-Jun,220,2/4/1997,4/2/1997,1997,22,California,https://www.basketball-reference.com/players/r/rabbiv01.html,rabbiv01,1997,22,1
Ivano Newbill,Ivano Newbill,1995,1998,F,9-Jun,245,12/12/1970,12/12/1970,1970,28,Georgia Tech,https://www.basketball-reference.com/players/n/newbiiv01.html,newbiiv01,1970,28,3
Ivica Zubac,Ivica Zubac,2017,2025,C,Jul-00,240,3/18/1997,18/3/1997,1997,28,,https://www.basketball-reference.com/players/z/zubaciv01.html,zubaciv01,1997,28,8
Izaiah Brockington,Izaiah Brockington,2024,2024,G,4-Jun,200,7/12/1999,12/7/1999,1999,25,"St. Bonaventure, Penn State, Iowa State",https://www.basketball-reference.com/players/b/brockiz01.html,brockiz01,1999,25,0
J.J. Anderson,J.J. Anderson,1983,1985,F,8-Jun,195,9/23/1960,23/9/1960,1960,25,Bradley,https://www.basketball-reference.com/players/a/anderjj01.html,anderjj01,1960,25,2
Marc Gasol,Marc Gasol,2009,2021,C,11-Jun,255,1/29/1985,29/1/1985,1985,36,,https://www.basketball-reference.com/players/g/gasolma01.html,gasolma01,1985,36,12
J.J. Hickson,J.J. Hickson,2009,2016,F-C,9-Jun,242,9/4/1988,4/9/1988,1988,28,NC State,https://www.basketball-reference.com/players/h/hicksjj01.html,hicksjj01,1988,28,7
J.J. O'Brien,J.J. O'Brien,2016,2016,F,7-Jun,228,4/8/1992,8/4/1992,1992,24,San Diego State,https://www.basketball-reference.com/players/o/obriejj01.html,obriejj01,1992,24,0
J.P. Macura,J.P. Macura,2019,2020,G,5-Jun,203,6/5/1995,5/6/1995,1995,25,Xavier,https://www.basketball-reference.com/players/m/macurjp01.html,macurjp01,1995,25,1
J.R. Bremer,J.R. Bremer,2003,2004,G,2-Jun,185,9/19/1980,19/9/1980,1980,24,St. Bonaventure,https://www.basketball-reference.com/players/b/bremejr01.html,bremejr01,1980,24,1
J.R. Giddens,J.R. Giddens,2009,2010,G,5-Jun,215,2/13/1985,13/2/1985,1985,25,"Kansas, New Mexico",https://www.basketball-reference.com/players/g/giddejr01.html,giddejr01,1985,25,1
J.R. Henderson,J.R. Henderson,1999,1999,F,8-Jun,226,10/30/1976,30/10/1976,1976,23,UCLA,https://www.basketball-reference.com/players/h/hendejr01.html,hendejr01,1976,23,0
J.R. Reid,J.R. Reid,1990,2001,F,9-Jun,247,3/31/1968,31/3/1968,1968,33,UNC,https://www.basketball-reference.com/players/r/reidjr01.html,reidjr01,1968,33,11
Mark Eaton,Mark Eaton,1983,1993,C,4-Jul,275,1/24/1957,24/1/1957,1957,36,"Cypress College, UCLA",https://www.basketball-reference.com/players/e/eatonma01.html,eatonma01,1957,36,10
Ja Morant,Ja Morant,2020,2025,G,2-Jun,174,8/10/1999,10/8/1999,1999,26,Murray State,https://www.basketball-reference.com/players/m/moranja01.html,moranja01,1999,26,5
Jérôme Moïso,Jérôme Moïso,2001,2005,F-C,10-Jun,235,6/15/1978,15/6/1978,1978,27,UCLA,https://www.basketball-reference.com/players/m/moisoje01.html,moisoje01,1978,27,4
Jabari Bird,Jabari Bird,2018,2018,G,6-Jun,198,7/3/1994,3/7/1994,1994,24,California,https://www.basketball-reference.com/players/b/birdja01.html,birdja01,1994,24,0
Jabari Brown,Jabari Brown,2015,2015,G,4-Jun,215,12/18/1992,18/12/1992,1992,23,"Oregon, Missouri",https://www.basketball-reference.com/players/b/brownja01.html,brownja01,1992,23,0
Jabari Parker,Jabari Parker,2015,2022,F,8-Jun,245,3/15/1995,15/3/1995,1995,27,Duke,https://www.basketball-reference.com/players/p/parkeja01.html,parkeja01,1995,27,7
Jabari Smith,Jabari Smith,2001,2005,C,11-Jun,250,2/12/1977,12/2/1977,1977,28,LSU,https://www.basketball-reference.com/players/s/smithja01.html,smithja01,1977,28,4
Jabari Smith Jr.,Jabari Smith Jr.,2023,2025,F,11-Jun,220,5/13/2003,13/5/2003,2003,22,Auburn,https://www.basketball-reference.com/players/s/smithja05.html,smithja05,2003,22,2
Jabari Walker,Jabari Walker,2023,2025,F,9-Jun,215,7/30/2002,30/7/2002,2002,23,Colorado,https://www.basketball-reference.com/players/w/walkeja01.html,walkeja01,2002,23,2
Jack Burmaster,Jack Burmaster,1950,1950,G,3-Jun,190,12/23/1926,23/12/1926,1926,24,Illinois,https://www.basketball-reference.com/players/b/burmaja01.html,burmaja01,1926,24,0
Markieff Morris,Markieff Morris,2012,2025,F,9-Jun,245,9/2/1989,2/9/1989,1989,36,Kansas,https://www.basketball-reference.com/players/m/morrima02.html,morrima02,1989,36,13
Jack Cooley,Jack Cooley,2015,2018,F-C,9-Jun,260,4/12/1991,12/4/1991,1991,27,Notre Dame,https://www.basketball-reference.com/players/c/cooleja01.html,cooleja01,1991,27,3
Jack Cotton,Jack Cotton,1950,1950,F-C,7-Jun,200,10/25/1924,25/10/1924,1924,26,Wyoming,https://www.basketball-reference.com/players/c/cottoja01.html,cottoja01,1924,26,0
Jack Dwan,Jack Dwan,1949,1949,F-G,4-Jun,200,5/3/1921,3/5/1921,1921,28,Loyola Chicago,https://www.basketball-reference.com/players/d/dwanja01.html,dwanja01,1921,28,0
Jack Eskridge,Jack Eskridge,1949,1949,C-F,5-Jun,200,1/21/1924,21/1/1924,1924,25,Kansas,https://www.basketball-reference.com/players/e/eskrija01.html,eskrija01,1924,25,0
Jack Foley,Jack Foley,1963,1963,F,3-Jun,170,4/19/1939,19/4/1939,1939,24,Holy Cross,https://www.basketball-reference.com/players/f/foleyja01.html,foleyja01,1939,24,0
Jack Garfinkel,Jack Garfinkel,1947,1949,G,Jun-00,190,6/13/1918,13/6/1918,1918,31,St. John's,https://www.basketball-reference.com/players/g/garfija01.html,garfija01,1918,31,2
Jack George,Jack George,1954,1961,G,2-Jun,190,11/13/1928,13/11/1928,1928,33,La Salle,https://www.basketball-reference.com/players/g/georgja01.html,georgja01,1928,33,7
Jack Gillespie,Jack Gillespie,1970,1970,F,6-Jun,215,10/1/1947,1/10/1947,1947,23,Montana State,https://www.basketball-reference.com/players/g/gilleja01.html,gilleja01,1947,23,0
Jack Givens,Jack Givens,1979,1980,F-G,5-Jun,205,9/21/1956,21/9/1956,1956,24,Kentucky,https://www.basketball-reference.com/players/g/givenja01.html,givenja01,1956,24,1
Matt Bonner,Matt Bonner,2005,2016,F,10-Jun,235,4/5/1980,5/4/1980,1980,36,Florida,https://www.basketball-reference.com/players/b/bonnema01.html,bonnema01,1980,36,11
Jack Hewson,Jack Hewson,1948,1948,F-C,6-Jun,195,9/7/1924,7/9/1924,1924,24,Temple,https://www.basketball-reference.com/players/h/hewsoja01.html,hewsoja01,1924,24,0
Jack Kerris,Jack Kerris,1950,1953,F-C,6-Jun,215,1/30/1925,30/1/1925,1925,28,Loyola Chicago,https://www.basketball-reference.com/players/k/kerrija01.html,kerrija01,1925,28,3
Jack Kiley,Jack Kiley,1952,1953,G,1-Jun,170,1/5/1929,5/1/1929,1929,24,Syracuse,https://www.basketball-reference.com/players/k/kileyja01.html,kileyja01,1929,24,1
Jack Maddox,Jack Maddox,1949,1949,F-G,3-Jun,185,12/10/1919,10/12/1919,1919,30,"SMU, West Texas A&M University",https://www.basketball-reference.com/players/m/maddoja01.html,maddoja01,1919,30,0
Jack Marin,Jack Marin,1967,1977,F-G,7-Jun,200,10/12/1944,12/10/1944,1944,33,Duke,https://www.basketball-reference.com/players/m/marinja01.html,marinja01,1944,33,10
Jack McCloskey,Jack McCloskey,1953,1953,G,2-Jun,190,9/19/1925,19/9/1925,1925,28,"Pitt, Penn",https://www.basketball-reference.com/players/m/mccloja01.html,mccloja01,1925,28,0
Jack McMahon,Jack McMahon,1953,1960,G,1-Jun,185,12/3/1928,3/12/1928,1928,32,St. John's,https://www.basketball-reference.com/players/m/mcmahja01.html,mcmahja01,1928,32,7
Jack McVeigh,Jack McVeigh,2025,2025,F,8-Jun,215,6/27/1996,27/6/1996,1996,29,Nebraska,https://www.basketball-reference.com/players/m/mcveija01.html,mcveija01,1996,29,0
Jack Molinas,Jack Molinas,1954,1954,F,6-Jun,200,10/31/1931,31/10/1931,1931,23,Columbia University,https://www.basketball-reference.com/players/m/molinja01.html,molinja01,1931,23,0
Jack Nichols,Jack Nichols,1949,1958,C-F,7-Jun,222,4/9/1926,9/4/1926,1926,32,Washington,https://www.basketball-reference.com/players/n/nichoja01.html,nichoja01,1926,32,9
Jack Parkinson,Jack Parkinson,1950,1950,G,Jun-00,174,3/4/1924,4/3/1924,1924,26,Kentucky,https://www.basketball-reference.com/players/p/parkija01.html,parkija01,1924,26,0
Jack Parr,Jack Parr,1959,1959,C,9-Jun,220,3/13/1936,13/3/1936,1936,23,Kansas State,https://www.basketball-reference.com/players/p/parrja01.html,parrja01,1936,23,0
Jack Phelan,Jack Phelan,1950,1950,F,5-Jun,195,11/6/1925,6/11/1925,1925,25,DePaul,https://www.basketball-reference.com/players/p/phelaja01.html,phelaja01,1925,25,0
Jack Rocker,Jack Rocker,1948,1948,C-F,5-Jun,185,8/12/1922,12/8/1922,1922,26,California,https://www.basketball-reference.com/players/r/rockeja01.html,rockeja01,1922,26,0
Maurice Lucas,Maurice Lucas,1975,1988,F-C,9-Jun,215,2/18/1952,18/2/1952,1952,36,Marquette,https://www.basketball-reference.com/players/l/lucasma01.html,lucasma01,1952,36,13
Jack Smiley,Jack Smiley,1949,1950,F-G,3-Jun,190,12/22/1922,22/12/1922,1922,28,Illinois,https://www.basketball-reference.com/players/s/smileja01.html,smileja01,1922,28,1
Jack Stephens,Jack Stephens,1956,1956,G-F,3-Jun,185,5/18/1933,18/5/1933,1933,23,Notre Dame,https://www.basketball-reference.com/players/s/stephja01.html,stephja01,1933,23,0
Jack Thompson,Jack Thompson,1969,1969,G,1-Jun,185,3/26/1946,26/3/1946,1946,23,South Carolina,https://www.basketball-reference.com/players/t/thompja01.html,thompja01,1946,23,0
Jack Tingle,Jack Tingle,1948,1949,F,4-Jun,205,12/30/1924,30/12/1924,1924,25,Kentucky,https://www.basketball-reference.com/players/t/tinglja01.html,tinglja01,1924,25,1
Jack Toomay,Jack Toomay,1948,1950,C-F,6-Jun,215,8/9/1922,9/8/1922,1922,28,University of the Pacific,https://www.basketball-reference.com/players/t/toomaja01.html,toomaja01,1922,28,2
Jack Turner,Jack Turner,1962,1962,G-F,5-Jun,200,6/5/1939,5/6/1939,1939,23,Louisville,https://www.basketball-reference.com/players/t/turneja02.html,turneja02,1939,23,0
Jack Turner,Jack Turner,1955,1955,F-G,4-Jun,170,6/29/1930,29/6/1930,1930,25,Western Kentucky,https://www.basketball-reference.com/players/t/turneja01.html,turneja01,1930,25,0
Jack Twyman*,Jack Twyman,1956,1966,F-G,6-Jun,210,5/11/1934,11/5/1934,1934,32,Cincinnati,https://www.basketball-reference.com/players/t/twymaja01.html,twymaja01,1934,32,10
Jack White,Jack White,2023,2024,F,7-Jun,225,8/5/1997,5/8/1997,1997,27,Duke,https://www.basketball-reference.com/players/w/whiteja03.html,whiteja03,1997,27,1
Jackie Butler,Jackie Butler,2005,2007,F-C,10-Jun,250,3/10/1985,10/3/1985,1985,22,,https://www.basketball-reference.com/players/b/butleja01.html,butleja01,1985,22,2
Jackie Dinkins,Jackie Dinkins,1972,1972,F,5-Jun,210,1/22/1950,22/1/1950,1950,22,Voorhees College,https://www.basketball-reference.com/players/d/dinkija01.html,dinkija01,1950,22,0
Jackie Moore,Jackie Moore,1955,1957,F,5-Jun,180,9/24/1932,24/9/1932,1932,25,La Salle,https://www.basketball-reference.com/players/m/mooreja01.html,mooreja01,1932,25,2
Jackie Moreland,Jackie Moreland,1961,1970,F-G,7-Jun,215,3/11/1938,11/3/1938,1938,32,Louisiana Tech,https://www.basketball-reference.com/players/m/morelja01.html,morelja01,1938,32,9
Jackie Ridgle,Jackie Ridgle,1972,1972,G,4-Jun,195,2/13/1948,13/2/1948,1948,24,California,https://www.basketball-reference.com/players/r/ridglja01.html,ridglja01,1948,24,0
Jackie Robinson,Jackie Robinson,1979,1982,F,6-Jun,210,5/20/1955,20/5/1955,1955,27,UNLV,https://www.basketball-reference.com/players/r/robinja01.html,robinja01,1955,27,3
Jackson Vroman,Jackson Vroman,2005,2006,F-C,10-Jun,220,6/6/1981,6/6/1981,1981,25,Iowa State,https://www.basketball-reference.com/players/v/vromaja01.html,vromaja01,1981,25,1
Jacky Dorsey,Jacky Dorsey,1978,1981,F,7-Jun,230,12/18/1954,18/12/1954,1954,27,Georgia,https://www.basketball-reference.com/players/d/dorseja01.html,dorseja01,1954,27,3
Jacob Evans,Jacob Evans,2019,2020,G-F,4-Jun,210,6/18/1997,18/6/1997,1997,23,Cincinnati,https://www.basketball-reference.com/players/e/evansja02.html,evansja02,1997,23,1
Jacob Gilyard,Jacob Gilyard,2023,2024,G,9-May,160,7/14/1998,14/7/1998,1998,26,Richmond,https://www.basketball-reference.com/players/g/gilyaja01.html,gilyaja01,1998,26,1
Jacob Pullen,Jacob Pullen,2018,2018,G,1-Jun,200,11/10/1989,10/11/1989,1989,29,Kansas State,https://www.basketball-reference.com/players/p/pulleja01.html,pulleja01,1989,29,0
Jacob Toppin,Jacob Toppin,2024,2025,F,9-Jun,205,5/8/2000,8/5/2000,2000,25,"Rhode Island, Kentucky",https://www.basketball-reference.com/players/t/toppija01.html,toppija01,2000,25,1
Jacob Wiley,Jacob Wiley,2018,2018,F,7-Jun,215,9/4/1994,4/9/1994,1994,24,Eastern Washington,https://www.basketball-reference.com/players/w/wileyja01.html,wileyja01,1994,24,0
Melvin Ely,Melvin Ely,2003,2014,C,10-Jun,260,5/2/1978,2/5/1978,1978,36,Fresno State,https://www.basketball-reference.com/players/e/elyme01.html,elyme01,1978,36,11
Jaden Hardy,Jaden Hardy,2023,2025,G,4-Jun,198,7/5/2002,5/7/2002,2002,23,,https://www.basketball-reference.com/players/h/hardyja02.html,hardyja02,2002,23,2
Jaden Ivey,Jaden Ivey,2023,2025,G,4-Jun,195,2/13/2002,13/2/2002,2002,23,Purdue,https://www.basketball-reference.com/players/i/iveyja01.html,iveyja01,2002,23,2
Jaden McDaniels,Jaden McDaniels,2021,2025,F,9-Jun,185,9/29/2000,29/9/2000,2000,25,Washington,https://www.basketball-reference.com/players/m/mcdanja02.html,mcdanja02,2000,25,4
Jaden Springer,Jaden Springer,2022,2025,G,4-Jun,204,9/25/2002,25/9/2002,2002,23,Tennessee,https://www.basketball-reference.com/players/s/sprinja01.html,sprinja01,2002,23,3
Mike Dunleavy,Mike Dunleavy,1977,1990,G,3-Jun,180,3/21/1954,21/3/1954,1954,36,South Carolina,https://www.basketball-reference.com/players/d/dunlemi01.html,dunlemi01,1954,36,13
Jae'Sean Tate,Jae'Sean Tate,2021,2025,F,4-Jun,230,10/28/1995,28/10/1995,1995,30,Ohio State,https://www.basketball-reference.com/players/t/tateja01.html,tateja01,1995,30,4
Jahidi White,Jahidi White,1999,2005,F-C,9-Jun,290,2/19/1976,19/2/1976,1976,29,Georgetown,https://www.basketball-reference.com/players/w/whiteja01.html,whiteja01,1976,29,6
Jahlil Okafor,Jahlil Okafor,2016,2021,C-F,10-Jun,270,12/15/1995,15/12/1995,1995,26,Duke,https://www.basketball-reference.com/players/o/okafoja01.html,okafoja01,1995,26,5
Jahmi'us Ramsey,Jahmi'us Ramsey,2021,2024,G,3-Jun,190,6/9/2001,9/6/2001,2001,23,Texas Tech,https://www.basketball-reference.com/players/r/ramseja01.html,ramseja01,2001,23,3
Jaime Echenique,Jaime Echenique,2022,2022,C,11-Jun,258,4/27/1997,27/4/1997,1997,25,"Trinity Valley CC, Wichita State",https://www.basketball-reference.com/players/e/echenja01.html,echenja01,1997,25,0
Jaime Jaquez Jr.,Jaime Jaquez Jr.,2024,2025,G-F,6-Jun,225,2/18/2001,18/2/2001,2001,24,UCLA,https://www.basketball-reference.com/players/j/jaqueja01.html,jaqueja01,2001,24,1
JaJuan Johnson,JaJuan Johnson,2012,2012,F,10-Jun,221,2/8/1989,8/2/1989,1989,23,Purdue,https://www.basketball-reference.com/players/j/johnsja02.html,johnsja02,1989,23,0
JaKarr Sampson,JaKarr Sampson,2015,2021,G-F,7-Jun,214,3/20/1993,20/3/1993,1993,28,St. John's,https://www.basketball-reference.com/players/s/sampsja02.html,sampsja02,1993,28,6
Jake Bornheimer,Jake Bornheimer,1949,1950,F-C,5-Jun,200,6/29/1927,29/6/1927,1927,23,Muhlenberg College,https://www.basketball-reference.com/players/b/bornhja01.html,bornhja01,1927,23,1
Jake Carter,Jake Carter,1950,1950,F-C,4-Jun,195,7/25/1924,25/7/1924,1924,26,Texas A&M University-Commerce,https://www.basketball-reference.com/players/c/carteja01.html,carteja01,1924,26,0
Jake Fendley,Jake Fendley,1952,1953,G,Jun-00,180,6/12/1929,12/6/1929,1929,24,Northwestern,https://www.basketball-reference.com/players/f/fendlja01.html,fendlja01,1929,24,1
Jake Ford,Jake Ford,1971,1972,G,3-Jun,180,4/29/1945,29/4/1945,1945,27,University of Maryland Eastern Shore,https://www.basketball-reference.com/players/f/fordja01.html,fordja01,1945,27,1
Jake Jones,Jake Jones,1972,1972,G,3-Jun,180,5/9/1949,9/5/1949,1949,23,Assumption College,https://www.basketball-reference.com/players/j/jonesja01.html,jonesja01,1949,23,0
Jake LaRavia,Jake LaRavia,2023,2025,F,8-Jun,235,11/3/2001,3/11/2001,2001,24,"Indiana State University, Wake Forest",https://www.basketball-reference.com/players/l/laravja01.html,laravja01,2001,24,2
Jake Layman,Jake Layman,2017,2022,F,8-Jun,209,3/7/1994,7/3/1994,1994,28,Maryland,https://www.basketball-reference.com/players/l/laymaja01.html,laymaja01,1994,28,5
Jake Pelkington,Jake Pelkington,1949,1949,C-F,6-Jun,220,1/3/1916,3/1/1916,1916,33,Manhattan College,https://www.basketball-reference.com/players/p/pelkija01.html,pelkija01,1916,33,0
Jake Tsakalidis,Jake Tsakalidis,2001,2007,C,2-Jul,285,6/10/1979,10/6/1979,1979,28,,https://www.basketball-reference.com/players/t/tsakaja01.html,tsakaja01,1979,28,6
Jake Voskuhl,Jake Voskuhl,2001,2009,C,11-Jun,245,11/1/1977,1/11/1977,1977,32,UConn,https://www.basketball-reference.com/players/v/voskuja01.html,voskuja01,1977,32,8
Jake Weber,Jake Weber,1947,1947,C,6-Jun,225,3/18/1918,18/3/1918,1918,29,Purdue,https://www.basketball-reference.com/players/w/weberja01.html,weberja01,1918,29,0
Jakob Poeltl,Jakob Poeltl,2017,2025,C,Jul-00,245,10/15/1995,15/10/1995,1995,30,Utah,https://www.basketball-reference.com/players/p/poeltja01.html,poeltja01,1995,30,8
Ja'Kobe Walter,Ja'Kobe Walter,2025,2025,G,5-Jun,180,9/4/2004,4/9/2004,2004,21,Baylor,https://www.basketball-reference.com/players/w/walteja01.html,walteja01,2004,21,0
Jalen Bridges,Jalen Bridges,2025,2025,F,8-Jun,225,5/14/2001,14/5/2001,2001,24,"West Virginia, Baylor",https://www.basketball-reference.com/players/b/bridgja01.html,bridgja01,2001,24,0
Jalen Brunson,Jalen Brunson,2019,2025,G,2-Jun,190,8/31/1996,31/8/1996,1996,29,Villanova,https://www.basketball-reference.com/players/b/brunsja01.html,brunsja01,1996,29,6
Jalen Crutcher,Jalen Crutcher,2024,2024,G,2-Jun,175,7/18/1999,18/7/1999,1999,25,Dayton,https://www.basketball-reference.com/players/c/crutcja01.html,crutcja01,1999,25,0
Jalen Duren,Jalen Duren,2023,2025,C,10-Jun,250,11/18/2003,18/11/2003,2003,22,Memphis,https://www.basketball-reference.com/players/d/durenja01.html,durenja01,2003,22,2
Jalen Green,Jalen Green,2022,2025,G,4-Jun,178,2/9/2002,9/2/2002,2002,23,,https://www.basketball-reference.com/players/g/greenja05.html,greenja05,2002,23,3
Jalen Harris,Jalen Harris,2021,2021,G,5-Jun,195,8/14/1998,14/8/1998,1998,23,"Nevada, Louisiana Tech",https://www.basketball-reference.com/players/h/harrija01.html,harrija01,1998,23,0
Jalen Hood-Schifino,Jalen Hood-Schifino,2024,2025,G,6-Jun,215,6/19/2003,19/6/2003,2003,22,Indiana,https://www.basketball-reference.com/players/h/hoodsja01.html,hoodsja01,2003,22,1
Jalen Johnson,Jalen Johnson,2022,2025,F,9-Jun,220,12/18/2001,18/12/2001,2001,24,Duke,https://www.basketball-reference.com/players/j/johnsja05.html,johnsja05,2001,24,3
Jalen Jones,Jalen Jones,2018,2019,G,7-Jun,220,5/27/1993,27/5/1993,1993,26,"SMU, Texas A&M",https://www.basketball-reference.com/players/j/jonesja04.html,jonesja04,1993,26,1
Jalen Lecque,Jalen Lecque,2020,2021,G,4-Jun,185,6/13/2000,13/6/2000,2000,21,,https://www.basketball-reference.com/players/l/lecquja01.html,lecquja01,2000,21,1
Jalen McDaniels,Jalen McDaniels,2020,2024,F,9-Jun,205,1/31/1998,31/1/1998,1998,26,San Diego State,https://www.basketball-reference.com/players/m/mcdanja01.html,mcdanja01,1998,26,4
Jalen Pickett,Jalen Pickett,2024,2025,G,4-Jun,209,10/22/1999,22/10/1999,1999,26,"Siena College, Penn State",https://www.basketball-reference.com/players/p/pickeja02.html,pickeja02,1999,26,1
Muggsy Bogues,Muggsy Bogues,1988,2001,G,3-May,136,1/9/1965,9/1/1965,1965,36,Wake Forest,https://www.basketball-reference.com/players/b/boguemu01.html,boguemu01,1965,36,13
Jalen Slawson,Jalen Slawson,2024,2024,F,7-Jun,215,10/22/1999,22/10/1999,1999,25,Furman University,https://www.basketball-reference.com/players/s/slawsja01.html,slawsja01,1999,25,0
Jalen Smith,Jalen Smith,2021,2025,F,10-Jun,215,3/16/2000,16/3/2000,2000,25,Maryland,https://www.basketball-reference.com/players/s/smithja04.html,smithja04,2000,25,4
Jalen Suggs,Jalen Suggs,2022,2025,G,5-Jun,205,6/3/2001,3/6/2001,2001,24,Gonzaga,https://www.basketball-reference.com/players/s/suggsja01.html,suggsja01,2001,24,3
Jalen Williams,Jalen Williams,2023,2025,G,6-Jun,220,4/14/2001,14/4/2001,2001,24,Santa Clara,https://www.basketball-reference.com/players/w/willija06.html,willija06,2001,24,2
Jalen Wilson,Jalen Wilson,2024,2025,F,8-Jun,225,11/4/2000,4/11/2000,2000,25,Kansas,https://www.basketball-reference.com/players/w/wilsoja03.html,wilsoja03,2000,25,1
Jamaal Franklin,Jamaal Franklin,2014,2015,G,5-Jun,191,7/21/1991,21/7/1991,1991,24,San Diego State,https://www.basketball-reference.com/players/f/frankja01.html,frankja01,1991,24,1
Mychal Thompson,Mychal Thompson,1979,1991,C-F,10-Jun,226,1/30/1955,30/1/1955,1955,36,Minnesota,https://www.basketball-reference.com/players/t/thompmy01.html,thompmy01,1955,36,12
Nat Clifton*,Nat Clifton,1951,1958,C-F,6-Jun,220,10/13/1922,13/10/1922,1922,36,Xavier University of Louisiana,https://www.basketball-reference.com/players/c/cliftna01.html,cliftna01,1922,36,7
Jamaal Wilkes*,Jamaal Wilkes,1975,1986,F-G,6-Jun,190,5/2/1953,2/5/1953,1953,33,UCLA,https://www.basketball-reference.com/players/w/wilkeja01.html,wilkeja01,1953,33,11
Jamal Cain,Jamal Cain,2023,2025,F,7-Jun,191,3/20/1999,20/3/1999,1999,26,"Marquette, Oakland",https://www.basketball-reference.com/players/c/cainja01.html,cainja01,1999,26,2
Nate Thurmond*,Nate Thurmond,1964,1977,C-F,11-Jun,225,7/25/1941,25/7/1941,1941,36,Bowling Green,https://www.basketball-reference.com/players/t/thurmna01.html,thurmna01,1941,36,13
Jamal Mashburn,Jamal Mashburn,1994,2004,F,8-Jun,240,11/29/1972,29/11/1972,1972,32,Kentucky,https://www.basketball-reference.com/players/m/mashbja01.html,mashbja01,1972,32,10
Jamal Murray,Jamal Murray,2017,2025,G,4-Jun,215,2/23/1997,23/2/1997,1997,28,Kentucky,https://www.basketball-reference.com/players/m/murraja01.html,murraja01,1997,28,8
Jamal Robinson,Jamal Robinson,2001,2001,F,7-Jun,212,12/27/1973,27/12/1973,1973,28,Virginia,https://www.basketball-reference.com/players/r/robinja03.html,robinja03,1973,28,0
Jamal Sampson,Jamal Sampson,2003,2007,F-C,11-Jun,235,5/15/1983,15/5/1983,1983,24,California,https://www.basketball-reference.com/players/s/sampsja01.html,sampsja01,1983,24,4
Jamal Shead,Jamal Shead,2025,2025,G,Jun-00,200,6/24/2002,24/6/2002,2002,23,Houston,https://www.basketball-reference.com/players/s/sheadja01.html,sheadja01,2002,23,0
Jamaree Bouyea,Jamaree Bouyea,2023,2024,G,2-Jun,180,6/27/1999,27/6/1999,1999,25,San Francisco,https://www.basketball-reference.com/players/b/bouyeja01.html,bouyeja01,1999,25,1
Jamario Moon,Jamario Moon,2008,2012,F,8-Jun,205,6/13/1980,13/6/1980,1980,32,Meridian Community College,https://www.basketball-reference.com/players/m/moonja01.html,moonja01,1980,32,4
Jameel Warney,Jameel Warney,2018,2018,F,8-Jun,260,1/31/1994,31/1/1994,1994,24,Stony Brook University,https://www.basketball-reference.com/players/w/warneja01.html,warneja01,1994,24,0
Oscar Robertson*,Oscar Robertson,1961,1974,G-F,5-Jun,205,11/24/1938,24/11/1938,1938,36,Cincinnati,https://www.basketball-reference.com/players/r/roberos01.html,roberos01,1938,36,13
Jamel Artis,Jamel Artis,2018,2018,G-F,7-Jun,213,1/12/1993,12/1/1993,1993,25,Pitt,https://www.basketball-reference.com/players/a/artisja01.html,artisja01,1993,25,0
Jamel Thomas,Jamel Thomas,2000,2001,F,6-Jun,215,3/25/1973,25/3/1973,1973,28,Providence,https://www.basketball-reference.com/players/t/thomaja01.html,thomaja01,1973,28,1
James Anderson,James Anderson,2011,2016,G-F,6-Jun,213,3/25/1989,25/3/1989,1989,27,Oklahoma State,https://www.basketball-reference.com/players/a/anderja01.html,anderja01,1989,27,5
James Augustine,James Augustine,2007,2008,F,10-Jun,235,2/27/1984,27/2/1984,1984,24,Illinois,https://www.basketball-reference.com/players/a/augusja01.html,augusja01,1984,24,1
James Bailey,James Bailey,1980,1988,F-C,9-Jun,220,5/21/1957,21/5/1957,1957,31,Rutgers University,https://www.basketball-reference.com/players/b/baileja01.html,baileja01,1957,31,8
James Blackwell,James Blackwell,1995,1995,G,Jun-00,190,2/25/1968,25/2/1968,1968,27,Dartmouth College,https://www.basketball-reference.com/players/b/blackja01.html,blackja01,1968,27,0
James Bouknight,James Bouknight,2022,2024,G,5-Jun,190,9/18/2000,18/9/2000,2000,24,UConn,https://www.basketball-reference.com/players/b/bouknja01.html,bouknja01,2000,24,2
James Collins,James Collins,1998,1998,G,4-Jun,196,11/5/1973,5/11/1973,1973,25,Florida State,https://www.basketball-reference.com/players/c/collija01.html,collija01,1973,25,0
James Cotton,James Cotton,1998,1999,G,5-Jun,220,12/14/1975,14/12/1975,1975,24,Cal State Long Beach,https://www.basketball-reference.com/players/c/cottoja02.html,cottoja02,1975,24,1
Patrick Beverley,Patrick Beverley,2013,2024,G,2-Jun,180,7/12/1988,12/7/1988,1988,36,Arkansas,https://www.basketball-reference.com/players/b/beverpa01.html,beverpa01,1988,36,11
Raja Bell,Raja Bell,2001,2012,G,5-Jun,204,9/19/1976,19/9/1976,1976,36,"Boston University, Florida International University",https://www.basketball-reference.com/players/b/bellra01.html,bellra01,1976,36,11
James Ennis III,James Ennis III,2015,2022,F,6-Jun,215,7/1/1990,1/7/1990,1990,32,Cal State Long Beach,https://www.basketball-reference.com/players/e/ennisja01.html,ennisja01,1990,32,7
Rajon Rondo,Rajon Rondo,2007,2022,G,1-Jun,180,2/22/1986,22/2/1986,1986,36,Kentucky,https://www.basketball-reference.com/players/r/rondora01.html,rondora01,1986,36,15
James Hardy,James Hardy,1979,1982,F-C,8-Jun,220,12/1/1956,1/12/1956,1956,26,San Francisco,https://www.basketball-reference.com/players/h/hardyja01.html,hardyja01,1956,26,3
Rick Barry*,Rick Barry,1966,1980,F,7-Jun,205,3/28/1944,28/3/1944,1944,36,Miami (FL),https://www.basketball-reference.com/players/b/barryri01.html,barryri01,1944,36,14
Robert Reid,Robert Reid,1978,1991,F-G,8-Jun,205,8/30/1955,30/8/1955,1955,36,St. Mary's University,https://www.basketball-reference.com/players/r/reidro01.html,reidro01,1955,36,13
James Lang,James Lang,2007,2007,C,10-Jun,285,10/17/1983,17/10/1983,1983,24,,https://www.basketball-reference.com/players/l/langja01.html,langja01,1983,24,0
James Michael McAdoo,James Michael McAdoo,2015,2018,F,9-Jun,230,1/4/1993,4/1/1993,1993,25,UNC,https://www.basketball-reference.com/players/m/mcadoja01.html,mcadoja01,1993,25,3
James Nunnally,James Nunnally,2014,2021,F,7-Jun,208,7/14/1990,14/7/1990,1990,31,UC Santa Barbara,https://www.basketball-reference.com/players/n/nunnaja01.html,nunnaja01,1990,31,7
Robin Lopez,Robin Lopez,2009,2024,C,1-Jul,281,4/1/1988,1/4/1988,1988,36,Stanford,https://www.basketball-reference.com/players/l/lopezro01.html,lopezro01,1988,36,15
James Ray,James Ray,1981,1983,F,8-Jun,215,7/27/1957,27/7/1957,1957,26,Jacksonville University,https://www.basketball-reference.com/players/r/rayja01.html,rayja01,1957,26,2
James Robinson,James Robinson,1994,2001,G,2-Jun,180,8/31/1970,31/8/1970,1970,31,Alabama,https://www.basketball-reference.com/players/r/robinja02.html,robinja02,1970,31,7
James Scott,James Scott,1997,1997,F,6-Jun,180,6/6/1972,6/6/1972,1972,25,St. John's,https://www.basketball-reference.com/players/s/scottja01.html,scottja01,1972,25,0
James Silas,James Silas,1973,1982,G,1-Jun,180,2/11/1949,11/2/1949,1949,33,Stephen F. Austin,https://www.basketball-reference.com/players/s/silasja01.html,silasja01,1949,33,9
James Singleton,James Singleton,2006,2012,F,8-Jun,216,7/20/1981,20/7/1981,1981,31,Murray State,https://www.basketball-reference.com/players/s/singlja01.html,singlja01,1981,31,6
James Southerland,James Southerland,2014,2014,F,8-Jun,215,4/28/1990,28/4/1990,1990,24,Syracuse,https://www.basketball-reference.com/players/s/southja01.html,southja01,1990,24,0
James Thomas,James Thomas,2005,2006,F,8-Jun,235,11/22/1980,22/11/1980,1980,26,Texas,https://www.basketball-reference.com/players/t/thomaja02.html,thomaja02,1980,26,1
James Webb III,James Webb III,2018,2018,F,9-Jun,202,8/19/1993,19/8/1993,1993,25,Boise State,https://www.basketball-reference.com/players/w/webbja01.html,webbja01,1993,25,0
James White,James White,2007,2013,G-F,7-Jun,200,10/21/1982,21/10/1982,1982,31,"Florida, Cincinnati",https://www.basketball-reference.com/players/w/whiteja02.html,whiteja02,1982,31,6
James Wilkes,James Wilkes,1981,1983,F,7-Jun,195,4/1/1958,1/4/1958,1958,25,UCLA,https://www.basketball-reference.com/players/w/wilkeja02.html,wilkeja02,1958,25,2
James Wiseman,James Wiseman,2021,2025,C,Jul-00,240,3/31/2001,31/3/2001,2001,24,Memphis,https://www.basketball-reference.com/players/w/wisemja01.html,wisemja01,2001,24,4
James Worthy*,James Worthy,1983,1994,F,9-Jun,225,2/27/1961,27/2/1961,1961,33,UNC,https://www.basketball-reference.com/players/w/worthja01.html,worthja01,1961,33,11
James Young,James Young,2015,2018,G-F,6-Jun,215,8/16/1995,16/8/1995,1995,23,Kentucky,https://www.basketball-reference.com/players/y/youngja01.html,youngja01,1995,23,3
JamesOn Curry,JamesOn Curry,2010,2010,G,3-Jun,190,1/7/1986,7/1/1986,1986,24,Oklahoma State,https://www.basketball-reference.com/players/c/curryja01.html,curryja01,1986,24,0
Jamie Feick,Jamie Feick,1997,2001,C,9-Jun,255,7/3/1974,3/7/1974,1974,27,Michigan State,https://www.basketball-reference.com/players/f/feickja01.html,feickja01,1974,27,4
Jamie Waller,Jamie Waller,1988,1988,G,4-Jun,215,11/20/1964,20/11/1964,1964,24,Virginia Union University,https://www.basketball-reference.com/players/w/walleja01.html,walleja01,1964,24,0
Jamie Watson,Jamie Watson,1995,1999,F,7-Jun,190,2/23/1972,23/2/1972,1972,27,South Carolina,https://www.basketball-reference.com/players/w/watsoja01.html,watsoja01,1972,27,4
Jamil Wilson,Jamil Wilson,2018,2018,F,7-Jun,230,11/21/1990,21/11/1990,1990,28,"Oregon, Marquette",https://www.basketball-reference.com/players/w/wilsoja02.html,wilsoja02,1990,28,0
Jamison Battle,Jamison Battle,2025,2025,F,7-Jun,220,5/10/2001,10/5/2001,2001,24,"George Washington, Minnesota, Ohio State",https://www.basketball-reference.com/players/b/battlja01.html,battlja01,2001,24,0
Jamison Brewer,Jamison Brewer,2002,2005,G,4-Jun,184,11/19/1980,19/11/1980,1980,25,Auburn,https://www.basketball-reference.com/players/b/breweja01.html,breweja01,1980,25,3
Jamorko Pickett,Jamorko Pickett,2022,2022,G-F,9-Jun,206,12/24/1997,24/12/1997,1997,25,Georgetown,https://www.basketball-reference.com/players/p/pickeja01.html,pickeja01,1997,25,0
JaMychal Green,JaMychal Green,2015,2023,F,8-Jun,227,6/21/1990,21/6/1990,1990,33,Alabama,https://www.basketball-reference.com/players/g/greenja01.html,greenja01,1990,33,8
Jan van Breda Kolff,Jan van Breda Kolff,1975,1983,F-G,7-Jun,195,12/16/1951,16/12/1951,1951,32,Vanderbilt,https://www.basketball-reference.com/players/v/vanbrja01.html,vanbrja01,1951,32,8
Jan Veselý,Jan Veselý,2012,2014,F,11-Jun,240,4/24/1990,24/4/1990,1990,24,,https://www.basketball-reference.com/players/v/veselja01.html,veselja01,1990,24,2
Ron Anderson,Ron Anderson,1985,1994,F-G,7-Jun,215,10/15/1958,15/10/1958,1958,36,Fresno State,https://www.basketball-reference.com/players/a/anderro01.html,anderro01,1958,36,9
JaQuori McLaughlin,JaQuori McLaughlin,2022,2022,G,4-Jun,190,1/29/1998,29/1/1998,1998,24,"Oregon State, UC Santa Barbara",https://www.basketball-reference.com/players/m/mclauja01.html,mclauja01,1998,24,0
Jarace Walker,Jarace Walker,2024,2025,F,8-Jun,240,9/4/2003,4/9/2003,2003,22,Houston,https://www.basketball-reference.com/players/w/walkeja02.html,walkeja02,2003,22,1
Jared Butler,Jared Butler,2022,2025,G,3-Jun,195,8/25/2000,25/8/2000,2000,25,Baylor,https://www.basketball-reference.com/players/b/butleja02.html,butleja02,2000,25,3
Jared Cunningham,Jared Cunningham,2013,2016,G,4-Jun,195,5/22/1991,22/5/1991,1991,25,Oregon State,https://www.basketball-reference.com/players/c/cunnija01.html,cunnija01,1991,25,3
Sam Jones*,Sam Jones,1958,1969,G-F,4-Jun,198,6/24/1933,24/6/1933,1933,36,NC Central,https://www.basketball-reference.com/players/j/jonessa01.html,jonessa01,1933,36,11
Jared Harper,Jared Harper,2020,2022,G,10-May,175,9/14/1997,14/9/1997,1997,25,Auburn,https://www.basketball-reference.com/players/h/harpeja01.html,harpeja01,1997,25,2
Jared Jeffries,Jared Jeffries,2003,2013,F,11-Jun,230,11/25/1981,25/11/1981,1981,32,Indiana,https://www.basketball-reference.com/players/j/jeffrja01.html,jeffrja01,1981,32,10
Jared McCain,Jared McCain,2025,2025,G,2-Jun,195,2/20/2004,20/2/2004,2004,21,Duke,https://www.basketball-reference.com/players/m/mccaija01.html,mccaija01,2004,21,0
Jared Reiner,Jared Reiner,2005,2007,C,11-Jun,255,4/8/1982,8/4/1982,1982,25,Iowa,https://www.basketball-reference.com/players/r/reineja01.html,reineja01,1982,25,2
Jared Rhoden,Jared Rhoden,2023,2025,G,6-Jun,210,8/27/1999,27/8/1999,1999,26,Seton Hall,https://www.basketball-reference.com/players/r/rhodeja01.html,rhodeja01,1999,26,2
Jared Sullinger,Jared Sullinger,2013,2017,F,9-Jun,260,3/4/1992,4/3/1992,1992,25,Ohio State,https://www.basketball-reference.com/players/s/sullija01.html,sullija01,1992,25,4
Jared Terrell,Jared Terrell,2019,2019,G,3-Jun,227,2/10/1995,10/2/1995,1995,24,Rhode Island,https://www.basketball-reference.com/players/t/terreja01.html,terreja01,1995,24,0
Jarell Eddie,Jarell Eddie,2016,2018,G-F,7-Jun,218,10/30/1991,30/10/1991,1991,27,Virginia Tech,https://www.basketball-reference.com/players/e/eddieja01.html,eddieja01,1991,27,2
Jarell Martin,Jarell Martin,2016,2019,F,10-Jun,239,5/24/1994,24/5/1994,1994,25,LSU,https://www.basketball-reference.com/players/m/martija01.html,martija01,1994,25,3
Sean Marks,Sean Marks,1999,2011,F-C,10-Jun,250,8/23/1975,23/8/1975,1975,36,California,https://www.basketball-reference.com/players/m/marksse01.html,marksse01,1975,36,12
Jaren Jackson Jr.,Jaren Jackson Jr.,2019,2025,F,10-Jun,242,9/15/1999,15/9/1999,1999,26,Michigan State,https://www.basketball-reference.com/players/j/jacksja02.html,jacksja02,1999,26,6
Jarnell Stokes,Jarnell Stokes,2015,2017,F-C,9-Jun,263,1/7/1994,7/1/1994,1994,23,Tennessee,https://www.basketball-reference.com/players/s/stokeja01.html,stokeja01,1994,23,2
Jaron Blossomgame,Jaron Blossomgame,2019,2019,F,8-Jun,220,9/16/1993,16/9/1993,1993,26,Clemson,https://www.basketball-reference.com/players/b/blossja01.html,blossja01,1993,26,0
Jarred Vanderbilt,Jarred Vanderbilt,2019,2024,F,8-Jun,214,4/3/1999,3/4/1999,1999,25,Kentucky,https://www.basketball-reference.com/players/v/vandeja01.html,vandeja01,1999,25,5
Jarrell Brantley,Jarrell Brantley,2020,2023,F,5-Jun,250,6/7/1996,7/6/1996,1996,27,College of Charleston,https://www.basketball-reference.com/players/b/brantja01.html,brantja01,1996,27,3
Jarrett Allen,Jarrett Allen,2018,2025,C-F,11-Jun,243,4/21/1998,21/4/1998,1998,27,Texas,https://www.basketball-reference.com/players/a/allenja01.html,allenja01,1998,27,7
Jarrett Culver,Jarrett Culver,2020,2023,G,6-Jun,195,2/20/1999,20/2/1999,1999,24,Texas Tech,https://www.basketball-reference.com/players/c/culveja01.html,culveja01,1999,24,3
Jarrett Durham,Jarrett Durham,1972,1972,F,5-Jun,188,8/22/1949,22/8/1949,1949,23,Duquesne,https://www.basketball-reference.com/players/d/durhaja01.html,durhaja01,1949,23,0
Sedale Threatt,Sedale Threatt,1984,1997,G,2-Jun,175,9/10/1961,10/9/1961,1961,36,West Virginia Tech,https://www.basketball-reference.com/players/t/threase01.html,threase01,1961,36,13
Jarrod Uthoff,Jarrod Uthoff,2017,2020,F,9-Jun,221,5/19/1993,19/5/1993,1993,27,Iowa,https://www.basketball-reference.com/players/u/uthofja01.html,uthofja01,1993,27,3
Jarron Collins,Jarron Collins,2002,2011,F-C,11-Jun,255,12/2/1978,2/12/1978,1978,33,Stanford,https://www.basketball-reference.com/players/c/collija03.html,collija03,1978,33,9
Jarron Cumberland,Jarron Cumberland,2022,2022,G,5-Jun,205,9/22/1997,22/9/1997,1997,25,Cincinnati,https://www.basketball-reference.com/players/c/cumbeja01.html,cumbeja01,1997,25,0
Jarvis Hayes,Jarvis Hayes,2004,2010,F,7-Jun,220,8/9/1981,9/8/1981,1981,29,"Western Carolina University, Georgia",https://www.basketball-reference.com/players/h/hayesja01.html,hayesja01,1981,29,6
Jarvis Varnado,Jarvis Varnado,2013,2014,F,9-Jun,230,3/1/1988,1/3/1988,1988,26,Mississippi State,https://www.basketball-reference.com/players/v/varnaja01.html,varnaja01,1988,26,1
Jason Caffey,Jason Caffey,1996,2003,F,8-Jun,255,6/12/1973,12/6/1973,1973,30,Alabama,https://www.basketball-reference.com/players/c/caffeja01.html,caffeja01,1973,30,7
Jason Collier,Jason Collier,2001,2005,C,Jul-00,260,9/8/1977,8/9/1977,1977,28,"Indiana, Georgia Tech",https://www.basketball-reference.com/players/c/collija02.html,collija02,1977,28,4
Shane Battier,Shane Battier,2002,2014,F,8-Jun,220,9/9/1978,9/9/1978,1978,36,Duke,https://www.basketball-reference.com/players/b/battish01.html,battish01,1978,36,12
Jason Hart,Jason Hart,2001,2010,G,3-Jun,185,4/29/1978,29/4/1978,1978,32,Syracuse,https://www.basketball-reference.com/players/h/hartja01.html,hartja01,1978,32,9
Jason Kapono,Jason Kapono,2004,2012,F,8-Jun,213,2/4/1981,4/2/1981,1981,31,UCLA,https://www.basketball-reference.com/players/k/kaponja01.html,kaponja01,1981,31,8
Stephen Jackson,Stephen Jackson,2001,2014,F-G,8-Jun,218,4/5/1978,5/4/1978,1978,36,Butler County Community College,https://www.basketball-reference.com/players/j/jacksst02.html,jacksst02,1978,36,13
Jason Lawson,Jason Lawson,1998,1998,C,11-Jun,240,9/2/1974,2/9/1974,1974,24,Villanova,https://www.basketball-reference.com/players/l/lawsoja01.html,lawsoja01,1974,24,0
Jason Maxiell,Jason Maxiell,2006,2015,F-C,7-Jun,260,2/18/1983,18/2/1983,1983,32,Cincinnati,https://www.basketball-reference.com/players/m/maxieja01.html,maxieja01,1983,32,9
Jason Miskiri,Jason Miskiri,2000,2000,G,2-Jun,175,8/19/1975,19/8/1975,1975,25,George Mason,https://www.basketball-reference.com/players/m/miskija01.html,miskija01,1975,25,0
Jason Preston,Jason Preston,2023,2024,G,4-Jun,187,8/10/1999,10/8/1999,1999,25,Ohio University,https://www.basketball-reference.com/players/p/prestja01.html,prestja01,1999,25,1
Steve Blake,Steve Blake,2004,2016,G,3-Jun,172,2/26/1980,26/2/1980,1980,36,Maryland,https://www.basketball-reference.com/players/b/blakest01.html,blakest01,1980,36,12
Jason Sasser,Jason Sasser,1997,1999,F,7-Jun,225,1/13/1974,13/1/1974,1974,25,Texas Tech,https://www.basketball-reference.com/players/s/sasseja01.html,sasseja01,1974,25,2
Jason Smith,Jason Smith,2008,2019,F-C,Jul-00,240,3/2/1986,2/3/1986,1986,33,Colorado State,https://www.basketball-reference.com/players/s/smithja02.html,smithja02,1986,33,11
Steve Mix,Steve Mix,1970,1983,F,7-Jun,215,12/30/1947,30/12/1947,1947,36,Toledo,https://www.basketball-reference.com/players/m/mixst01.html,mixst01,1947,36,13
Jason Thompson,Jason Thompson,2009,2016,F-C,11-Jun,250,7/21/1986,21/7/1986,1986,30,Rider University,https://www.basketball-reference.com/players/t/thompja02.html,thompja02,1986,30,7
Steve Smith,Steve Smith,1992,2005,G,8-Jun,200,3/31/1969,31/3/1969,1969,36,Michigan State,https://www.basketball-reference.com/players/s/smithst01.html,smithst01,1969,36,13
Jasper Wilson,Jasper Wilson,1969,1970,F,6-Jun,200,7/12/1947,12/7/1947,1947,23,Southern University and A&M College,https://www.basketball-reference.com/players/w/wilsoja01.html,wilsoja01,1947,23,1
T.R. Dunn,T.R. Dunn,1978,1991,G-F,4-Jun,192,2/1/1955,1/2/1955,1955,36,Alabama,https://www.basketball-reference.com/players/d/dunntr01.html,dunntr01,1955,36,13
Javaris Crittenton,Javaris Crittenton,2008,2009,G,5-Jun,200,12/31/1987,31/12/1987,1987,22,Georgia Tech,https://www.basketball-reference.com/players/c/crittja01.html,crittja01,1987,22,1
Javin DeLaurier,Javin DeLaurier,2022,2022,F,10-Jun,237,4/7/1998,7/4/1998,1998,24,Duke,https://www.basketball-reference.com/players/d/delauja01.html,delauja01,1998,24,0
Javon Freeman-Liberty,Javon Freeman-Liberty,2024,2024,G,4-Jun,180,10/20/1999,20/10/1999,1999,25,"Valparaiso, DePaul",https://www.basketball-reference.com/players/f/freemja01.html,freemja01,1999,25,0
Javonte Green,Javonte Green,2020,2025,F,4-Jun,205,7/23/1993,23/7/1993,1993,32,Radford,https://www.basketball-reference.com/players/g/greenja02.html,greenja02,1993,32,5
Javonte Smart,Javonte Smart,2022,2024,G,4-Jun,205,6/3/1999,3/6/1999,1999,25,LSU,https://www.basketball-reference.com/players/s/smartja01.html,smartja01,1999,25,2
Jawad Williams,Jawad Williams,2009,2011,F,9-Jun,218,2/19/1983,19/2/1983,1983,28,UNC,https://www.basketball-reference.com/players/w/willija04.html,willija04,1983,28,2
Tayshaun Prince,Tayshaun Prince,2003,2016,F,9-Jun,212,2/28/1980,28/2/1980,1980,36,Kentucky,https://www.basketball-reference.com/players/p/princta01.html,princta01,1980,36,13
Jawun Evans,Jawun Evans,2018,2019,G,Jun-00,185,7/26/1996,26/7/1996,1996,23,Oklahoma State,https://www.basketball-reference.com/players/e/evansja01.html,evansja01,1996,23,1
Jaxson Hayes,Jaxson Hayes,2020,2025,F,Jul-00,220,5/23/2000,23/5/2000,2000,25,Texas,https://www.basketball-reference.com/players/h/hayesja02.html,hayesja02,2000,25,5
Jay Arnette,Jay Arnette,1964,1966,G,2-Jun,175,12/19/1938,19/12/1938,1938,28,Texas,https://www.basketball-reference.com/players/a/arnetja01.html,arnetja01,1938,28,2
Jay Carty,Jay Carty,1969,1969,F,8-Jun,220,7/4/1941,4/7/1941,1941,28,Oregon State,https://www.basketball-reference.com/players/c/cartyja01.html,cartyja01,1941,28,0
Jay Edwards,Jay Edwards,1990,1990,G,4-Jun,185,1/3/1969,3/1/1969,1969,21,Indiana,https://www.basketball-reference.com/players/e/edwarja02.html,edwarja02,1969,21,0
Jay Guidinger,Jay Guidinger,1993,1994,C,10-Jun,255,8/18/1969,18/8/1969,1969,25,University of Minnesota Duluth,https://www.basketball-reference.com/players/g/guidija01.html,guidija01,1969,25,1
Jay Huff,Jay Huff,2022,2025,F-C,1-Jul,240,8/25/1998,25/8/1998,1998,27,Virginia,https://www.basketball-reference.com/players/h/huffja01.html,huffja01,1998,27,3
Jay Humphries,Jay Humphries,1985,1995,G,3-Jun,185,10/17/1962,17/10/1962,1962,33,Colorado,https://www.basketball-reference.com/players/h/humphja01.html,humphja01,1962,33,10
Jay Miller,Jay Miller,1968,1971,F,5-Jun,205,7/19/1943,19/7/1943,1943,28,Notre Dame,https://www.basketball-reference.com/players/m/milleja01.html,milleja01,1943,28,3
Jay Murphy,Jay Murphy,1985,1988,F,9-Jun,220,6/26/1962,26/6/1962,1962,26,Boston College,https://www.basketball-reference.com/players/m/murphja01.html,murphja01,1962,26,3
Jay Scrubb,Jay Scrubb,2021,2023,G-F,5-Jun,220,9/1/2000,1/9/2000,2000,23,John A. Logan College,https://www.basketball-reference.com/players/s/scrubja01.html,scrubja01,2000,23,2
Jay Taylor,Jay Taylor,1990,1990,G,3-Jun,190,10/3/1967,3/10/1967,1967,23,Eastern Illinois University,https://www.basketball-reference.com/players/t/tayloja01.html,tayloja01,1967,23,0
Jay Vincent,Jay Vincent,1982,1990,F,7-Jun,220,6/10/1959,10/6/1959,1959,31,Michigan State,https://www.basketball-reference.com/players/v/vinceja01.html,vinceja01,1959,31,8
Jay Williams,Jay Williams,2003,2003,G,2-Jun,195,9/10/1981,10/9/1981,1981,22,Duke,https://www.basketball-reference.com/players/w/willija03.html,willija03,1981,22,0
Jaylen Adams,Jaylen Adams,2019,2021,G,Jun-00,225,5/4/1996,4/5/1996,1996,25,St. Bonaventure,https://www.basketball-reference.com/players/a/adamsja01.html,adamsja01,1996,25,2
Jaylen Brown,Jaylen Brown,2017,2025,F-G,6-Jun,223,10/24/1996,24/10/1996,1996,29,California,https://www.basketball-reference.com/players/b/brownja02.html,brownja02,1996,29,8
Jaylen Clark,Jaylen Clark,2025,2025,G,5-Jun,205,10/13/2001,13/10/2001,2001,24,UCLA,https://www.basketball-reference.com/players/c/clarkja02.html,clarkja02,2001,24,0
Jaylen Hoard,Jaylen Hoard,2020,2022,F,8-Jun,216,3/30/1999,30/3/1999,1999,23,Wake Forest,https://www.basketball-reference.com/players/h/hoardja01.html,hoardja01,1999,23,2
Jaylen Martin,Jaylen Martin,2025,2025,F,6-Jun,216,1/28/2004,28/1/2004,2004,21,,https://www.basketball-reference.com/players/m/martija02.html,martija02,2004,21,0
Jaylen Morris,Jaylen Morris,2018,2022,G,5-Jun,185,9/19/1995,19/9/1995,1995,27,Molloy,https://www.basketball-reference.com/players/m/morrija01.html,morrija01,1995,27,4
Jaylen Nowell,Jaylen Nowell,2020,2025,G,4-Jun,201,7/9/1999,9/7/1999,1999,26,Washington,https://www.basketball-reference.com/players/n/nowelja01.html,nowelja01,1999,26,5
Jaylen Wells,Jaylen Wells,2025,2025,F,7-Jun,206,8/26/2003,26/8/2003,2003,22,"Sonoma State University, Washington State",https://www.basketball-reference.com/players/w/wellsja01.html,wellsja01,2003,22,0
Jaylin Williams,Jaylin Williams,2023,2025,F,8-Jun,250,6/29/2002,29/6/2002,2002,23,Arkansas,https://www.basketball-reference.com/players/w/willija07.html,willija07,2002,23,2
Jaylon Tyson,Jaylon Tyson,2025,2025,G,6-Jun,215,12/2/2002,2/12/2002,2002,23,"Texas, Texas Tech, California",https://www.basketball-reference.com/players/t/tysonja01.html,tysonja01,2002,23,0
Jaysean Paige,Jaysean Paige,2022,2022,G,3-Jun,205,7/30/1994,30/7/1994,1994,28,"College of Southern Idaho, Moberly Area Community College, West Virginia",https://www.basketball-reference.com/players/p/paigeja01.html,paigeja01,1994,28,0
Jayson Tatum,Jayson Tatum,2018,2025,F,8-Jun,210,3/3/1998,3/3/1998,1998,27,Duke,https://www.basketball-reference.com/players/t/tatumja01.html,tatumja01,1998,27,7
Jayson Williams,Jayson Williams,1991,1999,F-C,9-Jun,240,2/22/1968,22/2/1968,1968,31,St. John's,https://www.basketball-reference.com/players/w/willija01.html,willija01,1968,31,8
Jazian Gortman,Jazian Gortman,2025,2025,G,2-Jun,184,4/14/2003,14/4/2003,2003,22,,https://www.basketball-reference.com/players/g/gortmja01.html,gortmja01,2003,22,0
JD Davison,JD Davison,2023,2025,G,1-Jun,195,10/3/2002,3/10/2002,2002,23,Alabama,https://www.basketball-reference.com/players/d/davisjd01.html,davisjd01,2002,23,2
Jeenathan Williams,Jeenathan Williams,2023,2025,G,5-Jun,205,2/12/1999,12/2/1999,1999,26,Buffalo,https://www.basketball-reference.com/players/w/willije02.html,willije02,1999,26,2
Jeff Adrien,Jeff Adrien,2011,2015,F,7-Jun,245,2/10/1986,10/2/1986,1986,29,UConn,https://www.basketball-reference.com/players/a/adrieje01.html,adrieje01,1986,29,4
Jeff Ayres,Jeff Ayres,2010,2016,F,9-Jun,240,4/29/1987,29/4/1987,1987,29,Arizona State,https://www.basketball-reference.com/players/p/pendeje02.html,pendeje02,1987,29,6
Jeff Congdon,Jeff Congdon,1968,1972,G,1-Jun,180,10/17/1943,17/10/1943,1943,29,BYU,https://www.basketball-reference.com/players/c/congdje01.html,congdje01,1943,29,4
Jeff Cook,Jeff Cook,1980,1988,F-C,10-Jun,215,10/21/1956,21/10/1956,1956,32,Idaho State University,https://www.basketball-reference.com/players/c/cookje01.html,cookje01,1956,32,8
Jeff Cross,Jeff Cross,1986,1986,F,10-Jun,240,9/1/1961,1/9/1961,1961,25,University of Maine,https://www.basketball-reference.com/players/c/crossje01.html,crossje01,1961,25,0
Jeff Dowtin,Jeff Dowtin,2022,2025,G,3-Jun,185,5/10/1997,10/5/1997,1997,28,Rhode Island,https://www.basketball-reference.com/players/d/dowtije01.html,dowtije01,1997,28,3
Jeff Foote,Jeff Foote,2012,2012,C,Jul-00,265,7/14/1987,14/7/1987,1987,25,Cornell,https://www.basketball-reference.com/players/f/footeje01.html,footeje01,1987,25,0
Thabo Sefolosha,Thabo Sefolosha,2007,2020,G-F,6-Jun,215,5/2/1984,2/5/1984,1984,36,,https://www.basketball-reference.com/players/s/sefolth01.html,sefolth01,1984,36,13
Jeff Grayer,Jeff Grayer,1989,1998,F-G,5-Jun,200,12/17/1965,17/12/1965,1965,33,Iowa State,https://www.basketball-reference.com/players/g/grayeje01.html,grayeje01,1965,33,9
Thaddeus Young,Thaddeus Young,2008,2024,F,8-Jun,235,6/21/1988,21/6/1988,1988,36,Georgia Tech,https://www.basketball-reference.com/players/y/youngth01.html,youngth01,1988,36,16
Jeff Halliburton,Jeff Halliburton,1972,1973,G,5-Jun,193,7/3/1949,3/7/1949,1949,24,Drake University,https://www.basketball-reference.com/players/h/hallije01.html,hallije01,1949,24,1
Tiny Archibald*,Tiny Archibald,1971,1984,G,1-Jun,150,9/2/1948,2/9/1948,1948,36,"Arizona Western College, Texas-El Paso",https://www.basketball-reference.com/players/a/architi01.html,architi01,1948,36,13
Jeff Judkins,Jeff Judkins,1979,1983,G-F,6-Jun,185,3/23/1956,23/3/1956,1956,27,Utah,https://www.basketball-reference.com/players/j/judkije01.html,judkije01,1956,27,4
Jeff Lamp,Jeff Lamp,1982,1989,F-G,6-Jun,195,3/9/1959,9/3/1959,1959,30,Virginia,https://www.basketball-reference.com/players/l/lampje01.html,lampje01,1959,30,7
Jeff Lebo,Jeff Lebo,1990,1990,G,2-Jun,180,10/5/1966,5/10/1966,1966,24,UNC,https://www.basketball-reference.com/players/l/leboje01.html,leboje01,1966,24,0
Tom Gugliotta,Tom Gugliotta,1993,2005,F,10-Jun,240,12/19/1969,19/12/1969,1969,36,NC State,https://www.basketball-reference.com/players/g/guglito01.html,guglito01,1969,36,12
Jeff Martin,Jeff Martin,1990,1991,G,5-Jun,195,1/14/1967,14/1/1967,1967,24,Murray State,https://www.basketball-reference.com/players/m/martije01.html,martije01,1967,24,1
Tony Allen,Tony Allen,2005,2018,G-F,4-Jun,213,1/11/1982,11/1/1982,1982,36,"Butler County Community College, Oklahoma State",https://www.basketball-reference.com/players/a/allento01.html,allento01,1982,36,13
Tony Battie,Tony Battie,1998,2012,C-F,11-Jun,230,2/11/1976,11/2/1976,1976,36,Texas Tech,https://www.basketball-reference.com/players/b/battito01.html,battito01,1976,36,14
Jeff Nordgaard,Jeff Nordgaard,1998,1998,F,7-Jun,225,2/23/1973,23/2/1973,1973,25,Green Bay,https://www.basketball-reference.com/players/n/nordgje01.html,nordgje01,1973,25,0
Tyrone Hill,Tyrone Hill,1991,2004,F,9-Jun,240,3/19/1968,19/3/1968,1968,36,Xavier,https://www.basketball-reference.com/players/h/hillty01.html,hillty01,1968,36,13
Jeff Sanders,Jeff Sanders,1990,1993,F,8-Jun,225,1/14/1966,14/1/1966,1966,27,Georgia Southern University,https://www.basketball-reference.com/players/s/sandeje01.html,sandeje01,1966,27,3
Jeff Sheppard,Jeff Sheppard,1999,1999,G,3-Jun,190,9/29/1974,29/9/1974,1974,25,Kentucky,https://www.basketball-reference.com/players/s/sheppje01.html,sheppje01,1974,25,0
Jeff Slade,Jeff Slade,1963,1963,F,6-Jun,220,3/1/1941,1/3/1941,1941,22,Kenyon College,https://www.basketball-reference.com/players/s/sladeje01.html,sladeje01,1941,22,0
Jeff Taylor,Jeff Taylor,2013,2015,F,7-Jun,225,5/23/1989,23/5/1989,1989,26,Vanderbilt,https://www.basketball-reference.com/players/t/tayloje03.html,tayloje03,1989,26,2
Jeff Taylor,Jeff Taylor,1983,1987,G,4-Jun,175,1/1/1960,1/1/1960,1960,27,Texas Tech,https://www.basketball-reference.com/players/t/tayloje01.html,tayloje01,1960,27,4
Jeff Teague,Jeff Teague,2010,2021,G,3-Jun,195,6/10/1988,10/6/1988,1988,33,Wake Forest,https://www.basketball-reference.com/players/t/teaguje01.html,teaguje01,1988,33,11
Jeff Trepagnier,Jeff Trepagnier,2002,2004,G,4-Jun,200,7/11/1979,11/7/1979,1979,25,USC,https://www.basketball-reference.com/players/t/trepaje01.html,trepaje01,1979,25,2
Vernon Maxwell,Vernon Maxwell,1989,2001,G,4-Jun,180,9/12/1965,12/9/1965,1965,36,Florida,https://www.basketball-reference.com/players/m/maxweve01.html,maxweve01,1965,36,12
Jeff Webb,Jeff Webb,1971,1972,G,4-Jun,170,7/6/1948,6/7/1948,1948,24,Kansas State,https://www.basketball-reference.com/players/w/webbje01.html,webbje01,1948,24,1
Jeff Webster,Jeff Webster,1996,1996,F,8-Jun,232,2/19/1971,19/2/1971,1971,25,Oklahoma,https://www.basketball-reference.com/players/w/webstje01.html,webstje01,1971,25,0
Jeff Wilkins,Jeff Wilkins,1981,1986,C-F,11-Jun,230,3/9/1955,9/3/1955,1955,31,Illinois State,https://www.basketball-reference.com/players/w/wilkije01.html,wilkije01,1955,31,5
Jeff Withey,Jeff Withey,2014,2018,C,Jul-00,231,3/7/1990,7/3/1990,1990,28,Kansas,https://www.basketball-reference.com/players/w/witheje01.html,witheje01,1990,28,4
Jelani McCoy,Jelani McCoy,1999,2008,C,10-Jun,245,12/6/1977,6/12/1977,1977,31,UCLA,https://www.basketball-reference.com/players/m/mccoyje01.html,mccoyje01,1977,31,9
Jemerrio Jones,Jemerrio Jones,2019,2022,F,5-Jun,174,4/9/1995,9/4/1995,1995,27,"Hill College, New Mexico State",https://www.basketball-reference.com/players/j/jonesje01.html,jonesje01,1995,27,3
Jerald Honeycutt,Jerald Honeycutt,1998,1999,F-G,9-Jun,245,10/20/1974,20/10/1974,1974,25,Tulane,https://www.basketball-reference.com/players/h/honeyje01.html,honeyje01,1974,25,1
Jerami Grant,Jerami Grant,2015,2025,F,7-Jun,210,3/12/1994,12/3/1994,1994,31,Syracuse,https://www.basketball-reference.com/players/g/grantje01.html,grantje01,1994,31,10
Jerel McNeal,Jerel McNeal,2015,2015,G,3-Jun,200,6/1/1987,1/6/1987,1987,28,Marquette,https://www.basketball-reference.com/players/m/mcneaje01.html,mcneaje01,1987,28,0
Jeremiah Martin,Jeremiah Martin,2020,2021,G,3-Jun,185,6/19/1996,19/6/1996,1996,25,Memphis,https://www.basketball-reference.com/players/m/martije02.html,martije02,1996,25,1
Jeremiah Robinson-Earl,Jeremiah Robinson-Earl,2022,2025,F,9-Jun,230,11/3/2000,3/11/2000,2000,25,Villanova,https://www.basketball-reference.com/players/r/robinje02.html,robinje02,2000,25,3
Jeremy Evans,Jeremy Evans,2011,2018,F,9-Jun,200,10/24/1987,24/10/1987,1987,31,Western Kentucky,https://www.basketball-reference.com/players/e/evansje01.html,evansje01,1987,31,7
Jeremy Lamb,Jeremy Lamb,2013,2022,G-F,5-Jun,180,5/30/1992,30/5/1992,1992,30,UConn,https://www.basketball-reference.com/players/l/lambje01.html,lambje01,1992,30,9
Jeremy Lin,Jeremy Lin,2011,2019,G,3-Jun,200,8/23/1988,23/8/1988,1988,31,Harvard University,https://www.basketball-reference.com/players/l/linje01.html,linje01,1988,31,8
Vinnie Johnson,Vinnie Johnson,1980,1992,G,2-Jun,200,9/1/1956,1/9/1956,1956,36,Baylor,https://www.basketball-reference.com/players/j/johnsvi01.html,johnsvi01,1956,36,12
Jeremy Richardson,Jeremy Richardson,2007,2009,G-F,6-Jun,185,3/1/1984,1/3/1984,1984,25,Delta State University,https://www.basketball-reference.com/players/r/richaje01.html,richaje01,1984,25,2
Jeremy Sochan,Jeremy Sochan,2023,2025,F-G,8-Jun,230,5/20/2003,20/5/2003,2003,22,Baylor,https://www.basketball-reference.com/players/s/sochaje01.html,sochaje01,2003,22,2
Jeremy Tyler,Jeremy Tyler,2012,2014,C,10-Jun,260,6/21/1991,21/6/1991,1991,23,,https://www.basketball-reference.com/players/t/tylerje01.html,tylerje01,1991,23,2
Jerian Grant,Jerian Grant,2016,2020,G,4-Jun,205,10/9/1992,9/10/1992,1992,28,Notre Dame,https://www.basketball-reference.com/players/g/grantje02.html,grantje02,1992,28,4
Jericho Sims,Jericho Sims,2022,2025,F,10-Jun,245,10/20/1998,20/10/1998,1998,27,Texas,https://www.basketball-reference.com/players/s/simsje01.html,simsje01,1998,27,3
Jermaine Jackson,Jermaine Jackson,2000,2006,G,4-Jun,204,6/7/1976,7/6/1976,1976,30,Detroit Mercy,https://www.basketball-reference.com/players/j/jacksje01.html,jacksje01,1976,30,6
Vinny Del Negro,Vinny Del Negro,1989,2002,G,4-Jun,185,8/9/1966,9/8/1966,1966,36,NC State,https://www.basketball-reference.com/players/d/delnevi01.html,delnevi01,1966,36,13
Jermaine Samuels,Jermaine Samuels,2024,2024,F,7-Jun,230,11/13/1998,13/11/1998,1998,26,Villanova,https://www.basketball-reference.com/players/s/samueje01.html,samueje01,1998,26,0
Jermaine Taylor,Jermaine Taylor,2010,2011,G,4-Jun,210,12/8/1986,8/12/1986,1986,25,Central Florida,https://www.basketball-reference.com/players/t/tayloje02.html,tayloje02,1986,25,1
Jermareo Davidson,Jermareo Davidson,2008,2009,F,10-Jun,230,11/15/1984,15/11/1984,1984,25,Alabama,https://www.basketball-reference.com/players/d/davidje01.html,davidje01,1984,25,1
Jerome Allen,Jerome Allen,1996,1997,G,4-Jun,184,1/28/1973,28/1/1973,1973,24,Penn,https://www.basketball-reference.com/players/a/allenje01.html,allenje01,1973,24,1
Jerome Anderson,Jerome Anderson,1976,1977,G,5-Jun,195,10/9/1953,9/10/1953,1953,24,West Virginia,https://www.basketball-reference.com/players/a/anderje01.html,anderje01,1953,24,1
Jerome Beasley,Jerome Beasley,2004,2004,F,10-Jun,237,5/17/1980,17/5/1980,1980,24,"Midland College, University of North Dakota",https://www.basketball-reference.com/players/b/beaslje01.html,beaslje01,1980,24,0
Jerome Dyson,Jerome Dyson,2012,2012,G,3-Jun,180,5/1/1987,1/5/1987,1987,25,UConn,https://www.basketball-reference.com/players/d/dysonje01.html,dysonje01,1987,25,0
Jerome Harmon,Jerome Harmon,1995,1995,G,4-Jun,190,2/6/1969,6/2/1969,1969,26,Louisville,https://www.basketball-reference.com/players/h/harmoje01.html,harmoje01,1969,26,0
Jerome Henderson,Jerome Henderson,1986,1987,C-F,11-Jun,230,10/5/1959,5/10/1959,1959,28,New Mexico,https://www.basketball-reference.com/players/h/hendeje01.html,hendeje01,1959,28,1
Walt Bellamy*,Walt Bellamy,1962,1975,C,11-Jun,225,7/24/1939,24/7/1939,1939,36,Indiana,https://www.basketball-reference.com/players/b/bellawa01.html,bellawa01,1939,36,13
Jerome Jordan,Jerome Jordan,2012,2015,C,Jul-00,253,9/29/1986,29/9/1986,1986,29,Tulsa,https://www.basketball-reference.com/players/j/jordaje01.html,jordaje01,1986,29,3
Wayne Cooper,Wayne Cooper,1979,1992,C-F,10-Jun,220,11/16/1956,16/11/1956,1956,36,New Orleans,https://www.basketball-reference.com/players/c/coopewa01.html,coopewa01,1956,36,13
Jerome Lane,Jerome Lane,1989,1993,F,6-Jun,230,12/4/1966,4/12/1966,1966,27,Pitt,https://www.basketball-reference.com/players/l/laneje01.html,laneje01,1966,27,4
Jerome Robinson,Jerome Robinson,2019,2024,G,4-Jun,190,2/22/1997,22/2/1997,1997,27,Boston College,https://www.basketball-reference.com/players/r/robinje01.html,robinje01,1997,27,5
Jerome Whitehead,Jerome Whitehead,1979,1989,C-F,10-Jun,220,9/30/1956,30/9/1956,1956,33,Marquette,https://www.basketball-reference.com/players/w/whiteje01.html,whiteje01,1956,33,10
Jerome Williams,Jerome Williams,1997,2005,F,9-Jun,206,5/10/1973,10/5/1973,1973,32,Georgetown,https://www.basketball-reference.com/players/w/willije01.html,willije01,1973,32,8
Jerrelle Benimon,Jerrelle Benimon,2015,2015,F,8-Jun,245,8/1/1991,1/8/1991,1991,24,"Georgetown, Towson University",https://www.basketball-reference.com/players/b/benimje01.html,benimje01,1991,24,0
Jerrod Mustaf,Jerrod Mustaf,1991,1994,F-C,10-Jun,238,10/28/1969,28/10/1969,1969,25,Maryland,https://www.basketball-reference.com/players/m/mustaje01.html,mustaje01,1969,25,3
Jerry Baskerville,Jerry Baskerville,1976,1976,F,7-Jun,190,11/10/1951,10/11/1951,1951,25,Temple,https://www.basketball-reference.com/players/b/baskeje01.html,baskeje01,1951,25,0
Jerry Bird,Jerry Bird,1959,1959,F,6-Jun,210,2/2/1935,2/2/1935,1935,24,Kentucky,https://www.basketball-reference.com/players/b/birdje01.html,birdje01,1935,24,0
Jerry Chambers,Jerry Chambers,1967,1974,F,5-Jun,185,7/18/1943,18/7/1943,1943,31,"Trinidad State Junior College, Utah",https://www.basketball-reference.com/players/c/chambje01.html,chambje01,1943,31,7
Jerry Dover,Jerry Dover,1972,1972,G,7-May,155,10/16/1949,16/10/1949,1949,23,LeMoyne-Owen College,https://www.basketball-reference.com/players/d/doverje01.html,doverje01,1949,23,0
Jerry Eaves,Jerry Eaves,1983,1987,G,4-Jun,180,2/8/1959,8/2/1959,1959,28,Louisville,https://www.basketball-reference.com/players/e/eavesje01.html,eavesje01,1959,28,4
Jerry Fleishman,Jerry Fleishman,1947,1953,G-F,2-Jun,190,2/14/1922,14/2/1922,1922,31,NYU,https://www.basketball-reference.com/players/f/fleisje01.html,fleisje01,1922,31,6
Jerry Fowler,Jerry Fowler,1952,1952,C,8-Jun,230,6/20/1927,20/6/1927,1927,25,Missouri,https://www.basketball-reference.com/players/f/fowleje01.html,fowleje01,1927,25,0
Jerry Greenspan,Jerry Greenspan,1964,1965,F,5-Jun,195,11/22/1941,22/11/1941,1941,24,Maryland,https://www.basketball-reference.com/players/g/greenje01.html,greenje01,1941,24,1
Jerry Grote,Jerry Grote,1965,1965,G,4-Jun,215,12/28/1940,28/12/1940,1940,25,Loyola Marymount,https://www.basketball-reference.com/players/g/groteje01.html,groteje01,1940,25,0
Jerry Harkness,Jerry Harkness,1964,1969,G,2-Jun,175,5/7/1940,7/5/1940,1940,29,Loyola Chicago,https://www.basketball-reference.com/players/h/harknje01.html,harknje01,1940,29,5
Jerry Kelly,Jerry Kelly,1947,1948,F,2-Jun,172,6/14/1918,14/6/1918,1918,30,,https://www.basketball-reference.com/players/k/kellyje01.html,kellyje01,1918,30,1
Will Perdue,Will Perdue,1989,2001,C,Jul-00,240,8/29/1965,29/8/1965,1965,36,Vanderbilt,https://www.basketball-reference.com/players/p/perduwi01.html,perduwi01,1965,36,12
Jerry McKee,Jerry McKee,1970,1970,G,3-Jun,190,8/4/1946,4/8/1946,1946,24,Ohio University,https://www.basketball-reference.com/players/m/mckeeje01.html,mckeeje01,1946,24,0
Jerry Nagel,Jerry Nagel,1950,1950,G,Jun-00,190,5/18/1928,18/5/1928,1928,22,Loyola Chicago,https://www.basketball-reference.com/players/n/nagelje01.html,nagelje01,1928,22,0
Jerry Paulson,Jerry Paulson,1958,1958,G,2-Jun,185,7/21/1935,21/7/1935,1935,23,Manhattan College,https://www.basketball-reference.com/players/p/paulsje01.html,paulsje01,1935,23,0
Jerry Pender,Jerry Pender,1974,1974,G,2-Jun,185,2/12/1950,12/2/1950,1950,24,"Merced College, Fresno State",https://www.basketball-reference.com/players/p/pendeje01.html,pendeje01,1950,24,0
Jerry Pettway,Jerry Pettway,1968,1969,G-F,3-Jun,185,2/13/1944,13/2/1944,1944,25,Northwood University,https://www.basketball-reference.com/players/p/pettwje01.html,pettwje01,1944,25,1
Zelmo Beaty*,Zelmo Beaty,1963,1975,C,9-Jun,225,10/25/1939,25/10/1939,1939,36,Prairie View A&M University,https://www.basketball-reference.com/players/b/beatyze01.html,beatyze01,1939,36,12
Jerry Rook,Jerry Rook,1970,1970,F,5-Jun,219,10/27/1943,27/10/1943,1943,27,Arkansas State University,https://www.basketball-reference.com/players/r/rookje01.html,rookje01,1943,27,0
Jerry Rullo,Jerry Rullo,1947,1950,G,10-May,165,6/23/1923,23/6/1923,1923,27,Temple,https://www.basketball-reference.com/players/r/rulloje01.html,rulloje01,1923,27,3
Zydrunas Ilgauskas,Zydrunas Ilgauskas,1998,2011,C,3-Jul,238,6/5/1975,5/6/1975,1975,36,,https://www.basketball-reference.com/players/i/ilgauzy01.html,ilgauzy01,1975,36,13
Aaron McKie,Aaron McKie,1995,2007,G-F,5-Jun,209,10/2/1972,2/10/1972,1972,35,Temple,https://www.basketball-reference.com/players/m/mckieaa01.html,mckieaa01,1972,35,12
Jerry Smith,Jerry Smith,2012,2012,G,2-Jun,190,9/26/1987,26/9/1987,1987,25,Louisville,https://www.basketball-reference.com/players/s/smithje01.html,smithje01,1987,25,0
Al Attles*,Al Attles,1961,1971,G,Jun-00,175,11/7/1936,7/11/1936,1936,35,North Carolina A&T,https://www.basketball-reference.com/players/a/attleal01.html,attleal01,1936,35,10
Alan Anderson,Alan Anderson,2006,2017,G-F,6-Jun,220,10/16/1982,16/10/1982,1982,35,Michigan State,https://www.basketball-reference.com/players/a/anderal01.html,anderal01,1982,35,11
Jerryd Bayless,Jerryd Bayless,2009,2019,G,3-Jun,200,8/20/1988,20/8/1988,1988,31,Arizona,https://www.basketball-reference.com/players/b/bayleje01.html,bayleje01,1988,31,10
Jeryl Sasser,Jeryl Sasser,2002,2003,G,6-Jun,200,2/13/1979,13/2/1979,1979,24,SMU,https://www.basketball-reference.com/players/s/sasseje01.html,sasseje01,1979,24,1
Jesse Arnelle,Jesse Arnelle,1956,1956,F,5-Jun,220,12/30/1933,30/12/1933,1933,23,Penn State,https://www.basketball-reference.com/players/a/arnelje01.html,arnelje01,1933,23,0
Jesse Branson,Jesse Branson,1966,1968,F,7-Jun,195,1/7/1942,7/1/1942,1942,26,Elon University,https://www.basketball-reference.com/players/b/bransje01.html,bransje01,1942,26,2
Jesse Dark,Jesse Dark,1975,1975,G,5-Jun,210,9/2/1951,2/9/1951,1951,24,VCU,https://www.basketball-reference.com/players/d/darkje01.html,darkje01,1951,24,0
Jett Howard,Jett Howard,2024,2025,G,8-Jun,215,9/14/2003,14/9/2003,2003,22,Michigan,https://www.basketball-reference.com/players/h/howarje01.html,howarje01,2003,22,1
Jevon Carter,Jevon Carter,2019,2025,G,1-Jun,200,9/14/1995,14/9/1995,1995,30,West Virginia,https://www.basketball-reference.com/players/c/carteje01.html,carteje01,1995,30,6
Jiří Welsch,Jiří Welsch,2003,2006,G,7-Jun,208,1/27/1980,27/1/1980,1980,26,,https://www.basketball-reference.com/players/w/welscji01.html,welscji01,1980,26,3
Jim Ard,Jim Ard,1971,1978,F-C,8-Jun,215,9/19/1948,19/9/1948,1948,30,Cincinnati,https://www.basketball-reference.com/players/a/ardji01.html,ardji01,1948,30,7
Jim Baechtold,Jim Baechtold,1953,1957,F-G,4-Jun,205,12/9/1927,9/12/1927,1927,30,Eastern Kentucky University,https://www.basketball-reference.com/players/b/baechji01.html,baechji01,1927,30,4
Jim Barnes,Jim Barnes,1965,1971,C-F,8-Jun,210,4/13/1941,13/4/1941,1941,30,Texas-El Paso,https://www.basketball-reference.com/players/b/barneji01.html,barneji01,1941,30,6
Jim Barnett,Jim Barnett,1967,1977,G-F,4-Jun,170,7/7/1944,7/7/1944,1944,33,Oregon,https://www.basketball-reference.com/players/b/barneji02.html,barneji02,1944,33,10
Jim Bostic,Jim Bostic,1978,1978,F,7-Jun,225,1/28/1953,28/1/1953,1953,25,New Mexico State,https://www.basketball-reference.com/players/b/bostiji01.html,bostiji01,1953,25,0
Jim Bradley,Jim Bradley,1974,1976,F,8-Jun,215,3/16/1952,16/3/1952,1952,24,Northern Illinois,https://www.basketball-reference.com/players/b/bradlji01.html,bradlji01,1952,24,2
Jim Brasco,Jim Brasco,1953,1953,G,1-Jun,170,2/3/1931,3/2/1931,1931,22,NYU,https://www.basketball-reference.com/players/b/brascji01.html,brascji01,1931,22,0
Jim Brewer,Jim Brewer,1974,1982,F-C,9-Jun,210,12/3/1951,3/12/1951,1951,31,Minnesota,https://www.basketball-reference.com/players/b/breweji01.html,breweji01,1951,31,8
Jim Brogan,Jim Brogan,1982,1983,G,4-Jun,185,2/24/1958,24/2/1958,1958,25,West Virginia Wesleyan College,https://www.basketball-reference.com/players/b/brogaji01.html,brogaji01,1958,25,1
Jim Browne,Jim Browne,1949,1950,C,10-Jun,235,1/1/1930,1/1/1930,1930,20,,https://www.basketball-reference.com/players/b/brownji01.html,brownji01,1930,20,1
Jim Burns,Jim Burns,1968,1968,G,3-Jun,195,9/21/1945,21/9/1945,1945,23,Northwestern,https://www.basketball-reference.com/players/b/burnsji01.html,burnsji01,1945,23,0
Jim Caldwell,Jim Caldwell,1968,1969,C,10-Jun,240,1/28/1943,28/1/1943,1943,26,Georgia Tech,https://www.basketball-reference.com/players/c/caldwji01.html,caldwji01,1943,26,1
Jim Chones,Jim Chones,1973,1982,C-F,11-Jun,220,11/30/1949,30/11/1949,1949,33,Marquette,https://www.basketball-reference.com/players/c/choneji01.html,choneji01,1949,33,9
Jim Cleamons,Jim Cleamons,1972,1980,G,3-Jun,185,9/13/1949,13/9/1949,1949,31,Ohio State,https://www.basketball-reference.com/players/c/cleamji01.html,cleamji01,1949,31,8
Jim Creighton,Jim Creighton,1976,1976,F,8-Jun,200,4/18/1950,18/4/1950,1950,26,Colorado,https://www.basketball-reference.com/players/c/creigji01.html,creigji01,1950,26,0
Alan Henderson,Alan Henderson,1996,2007,F,9-Jun,235,12/2/1972,2/12/1972,1972,35,Indiana,https://www.basketball-reference.com/players/h/hendeal01.html,hendeal01,1972,35,11
Jim Eakins,Jim Eakins,1969,1978,C,11-Jun,215,5/24/1946,24/5/1946,1946,32,BYU,https://www.basketball-reference.com/players/e/eakinji01.html,eakinji01,1946,32,9
Jim Farmer,Jim Farmer,1988,1994,G,4-Jun,190,9/23/1964,23/9/1964,1964,30,Alabama,https://www.basketball-reference.com/players/f/farmeji01.html,farmeji01,1964,30,6
Allen Iverson*,Allen Iverson,1997,2010,G,Jun-00,165,6/7/1975,7/6/1975,1975,35,Georgetown,https://www.basketball-reference.com/players/i/iversal01.html,iversal01,1975,35,13
Jim Fritsche,Jim Fritsche,1954,1955,F-C,8-Jun,210,12/10/1931,10/12/1931,1931,24,Hamline University,https://www.basketball-reference.com/players/f/fritsji01.html,fritsji01,1931,24,1
Jim Garvin,Jim Garvin,1974,1974,F,7-Jun,200,2/5/1950,5/2/1950,1950,24,Boston University,https://www.basketball-reference.com/players/g/garviji01.html,garviji01,1950,24,0
Jim Grandholm,Jim Grandholm,1991,1991,F-C,Jul-00,235,10/4/1960,4/10/1960,1960,31,"Florida, South Florida",https://www.basketball-reference.com/players/g/grandji01.html,grandji01,1960,31,0
Jim Hadnot,Jim Hadnot,1968,1968,C-F,10-Jun,235,1/15/1940,15/1/1940,1940,28,Providence,https://www.basketball-reference.com/players/h/hadnoji01.html,hadnoji01,1940,28,0
Jim Hayes,Jim Hayes,1971,1971,G,3-Jun,200,2/18/1948,18/2/1948,1948,23,Boston University,https://www.basketball-reference.com/players/h/hayesji01.html,hayesji01,1948,23,0
Jim Holstein,Jim Holstein,1953,1956,F-G,3-Jun,180,9/24/1930,24/9/1930,1930,26,Cincinnati,https://www.basketball-reference.com/players/h/holstji01.html,holstji01,1930,26,3
Andrew Bogut,Andrew Bogut,2006,2019,C,Jul-00,260,11/28/1984,28/11/1984,1984,35,Utah,https://www.basketball-reference.com/players/b/bogutan01.html,bogutan01,1984,35,13
Jim Jarvis,Jim Jarvis,1968,1969,G,1-Jun,175,3/3/1943,3/3/1943,1943,26,Oregon State,https://www.basketball-reference.com/players/j/jarviji01.html,jarviji01,1943,26,1
Jim Johnstone,Jim Johnstone,1983,1983,C-F,11-Jun,245,9/20/1960,20/9/1960,1960,23,Wake Forest,https://www.basketball-reference.com/players/j/johnsji01.html,johnsji01,1960,23,0
Jim King,Jim King,1964,1973,G,2-Jun,175,2/7/1941,7/2/1941,1941,32,Tulsa,https://www.basketball-reference.com/players/k/kingji01.html,kingji01,1941,32,9
Jim Kissane,Jim Kissane,1969,1969,F,7-Jun,210,8/17/1946,17/8/1946,1946,23,Boston College,https://www.basketball-reference.com/players/k/kissaji01.html,kissaji01,1946,23,0
Jim Krebs,Jim Krebs,1958,1964,C-F,8-Jun,230,9/8/1935,8/9/1935,1935,29,SMU,https://www.basketball-reference.com/players/k/krebsji01.html,krebsji01,1935,29,6
Jim Lampley,Jim Lampley,1987,1987,C,10-Jun,230,7/2/1960,2/7/1960,1960,27,"Vanderbilt, Little Rock",https://www.basketball-reference.com/players/l/lamplji01.html,lamplji01,1960,27,0
Jim Les,Jim Les,1989,1995,G,11-May,165,8/18/1963,18/8/1963,1963,32,"Cleveland State University, Bradley",https://www.basketball-reference.com/players/l/lesji01.html,lesji01,1963,32,6
Anthony Bowie,Anthony Bowie,1989,1998,G-F,6-Jun,190,11/9/1963,9/11/1963,1963,35,Oklahoma,https://www.basketball-reference.com/players/b/bowiean01.html,bowiean01,1963,35,9
Jim Luisi,Jim Luisi,1954,1954,G,2-Jun,180,11/2/1928,2/11/1928,1928,26,St. Francis College,https://www.basketball-reference.com/players/l/luisiji01.html,luisiji01,1928,26,0
Jim Marsh,Jim Marsh,1972,1972,F,7-Jun,215,4/26/1946,26/4/1946,1946,26,USC,https://www.basketball-reference.com/players/m/marshji01.html,marshji01,1946,26,0
Jim McDaniels,Jim McDaniels,1972,1978,C-F,11-Jun,228,4/2/1948,2/4/1948,1948,30,Western Kentucky,https://www.basketball-reference.com/players/m/mcdanji01.html,mcdanji01,1948,30,6
Jim McElroy,Jim McElroy,1976,1982,G,3-Jun,190,10/4/1953,4/10/1953,1953,29,Central Michigan University,https://www.basketball-reference.com/players/m/mcelrji01.html,mcelrji01,1953,29,6
Jim McIlvaine,Jim McIlvaine,1995,2001,C,1-Jul,240,7/30/1972,30/7/1972,1972,29,Marquette,https://www.basketball-reference.com/players/m/mcilvji01.html,mcilvji01,1972,29,6
Jim McMillian,Jim McMillian,1971,1979,F,5-Jun,215,3/11/1948,11/3/1948,1948,31,Columbia University,https://www.basketball-reference.com/players/m/mcmilji01.html,mcmilji01,1948,31,8
Jim Mooney,Jim Mooney,1953,1953,F,5-Jun,215,7/8/1930,8/7/1930,1930,23,Villanova,https://www.basketball-reference.com/players/m/mooneji01.html,mooneji01,1930,23,0
Jim Neal,Jim Neal,1954,1955,C,11-Jun,235,5/21/1930,21/5/1930,1930,25,Wofford College,https://www.basketball-reference.com/players/n/nealji01.html,nealji01,1930,25,1
Jim Nolan,Jim Nolan,1950,1950,C,8-Jun,210,6/9/1927,9/6/1927,1927,23,Georgia Tech,https://www.basketball-reference.com/players/n/nolanji01.html,nolanji01,1927,23,0
Jim O'Brien,Jim O'Brien,1974,1975,F,7-Jun,200,11/7/1951,7/11/1951,1951,24,Maryland,https://www.basketball-reference.com/players/o/obrieji02.html,obrieji02,1951,24,1
Jim Owens,Jim Owens,1974,1975,F,5-Jun,200,5/1/1950,1/5/1950,1950,25,Arizona State,https://www.basketball-reference.com/players/o/owensji01.html,owensji01,1950,25,1
Jim Palmer,Jim Palmer,1959,1961,F-C,8-Jun,224,6/8/1933,8/6/1933,1933,28,Dayton,https://www.basketball-reference.com/players/p/palmeji01.html,palmeji01,1933,28,2
Jim Paxson,Jim Paxson,1957,1958,F-G,6-Jun,200,12/19/1932,19/12/1932,1932,26,Dayton,https://www.basketball-reference.com/players/p/paxsoji01.html,paxsoji01,1932,26,1
Jim Paxson,Jim Paxson,1980,1990,G-F,6-Jun,200,7/9/1957,9/7/1957,1957,33,Dayton,https://www.basketball-reference.com/players/p/paxsoji02.html,paxsoji02,1957,33,10
Jim Petersen,Jim Petersen,1985,1992,F-C,10-Jun,235,2/22/1962,22/2/1962,1962,30,Minnesota,https://www.basketball-reference.com/players/p/peterji01.html,peterji01,1962,30,7
Jim Phelan,Jim Phelan,1954,1954,G,1-Jun,175,3/19/1929,19/3/1929,1929,25,La Salle,https://www.basketball-reference.com/players/p/phelaja02.html,phelaja02,1929,25,0
Jim Pollard*,Jim Pollard,1949,1955,F-C,4-Jun,185,7/9/1922,9/7/1922,1922,33,Stanford,https://www.basketball-reference.com/players/p/pollaji01.html,pollaji01,1922,33,6
Jim Price,Jim Price,1973,1979,G,3-Jun,195,11/27/1949,27/11/1949,1949,30,Louisville,https://www.basketball-reference.com/players/p/priceji01.html,priceji01,1949,30,6
Jim Ray,Jim Ray,1957,1960,G,1-Jun,180,1/12/1934,12/1/1934,1934,26,Toledo,https://www.basketball-reference.com/players/r/rayji01.html,rayji01,1934,26,3
Jim Reid,Jim Reid,1968,1968,F,6-Jun,210,8/3/1945,3/8/1945,1945,23,Winston-Salem State,https://www.basketball-reference.com/players/r/reidji01.html,reidji01,1945,23,0
Jim Riffey,Jim Riffey,1951,1951,F,4-Jun,200,12/14/1923,14/12/1923,1923,28,Tulane,https://www.basketball-reference.com/players/r/riffeji01.html,riffeji01,1923,28,0
Jim Rowinski,Jim Rowinski,1989,1990,F-C,8-Jun,250,1/4/1961,4/1/1961,1961,29,Purdue,https://www.basketball-reference.com/players/r/rowinji01.html,rowinji01,1961,29,1
Jim Seminoff,Jim Seminoff,1947,1950,G-F,2-Jun,190,9/1/1922,1/9/1922,1922,28,USC,https://www.basketball-reference.com/players/s/seminji01.html,seminji01,1922,28,3
Jim Slaughter,Jim Slaughter,1952,1952,C,11-Jun,210,5/13/1928,13/5/1928,1928,24,South Carolina,https://www.basketball-reference.com/players/s/slaugji01.html,slaugji01,1928,24,0
Jim Smith,Jim Smith,1982,1983,F,9-Jun,225,4/12/1958,12/4/1958,1958,25,Ohio State,https://www.basketball-reference.com/players/s/smithji01.html,smithji01,1958,25,1
Jim Spanarkel,Jim Spanarkel,1980,1984,G-F,5-Jun,190,6/28/1957,28/6/1957,1957,27,Duke,https://www.basketball-reference.com/players/s/spanaji01.html,spanaji01,1957,27,4
Jim Springer,Jim Springer,1949,1949,C,9-Jun,235,6/17/1926,17/6/1926,1926,23,,https://www.basketball-reference.com/players/s/sprinji01.html,sprinji01,1926,23,0
Jim Spruill,Jim Spruill,1949,1949,G,2-Jun,225,2/26/1923,26/2/1923,1923,26,Rice University,https://www.basketball-reference.com/players/s/spruiji01.html,spruiji01,1923,26,0
Jim Thomas,Jim Thomas,1984,1991,G,3-Jun,190,10/19/1960,19/10/1960,1960,31,Indiana,https://www.basketball-reference.com/players/t/thomaji01.html,thomaji01,1960,31,7
Jim Tucker,Jim Tucker,1955,1957,F,7-Jun,185,12/11/1932,11/12/1932,1932,25,Duquesne,https://www.basketball-reference.com/players/t/tuckeji01.html,tuckeji01,1932,25,2
Jim Walsh,Jim Walsh,1958,1958,F,4-Jun,195,8/29/1930,29/8/1930,1930,28,Stanford,https://www.basketball-reference.com/players/w/walshji01.html,walshji01,1930,28,0
Jim Ware,Jim Ware,1967,1969,F,7-Jun,210,5/2/1944,2/5/1944,1944,25,Oklahoma City University,https://www.basketball-reference.com/players/w/wareji01.html,wareji01,1944,25,2
Jim Washington,Jim Washington,1966,1976,F-C,6-Jun,210,7/1/1943,1/7/1943,1943,33,Villanova,https://www.basketball-reference.com/players/w/washiji01.html,washiji01,1943,33,10
Jim Wilson,Jim Wilson,1971,1971,G,10-May,175,NA,NA,#VALUE!,#VALUE!,Cheyney (PA),https://www.basketball-reference.com/players/w/wilsoji01.html,wilsoji01,NA,#VALUE!,0
Jim Zoet,Jim Zoet,1983,1983,C,1-Jul,240,12/20/1953,20/12/1953,1953,30,Kent State University,https://www.basketball-reference.com/players/z/zoetji01.html,zoetji01,1953,30,0
Jimmer Fredette,Jimmer Fredette,2012,2019,G,2-Jun,195,2/25/1989,25/2/1989,1989,30,BYU,https://www.basketball-reference.com/players/f/fredeji01.html,fredeji01,1989,30,7
Jimmie Baker,Jimmie Baker,1976,1976,F,9-Jun,220,12/25/1953,25/12/1953,1953,23,"UNLV, Hawaii",https://www.basketball-reference.com/players/b/bakerji01.html,bakerji01,1953,23,0
Anthony Goldwire,Anthony Goldwire,1996,2006,G,1-Jun,182,9/6/1971,6/9/1971,1971,35,Houston,https://www.basketball-reference.com/players/g/goldwan01.html,goldwan01,1971,35,10
Jimmy Carruth,Jimmy Carruth,1997,1997,C-F,10-Jun,265,11/4/1969,4/11/1969,1969,28,Virginia Tech,https://www.basketball-reference.com/players/c/carruji01.html,carruji01,1969,28,0
Jimmy Collins,Jimmy Collins,1971,1972,G,2-Jun,175,11/24/1946,24/11/1946,1946,26,New Mexico State,https://www.basketball-reference.com/players/c/colliji01.html,colliji01,1946,26,1
Jimmy Conner,Jimmy Conner,1976,1976,G,4-Jun,190,3/20/1953,20/3/1953,1953,23,Kentucky,https://www.basketball-reference.com/players/c/conneji01.html,conneji01,1953,23,0
Jimmy Darden,Jimmy Darden,1950,1950,G,1-Jun,170,6/19/1922,19/6/1922,1922,28,Denver,https://www.basketball-reference.com/players/d/dardeji01.html,dardeji01,1922,28,0
Jimmy Darrow,Jimmy Darrow,1962,1962,G,10-May,170,9/25/1937,25/9/1937,1937,25,Bowling Green,https://www.basketball-reference.com/players/d/darroji01.html,darroji01,1937,25,0
Jimmy Dawson,Jimmy Dawson,1968,1968,G,Jun-00,175,4/18/1945,18/4/1945,1945,23,Illinois,https://www.basketball-reference.com/players/d/dawsoji01.html,dawsoji01,1945,23,0
Jimmy Foster,Jimmy Foster,1975,1976,G,1-Jun,175,12/16/1951,16/12/1951,1951,25,UConn,https://www.basketball-reference.com/players/f/fosteja01.html,fosteja01,1951,25,1
Jimmy Jones,Jimmy Jones,1968,1977,G,4-Jun,188,1/1/1945,1/1/1945,1945,32,Grambling State University,https://www.basketball-reference.com/players/j/jonesji01.html,jonesji01,1945,32,9
Jimmy King,Jimmy King,1996,1997,G,5-Jun,210,8/9/1973,9/8/1973,1973,24,Michigan,https://www.basketball-reference.com/players/k/kingji02.html,kingji02,1973,24,1
Jimmy O'Brien,Jimmy O'Brien,1972,1975,G,1-Jun,170,4/9/1950,9/4/1950,1950,25,Boston College,https://www.basketball-reference.com/players/o/obrieji01.html,obrieji01,1950,25,3
Jimmy Oliver,Jimmy Oliver,1992,1999,G-F,5-Jun,205,7/12/1969,12/7/1969,1969,30,Purdue,https://www.basketball-reference.com/players/o/oliveji01.html,oliveji01,1969,30,7
Jimmy Rayl,Jimmy Rayl,1968,1969,G,2-Jun,175,6/21/1941,21/6/1941,1941,28,Indiana,https://www.basketball-reference.com/players/r/raylji01.html,raylji01,1941,28,1
Jimmy Walker,Jimmy Walker,1968,1976,G,3-Jun,195,4/8/1944,8/4/1944,1944,32,Providence,https://www.basketball-reference.com/players/w/walkeji01.html,walkeji01,1944,32,8
Archie Clark,Archie Clark,1967,1976,G,2-Jun,175,7/15/1941,15/7/1941,1941,35,Minnesota,https://www.basketball-reference.com/players/c/clarkar01.html,clarkar01,1941,35,9
Jo Jo English,Jo Jo English,1993,1995,G,4-Jun,195,2/4/1970,4/2/1970,1970,25,South Carolina,https://www.basketball-reference.com/players/e/englijo01.html,englijo01,1970,25,2
Aron Baynes,Aron Baynes,2013,2021,C,10-Jun,260,12/9/1986,9/12/1986,1986,35,Washington State,https://www.basketball-reference.com/players/b/baynear01.html,baynear01,1986,35,8
João Vianna,João Vianna,1992,1992,F,9-Jun,215,11/15/1966,15/11/1966,1966,26,,https://www.basketball-reference.com/players/v/viannjo01.html,viannjo01,1966,26,0
Beno Udrih,Beno Udrih,2005,2017,G,3-Jun,205,7/5/1982,5/7/1982,1982,35,,https://www.basketball-reference.com/players/u/udrihbe01.html,udrihbe01,1982,35,12
Joby Wright,Joby Wright,1973,1976,F-C,8-Jun,220,9/5/1950,5/9/1950,1950,26,Indiana,https://www.basketball-reference.com/players/w/wrighjo01.html,wrighjo01,1950,26,3
Jock Landale,Jock Landale,2022,2025,C,11-Jun,256,10/25/1995,25/10/1995,1995,30,Saint Mary's,https://www.basketball-reference.com/players/l/landajo01.html,landajo01,1995,30,3
Jodie Meeks,Jodie Meeks,2010,2019,G,4-Jun,210,8/21/1987,21/8/1987,1987,32,Kentucky,https://www.basketball-reference.com/players/m/meeksjo01.html,meeksjo01,1987,32,9
Joe Alexander,Joe Alexander,2009,2010,F,8-Jun,230,12/26/1986,26/12/1986,1986,24,West Virginia,https://www.basketball-reference.com/players/a/alexajo01.html,alexajo01,1986,24,1
Joe Arlauckas,Joe Arlauckas,1988,1988,F,9-Jun,230,7/20/1965,20/7/1965,1965,23,Niagara University,https://www.basketball-reference.com/players/a/arlaujo01.html,arlaujo01,1965,23,0
Joe Barry Carroll,Joe Barry Carroll,1981,1991,C-F,Jul-00,225,7/24/1958,24/7/1958,1958,33,Purdue,https://www.basketball-reference.com/players/c/carrojo01.html,carrojo01,1958,33,10
Joe Binion,Joe Binion,1987,1987,F,8-Jun,235,3/26/1961,26/3/1961,1961,26,North Carolina A&T,https://www.basketball-reference.com/players/b/biniojo01.html,biniojo01,1961,26,0
Joe Bradley,Joe Bradley,1950,1950,G,3-Jun,175,9/24/1928,24/9/1928,1928,22,Oklahoma State,https://www.basketball-reference.com/players/b/bradljo01.html,bradljo01,1928,22,0
Joe Bryant,Joe Bryant,1976,1983,F-C,9-Jun,185,10/19/1954,19/10/1954,1954,29,La Salle,https://www.basketball-reference.com/players/b/bryanjo01.html,bryanjo01,1954,29,7
Joe Buckhalter,Joe Buckhalter,1962,1963,F,7-Jun,210,8/1/1937,1/8/1937,1937,26,Tennessee State,https://www.basketball-reference.com/players/b/buckhjo01.html,buckhjo01,1937,26,1
Bill Russell*,Bill Russell,1957,1969,C,10-Jun,215,2/12/1934,12/2/1934,1934,35,San Francisco,https://www.basketball-reference.com/players/r/russebi01.html,russebi01,1934,35,12
Joe Chealey,Joe Chealey,2019,2020,G,3-Jun,190,11/1/1995,1/11/1995,1995,25,College of Charleston,https://www.basketball-reference.com/players/c/chealjo01.html,chealjo01,1995,25,1
Joe Colone,Joe Colone,1949,1949,F,5-Jun,210,1/23/1924,23/1/1924,1924,25,Bloomsburg University of Pennsylvania,https://www.basketball-reference.com/players/c/colonjo01.html,colonjo01,1924,25,0
Joe Cooke,Joe Cooke,1971,1971,G,3-Jun,175,8/14/1948,14/8/1948,1948,23,Indiana,https://www.basketball-reference.com/players/c/cookejo01.html,cookejo01,1948,23,0
Joe Cooper,Joe Cooper,1982,1985,C-F,10-Jun,230,9/1/1957,1/9/1957,1957,28,"Howard College, Tulsa, Colorado",https://www.basketball-reference.com/players/c/coopejo01.html,coopejo01,1957,28,3
Joe Courtney,Joe Courtney,1993,1997,F,8-Jun,235,10/17/1969,17/10/1969,1969,28,"Mississippi State, Southern Miss",https://www.basketball-reference.com/players/c/courtjo01.html,courtjo01,1969,28,4
Joe Crawford,Joe Crawford,2009,2009,F,5-Jun,210,6/17/1986,17/6/1986,1986,23,Kentucky,https://www.basketball-reference.com/players/c/crawfjo01.html,crawfjo01,1986,23,0
Joe Crispin,Joe Crispin,2002,2002,G,Jun-00,185,7/18/1979,18/7/1979,1979,23,Penn State,https://www.basketball-reference.com/players/c/crispjo01.html,crispjo01,1979,23,0
Joe DePre,Joe DePre,1971,1973,G,3-Jun,185,12/19/1947,19/12/1947,1947,26,St. John's,https://www.basketball-reference.com/players/d/deprejo01.html,deprejo01,1947,26,2
Joe Dolhon,Joe Dolhon,1950,1951,G,Jun-00,175,7/9/1927,9/7/1927,1927,24,NYU,https://www.basketball-reference.com/players/d/dolhojo01.html,dolhojo01,1927,24,1
Bill Sharman*,Bill Sharman,1951,1961,G,1-Jun,175,5/25/1926,25/5/1926,1926,35,USC,https://www.basketball-reference.com/players/s/sharmbi01.html,sharmbi01,1926,35,10
Joe Ellis,Joe Ellis,1967,1974,F-G,6-Jun,175,5/3/1944,3/5/1944,1944,30,San Francisco,https://www.basketball-reference.com/players/e/ellisjo01.html,ellisjo01,1944,30,7
Joe Fabel,Joe Fabel,1947,1947,F-G,1-Jun,190,5/15/1917,15/5/1917,1917,30,Pitt,https://www.basketball-reference.com/players/f/fabeljo01.html,fabeljo01,1917,30,0
Joe Fulks*,Joe Fulks,1947,1954,F-C,5-Jun,190,10/26/1921,26/10/1921,1921,33,"Millsaps College, Murray State",https://www.basketball-reference.com/players/f/fulksjo01.html,fulksjo01,1921,33,7
Joe Graboski,Joe Graboski,1949,1962,F-C,7-Jun,195,1/15/1930,15/1/1930,1930,32,,https://www.basketball-reference.com/players/g/grabojo01.html,grabojo01,1930,32,13
Joe Hamilton,Joe Hamilton,1971,1976,G,10-May,160,7/5/1948,5/7/1948,1948,28,"Southwestern Christian College, University of North Texas",https://www.basketball-reference.com/players/h/hamiljo01.html,hamiljo01,1948,28,5
Joe Hamood,Joe Hamood,1968,1968,G,Jun-00,180,9/7/1943,7/9/1943,1943,25,Houston,https://www.basketball-reference.com/players/h/hamoojo01.html,hamoojo01,1943,25,0
Joe Harris,Joe Harris,2015,2024,G,6-Jun,220,9/6/1991,6/9/1991,1991,33,Virginia,https://www.basketball-reference.com/players/h/harrijo01.html,harrijo01,1991,33,9
Joe Hassett,Joe Hassett,1978,1983,G,5-Jun,180,9/11/1955,11/9/1955,1955,28,Providence,https://www.basketball-reference.com/players/h/hassejo01.html,hassejo01,1955,28,5
Joe Holland,Joe Holland,1950,1952,F,4-Jun,185,9/26/1925,26/9/1925,1925,27,Kentucky,https://www.basketball-reference.com/players/h/hollajo01.html,hollajo01,1925,27,2
Joe Holup,Joe Holup,1957,1959,F,6-Jun,215,2/26/1934,26/2/1934,1934,25,George Washington,https://www.basketball-reference.com/players/h/holupjo01.html,holupjo01,1934,25,2
Joe Hutton,Joe Hutton,1951,1952,G,1-Jun,170,10/6/1928,6/10/1928,1928,24,Hamline University,https://www.basketball-reference.com/players/h/huttojo01.html,huttojo01,1928,24,1
Bill Walton*,Bill Walton,1975,1987,C-F,11-Jun,210,11/5/1952,5/11/1952,1952,35,UCLA,https://www.basketball-reference.com/players/w/waltobi01.html,waltobi01,1952,35,12
Bob Dandridge*,Bob Dandridge,1970,1982,F-G,6-Jun,195,11/15/1947,15/11/1947,1947,35,Norfolk State,https://www.basketball-reference.com/players/d/dandrbo01.html,dandrbo01,1947,35,12
Joe Kennedy,Joe Kennedy,1969,1971,F,6-Jun,210,1/12/1947,12/1/1947,1947,24,Duke,https://www.basketball-reference.com/players/k/kennejo01.html,kennejo01,1947,24,2
Bob Davies*,Bob Davies,1949,1955,G-F,1-Jun,175,1/15/1920,15/1/1920,1920,35,Seton Hall,https://www.basketball-reference.com/players/d/daviebo01.html,daviebo01,1920,35,6
Joe Kopicki,Joe Kopicki,1983,1985,F,9-Jun,240,6/12/1960,12/6/1960,1960,25,Detroit Mercy,https://www.basketball-reference.com/players/k/kopicjo01.html,kopicjo01,1960,25,2
Joe McNamee,Joe McNamee,1951,1952,F-C,6-Jun,210,9/24/1926,24/9/1926,1926,26,San Francisco,https://www.basketball-reference.com/players/m/mcnamjo01.html,mcnamjo01,1926,26,1
Joe Meriweather,Joe Meriweather,1976,1985,C-F,10-Jun,215,10/26/1953,26/10/1953,1953,32,Southern Illinois,https://www.basketball-reference.com/players/m/meriwjo01.html,meriwjo01,1953,32,9
Joe Mullaney,Joe Mullaney,1950,1950,G,Jun-00,165,11/17/1924,17/11/1924,1924,26,Holy Cross,https://www.basketball-reference.com/players/m/mullajo01.html,mullajo01,1924,26,0
Joe Pace,Joe Pace,1977,1978,C,10-Jun,220,12/18/1953,18/12/1953,1953,25,Coppin State University,https://www.basketball-reference.com/players/p/pacejo01.html,pacejo01,1953,25,1
Joe Reaves,Joe Reaves,1974,1974,F,5-Jun,210,5/27/1950,27/5/1950,1950,24,Bethel College,https://www.basketball-reference.com/players/r/reavejo01.html,reavejo01,1950,24,0
Joe Roberts,Joe Roberts,1961,1968,F,6-Jun,214,5/18/1936,18/5/1936,1936,32,Ohio State,https://www.basketball-reference.com/players/r/roberjo01.html,roberjo01,1936,32,7
Joe Ruklick,Joe Ruklick,1960,1962,F-C,9-Jun,220,8/3/1938,3/8/1938,1938,24,Northwestern,https://www.basketball-reference.com/players/r/ruklijo01.html,ruklijo01,1938,24,2
Bob Love,Bob Love,1967,1977,F,8-Jun,215,12/8/1942,8/12/1942,1942,35,Southern University and A&M College,https://www.basketball-reference.com/players/l/lovebo01.html,lovebo01,1942,35,10
Joe Smyth,Joe Smyth,1954,1954,F,3-Jun,215,5/22/1929,22/5/1929,1929,25,Niagara University,https://www.basketball-reference.com/players/s/smythjo01.html,smythjo01,1929,25,0
Joe Stephens,Joe Stephens,1997,2000,F,7-Jun,210,1/28/1973,28/1/1973,1973,27,"Colorado, Little Rock",https://www.basketball-reference.com/players/s/stephjo01.html,stephjo01,1973,27,3
Joe Strawder,Joe Strawder,1966,1968,C,10-Jun,235,9/21/1940,21/9/1940,1940,28,Bradley,https://www.basketball-reference.com/players/s/strawjo01.html,strawjo01,1940,28,2
Joe Thomas,Joe Thomas,1971,1971,F,6-Jun,205,3/9/1948,9/3/1948,1948,23,Marquette,https://www.basketball-reference.com/players/t/thomajo01.html,thomajo01,1948,23,0
Joe Wieskamp,Joe Wieskamp,2022,2023,G,6-Jun,212,8/23/1999,23/8/1999,1999,24,Iowa,https://www.basketball-reference.com/players/w/wieskjo01.html,wieskjo01,1999,24,1
Bob McAdoo*,Bob McAdoo,1973,1986,C-F,9-Jun,210,9/25/1951,25/9/1951,1951,35,"Vincennes University, UNC",https://www.basketball-reference.com/players/m/mcadobo01.html,mcadobo01,1951,35,13
Joe Young,Joe Young,2016,2018,G,2-Jun,180,6/27/1992,27/6/1992,1992,26,"Houston, Oregon",https://www.basketball-reference.com/players/y/youngjo01.html,youngjo01,1992,26,2
Bob Weiss,Bob Weiss,1966,1977,G,2-Jun,180,5/7/1942,7/5/1942,1942,35,Penn State,https://www.basketball-reference.com/players/w/weissbo01.html,weissbo01,1942,35,11
Joel Ayayi,Joel Ayayi,2022,2022,G,5-Jun,180,3/5/2000,5/3/2000,2000,22,Gonzaga,https://www.basketball-reference.com/players/a/ayayijo01.html,ayayijo01,2000,22,0
Joel Bolomboy,Joel Bolomboy,2017,2018,F,9-Jun,235,1/28/1994,28/1/1994,1994,24,Weber State,https://www.basketball-reference.com/players/b/bolomjo01.html,bolomjo01,1994,24,1
Joel Embiid,Joel Embiid,2017,2025,C,Jul-00,280,3/16/1994,16/3/1994,1994,31,Kansas,https://www.basketball-reference.com/players/e/embiijo01.html,embiijo01,1994,31,8
Joel Freeland,Joel Freeland,2013,2015,F-C,10-Jun,250,2/7/1987,7/2/1987,1987,28,,https://www.basketball-reference.com/players/f/freeljo01.html,freeljo01,1987,28,2
Joel Kramer,Joel Kramer,1979,1983,F-C,7-Jun,203,11/30/1955,30/11/1955,1955,28,San Diego State,https://www.basketball-reference.com/players/k/kramejo01.html,kramejo01,1955,28,4
Bobby Jones*,Bobby Jones,1975,1986,F,9-Jun,210,12/18/1951,18/12/1951,1951,35,UNC,https://www.basketball-reference.com/players/j/jonesbo01.html,jonesbo01,1951,35,11
Joey Dorsey,Joey Dorsey,2009,2015,F,8-Jun,268,12/16/1983,16/12/1983,1983,32,Memphis,https://www.basketball-reference.com/players/d/dorsejo01.html,dorsejo01,1983,32,6
Joey Graham,Joey Graham,2006,2011,F,7-Jun,225,6/11/1982,11/6/1982,1982,29,"Central Florida, Oklahoma State",https://www.basketball-reference.com/players/g/grahajo01.html,grahajo01,1982,29,5
Joffrey Lauvergne,Joffrey Lauvergne,2015,2018,C-F,11-Jun,220,9/30/1991,30/9/1991,1991,27,,https://www.basketball-reference.com/players/l/lauvejo01.html,lauvejo01,1991,27,3
Johan Petro,Johan Petro,2006,2013,C,Jul-00,247,1/27/1986,27/1/1986,1986,27,,https://www.basketball-reference.com/players/p/petrojo01.html,petrojo01,1986,27,7
John Abramovic,John Abramovic,1947,1948,F,3-Jun,195,2/9/1919,9/2/1919,1919,29,Salem University,https://www.basketball-reference.com/players/a/abramjo01.html,abramjo01,1919,29,1
John Amaechi,John Amaechi,1996,2003,C-F,10-Jun,270,11/26/1970,26/11/1970,1970,33,"Vanderbilt, Penn State",https://www.basketball-reference.com/players/a/amaecjo01.html,amaecjo01,1970,33,7
John Arthurs,John Arthurs,1970,1970,G,4-Jun,185,8/15/1947,15/8/1947,1947,23,Tulane,https://www.basketball-reference.com/players/a/arthujo01.html,arthujo01,1947,23,0
Bojan Bogdanović,Bojan Bogdanović,2015,2024,G-F,7-Jun,226,4/18/1989,18/4/1989,1989,35,,https://www.basketball-reference.com/players/b/bogdabo02.html,bogdabo02,1989,35,9
John Barber,John Barber,1957,1957,F,6-Jun,210,6/27/1927,27/6/1927,1927,30,"California State University, Los Angeles",https://www.basketball-reference.com/players/b/barbejo01.html,barbejo01,1927,30,0
Boris Diaw,Boris Diaw,2004,2017,F-C,8-Jun,250,4/16/1982,16/4/1982,1982,35,,https://www.basketball-reference.com/players/d/diawbo01.html,diawbo01,1982,35,13
John Barr,John Barr,1947,1947,F,3-Jun,205,8/18/1918,18/8/1918,1918,29,Penn State,https://www.basketball-reference.com/players/b/barrjo01.html,barrjo01,1918,29,0
John Battle,John Battle,1986,1995,G,2-Jun,175,11/9/1962,9/11/1962,1962,33,Rutgers University,https://www.basketball-reference.com/players/b/battljo01.html,battljo01,1962,33,9
John Beasley,John Beasley,1968,1974,F-C,9-Jun,225,2/5/1944,5/2/1944,1944,30,Texas A&M,https://www.basketball-reference.com/players/b/beasljo01.html,beasljo01,1944,30,6
John Block,John Block,1967,1976,F-C,9-Jun,207,4/16/1944,16/4/1944,1944,32,USC,https://www.basketball-reference.com/players/b/blockjo01.html,blockjo01,1944,32,9
John Brisker,John Brisker,1970,1975,F-G,5-Jun,210,6/15/1947,15/6/1947,1947,28,Toledo,https://www.basketball-reference.com/players/b/briskjo01.html,briskjo01,1947,28,5
John Brown,John Brown,1974,1980,F,7-Jun,220,12/14/1951,14/12/1951,1951,29,Missouri,https://www.basketball-reference.com/players/b/brownjo01.html,brownjo01,1951,29,6
John Butler,John Butler,2023,2023,C,Jul-00,175,12/4/2002,4/12/2002,2002,21,Florida State,https://www.basketball-reference.com/players/b/butlejo01.html,butlejo01,2002,21,0
John Celestand,John Celestand,2000,2000,G,4-Jun,178,3/6/1977,6/3/1977,1977,23,Villanova,https://www.basketball-reference.com/players/c/celesjo01.html,celesjo01,1977,23,0
John Chaney,John Chaney,1950,1950,F-C,3-Jun,185,2/29/1920,29/2/1920,1920,30,LSU,https://www.basketball-reference.com/players/c/chanejo01.html,chanejo01,1920,30,0
John Clawson,John Clawson,1969,1969,F,4-Jun,200,5/15/1944,15/5/1944,1944,25,Michigan,https://www.basketball-reference.com/players/c/clawsjo01.html,clawsjo01,1944,25,0
John Coker,John Coker,1996,2001,C,Jul-00,253,10/28/1971,28/10/1971,1971,30,Boise State,https://www.basketball-reference.com/players/c/cokerjo01.html,cokerjo01,1971,30,5
John Collins,John Collins,2018,2025,F,9-Jun,235,9/23/1997,23/9/1997,1997,28,Wake Forest,https://www.basketball-reference.com/players/c/collijo01.html,collijo01,1997,28,7
John Comeaux,John Comeaux,1968,1968,F,5-Jun,193,9/15/1943,15/9/1943,1943,25,Grambling State University,https://www.basketball-reference.com/players/c/comeajo01.html,comeajo01,1943,25,0
John Coughran,John Coughran,1980,1980,F,7-Jun,225,9/12/1951,12/9/1951,1951,29,California,https://www.basketball-reference.com/players/c/coughjo01.html,coughjo01,1951,29,0
Brian Cardinal,Brian Cardinal,2001,2012,F,8-Jun,245,5/2/1977,2/5/1977,1977,35,Purdue,https://www.basketball-reference.com/players/c/cardibr01.html,cardibr01,1977,35,11
John Dickson,John Dickson,1968,1968,C,10-Jun,240,11/18/1945,18/11/1945,1945,23,Arkansas State University,https://www.basketball-reference.com/players/d/dicksjo01.html,dicksjo01,1945,23,0
John Douglas,John Douglas,1982,1983,G,2-Jun,170,6/12/1956,12/6/1956,1956,27,Kansas,https://www.basketball-reference.com/players/d/dougljo01.html,dougljo01,1956,27,1
John Drew,John Drew,1975,1985,F-G,6-Jun,205,9/30/1954,30/9/1954,1954,31,Gardner-Webb University,https://www.basketball-reference.com/players/d/drewjo01.html,drewjo01,1954,31,10
John Duren,John Duren,1981,1983,G,3-Jun,195,10/30/1958,30/10/1958,1958,25,Georgetown,https://www.basketball-reference.com/players/d/durenjo01.html,durenjo01,1958,25,2
John Edwards,John Edwards,2005,2006,C,Jul-00,275,7/31/1981,31/7/1981,1981,25,Kent State University,https://www.basketball-reference.com/players/e/edwarjo01.html,edwarjo01,1981,25,1
John Fairchild,John Fairchild,1966,1970,F,8-Jun,205,4/28/1943,28/4/1943,1943,27,"Palomar College, BYU",https://www.basketball-reference.com/players/f/faircjo01.html,faircjo01,1943,27,4
John Garris,John Garris,1984,1984,F,8-Jun,205,6/6/1959,6/6/1959,1959,25,"Michigan, Boston College",https://www.basketball-reference.com/players/g/garrijo01.html,garrijo01,1959,25,0
John Gianelli,John Gianelli,1973,1980,C-F,10-Jun,220,6/10/1950,10/6/1950,1950,30,University of the Pacific,https://www.basketball-reference.com/players/g/gianejo01.html,gianejo01,1950,30,7
John Greig,John Greig,1983,1983,F,7-Jun,215,4/28/1961,28/4/1961,1961,22,Oregon,https://www.basketball-reference.com/players/g/greigjo01.html,greigjo01,1961,22,0
John Hargis,John Hargis,1950,1951,G-F,2-Jun,180,8/20/1920,20/8/1920,1920,31,Texas,https://www.basketball-reference.com/players/h/hargijo01.html,hargijo01,1920,31,1
C.J. Miles,C.J. Miles,2006,2022,G-F,6-Jun,220,3/18/1987,18/3/1987,1987,35,,https://www.basketball-reference.com/players/m/milescj01.html,milescj01,1987,35,16
John Hazen,John Hazen,1949,1949,G,2-Jun,172,3/2/1927,2/3/1927,1927,22,Indiana State University,https://www.basketball-reference.com/players/h/hazenjo01.html,hazenjo01,1927,22,0
John Henson,John Henson,2013,2020,C-F,9-Jun,219,12/28/1990,28/12/1990,1990,30,UNC,https://www.basketball-reference.com/players/h/hensojo01.html,hensojo01,1990,30,7
John Holland,John Holland,2018,2019,G-F,5-Jun,205,11/6/1988,6/11/1988,1988,31,Boston University,https://www.basketball-reference.com/players/h/hollajo02.html,hollajo02,1988,31,1
John Hummer,John Hummer,1971,1976,F-C,9-Jun,230,5/4/1948,4/5/1948,1948,28,Princeton,https://www.basketball-reference.com/players/h/hummejo01.html,hummejo01,1948,28,5
John Janisch,John Janisch,1947,1948,F-G,3-Jun,200,3/15/1920,15/3/1920,1920,28,Valparaiso,https://www.basketball-reference.com/players/j/janisjo01.html,janisjo01,1920,28,1
John Jenkins,John Jenkins,2013,2019,G,4-Jun,215,3/6/1991,6/3/1991,1991,28,Vanderbilt,https://www.basketball-reference.com/players/j/jenkijo01.html,jenkijo01,1991,28,6
Calbert Cheaney,Calbert Cheaney,1994,2006,G-F,7-Jun,209,7/17/1971,17/7/1971,1971,35,Indiana,https://www.basketball-reference.com/players/c/cheanca01.html,cheanca01,1971,35,12
John Konchar,John Konchar,2020,2025,G,5-Jun,210,3/22/1996,22/3/1996,1996,29,Purdue-Fort Wayne,https://www.basketball-reference.com/players/k/konchjo01.html,konchjo01,1996,29,5
John Kuester,John Kuester,1978,1980,G,2-Jun,180,2/6/1955,6/2/1955,1955,25,UNC,https://www.basketball-reference.com/players/k/kuestjo01.html,kuestjo01,1955,25,2
John Lambert,John Lambert,1976,1982,C-F,10-Jun,225,1/14/1953,14/1/1953,1953,29,USC,https://www.basketball-reference.com/players/l/lambejo01.html,lambejo01,1953,29,6
John Laskowski,John Laskowski,1976,1977,G,6-Jun,185,6/7/1953,7/6/1953,1953,24,Indiana,https://www.basketball-reference.com/players/l/laskojo01.html,laskojo01,1953,24,1
John Logan,John Logan,1947,1951,G,2-Jun,175,1/1/1921,1/1/1921,1921,30,Indiana,https://www.basketball-reference.com/players/l/loganjo01.html,loganjo01,1921,30,4
Calvin Murphy*,Calvin Murphy,1971,1983,G,9-May,165,5/9/1948,9/5/1948,1948,35,Niagara University,https://www.basketball-reference.com/players/m/murphca01.html,murphca01,1948,35,12
Carl Braun*,Carl Braun,1948,1962,G-F,5-Jun,180,9/25/1927,25/9/1927,1927,35,Colgate,https://www.basketball-reference.com/players/b/braunca01.html,braunca01,1927,35,14
Charlie Ward,Charlie Ward,1995,2005,G,2-Jun,190,10/12/1970,12/10/1970,1970,35,Florida State,https://www.basketball-reference.com/players/w/wardch01.html,wardch01,1970,35,10
John Mahnken,John Mahnken,1947,1953,C,8-Jun,220,6/16/1922,16/6/1922,1922,31,Georgetown,https://www.basketball-reference.com/players/m/mahnkjo01.html,mahnkjo01,1922,31,6
John Mandic,John Mandic,1949,1950,F-C,4-Jun,205,10/3/1919,3/10/1919,1919,31,Oregon State,https://www.basketball-reference.com/players/m/mandijo01.html,mandijo01,1919,31,1
John McConathy,John McConathy,1952,1952,F,5-Jun,195,4/9/1930,9/4/1930,1930,22,Northwestern State University,https://www.basketball-reference.com/players/m/mcconjo01.html,mcconjo01,1930,22,0
John McCullough,John McCullough,1982,1982,G,4-Jun,190,10/5/1956,5/10/1956,1956,26,Oklahoma,https://www.basketball-reference.com/players/m/mcculjo01.html,mcculjo01,1956,26,0
John Mengelt,John Mengelt,1972,1981,G,2-Jun,195,10/16/1949,16/10/1949,1949,32,Auburn,https://www.basketball-reference.com/players/m/mengejo01.html,mengejo01,1949,32,9
John Mills,John Mills,1947,1947,C-F,8-Jun,203,9/7/1919,7/9/1919,1919,28,Western Kentucky,https://www.basketball-reference.com/players/m/millsjo01.html,millsjo01,1919,28,0
John Morrison,John Morrison,1968,1968,G,2-Jun,190,5/2/1945,2/5/1945,1945,23,Canisius,https://www.basketball-reference.com/players/m/morrijo01.html,morrijo01,1945,23,0
John Morton,John Morton,1990,1992,G,3-Jun,180,5/18/1967,18/5/1967,1967,25,Seton Hall,https://www.basketball-reference.com/players/m/mortojo01.html,mortojo01,1967,25,2
John Murphy,John Murphy,1947,1947,F,2-Jun,175,9/13/1924,13/9/1924,1924,23,,https://www.basketball-reference.com/players/m/murphjo01.html,murphjo01,1924,23,0
John O'Boyle,John O'Boyle,1953,1953,G,2-Jun,185,3/7/1928,7/3/1928,1928,25,Colorado State,https://www.basketball-reference.com/players/o/oboyljo01.html,oboyljo01,1928,25,0
John Oldham,John Oldham,1950,1951,G,3-Jun,175,6/22/1923,22/6/1923,1923,28,Western Kentucky,https://www.basketball-reference.com/players/o/oldhajo01.html,oldhajo01,1923,28,1
John Olive,John Olive,1979,1980,F,7-Jun,210,3/1/1955,1/3/1955,1955,25,Villanova,https://www.basketball-reference.com/players/o/olivejo01.html,olivejo01,1955,25,1
Chet Walker*,Chet Walker,1963,1975,F-G,7-Jun,212,2/22/1940,22/2/1940,1940,35,Bradley,https://www.basketball-reference.com/players/w/walkech01.html,walkech01,1940,35,12
John Pilch,John Pilch,1952,1952,F,3-Jun,185,7/11/1925,11/7/1925,1925,27,Wyoming,https://www.basketball-reference.com/players/p/pilchjo01.html,pilchjo01,1925,27,0
John Pinone,John Pinone,1984,1984,F,8-Jun,230,2/19/1961,19/2/1961,1961,23,Villanova,https://www.basketball-reference.com/players/p/pinonjo01.html,pinonjo01,1961,23,0
John Postley,John Postley,1968,1968,F,5-Jun,220,5/30/1940,30/5/1940,1940,28,Bethune-Cookman College,https://www.basketball-reference.com/players/p/postljo01.html,postljo01,1940,28,0
John Pritchard,John Pritchard,1950,1950,C,9-Jun,220,1/23/1927,23/1/1927,1927,23,Drake University,https://www.basketball-reference.com/players/p/pritcjo01.html,pritcjo01,1927,23,0
John Rennicke,John Rennicke,1952,1952,G,2-Jun,185,8/11/1929,11/8/1929,1929,23,Drake University,https://www.basketball-reference.com/players/r/rennijo01.html,rennijo01,1929,23,0
John Richter,John Richter,1960,1960,F,9-Jun,225,3/12/1937,12/3/1937,1937,23,NC State,https://www.basketball-reference.com/players/r/richtjo01.html,richtjo01,1937,23,0
John Roche,John Roche,1972,1982,G,3-Jun,170,9/26/1949,26/9/1949,1949,33,South Carolina,https://www.basketball-reference.com/players/r/rochejo01.html,rochejo01,1949,33,10
John Rudd,John Rudd,1979,1979,F,7-Jun,230,8/7/1955,7/8/1955,1955,24,McNeese State University,https://www.basketball-reference.com/players/r/ruddjo01.html,ruddjo01,1955,24,0
John Rudometkin,John Rudometkin,1963,1965,F,6-Jun,205,6/6/1940,6/6/1940,1940,25,USC,https://www.basketball-reference.com/players/r/rudomjo01.html,rudomjo01,1940,25,2
Chris Gatling,Chris Gatling,1992,2002,F-C,10-Jun,220,9/3/1967,3/9/1967,1967,35,Old Dominion,https://www.basketball-reference.com/players/g/gatlich01.html,gatlich01,1967,35,10
Chris Webber*,Chris Webber,1994,2008,F-C,10-Jun,245,3/1/1973,1/3/1973,1973,35,Michigan,https://www.basketball-reference.com/players/w/webbech01.html,webbech01,1973,35,14
John Schweitz,John Schweitz,1985,1987,G,6-Jun,210,4/19/1960,19/4/1960,1960,27,Richmond,https://www.basketball-reference.com/players/s/schwejo01.html,schwejo01,1960,27,2
John Shasky,John Shasky,1989,1991,C,11-Jun,235,7/31/1964,31/7/1964,1964,27,Minnesota,https://www.basketball-reference.com/players/s/shaskjo01.html,shaskjo01,1964,27,2
John Shumate,John Shumate,1976,1981,F-C,9-Jun,235,4/6/1952,6/4/1952,1952,29,Notre Dame,https://www.basketball-reference.com/players/s/shumajo01.html,shumajo01,1952,29,5
John Smith,John Smith,1969,1970,C,Jul-00,235,5/24/1944,24/5/1944,1944,26,University of Southern Colorado,https://www.basketball-reference.com/players/s/smithjo01.html,smithjo01,1944,26,1
Chuck Nevitt,Chuck Nevitt,1983,1994,C,5-Jul,217,6/13/1959,13/6/1959,1959,35,NC State,https://www.basketball-reference.com/players/n/nevitch01.html,nevitch01,1959,35,11
Clarence Weatherspoon,Clarence Weatherspoon,1993,2005,F,6-Jun,240,9/8/1970,8/9/1970,1970,35,Southern Miss,https://www.basketball-reference.com/players/w/weathcl01.html,weathcl01,1970,35,12
John Stroeder,John Stroeder,1988,1989,F,10-Jun,260,7/24/1958,24/7/1958,1958,31,Montana,https://www.basketball-reference.com/players/s/stroejo01.html,stroejo01,1958,31,1
John Stroud,John Stroud,1981,1981,F,7-Jun,215,10/29/1957,29/10/1957,1957,24,Ole Miss,https://www.basketball-reference.com/players/s/stroujo01.html,stroujo01,1957,24,0
John Thomas,John Thomas,1998,2006,F,9-Jun,265,9/8/1975,8/9/1975,1975,31,Minnesota,https://www.basketball-reference.com/players/t/thomajo02.html,thomajo02,1975,31,8
John Thompson*,John Thompson,1965,1966,F,10-Jun,225,9/2/1941,2/9/1941,1941,25,Providence,https://www.basketball-reference.com/players/t/thompjo01.html,thompjo01,1941,25,1
John Trapp,John Trapp,1969,1973,F,7-Jun,210,10/2/1945,2/10/1945,1945,28,"Voorhees College, Pasadena City College, UNLV",https://www.basketball-reference.com/players/t/trappjo01.html,trappjo01,1945,28,4
Clyde Lovellette*,Clyde Lovellette,1954,1964,C-F,9-Jun,234,9/7/1929,7/9/1929,1929,35,Kansas,https://www.basketball-reference.com/players/l/lovelcl01.html,lovelcl01,1929,35,10
John Tschogl,John Tschogl,1973,1975,F,6-Jun,206,4/25/1950,25/4/1950,1950,25,UC Santa Barbara,https://www.basketball-reference.com/players/t/tschojo01.html,tschojo01,1950,25,2
John Turner,John Turner,1992,1992,F,8-Jun,245,11/30/1967,30/11/1967,1967,25,"Georgetown, Phillips University",https://www.basketball-reference.com/players/t/turnejo01.html,turnejo01,1967,25,0
John Vallely,John Vallely,1971,1972,G,3-Jun,185,10/3/1948,3/10/1948,1948,24,UCLA,https://www.basketball-reference.com/players/v/vallejo01.html,vallejo01,1948,24,1
John Wall,John Wall,2011,2023,G,3-Jun,210,9/6/1990,6/9/1990,1990,33,Kentucky,https://www.basketball-reference.com/players/w/walljo01.html,walljo01,1990,33,12
John Wallace,John Wallace,1997,2004,F,8-Jun,225,2/9/1974,9/2/1974,1974,30,Syracuse,https://www.basketball-reference.com/players/w/wallajo01.html,wallajo01,1974,30,7
John Warren,John Warren,1970,1974,G-F,3-Jun,180,7/7/1947,7/7/1947,1947,27,St. John's,https://www.basketball-reference.com/players/w/warrejo01.html,warrejo01,1947,27,4
John Wetzel,John Wetzel,1968,1976,G-F,5-Jun,190,10/22/1944,22/10/1944,1944,32,Virginia Tech,https://www.basketball-reference.com/players/w/wetzejo01.html,wetzejo01,1944,32,8
John Williams,John Williams,1987,1995,F-C,8-Jun,235,10/26/1966,26/10/1966,1966,29,LSU,https://www.basketball-reference.com/players/w/willijo02.html,willijo02,1966,29,8
John Williamson,John Williamson,1974,1981,G,2-Jun,185,11/10/1951,10/11/1951,1951,30,New Mexico State,https://www.basketball-reference.com/players/w/willijo01.html,willijo01,1951,30,7
John Windsor,John Windsor,1964,1964,F,8-Jun,215,4/3/1940,3/4/1940,1940,24,Stanford,https://www.basketball-reference.com/players/w/windsjo01.html,windsjo01,1940,24,0
Johnathan Motley,Johnathan Motley,2018,2020,F,8-Jun,230,5/4/1995,4/5/1995,1995,25,Baylor,https://www.basketball-reference.com/players/m/motlejo01.html,motlejo01,1995,25,2
Johnathan Williams,Johnathan Williams,2019,2020,F,9-Jun,228,5/22/1995,22/5/1995,1995,25,"Missouri, Gonzaga",https://www.basketball-reference.com/players/w/willijo04.html,willijo04,1995,25,1
Johnny Austin,Johnny Austin,1967,1968,G,Jun-00,170,8/31/1944,31/8/1944,1944,24,Boston College,https://www.basketball-reference.com/players/a/austijo01.html,austijo01,1944,24,1
Johnny Bach,Johnny Bach,1949,1949,F-G,2-Jun,180,7/10/1924,10/7/1924,1924,25,Fordham,https://www.basketball-reference.com/players/b/bachjo01.html,bachjo01,1924,25,0
Johnny Baum,Johnny Baum,1970,1974,F,5-Jun,200,6/17/1946,17/6/1946,1946,28,"Peirce College, Temple",https://www.basketball-reference.com/players/b/baumjo01.html,baumjo01,1946,28,4
Johnny Cox,Johnny Cox,1963,1963,G,4-Jun,180,11/1/1936,1/11/1936,1936,27,Kentucky,https://www.basketball-reference.com/players/c/coxjo01.html,coxjo01,1936,27,0
Johnny Davis,Johnny Davis,2023,2025,G,5-Jun,196,2/27/2002,27/2/2002,2002,23,Wisconsin,https://www.basketball-reference.com/players/d/davisjo06.html,davisjo06,2002,23,2
Johnny Davis,Johnny Davis,1977,1986,G,2-Jun,170,10/21/1955,21/10/1955,1955,31,Dayton,https://www.basketball-reference.com/players/d/davisjo01.html,davisjo01,1955,31,9
Johnny Dawkins,Johnny Dawkins,1987,1995,G,2-Jun,165,9/28/1963,28/9/1963,1963,32,Duke,https://www.basketball-reference.com/players/d/dawkijo01.html,dawkijo01,1963,32,8
Johnny Egan,Johnny Egan,1962,1972,G,11-May,180,1/31/1939,31/1/1939,1939,33,Providence,https://www.basketball-reference.com/players/e/eganjo01.html,eganjo01,1939,33,10
Johnny Ezersky,Johnny Ezersky,1948,1950,F-G,3-Jun,175,3/21/1922,21/3/1922,1922,28,Rhode Island,https://www.basketball-reference.com/players/e/ezersjo01.html,ezersjo01,1922,28,2
Johnny Furphy,Johnny Furphy,2025,2025,G-F,8-Jun,200,12/8/2004,8/12/2004,2004,21,Kansas,https://www.basketball-reference.com/players/f/furphjo01.html,furphjo01,2004,21,0
Coby Dietrick,Coby Dietrick,1971,1983,C-F,10-Jun,220,7/23/1948,23/7/1948,1948,35,San Jose State,https://www.basketball-reference.com/players/d/dietrco01.html,dietrco01,1948,35,12
Johnny High,Johnny High,1980,1984,G,3-Jun,185,4/25/1957,25/4/1957,1957,27,Nevada,https://www.basketball-reference.com/players/h/highjo01.html,highjo01,1957,27,4
Johnny Horan,Johnny Horan,1956,1956,F,8-Jun,190,11/24/1932,24/11/1932,1932,24,Dayton,https://www.basketball-reference.com/players/h/horanjo01.html,horanjo01,1932,24,0
Johnny Jones,Johnny Jones,1968,1969,F,7-Jun,205,3/12/1943,12/3/1943,1943,26,"California State University, Los Angeles",https://www.basketball-reference.com/players/j/jonesjo01.html,jonesjo01,1943,26,1
Johnny Jorgensen,Johnny Jorgensen,1948,1949,G-F,2-Jun,185,12/28/1921,28/12/1921,1921,28,DePaul,https://www.basketball-reference.com/players/j/jorgejo01.html,jorgejo01,1921,28,1
Johnny Juzang,Johnny Juzang,2023,2025,G,7-Jun,215,3/17/2001,17/3/2001,2001,24,"Kentucky, UCLA",https://www.basketball-reference.com/players/j/juzanjo01.html,juzanjo01,2001,24,2
Johnny Macknowski,Johnny Macknowski,1950,1951,G-F,Jun-00,180,1/7/1923,7/1/1923,1923,28,Seton Hall,https://www.basketball-reference.com/players/m/macknjo01.html,macknjo01,1923,28,1
Johnny Mathis,Johnny Mathis,1968,1968,F,6-Jun,220,7/14/1943,14/7/1943,1943,25,Savannah State University,https://www.basketball-reference.com/players/m/mathijo01.html,mathijo01,1943,25,0
Johnny McCarthy,Johnny McCarthy,1957,1964,G,1-Jun,185,4/25/1934,25/4/1934,1934,30,Canisius,https://www.basketball-reference.com/players/m/mccarjo01.html,mccarjo01,1934,30,7
Johnny Moore,Johnny Moore,1981,1990,G,1-Jun,175,3/3/1958,3/3/1958,1958,32,Texas,https://www.basketball-reference.com/players/m/moorejo01.html,moorejo01,1958,32,9
Johnny Neumann,Johnny Neumann,1972,1978,G-F,6-Jun,200,9/11/1951,11/9/1951,1951,27,Ole Miss,https://www.basketball-reference.com/players/n/neumajo01.html,neumajo01,1951,27,6
Connie Dierking,Connie Dierking,1959,1971,C-F,9-Jun,222,10/2/1936,2/10/1936,1936,35,Cincinnati,https://www.basketball-reference.com/players/d/dierkco01.html,dierkco01,1936,35,12
Johnny Norlander,Johnny Norlander,1947,1951,F,3-Jun,180,3/5/1921,5/3/1921,1921,30,Hamline University,https://www.basketball-reference.com/players/n/norlajo01.html,norlajo01,1921,30,4
Johnny O'Bryant,Johnny O'Bryant,2015,2018,F-C,9-Jun,257,6/1/1993,1/6/1993,1993,25,LSU,https://www.basketball-reference.com/players/o/obryajo01.html,obryajo01,1993,25,3
Johnny Orr,Johnny Orr,1950,1950,F,3-Jun,195,6/10/1927,10/6/1927,1927,23,Beloit College,https://www.basketball-reference.com/players/o/orrjo01.html,orrjo01,1927,23,0
Johnny Payak,Johnny Payak,1950,1953,G-F,4-Jun,174,11/20/1926,20/11/1926,1926,27,Bowling Green,https://www.basketball-reference.com/players/p/payakjo01.html,payakjo01,1926,27,3
Johnny Rogers,Johnny Rogers,1987,1988,F-C,10-Jun,225,12/30/1963,30/12/1963,1963,25,"Stanford, University of California, Irvine",https://www.basketball-reference.com/players/r/rogerjo01.html,rogerjo01,1963,25,1
Johnny Simmons,Johnny Simmons,1947,1947,G,1-Jun,184,7/7/1924,7/7/1924,1924,23,NYU,https://www.basketball-reference.com/players/s/simmojo01.html,simmojo01,1924,23,0
Johnny Taylor,Johnny Taylor,1998,2000,F,9-Jun,220,6/4/1974,4/6/1974,1974,26,"Indian Hills Community College, Chattanooga",https://www.basketball-reference.com/players/t/taylojo01.html,taylojo01,1974,26,2
Corie Blount,Corie Blount,1994,2004,F,9-Jun,240,1/4/1969,4/1/1969,1969,35,Cincinnati,https://www.basketball-reference.com/players/b/blounco01.html,blounco01,1969,35,10
Jon Brockman,Jon Brockman,2010,2012,F,7-Jun,255,3/20/1987,20/3/1987,1987,25,Washington,https://www.basketball-reference.com/players/b/brockjo01.html,brockjo01,1987,25,2
Jon Koncak,Jon Koncak,1986,1996,C-F,Jul-00,250,5/17/1963,17/5/1963,1963,33,SMU,https://www.basketball-reference.com/players/k/koncajo01.html,koncajo01,1963,33,10
Jon Leuer,Jon Leuer,2012,2019,F,10-Jun,228,5/14/1989,14/5/1989,1989,30,Wisconsin,https://www.basketball-reference.com/players/l/leuerjo01.html,leuerjo01,1989,30,7
Jon McGlocklin,Jon McGlocklin,1966,1976,G-F,5-Jun,205,6/10/1943,10/6/1943,1943,33,Indiana,https://www.basketball-reference.com/players/m/mcglojo01.html,mcglojo01,1943,33,10
Jon Sundvold,Jon Sundvold,1984,1992,G,2-Jun,170,7/2/1961,2/7/1961,1961,31,Missouri,https://www.basketball-reference.com/players/s/sundvjo01.html,sundvjo01,1961,31,8
Jon Teske,Jon Teske,2022,2022,C,1-Jul,265,5/4/1997,4/5/1997,1997,25,Michigan,https://www.basketball-reference.com/players/t/teskejo01.html,teskejo01,1997,25,0
Jonah Bolden,Jonah Bolden,2019,2020,F,8-Jun,220,1/2/1996,2/1/1996,1996,24,UCLA,https://www.basketball-reference.com/players/b/boldejo01.html,boldejo01,1996,24,1
Jonas Jerebko,Jonas Jerebko,2010,2019,F,10-Jun,231,3/2/1987,2/3/1987,1987,32,,https://www.basketball-reference.com/players/j/jerebjo01.html,jerebjo01,1987,32,9
Jonas Valančiūnas,Jonas Valančiūnas,2013,2025,C,11-Jun,265,5/6/1992,6/5/1992,1992,33,,https://www.basketball-reference.com/players/v/valanjo01.html,valanjo01,1992,33,12
Jonathan Bender,Jonathan Bender,2000,2010,F,11-Jun,202,1/30/1981,30/1/1981,1981,29,,https://www.basketball-reference.com/players/b/bendejo01.html,bendejo01,1981,29,10
Jonathan Gibson,Jonathan Gibson,2017,2018,G,2-Jun,185,11/8/1987,8/11/1987,1987,31,New Mexico State,https://www.basketball-reference.com/players/g/gibsojo01.html,gibsojo01,1987,31,1
Jonathan Isaac,Jonathan Isaac,2018,2025,F,10-Jun,230,10/3/1997,3/10/1997,1997,28,Florida State,https://www.basketball-reference.com/players/i/isaacjo01.html,isaacjo01,1997,28,7
Jonathan Kerner,Jonathan Kerner,1999,1999,C,11-Jun,245,6/6/1974,6/6/1974,1974,25,"Florida State, East Carolina University",https://www.basketball-reference.com/players/k/kernejo01.html,kernejo01,1974,25,0
Jonathan Kuminga,Jonathan Kuminga,2022,2025,F,8-Jun,210,10/6/2002,6/10/2002,2002,23,,https://www.basketball-reference.com/players/k/kuminjo01.html,kuminjo01,2002,23,3
Jonathan Mogbo,Jonathan Mogbo,2025,2025,F,9-Jun,225,10/29/2001,29/10/2001,2001,24,"Missouri State, San Francisco",https://www.basketball-reference.com/players/m/mogbojo01.html,mogbojo01,2001,24,0
Jonathon Simmons,Jonathon Simmons,2016,2019,G-F,6-Jun,195,9/14/1989,14/9/1989,1989,30,Houston,https://www.basketball-reference.com/players/s/simmojo02.html,simmojo02,1989,30,3
Jonny Flynn,Jonny Flynn,2010,2012,G,Jun-00,185,2/6/1989,6/2/1989,1989,23,Syracuse,https://www.basketball-reference.com/players/f/flynnjo01.html,flynnjo01,1989,23,2
Jontay Porter,Jontay Porter,2021,2024,F-C,11-Jun,240,11/15/1999,15/11/1999,1999,25,Missouri,https://www.basketball-reference.com/players/p/portejo01.html,portejo01,1999,25,3
Jordan Adams,Jordan Adams,2015,2016,G,5-Jun,209,7/8/1994,8/7/1994,1994,22,UCLA,https://www.basketball-reference.com/players/a/adamsjo01.html,adamsjo01,1994,22,1
Jordan Bell,Jordan Bell,2018,2022,F,8-Jun,216,1/7/1995,7/1/1995,1995,27,Oregon,https://www.basketball-reference.com/players/b/belljo01.html,belljo01,1995,27,4
Jordan Bone,Jordan Bone,2020,2021,G,2-Jun,180,11/5/1997,5/11/1997,1997,24,Tennessee,https://www.basketball-reference.com/players/b/bonejo01.html,bonejo01,1997,24,1
Jordan Clarkson,Jordan Clarkson,2015,2025,G,3-Jun,194,6/7/1992,7/6/1992,1992,33,"Tulsa, Missouri",https://www.basketball-reference.com/players/c/clarkjo01.html,clarkjo01,1992,33,10
Jordan Crawford,Jordan Crawford,2011,2018,G,4-Jun,195,10/23/1988,23/10/1988,1988,30,"Indiana, Xavier",https://www.basketball-reference.com/players/c/crawfjo02.html,crawfjo02,1988,30,7
Jordan Farmar,Jordan Farmar,2007,2017,G,2-Jun,180,11/30/1986,30/11/1986,1986,31,UCLA,https://www.basketball-reference.com/players/f/farmajo01.html,farmajo01,1986,31,10
Jordan Ford,Jordan Ford,2024,2024,G,1-Jun,175,5/26/1998,26/5/1998,1998,26,Saint Mary's,https://www.basketball-reference.com/players/f/fordjo01.html,fordjo01,1998,26,0
Jordan Goodwin,Jordan Goodwin,2022,2024,G,3-Jun,200,10/23/1998,23/10/1998,1998,26,Saint Louis,https://www.basketball-reference.com/players/g/goodwjo01.html,goodwjo01,1998,26,2
Jordan Hall,Jordan Hall,2023,2023,G-F,7-Jun,215,1/14/2002,14/1/2002,2002,21,Saint Joseph's,https://www.basketball-reference.com/players/h/halljo02.html,halljo02,2002,21,0
Jordan Hamilton,Jordan Hamilton,2012,2016,G-F,7-Jun,220,10/6/1990,6/10/1990,1990,26,Texas,https://www.basketball-reference.com/players/h/hamiljo02.html,hamiljo02,1990,26,4
Jordan Hawkins,Jordan Hawkins,2024,2025,G,5-Jun,195,4/29/2002,29/4/2002,2002,23,UConn,https://www.basketball-reference.com/players/h/hawkijo01.html,hawkijo01,2002,23,1
Jordan Hill,Jordan Hill,2010,2017,C-F,10-Jun,235,7/27/1987,27/7/1987,1987,30,Arizona,https://www.basketball-reference.com/players/h/hilljo01.html,hilljo01,1987,30,7
Jordan Loyd,Jordan Loyd,2019,2019,G,4-Jun,210,7/27/1993,27/7/1993,1993,26,"Furman University, University of Indianapolis",https://www.basketball-reference.com/players/l/loydjo01.html,loydjo01,1993,26,0
Jordan McLaughlin,Jordan McLaughlin,2020,2025,G,Jun-00,185,4/9/1996,9/4/1996,1996,29,USC,https://www.basketball-reference.com/players/m/mclaujo01.html,mclaujo01,1996,29,5
Jordan McRae,Jordan McRae,2016,2020,G,5-Jun,179,3/28/1991,28/3/1991,1991,29,Tennessee,https://www.basketball-reference.com/players/m/mcraejo01.html,mcraejo01,1991,29,4
Jordan Mickey,Jordan Mickey,2016,2018,F,8-Jun,235,7/9/1994,9/7/1994,1994,24,LSU,https://www.basketball-reference.com/players/m/mickejo01.html,mickejo01,1994,24,2
Jordan Miller,Jordan Miller,2024,2025,G,7-Jun,195,1/23/2000,23/1/2000,2000,25,"George Mason, Miami (FL)",https://www.basketball-reference.com/players/m/millejo02.html,millejo02,2000,25,1
Jordan Nwora,Jordan Nwora,2021,2024,F,8-Jun,225,9/9/1998,9/9/1998,1998,26,Louisville,https://www.basketball-reference.com/players/n/nworajo01.html,nworajo01,1998,26,3
Jordan Poole,Jordan Poole,2020,2025,G,4-Jun,194,6/19/1999,19/6/1999,1999,26,Michigan,https://www.basketball-reference.com/players/p/poolejo01.html,poolejo01,1999,26,5
Jordan Schakel,Jordan Schakel,2022,2023,F,6-Jun,200,6/13/1998,13/6/1998,1998,25,San Diego State,https://www.basketball-reference.com/players/s/schakjo01.html,schakjo01,1998,25,1
Jordan Sibert,Jordan Sibert,2019,2019,G,4-Jun,187,8/1/1992,1/8/1992,1992,27,"Ohio State, Dayton",https://www.basketball-reference.com/players/s/siberjo01.html,siberjo01,1992,27,0
Jordan Walsh,Jordan Walsh,2024,2025,G-F,7-Jun,205,3/3/2004,3/3/2004,2004,21,Arkansas,https://www.basketball-reference.com/players/w/walshjo01.html,walshjo01,2004,21,1
Jordan Williams,Jordan Williams,2012,2012,F,10-Jun,260,10/11/1990,11/10/1990,1990,22,Maryland,https://www.basketball-reference.com/players/w/willijo03.html,willijo03,1990,22,0
Jorge Garbajosa,Jorge Garbajosa,2007,2008,F,9-Jun,245,12/19/1977,19/12/1977,1977,31,,https://www.basketball-reference.com/players/g/garbajo01.html,garbajo01,1977,31,1
Jorge Gutiérrez,Jorge Gutiérrez,2014,2016,G,3-Jun,191,12/27/1988,27/12/1988,1988,28,California,https://www.basketball-reference.com/players/g/gutiejo01.html,gutiejo01,1988,28,2
Courtney Lee,Courtney Lee,2009,2020,G,5-Jun,215,10/3/1985,3/10/1985,1985,35,Western Kentucky,https://www.basketball-reference.com/players/l/leeco01.html,leeco01,1985,35,11
José Ortiz,José Ortiz,1989,1990,F,10-Jun,225,10/25/1963,25/10/1963,1963,27,Oregon State,https://www.basketball-reference.com/players/o/ortizjo01.html,ortizjo01,1963,27,1
Jose Alvarado,Jose Alvarado,2022,2025,G,Jun-00,179,4/12/1998,12/4/1998,1998,27,Georgia Tech,https://www.basketball-reference.com/players/a/alvarjo01.html,alvarjo01,1998,27,3
Jose Slaughter,Jose Slaughter,1983,1983,G,5-Jun,205,9/9/1960,9/9/1960,1960,23,University of Portland,https://www.basketball-reference.com/players/s/slaugjo01.html,slaugjo01,1960,23,0
Joseph Forte,Joseph Forte,2002,2003,G,4-Jun,194,3/23/1981,23/3/1981,1981,22,UNC,https://www.basketball-reference.com/players/f/fortejo01.html,fortejo01,1981,22,1
Josh Akognon,Josh Akognon,2013,2013,G,11-May,185,2/10/1986,10/2/1986,1986,27,"Washington State, Cal State Fullerton",https://www.basketball-reference.com/players/a/akognjo01.html,akognjo01,1986,27,0
Josh Boone,Josh Boone,2007,2010,F-C,10-Jun,237,11/21/1984,21/11/1984,1984,26,UConn,https://www.basketball-reference.com/players/b/boonejo01.html,boonejo01,1984,26,3
Josh Childress,Josh Childress,2005,2014,G-F,8-Jun,210,6/20/1983,20/6/1983,1983,31,Stanford,https://www.basketball-reference.com/players/c/childjo01.html,childjo01,1983,31,9
Josh Christopher,Josh Christopher,2022,2025,G,5-Jun,215,12/8/2001,8/12/2001,2001,24,Arizona State,https://www.basketball-reference.com/players/c/chrisjo01.html,chrisjo01,2001,24,3
Josh Davis,Josh Davis,2004,2012,F,8-Jun,235,8/10/1980,10/8/1980,1980,32,Wyoming,https://www.basketball-reference.com/players/d/davisjo02.html,davisjo02,1980,32,8
Josh Giddey,Josh Giddey,2022,2025,G,8-Jun,210,10/10/2002,10/10/2002,2002,23,,https://www.basketball-reference.com/players/g/giddejo01.html,giddejo01,2002,23,3
Josh Grant,Josh Grant,1994,1994,F,9-Jun,223,8/7/1967,7/8/1967,1967,27,Utah,https://www.basketball-reference.com/players/g/grantjo01.html,grantjo01,1967,27,0
Josh Gray,Josh Gray,2018,2020,G,Jun-00,180,9/9/1993,9/9/1993,1993,27,LSU,https://www.basketball-reference.com/players/g/grayjo01.html,grayjo01,1993,27,2
Josh Green,Josh Green,2021,2025,G-F,5-Jun,200,11/16/2000,16/11/2000,2000,25,Arizona,https://www.basketball-reference.com/players/g/greenjo02.html,greenjo02,2000,25,4
Josh Hall,Josh Hall,2021,2021,F,9-Jun,190,10/8/2000,8/10/2000,2000,21,,https://www.basketball-reference.com/players/h/halljo01.html,halljo01,2000,21,0
Josh Harrellson,Josh Harrellson,2012,2014,C,10-Jun,275,2/12/1989,12/2/1989,1989,25,Kentucky,https://www.basketball-reference.com/players/h/harrejo01.html,harrejo01,1989,25,2
Josh Hart,Josh Hart,2018,2025,G,4-Jun,215,3/6/1995,6/3/1995,1995,30,Villanova,https://www.basketball-reference.com/players/h/hartjo01.html,hartjo01,1995,30,7
Josh Howard,Josh Howard,2004,2013,F-G,7-Jun,210,4/28/1980,28/4/1980,1980,33,Wake Forest,https://www.basketball-reference.com/players/h/howarjo01.html,howarjo01,1980,33,9
Josh Huestis,Josh Huestis,2016,2018,F,7-Jun,230,12/19/1991,19/12/1991,1991,27,Stanford,https://www.basketball-reference.com/players/h/huestjo01.html,huestjo01,1991,27,2
Josh Jackson,Josh Jackson,2018,2022,F-G,8-Jun,207,2/10/1997,10/2/1997,1997,25,Kansas,https://www.basketball-reference.com/players/j/jacksjo02.html,jacksjo02,1997,25,4
Josh Magette,Josh Magette,2018,2020,G,1-Jun,160,11/28/1989,28/11/1989,1989,31,Alabama-Huntsville,https://www.basketball-reference.com/players/m/magetjo01.html,magetjo01,1989,31,2
Josh McRoberts,Josh McRoberts,2008,2018,F-C,10-Jun,240,2/28/1987,28/2/1987,1987,31,Duke,https://www.basketball-reference.com/players/m/mcrobjo01.html,mcrobjo01,1987,31,10
Josh Minott,Josh Minott,2023,2025,F,8-Jun,205,11/25/2002,25/11/2002,2002,23,Memphis,https://www.basketball-reference.com/players/m/minotjo01.html,minotjo01,2002,23,2
Josh Okogie,Josh Okogie,2019,2025,G,4-Jun,213,9/1/1998,1/9/1998,1998,27,Georgia Tech,https://www.basketball-reference.com/players/o/okogijo01.html,okogijo01,1998,27,6
Josh Powell,Josh Powell,2006,2014,F,9-Jun,225,1/25/1983,25/1/1983,1983,31,NC State,https://www.basketball-reference.com/players/p/poweljo01.html,poweljo01,1983,31,8
Josh Reaves,Josh Reaves,2020,2020,G,4-Jun,214,6/4/1997,4/6/1997,1997,23,Penn State,https://www.basketball-reference.com/players/r/reavejo02.html,reavejo02,1997,23,0
Josh Richardson,Josh Richardson,2016,2025,G,5-Jun,200,9/15/1993,15/9/1993,1993,32,Tennessee,https://www.basketball-reference.com/players/r/richajo01.html,richajo01,1993,32,9
Josh Selby,Josh Selby,2012,2013,G,2-Jun,183,3/27/1991,27/3/1991,1991,22,Kansas,https://www.basketball-reference.com/players/s/selbyjo01.html,selbyjo01,1991,22,1
Josh Smith,Josh Smith,2005,2018,F,9-Jun,225,12/5/1985,5/12/1985,1985,33,,https://www.basketball-reference.com/players/s/smithjo03.html,smithjo03,1985,33,13
Joshua Primo,Joshua Primo,2022,2024,G,6-Jun,190,12/24/2002,24/12/2002,2002,22,Alabama,https://www.basketball-reference.com/players/p/primojo01.html,primojo01,2002,22,2
D.J. Augustin,D.J. Augustin,2009,2022,G,11-May,183,11/10/1987,10/11/1987,1987,35,Texas,https://www.basketball-reference.com/players/a/augusdj01.html,augusdj01,1987,35,13
JT Thor,JT Thor,2022,2025,F,10-Jun,205,8/26/2002,26/8/2002,2002,23,Auburn,https://www.basketball-reference.com/players/t/thorjt01.html,thorjt01,2002,23,3
Juan Carlos Navarro,Juan Carlos Navarro,2008,2008,G,3-Jun,170,6/13/1980,13/6/1980,1980,28,,https://www.basketball-reference.com/players/n/navarju01.html,navarju01,1980,28,0
Juan Dixon,Juan Dixon,2003,2009,G,3-Jun,164,10/9/1978,9/10/1978,1978,31,Maryland,https://www.basketball-reference.com/players/d/dixonju01.html,dixonju01,1978,31,6
Juan Toscano-Anderson,Juan Toscano-Anderson,2020,2024,F,6-Jun,209,4/10/1993,10/4/1993,1993,31,Marquette,https://www.basketball-reference.com/players/t/toscaju01.html,toscaju01,1993,31,4
Juancho Hernangómez,Juancho Hernangómez,2017,2023,F,9-Jun,214,9/28/1995,28/9/1995,1995,28,,https://www.basketball-reference.com/players/h/hernaju01.html,hernaju01,1995,28,6
Juaquin Hawkins,Juaquin Hawkins,2003,2003,G-F,7-Jun,220,7/2/1973,2/7/1973,1973,30,Cal State Long Beach,https://www.basketball-reference.com/players/h/hawkiju01.html,hawkiju01,1973,30,0
Damian Lillard,Damian Lillard,2013,2025,G,2-Jun,195,7/15/1990,15/7/1990,1990,35,Weber State,https://www.basketball-reference.com/players/l/lillada01.html,lillada01,1990,35,12
Jules Bernard,Jules Bernard,2024,2024,F,7-Jun,210,1/21/2000,21/1/2000,2000,24,UCLA,https://www.basketball-reference.com/players/b/bernaju01.html,bernaju01,2000,24,0
Julian Champagnie,Julian Champagnie,2023,2025,F,8-Jun,220,6/29/2001,29/6/2001,2001,24,St. John's,https://www.basketball-reference.com/players/c/champju02.html,champju02,2001,24,2
Julian Hammond,Julian Hammond,1968,1972,F,5-Jun,205,5/27/1943,27/5/1943,1943,29,Tulsa,https://www.basketball-reference.com/players/h/hammoju01.html,hammoju01,1943,29,4
Julian Phillips,Julian Phillips,2024,2025,F,8-Jun,198,11/5/2003,5/11/2003,2003,22,Tennessee,https://www.basketball-reference.com/players/p/phillju01.html,phillju01,2003,22,1
Julian Strawther,Julian Strawther,2024,2025,F,7-Jun,205,4/18/2002,18/4/2002,2002,23,Gonzaga,https://www.basketball-reference.com/players/s/strawju01.html,strawju01,2002,23,1
Julian Washburn,Julian Washburn,2019,2019,F,8-Jun,210,12/18/1991,18/12/1991,1991,28,Texas-El Paso,https://www.basketball-reference.com/players/w/washbju01.html,washbju01,1991,28,0
Julian Wright,Julian Wright,2008,2011,F,8-Jun,225,5/20/1987,20/5/1987,1987,24,Kansas,https://www.basketball-reference.com/players/w/wrighju01.html,wrighju01,1987,24,3
Damon Stoudamire,Damon Stoudamire,1996,2008,G,10-May,171,9/3/1973,3/9/1973,1973,35,Arizona,https://www.basketball-reference.com/players/s/stoudda01.html,stoudda01,1973,35,12
Julius Hodge,Julius Hodge,2006,2007,G,7-Jun,210,11/18/1983,18/11/1983,1983,24,NC State,https://www.basketball-reference.com/players/h/hodgeju01.html,hodgeju01,1983,24,1
Julius Keye,Julius Keye,1970,1975,F-C,10-Jun,200,9/5/1946,5/9/1946,1946,29,"South Carolina State, Alcorn State",https://www.basketball-reference.com/players/k/keyeju01.html,keyeju01,1946,29,5
Julius Nwosu,Julius Nwosu,1995,1995,C,10-Jun,255,5/1/1971,1/5/1971,1971,24,Liberty,https://www.basketball-reference.com/players/n/nwosuju01.html,nwosuju01,1971,24,0
Julius Randle,Julius Randle,2015,2025,F-C,9-Jun,250,11/29/1994,29/11/1994,1994,31,Kentucky,https://www.basketball-reference.com/players/r/randlju01.html,randlju01,1994,31,10
Julyan Stone,Julyan Stone,2012,2018,G,6-Jun,200,12/7/1988,7/12/1988,1988,30,Texas-El Paso,https://www.basketball-reference.com/players/s/stoneju01.html,stoneju01,1988,30,6
Jumaine Jones,Jumaine Jones,2000,2007,F,8-Jun,218,2/10/1979,10/2/1979,1979,28,Georgia,https://www.basketball-reference.com/players/j/jonesju01.html,jonesju01,1979,28,7
Darren Collison,Darren Collison,2010,2022,G,Jun-00,175,8/23/1987,23/8/1987,1987,35,UCLA,https://www.basketball-reference.com/players/c/collida01.html,collida01,1987,35,12
Junior Burrough,Junior Burrough,1996,1996,F,8-Jun,242,1/18/1973,18/1/1973,1973,23,Virginia,https://www.basketball-reference.com/players/b/burroju01.html,burroju01,1973,23,0
Junior Harrington,Junior Harrington,2003,2007,G,4-Jun,180,10/2/1980,2/10/1980,1980,27,Wingate University,https://www.basketball-reference.com/players/h/harriju01.html,harriju01,1980,27,4
Justin Anderson,Justin Anderson,2016,2022,G,6-Jun,230,11/19/1993,19/11/1993,1993,29,Virginia,https://www.basketball-reference.com/players/a/anderju01.html,anderju01,1993,29,6
Justin Champagnie,Justin Champagnie,2022,2025,F,6-Jun,200,6/29/2001,29/6/2001,2001,24,Pitt,https://www.basketball-reference.com/players/c/champju01.html,champju01,2001,24,3
Justin Dentmon,Justin Dentmon,2012,2013,G,11-May,185,9/5/1985,5/9/1985,1985,28,Washington,https://www.basketball-reference.com/players/d/dentmju01.html,dentmju01,1985,28,1
Justin Edwards,Justin Edwards,2025,2025,G,6-Jun,203,12/16/2003,16/12/2003,2003,22,Kentucky,https://www.basketball-reference.com/players/e/edwarju01.html,edwarju01,2003,22,0
Justin Hamilton,Justin Hamilton,2014,2017,C,Jul-00,260,4/1/1990,1/4/1990,1990,27,"Iowa State, LSU",https://www.basketball-reference.com/players/h/hamilju01.html,hamilju01,1990,27,3
Justin Harper,Justin Harper,2012,2017,F,10-Jun,225,8/30/1989,30/8/1989,1989,28,Richmond,https://www.basketball-reference.com/players/h/harpeju01.html,harpeju01,1989,28,5
Dave Bing*,Dave Bing,1967,1978,G,3-Jun,180,11/24/1943,24/11/1943,1943,35,Syracuse,https://www.basketball-reference.com/players/b/bingda01.html,bingda01,1943,35,11
Justin Jackson,Justin Jackson,2018,2024,G-F,8-Jun,220,3/28/1995,28/3/1995,1995,29,UNC,https://www.basketball-reference.com/players/j/jacksju01.html,jacksju01,1995,29,6
Justin James,Justin James,2020,2021,G,7-Jun,190,1/24/1997,24/1/1997,1997,24,Wyoming,https://www.basketball-reference.com/players/j/jamesju01.html,jamesju01,1997,24,1
Justin Minaya,Justin Minaya,2023,2025,F,5-Jun,210,3/26/1999,26/3/1999,1999,26,,https://www.basketball-reference.com/players/m/minayju01.html,minayju01,1999,26,2
Justin Patton,Justin Patton,2018,2021,C,11-Jun,241,6/14/1997,14/6/1997,1997,24,Creighton,https://www.basketball-reference.com/players/p/pattoju01.html,pattoju01,1997,24,3
Justin Reed,Justin Reed,2005,2007,F,8-Jun,240,1/16/1982,16/1/1982,1982,25,Ole Miss,https://www.basketball-reference.com/players/r/reedju01.html,reedju01,1982,25,2
Justin Robinson,Justin Robinson,2020,2022,G,1-Jun,195,10/12/1997,12/10/1997,1997,25,Virginia Tech,https://www.basketball-reference.com/players/r/robinju01.html,robinju01,1997,25,2
Justin Williams,Justin Williams,2007,2008,F,10-Jun,225,5/12/1984,12/5/1984,1984,24,Wyoming,https://www.basketball-reference.com/players/w/williju01.html,williju01,1984,24,1
Justin Wright-Foreman,Justin Wright-Foreman,2020,2020,G,Jun-00,190,10/27/1997,27/10/1997,1997,23,Hofstra,https://www.basketball-reference.com/players/w/wrighju02.html,wrighju02,1997,23,0
Justise Winslow,Justise Winslow,2016,2023,F,6-Jun,222,3/26/1996,26/3/1996,1996,27,Duke,https://www.basketball-reference.com/players/w/winslju01.html,winslju01,1996,27,7
Justus Thigpen,Justus Thigpen,1970,1974,G,1-Jun,160,8/13/1947,13/8/1947,1947,27,"Mott Community College, Weber State",https://www.basketball-reference.com/players/t/thigpju01.html,thigpju01,1947,27,4
Jusuf Nurkić,Jusuf Nurkić,2015,2025,C,Jul-00,290,8/23/1994,23/8/1994,1994,31,,https://www.basketball-reference.com/players/n/nurkiju01.html,nurkiju01,1994,31,10
Dave Corzine,Dave Corzine,1979,1991,C,11-Jun,250,4/25/1956,25/4/1956,1956,35,DePaul,https://www.basketball-reference.com/players/c/corzida01.html,corzida01,1956,35,12
Juwan Morgan,Juwan Morgan,2020,2022,F,7-Jun,232,4/17/1997,17/4/1997,1997,25,Indiana,https://www.basketball-reference.com/players/m/morgaju01.html,morgaju01,1997,25,2
Dave Cowens*,Dave Cowens,1971,1983,C-F,9-Jun,230,10/25/1948,25/10/1948,1948,35,Florida State,https://www.basketball-reference.com/players/c/cowenda01.html,cowenda01,1948,35,12
K.J. McDaniels,K.J. McDaniels,2015,2017,G-F,6-Jun,205,2/9/1993,9/2/1993,1993,24,Clemson,https://www.basketball-reference.com/players/m/mcdankj01.html,mcdankj01,1993,24,2
Kadeem Allen,Kadeem Allen,2018,2020,G,1-Jun,200,1/15/1993,15/1/1993,1993,27,Arizona,https://www.basketball-reference.com/players/a/allenka01.html,allenka01,1993,27,2
Kai Jones,Kai Jones,2022,2025,F-C,11-Jun,218,1/19/2001,19/1/2001,2001,24,Texas,https://www.basketball-reference.com/players/j/joneska01.html,joneska01,2001,24,3
Kaiser Gates,Kaiser Gates,2024,2024,F,8-Jun,217,11/8/1996,8/11/1996,1996,28,Xavier,https://www.basketball-reference.com/players/g/gateska01.html,gateska01,1996,28,0
Kalin Lucas,Kalin Lucas,2015,2019,G,1-Jun,195,5/24/1989,24/5/1989,1989,30,Michigan State,https://www.basketball-reference.com/players/l/lucaska01.html,lucaska01,1989,30,4
Kaniel Dickens,Kaniel Dickens,2004,2008,F,8-Jun,215,7/21/1978,21/7/1978,1978,30,"Tyler Junior College, Idaho",https://www.basketball-reference.com/players/d/dickeka01.html,dickeka01,1978,30,4
Kannard Johnson,Kannard Johnson,1988,1988,F,9-Jun,220,6/24/1965,24/6/1965,1965,23,Western Kentucky,https://www.basketball-reference.com/players/j/johnska01.html,johnska01,1965,23,0
Dave Robisch,Dave Robisch,1972,1984,C-F,10-Jun,235,12/22/1949,22/12/1949,1949,35,Kansas,https://www.basketball-reference.com/players/r/robisda01.html,robisda01,1949,35,12
Kareem Rush,Kareem Rush,2003,2010,G,6-Jun,215,10/30/1980,30/10/1980,1980,30,Missouri,https://www.basketball-reference.com/players/r/rushka01.html,rushka01,1980,30,7
Karim Mané,Karim Mané,2021,2021,G,3-Jun,190,5/16/2000,16/5/2000,2000,21,Vanier College,https://www.basketball-reference.com/players/m/maneka01.html,maneka01,2000,21,0
Dick Snyder,Dick Snyder,1967,1979,G-F,5-Jun,207,2/1/1944,1/2/1944,1944,35,Davidson,https://www.basketball-reference.com/players/s/snydedi01.html,snydedi01,1944,35,12
Karl-Anthony Towns,Karl-Anthony Towns,2016,2025,C-F,Jul-00,248,11/15/1995,15/11/1995,1995,30,Kentucky,https://www.basketball-reference.com/players/t/townska01.html,townska01,1995,30,9
Karlo Matković,Karlo Matković,2025,2025,F-C,11-Jun,231,3/30/2001,30/3/2001,2001,24,,https://www.basketball-reference.com/players/m/matkoka01.html,matkoka01,2001,24,0
Kasib Powell,Kasib Powell,2008,2008,F,7-Jun,215,3/18/1981,18/3/1981,1981,27,Texas Tech,https://www.basketball-reference.com/players/p/powelka01.html,powelka01,1981,27,0
Doc Rivers,Doc Rivers,1984,1996,G,4-Jun,185,10/13/1961,13/10/1961,1961,35,Marquette,https://www.basketball-reference.com/players/r/riverdo01.html,riverdo01,1961,35,12
Kay Felder,Kay Felder,2017,2018,G,9-May,176,3/29/1995,29/3/1995,1995,23,Oakland,https://www.basketball-reference.com/players/f/feldeka01.html,feldeka01,1995,23,1
Keaton Wallace,Keaton Wallace,2025,2025,G,3-Jun,195,2/26/1999,26/2/1999,1999,26,Texas-San Antonio,https://www.basketball-reference.com/players/w/wallake01.html,wallake01,1999,26,0
Kebu Stewart,Kebu Stewart,1998,1998,F,8-Jun,239,12/19/1973,19/12/1973,1973,25,"UNLV, Cal State-Bakersfield",https://www.basketball-reference.com/players/s/stewake01.html,stewake01,1973,25,0
Kedrick Brown,Kedrick Brown,2002,2005,G,7-Jun,222,3/18/1981,18/3/1981,1981,24,Okaloosa-Walton Community College,https://www.basketball-reference.com/players/b/brownke01.html,brownke01,1981,24,3
Keegan Murray,Keegan Murray,2023,2025,F,8-Jun,215,8/19/2000,19/8/2000,2000,25,Iowa,https://www.basketball-reference.com/players/m/murrake02.html,murrake02,2000,25,2
Keifer Sykes,Keifer Sykes,2022,2022,G,Jun-00,180,12/30/1993,30/12/1993,1993,29,Green Bay,https://www.basketball-reference.com/players/s/sykeske01.html,sykeske01,1993,29,0
Keita Bates-Diop,Keita Bates-Diop,2019,2024,F,8-Jun,229,1/23/1996,23/1/1996,1996,28,Ohio State,https://www.basketball-reference.com/players/b/bateske01.html,bateske01,1996,28,5
Keith Appling,Keith Appling,2016,2016,G,1-Jun,185,2/13/1992,13/2/1992,1992,24,Michigan State,https://www.basketball-reference.com/players/a/applike01.html,applike01,1992,24,0
Keith Askins,Keith Askins,1991,1999,G-F,7-Jun,197,12/15/1967,15/12/1967,1967,32,Alabama,https://www.basketball-reference.com/players/a/askinke01.html,askinke01,1967,32,8
Keith Benson,Keith Benson,2012,2012,C,11-Jun,240,8/13/1988,13/8/1988,1988,24,Oakland,https://www.basketball-reference.com/players/b/bensoke02.html,bensoke02,1988,24,0
Don Buse,Don Buse,1973,1985,G,4-Jun,190,8/10/1950,10/8/1950,1950,35,University of Evansville,https://www.basketball-reference.com/players/b/busedo01.html,busedo01,1950,35,12
Keith Booth,Keith Booth,1998,1999,F,6-Jun,226,10/9/1974,9/10/1974,1974,25,Maryland,https://www.basketball-reference.com/players/b/boothke01.html,boothke01,1974,25,1
Keith Closs,Keith Closs,1998,2000,C,3-Jul,212,4/3/1976,3/4/1976,1976,24,Central Connecticut State University,https://www.basketball-reference.com/players/c/closske01.html,closske01,1976,24,2
Keith Edmonson,Keith Edmonson,1983,1984,G,5-Jun,195,9/28/1960,28/9/1960,1960,24,Purdue,https://www.basketball-reference.com/players/e/edmonke01.html,edmonke01,1960,24,1
Keith Erickson,Keith Erickson,1966,1977,F-G,5-Jun,195,4/19/1944,19/4/1944,1944,33,UCLA,https://www.basketball-reference.com/players/e/erickke01.html,erickke01,1944,33,11
Keith Herron,Keith Herron,1979,1982,G-F,6-Jun,195,6/14/1956,14/6/1956,1956,26,Villanova,https://www.basketball-reference.com/players/h/herroke01.html,herroke01,1956,26,3
Keith Jennings,Keith Jennings,1993,1995,G,7-May,160,11/2/1968,2/11/1968,1968,27,East Tennessee State University,https://www.basketball-reference.com/players/j/jennike01.html,jennike01,1968,27,2
Keith Langford,Keith Langford,2008,2008,G,4-Jun,215,9/15/1983,15/9/1983,1983,25,Kansas,https://www.basketball-reference.com/players/l/langfke01.html,langfke01,1983,25,0
Keith Lee,Keith Lee,1986,1989,F-C,10-Jun,215,12/28/1962,28/12/1962,1962,27,Memphis,https://www.basketball-reference.com/players/l/leeke01.html,leeke01,1962,27,3
Keith McCord,Keith McCord,1981,1981,G,7-Jun,210,6/22/1957,22/6/1957,1957,24,"Alabama, UAB",https://www.basketball-reference.com/players/m/mccorke01.html,mccorke01,1957,24,0
Keith McLeod,Keith McLeod,2004,2007,G,2-Jun,188,11/5/1979,5/11/1979,1979,28,Bowling Green,https://www.basketball-reference.com/players/m/mcleoke01.html,mcleoke01,1979,28,3
Keith Owens,Keith Owens,1992,1992,F,7-Jun,225,5/31/1969,31/5/1969,1969,23,UCLA,https://www.basketball-reference.com/players/o/owenske01.html,owenske01,1969,23,0
Keith Smart,Keith Smart,1989,1989,G,1-Jun,175,9/21/1964,21/9/1964,1964,25,Indiana,https://www.basketball-reference.com/players/s/smartke01.html,smartke01,1964,25,0
Keith Smith,Keith Smith,1987,1987,G,3-Jun,180,3/9/1964,9/3/1964,1964,23,Loyola Marymount,https://www.basketball-reference.com/players/s/smithke03.html,smithke03,1964,23,0
Keith Starr,Keith Starr,1977,1977,G-F,6-Jun,190,3/14/1954,14/3/1954,1954,23,Pitt,https://www.basketball-reference.com/players/s/starrke01.html,starrke01,1954,23,0
Keith Swagerty,Keith Swagerty,1969,1970,F,7-Jun,235,10/30/1945,30/10/1945,1945,25,University of the Pacific,https://www.basketball-reference.com/players/s/swageke01.html,swageke01,1945,25,1
Keith Tower,Keith Tower,1994,1997,C-F,11-Jun,250,5/15/1970,15/5/1970,1970,27,Notre Dame,https://www.basketball-reference.com/players/t/towerke01.html,towerke01,1970,27,3
Keith Van Horn,Keith Van Horn,1998,2006,F,10-Jun,220,10/23/1975,23/10/1975,1975,31,Utah,https://www.basketball-reference.com/players/v/vanhoke01.html,vanhoke01,1975,31,8
Kelan Martin,Kelan Martin,2020,2022,F,5-Jun,230,8/3/1995,3/8/1995,1995,27,Butler,https://www.basketball-reference.com/players/m/martike03.html,martike03,1995,27,2
Keldon Johnson,Keldon Johnson,2020,2025,G,5-Jun,220,10/11/1999,11/10/1999,1999,26,Kentucky,https://www.basketball-reference.com/players/j/johnske04.html,johnske04,1999,26,5
Kel'el Ware,Kel'el Ware,2025,2025,C,Jul-00,230,4/20/2004,20/4/2004,2004,21,"Oregon, Indiana",https://www.basketball-reference.com/players/w/wareke01.html,wareke01,2004,21,0
Kelenna Azubuike,Kelenna Azubuike,2007,2012,G,5-Jun,220,12/16/1983,16/12/1983,1983,29,Kentucky,https://www.basketball-reference.com/players/a/azubuke01.html,azubuke01,1983,29,5
Keljin Blevins,Keljin Blevins,2021,2022,F,4-Jun,200,11/24/1995,24/11/1995,1995,27,"Southern Miss, Montana State",https://www.basketball-reference.com/players/b/blevike01.html,blevike01,1995,27,1
Kelly McCarty,Kelly McCarty,1999,1999,G-F,7-Jun,200,8/24/1975,24/8/1975,1975,24,Southern Miss,https://www.basketball-reference.com/players/m/mccarke01.html,mccarke01,1975,24,0
Doug Overton,Doug Overton,1993,2004,G,3-Jun,190,8/3/1969,3/8/1969,1969,35,La Salle,https://www.basketball-reference.com/players/o/overtdo01.html,overtdo01,1969,35,11
Kelly Oubre Jr.,Kelly Oubre Jr.,2016,2025,F,8-Jun,203,12/9/1995,9/12/1995,1995,30,Kansas,https://www.basketball-reference.com/players/o/oubreke01.html,oubreke01,1995,30,9
Kelly Tripucka,Kelly Tripucka,1982,1991,F-G,6-Jun,220,2/16/1959,16/2/1959,1959,32,Notre Dame,https://www.basketball-reference.com/players/t/tripuke01.html,tripuke01,1959,32,9
Kelvin Cato,Kelvin Cato,1998,2007,C,11-Jun,255,8/26/1974,26/8/1974,1974,33,"University of South Alabama, Iowa State",https://www.basketball-reference.com/players/c/catoke01.html,catoke01,1974,33,9
Kelvin Ransey,Kelvin Ransey,1981,1986,G,1-Jun,170,5/3/1958,3/5/1958,1958,28,Ohio State,https://www.basketball-reference.com/players/r/ranseke01.html,ranseke01,1958,28,5
Kelvin Upshaw,Kelvin Upshaw,1989,1991,G,2-Jun,180,1/24/1963,24/1/1963,1963,28,Utah,https://www.basketball-reference.com/players/u/upshake01.html,upshake01,1963,28,2
Kemba Walker,Kemba Walker,2012,2023,G,Jun-00,184,5/8/1990,8/5/1990,1990,33,UConn,https://www.basketball-reference.com/players/w/walkeke02.html,walkeke02,1990,33,11
Ken Austin,Ken Austin,1984,1984,F,9-Jun,205,7/15/1961,15/7/1961,1961,23,Rice University,https://www.basketball-reference.com/players/a/austike01.html,austike01,1961,23,0
Ken Bannister,Ken Bannister,1985,1991,F-C,9-Jun,235,4/1/1960,1/4/1960,1960,31,"Indiana State University, Saint Augustine's College",https://www.basketball-reference.com/players/b/bannike01.html,bannike01,1960,31,6
Ken Boyd,Ken Boyd,1975,1975,F,5-Jun,195,3/25/1952,25/3/1952,1952,23,Boston University,https://www.basketball-reference.com/players/b/boydke01.html,boydke01,1952,23,0
Ken Charles,Ken Charles,1974,1978,G,3-Jun,180,7/10/1951,10/7/1951,1951,27,Fordham,https://www.basketball-reference.com/players/c/charlke01.html,charlke01,1951,27,4
Ken Corley,Ken Corley,1947,1947,C,5-Jun,210,5/10/1920,10/5/1920,1920,27,University of Central Oklahoma,https://www.basketball-reference.com/players/c/corleke01.html,corleke01,1920,27,0
Ken Durrett,Ken Durrett,1972,1975,F,7-Jun,190,12/8/1948,8/12/1948,1948,27,La Salle,https://www.basketball-reference.com/players/d/durreke01.html,durreke01,1948,27,3
Ken Gardner,Ken Gardner,1976,1976,F,5-Jun,205,9/27/1949,27/9/1949,1949,27,Utah,https://www.basketball-reference.com/players/g/gardnke01.html,gardnke01,1949,27,0
Ken Green,Ken Green,1986,1986,F,8-Jun,215,9/19/1959,19/9/1959,1959,27,University of Texas Rio Grande Valley,https://www.basketball-reference.com/players/g/greenke01.html,greenke01,1959,27,0
Ken Johnson,Ken Johnson,1986,1986,F,8-Jun,240,11/7/1962,7/11/1962,1962,24,"USC, Michigan State",https://www.basketball-reference.com/players/j/johnske01.html,johnske01,1962,24,0
Ken Johnson,Ken Johnson,2003,2003,F-C,11-Jun,240,2/1/1978,1/2/1978,1978,25,Ohio State,https://www.basketball-reference.com/players/j/johnske03.html,johnske03,1978,25,0
Ken Keller,Ken Keller,1947,1947,G,1-Jun,180,8/16/1922,16/8/1922,1922,25,St. John's,https://www.basketball-reference.com/players/k/kelleke01.html,kelleke01,1922,25,0
Ken Mayfield,Ken Mayfield,1976,1976,G,2-Jun,185,5/11/1948,11/5/1948,1948,28,Tuskegee University,https://www.basketball-reference.com/players/m/mayfike01.html,mayfike01,1948,28,0
Ken McBride,Ken McBride,1955,1955,G-F,3-Jun,190,5/23/1929,23/5/1929,1929,26,University of Maryland Eastern Shore,https://www.basketball-reference.com/players/m/mcbrike01.html,mcbrike01,1929,26,0
Ken Menke,Ken Menke,1950,1950,G,Jun-00,168,10/2/1922,2/10/1922,1922,28,Illinois,https://www.basketball-reference.com/players/m/menkeke01.html,menkeke01,1922,28,0
Ken Murray,Ken Murray,1951,1955,G-F,2-Jun,190,4/20/1928,20/4/1928,1928,27,St. Bonaventure,https://www.basketball-reference.com/players/m/murrake01.html,murrake01,1928,27,4
Ken Norman,Ken Norman,1988,1997,F,8-Jun,215,9/5/1964,5/9/1964,1964,33,Illinois,https://www.basketball-reference.com/players/n/normake01.html,normake01,1964,33,9
Ken Rohloff,Ken Rohloff,1964,1964,G,Jun-00,195,4/18/1939,18/4/1939,1939,25,NC State,https://www.basketball-reference.com/players/r/rohloke01.html,rohloke01,1939,25,0
Ken Smith,Ken Smith,1976,1976,F,7-Jun,185,7/12/1953,12/7/1953,1953,23,"Lon Morris College, Tulsa",https://www.basketball-reference.com/players/s/smithke02.html,smithke02,1953,23,0
Ken Spain,Ken Spain,1971,1971,C,9-Jun,225,10/6/1946,6/10/1946,1946,25,Houston,https://www.basketball-reference.com/players/s/spainke01.html,spainke01,1946,25,0
Ken Wilburn,Ken Wilburn,1968,1969,F,6-Jun,195,6/8/1944,8/6/1944,1944,25,Central State University,https://www.basketball-reference.com/players/w/wilbuke01.html,wilbuke01,1944,25,1
Kendall Brown,Kendall Brown,2023,2024,G-F,8-Jun,205,5/11/2003,11/5/2003,2003,21,Baylor,https://www.basketball-reference.com/players/b/brownke03.html,brownke03,2003,21,1
Draymond Green,Draymond Green,2013,2025,F,6-Jun,230,3/4/1990,4/3/1990,1990,35,Michigan State,https://www.basketball-reference.com/players/g/greendr01.html,greendr01,1990,35,12
Kendall Marshall,Kendall Marshall,2013,2016,G,4-Jun,200,8/19/1991,19/8/1991,1991,25,UNC,https://www.basketball-reference.com/players/m/marshke01.html,marshke01,1991,25,3
Kendall Rhine,Kendall Rhine,1968,1969,C,10-Jun,230,2/13/1943,13/2/1943,1943,26,Rice University,https://www.basketball-reference.com/players/r/rhineke01.html,rhineke01,1943,26,1
Kendrick Nunn,Kendrick Nunn,2020,2023,G,2-Jun,190,8/3/1995,3/8/1995,1995,28,"Illinois, Oakland",https://www.basketball-reference.com/players/n/nunnke01.html,nunnke01,1995,28,3
Drew Gooden,Drew Gooden,2003,2016,F,10-Jun,250,9/24/1981,24/9/1981,1981,35,Kansas,https://www.basketball-reference.com/players/g/goodedr01.html,goodedr01,1981,35,13
Kennard Winchester,Kennard Winchester,1991,1993,G-F,5-Jun,210,9/3/1966,3/9/1966,1966,27,"James Madison University, Averett University",https://www.basketball-reference.com/players/w/winchke01.html,winchke01,1966,27,2
Kennedy Chandler,Kennedy Chandler,2023,2023,G,Jun-00,171,9/16/2002,16/9/2002,2002,21,Tennessee,https://www.basketball-reference.com/players/c/chandke01.html,chandke01,2002,21,0
Kenneth Faried,Kenneth Faried,2012,2019,F-C,8-Jun,220,11/19/1989,19/11/1989,1989,30,Morehead State University,https://www.basketball-reference.com/players/f/farieke01.html,farieke01,1989,30,7
Kenneth Lofton Jr.,Kenneth Lofton Jr.,2023,2024,F,7-Jun,275,8/14/2002,14/8/2002,2002,22,Louisiana Tech,https://www.basketball-reference.com/players/l/loftoke01.html,loftoke01,2002,22,1
Earl Watson,Earl Watson,2002,2014,G,1-Jun,195,6/12/1979,12/6/1979,1979,35,UCLA,https://www.basketball-reference.com/players/w/watsoea01.html,watsoea01,1979,35,12
Kenny Battle,Kenny Battle,1990,1993,F,6-Jun,210,10/10/1964,10/10/1964,1964,29,"Northern Illinois, Illinois",https://www.basketball-reference.com/players/b/battlke01.html,battlke01,1964,29,3
Kenny Carr,Kenny Carr,1978,1987,F,7-Jun,220,8/15/1955,15/8/1955,1955,32,NC State,https://www.basketball-reference.com/players/c/carrke01.html,carrke01,1955,32,9
Kenny Dennard,Kenny Dennard,1982,1984,F,8-Jun,220,10/18/1958,18/10/1958,1958,26,Duke,https://www.basketball-reference.com/players/d/dennake01.html,dennake01,1958,26,2
Kenny Fields,Kenny Fields,1985,1988,F-G,5-Jun,220,2/9/1962,9/2/1962,1962,26,UCLA,https://www.basketball-reference.com/players/f/fieldke01.html,fieldke01,1962,26,3
Kenny Gattison,Kenny Gattison,1987,1996,F-C,8-Jun,225,5/23/1964,23/5/1964,1964,32,Old Dominion,https://www.basketball-reference.com/players/g/gattike01.html,gattike01,1964,32,9
Kenny Green,Kenny Green,1986,1987,F,6-Jun,210,10/11/1964,11/10/1964,1964,23,Wake Forest,https://www.basketball-reference.com/players/g/greenke02.html,greenke02,1964,23,1
Kenny Higgs,Kenny Higgs,1979,1982,G,Jun-00,180,1/31/1955,31/1/1955,1955,27,LSU,https://www.basketball-reference.com/players/h/higgske01.html,higgske01,1955,27,3
Kenny McIntosh,Kenny McIntosh,1972,1975,F,7-Jun,225,1/21/1949,21/1/1949,1949,26,Eastern Michigan,https://www.basketball-reference.com/players/m/mcintke01.html,mcintke01,1949,26,3
Kenny Natt,Kenny Natt,1981,1985,G,3-Jun,185,10/5/1958,5/10/1958,1958,27,Louisiana-Monroe,https://www.basketball-reference.com/players/n/nattke01.html,nattke01,1958,27,4
Kenny Payne,Kenny Payne,1990,1993,F-G,8-Jun,195,11/25/1966,25/11/1966,1966,27,Louisville,https://www.basketball-reference.com/players/p/payneke01.html,payneke01,1966,27,3
Kenny Rollins,Kenny Rollins,1949,1953,G,Jun-00,168,9/14/1923,14/9/1923,1923,30,Kentucky,https://www.basketball-reference.com/players/r/rollike01.html,rollike01,1923,30,4
Kenny Sailors,Kenny Sailors,1947,1951,G,10-May,175,1/14/1921,14/1/1921,1921,30,Wyoming,https://www.basketball-reference.com/players/s/sailoke01.html,sailoke01,1921,30,4
Kenny Satterfield,Kenny Satterfield,2002,2003,G,2-Jun,186,4/10/1981,10/4/1981,1981,22,Cincinnati,https://www.basketball-reference.com/players/s/satteke01.html,satteke01,1981,22,1
Kenny Sears,Kenny Sears,1956,1964,F,9-Jun,198,8/17/1933,17/8/1933,1933,31,Santa Clara,https://www.basketball-reference.com/players/s/searske01.html,searske01,1933,31,8
Kenny Smith,Kenny Smith,1988,1997,G,3-Jun,170,3/8/1965,8/3/1965,1965,32,UNC,https://www.basketball-reference.com/players/s/smithke01.html,smithke01,1965,32,9
Kenny Thomas,Kenny Thomas,2000,2010,F,7-Jun,261,7/25/1977,25/7/1977,1977,33,New Mexico,https://www.basketball-reference.com/players/t/thomake01.html,thomake01,1977,33,10
Kenny Walker,Kenny Walker,1987,1995,F,8-Jun,210,8/18/1964,18/8/1964,1964,31,Kentucky,https://www.basketball-reference.com/players/w/walkeke01.html,walkeke01,1964,31,8
Kenny Williams,Kenny Williams,1991,1994,F,9-Jun,205,6/9/1969,9/6/1969,1969,25,"Barton County Community College, Elizabeth City State University",https://www.basketball-reference.com/players/w/willike03.html,willike03,1969,25,3
Kenrich Williams,Kenrich Williams,2019,2025,G-F,7-Jun,210,12/2/1994,2/12/1994,1994,31,TCU,https://www.basketball-reference.com/players/w/willike04.html,willike04,1994,31,6
Kent Bazemore,Kent Bazemore,2013,2022,G-F,4-Jun,195,7/1/1989,1/7/1989,1989,33,Old Dominion,https://www.basketball-reference.com/players/b/bazemke01.html,bazemke01,1989,33,9
Ed Sadowski,Ed Sadowski,1947,1950,C,5-Jun,240,7/11/1915,11/7/1915,1915,35,Seton Hall,https://www.basketball-reference.com/players/s/sadowed01.html,sadowed01,1915,35,3
Kentavious Caldwell-Pope,Kentavious Caldwell-Pope,2014,2025,G,5-Jun,204,2/18/1993,18/2/1993,1993,32,Georgia,https://www.basketball-reference.com/players/c/caldwke01.html,caldwke01,1993,32,11
Kenton Edelin,Kenton Edelin,1985,1985,F,8-Jun,205,5/24/1962,24/5/1962,1962,23,Virginia,https://www.basketball-reference.com/players/e/edelike01.html,edelike01,1962,23,0
Eldridge Recasner,Eldridge Recasner,1995,2002,G,3-Jun,190,12/14/1967,14/12/1967,1967,35,Washington,https://www.basketball-reference.com/players/r/recasel01.html,recasel01,1967,35,7
Keon Clark,Keon Clark,1999,2004,F-C,11-Jun,220,4/16/1975,16/4/1975,1975,29,"Irvine Valley College, Dixie State (UT), UNLV",https://www.basketball-reference.com/players/c/clarkke01.html,clarkke01,1975,29,5
Keon Ellis,Keon Ellis,2023,2025,G,6-Jun,175,1/8/2000,8/1/2000,2000,25,"Florida SouthWestern State College, Alabama",https://www.basketball-reference.com/players/e/elliske01.html,elliske01,2000,25,2
Keon Johnson,Keon Johnson,2022,2025,G,5-Jun,186,3/10/2002,10/3/2002,2002,23,Tennessee,https://www.basketball-reference.com/players/j/johnske07.html,johnske07,2002,23,3
Emanual Davis,Emanual Davis,1997,2003,G,4-Jun,195,8/27/1968,27/8/1968,1968,35,Delaware State University,https://www.basketball-reference.com/players/d/davisem01.html,davisem01,1968,35,6
Kerry Kittles,Kerry Kittles,1997,2005,G,5-Jun,179,6/12/1974,12/6/1974,1974,31,Villanova,https://www.basketball-reference.com/players/k/kittlke01.html,kittlke01,1974,31,8
Keshad Johnson,Keshad Johnson,2025,2025,F,6-Jun,225,6/23/2001,23/6/2001,2001,24,"San Diego State, Arizona",https://www.basketball-reference.com/players/j/johnske10.html,johnske10,2001,24,0
Kessler Edwards,Kessler Edwards,2022,2025,F,8-Jun,215,8/9/2000,9/8/2000,2000,25,Pepperdine,https://www.basketball-reference.com/players/e/edwarke02.html,edwarke02,2000,25,3
Kevin Brooks,Kevin Brooks,1992,1994,F,6-Jun,200,10/12/1969,12/10/1969,1969,25,Louisiana,https://www.basketball-reference.com/players/b/brookke01.html,brookke01,1969,25,2
Kevin Burleson,Kevin Burleson,2006,2006,G,3-Jun,205,9/4/1979,4/9/1979,1979,27,Minnesota,https://www.basketball-reference.com/players/b/burleke01.html,burleke01,1979,27,0
Kevin Duckworth,Kevin Duckworth,1987,1997,C,Jul-00,275,4/1/1964,1/4/1964,1964,33,Eastern Illinois University,https://www.basketball-reference.com/players/d/duckwke01.html,duckwke01,1964,33,10
Ennis Whatley,Ennis Whatley,1984,1997,G,3-Jun,177,8/11/1962,11/8/1962,1962,35,Alabama,https://www.basketball-reference.com/players/w/whatlen01.html,whatlen01,1962,35,13
Eric Snow,Eric Snow,1996,2008,G,3-Jun,190,4/24/1973,24/4/1973,1973,35,Michigan State,https://www.basketball-reference.com/players/s/snower01.html,snower01,1973,35,12
Kevin Gamble,Kevin Gamble,1988,1997,F-G,5-Jun,210,11/13/1965,13/11/1965,1965,32,Iowa,https://www.basketball-reference.com/players/g/gamblke01.html,gamblke01,1965,32,9
Eric Williams,Eric Williams,1996,2007,F,8-Jun,220,7/17/1972,17/7/1972,1972,35,"Vincennes University, Providence",https://www.basketball-reference.com/players/w/willier01.html,willier01,1972,35,11
Kevin Grevey,Kevin Grevey,1976,1985,G-F,5-Jun,210,5/12/1953,12/5/1953,1953,32,Kentucky,https://www.basketball-reference.com/players/g/greveke01.html,greveke01,1953,32,9
Kevin Henderson,Kevin Henderson,1987,1988,G,4-Jun,195,3/22/1964,22/3/1964,1964,24,Cal State Fullerton,https://www.basketball-reference.com/players/h/hendeke01.html,hendeke01,1964,24,1
Kevin Hervey,Kevin Hervey,2020,2020,F,9-Jun,230,7/9/1996,9/7/1996,1996,24,UT Arlington,https://www.basketball-reference.com/players/h/herveke01.html,herveke01,1996,24,0
Kevin Huerter,Kevin Huerter,2019,2025,G,7-Jun,190,8/27/1998,27/8/1998,1998,27,Maryland,https://www.basketball-reference.com/players/h/huertke01.html,huertke01,1998,27,6
George Lynch,George Lynch,1994,2005,F,8-Jun,218,9/3/1970,3/9/1970,1970,35,UNC,https://www.basketball-reference.com/players/l/lynchge01.html,lynchge01,1970,35,11
Kevin Jones,Kevin Jones,2013,2013,F,8-Jun,251,8/25/1989,25/8/1989,1989,24,West Virginia,https://www.basketball-reference.com/players/j/joneske01.html,joneske01,1989,24,0
Kevin Joyce,Kevin Joyce,1974,1976,G,3-Jun,190,6/27/1951,27/6/1951,1951,25,South Carolina,https://www.basketball-reference.com/players/j/joyceke01.html,joyceke01,1951,25,2
Kevin Knox,Kevin Knox,2019,2024,F,7-Jun,215,8/11/1999,11/8/1999,1999,25,Kentucky,https://www.basketball-reference.com/players/k/knoxke01.html,knoxke01,1999,25,5
Kevin Kunnert,Kevin Kunnert,1974,1982,C-F,Jul-00,230,11/11/1951,11/11/1951,1951,31,Iowa,https://www.basketball-reference.com/players/k/kunneke01.html,kunneke01,1951,31,8
Kevin Loder,Kevin Loder,1982,1984,F-G,6-Jun,205,3/15/1959,15/3/1959,1959,25,"Kentucky State University, Alabama State University",https://www.basketball-reference.com/players/l/loderke01.html,loderke01,1959,25,2
Kevin Loughery,Kevin Loughery,1963,1973,G,3-Jun,190,3/28/1940,28/3/1940,1940,33,"Boston College, St. John's",https://www.basketball-reference.com/players/l/loughke01.html,loughke01,1940,33,10
George McCloud,George McCloud,1990,2002,G-F,6-Jun,205,5/27/1967,27/5/1967,1967,35,Florida State,https://www.basketball-reference.com/players/m/mccloge01.html,mccloge01,1967,35,12
Kevin Lynch,Kevin Lynch,1992,1993,G-F,5-Jun,195,12/24/1968,24/12/1968,1968,25,Minnesota,https://www.basketball-reference.com/players/l/lynchke01.html,lynchke01,1968,25,1
Kevin Martin,Kevin Martin,2005,2016,G,7-Jun,199,2/1/1983,1/2/1983,1983,33,Western Carolina University,https://www.basketball-reference.com/players/m/martike02.html,martike02,1983,33,11
Greg Anthony,Greg Anthony,1992,2002,G,Jun-00,176,11/15/1967,15/11/1967,1967,35,"University of Portland, UNLV",https://www.basketball-reference.com/players/a/anthogr01.html,anthogr01,1967,35,10
Kevin McKenna,Kevin McKenna,1982,1988,G-F,5-Jun,195,1/8/1959,8/1/1959,1959,29,Creighton,https://www.basketball-reference.com/players/m/mckenke01.html,mckenke01,1959,29,6
Kevin Murphy,Kevin Murphy,2013,2013,G,5-Jun,185,3/6/1990,6/3/1990,1990,23,Tennessee Technological University,https://www.basketball-reference.com/players/m/murphke01.html,murphke01,1990,23,0
Greg Dreiling,Greg Dreiling,1987,1997,C,1-Jul,250,11/7/1962,7/11/1962,1962,35,"Wichita State, Kansas",https://www.basketball-reference.com/players/d/dreilgr01.html,dreilgr01,1962,35,10
Kevin O'Shea,Kevin O'Shea,1951,1953,G,2-Jun,175,7/10/1925,10/7/1925,1925,28,Notre Dame,https://www.basketball-reference.com/players/o/osheake01.html,osheake01,1925,28,2
Kevin Pangos,Kevin Pangos,2022,2022,G,2-Jun,179,1/26/1993,26/1/1993,1993,29,Gonzaga,https://www.basketball-reference.com/players/p/pangoke01.html,pangoke01,1993,29,0
Kevin Porter,Kevin Porter,1973,1983,G,Jun-00,170,4/17/1950,17/4/1950,1950,33,Saint Francis University,https://www.basketball-reference.com/players/p/porteke01.html,porteke01,1950,33,10
Kevin Porter Jr.,Kevin Porter Jr.,2020,2025,G,4-Jun,203,5/4/2000,4/5/2000,2000,25,USC,https://www.basketball-reference.com/players/p/porteke02.html,porteke02,2000,25,5
Kevin Pritchard,Kevin Pritchard,1991,1996,G,3-Jun,180,7/17/1967,17/7/1967,1967,29,Kansas,https://www.basketball-reference.com/players/p/pritcke01.html,pritcke01,1967,29,5
Kevin Restani,Kevin Restani,1975,1982,F-C,9-Jun,225,12/23/1951,23/12/1951,1951,31,San Francisco,https://www.basketball-reference.com/players/r/restake01.html,restake01,1951,31,7
Kevin Séraphin,Kevin Séraphin,2011,2017,F,9-Jun,285,12/7/1989,7/12/1989,1989,28,,https://www.basketball-reference.com/players/s/serapke01.html,serapke01,1989,28,6
Kevin Salvadori,Kevin Salvadori,1997,1998,C,Jul-00,231,12/30/1970,30/12/1970,1970,28,UNC,https://www.basketball-reference.com/players/s/salvake01.html,salvake01,1970,28,1
Kevin Stacom,Kevin Stacom,1975,1982,G,3-Jun,185,9/4/1951,4/9/1951,1951,31,"Holy Cross, Providence",https://www.basketball-reference.com/players/s/stacoke01.html,stacoke01,1951,31,7
Kevin Thompson,Kevin Thompson,1994,1994,C-F,11-Jun,260,2/7/1971,7/2/1971,1971,23,NC State,https://www.basketball-reference.com/players/t/thompke01.html,thompke01,1971,23,0
Kevin Williams,Kevin Williams,1984,1989,G,2-Jun,175,9/11/1961,11/9/1961,1961,28,"TCU, St. John's",https://www.basketball-reference.com/players/w/willike01.html,willike01,1961,28,5
Greg Foster,Greg Foster,1991,2003,F-C,11-Jun,240,10/3/1968,3/10/1968,1968,35,"UCLA, Texas-El Paso",https://www.basketball-reference.com/players/f/fostegr01.html,fostegr01,1968,35,12
Kevinn Pinkney,Kevinn Pinkney,2007,2007,F,10-Jun,245,10/20/1983,20/10/1983,1983,24,Nevada,https://www.basketball-reference.com/players/p/pinknke01.html,pinknke01,1983,24,0
Kevon Harris,Kevon Harris,2023,2024,G,5-Jun,216,6/24/1997,24/6/1997,1997,27,Stephen F. Austin,https://www.basketball-reference.com/players/h/harrike01.html,harrike01,1997,27,1
Kevon Looney,Kevon Looney,2016,2025,F-C,9-Jun,222,2/6/1996,6/2/1996,1996,29,UCLA,https://www.basketball-reference.com/players/l/looneke01.html,looneke01,1996,29,9
Keyon Dooling,Keyon Dooling,2001,2013,G,3-Jun,196,5/8/1980,8/5/1980,1980,33,Missouri,https://www.basketball-reference.com/players/d/doolike01.html,doolike01,1980,33,12
Keyontae Johnson,Keyontae Johnson,2024,2024,F,5-Jun,230,5/24/2000,24/5/2000,2000,24,"Florida, Kansas State",https://www.basketball-reference.com/players/j/johnske08.html,johnske08,2000,24,0
Keyonte George,Keyonte George,2024,2025,G,4-Jun,185,11/8/2003,8/11/2003,2003,22,Baylor,https://www.basketball-reference.com/players/g/georgke01.html,georgke01,2003,22,1
Khalid El-Amin,Khalid El-Amin,2001,2001,G,10-May,200,4/25/1979,25/4/1979,1979,22,UConn,https://www.basketball-reference.com/players/e/elamikh01.html,elamikh01,1979,22,0
Khalid Reeves,Khalid Reeves,1995,2000,G,3-Jun,199,7/15/1972,15/7/1972,1972,28,Arizona,https://www.basketball-reference.com/players/r/reevekh01.html,reevekh01,1972,28,5
Khem Birch,Khem Birch,2018,2023,C-F,9-Jun,233,9/28/1992,28/9/1992,1992,31,"Pitt, UNLV",https://www.basketball-reference.com/players/b/birchkh01.html,birchkh01,1992,31,5
Gus Johnson*,Gus Johnson,1964,1973,F-C,6-Jun,230,12/13/1938,13/12/1938,1938,35,"Boise State, Idaho",https://www.basketball-reference.com/players/j/johnsgu01.html,johnsgu01,1938,35,9
Khyri Thomas,Khyri Thomas,2019,2021,G,3-Jun,210,5/8/1996,8/5/1996,1996,25,Creighton,https://www.basketball-reference.com/players/t/thomakh01.html,thomakh01,1996,25,2
Guy Rodgers*,Guy Rodgers,1959,1970,G,Jun-00,185,9/1/1935,1/9/1935,1935,35,Temple,https://www.basketball-reference.com/players/r/rodgegu01.html,rodgegu01,1935,35,11
Killian Hayes,Killian Hayes,2021,2024,G,5-Jun,195,7/27/2001,27/7/2001,2001,23,,https://www.basketball-reference.com/players/h/hayeski01.html,hayeski01,2001,23,3
Killian Tillie,Killian Tillie,2021,2022,F,9-Jun,220,3/5/1998,5/3/1998,1998,24,Gonzaga,https://www.basketball-reference.com/players/t/tilliki02.html,tilliki02,1998,24,1
Kim Anderson,Kim Anderson,1979,1979,F,7-Jun,200,5/12/1955,12/5/1955,1955,24,Missouri,https://www.basketball-reference.com/players/a/anderki01.html,anderki01,1955,24,0
Kim English,Kim English,2013,2013,G,6-Jun,200,9/24/1988,24/9/1988,1988,25,Missouri,https://www.basketball-reference.com/players/e/engliki01.html,engliki01,1988,25,0
Kim Hughes,Kim Hughes,1976,1981,C,11-Jun,220,6/4/1952,4/6/1952,1952,29,Wisconsin,https://www.basketball-reference.com/players/h/hugheki01.html,hugheki01,1952,29,5
Kira Lewis Jr.,Kira Lewis Jr.,2021,2024,G,1-Jun,170,4/6/2001,6/4/2001,2001,23,Alabama,https://www.basketball-reference.com/players/l/lewiski01.html,lewiski01,2001,23,3
Kirk Haston,Kirk Haston,2002,2003,F,9-Jun,242,3/10/1979,10/3/1979,1979,24,Indiana,https://www.basketball-reference.com/players/h/hastoki01.html,hastoki01,1979,24,1
Hersey Hawkins,Hersey Hawkins,1989,2001,G,3-Jun,190,9/29/1966,29/9/1966,1966,35,Bradley,https://www.basketball-reference.com/players/h/hawkihe01.html,hawkihe01,1966,35,12
Kirk Penney,Kirk Penney,2004,2005,G,5-Jun,220,11/23/1980,23/11/1980,1980,25,Wisconsin,https://www.basketball-reference.com/players/p/penneki01.html,penneki01,1980,25,1
Kirk Snyder,Kirk Snyder,2005,2008,G,6-Jun,225,6/5/1983,5/6/1983,1983,25,Nevada,https://www.basketball-reference.com/players/s/snydeki01.html,snydeki01,1983,25,3
Kiwane Lemorris Garris,Kiwane Lemorris Garris,1998,2000,G,2-Jun,183,9/24/1974,24/9/1974,1974,26,Illinois,https://www.basketball-reference.com/players/g/garriki01.html,garriki01,1974,26,2
KJ Martin,KJ Martin,2021,2025,F,6-Jun,215,1/6/2001,6/1/2001,2001,24,,https://www.basketball-reference.com/players/m/martike04.html,martike04,2001,24,4
KJ Simpson,KJ Simpson,2025,2025,G,Jun-00,189,8/8/2002,8/8/2002,2002,23,Colorado,https://www.basketball-reference.com/players/s/simpskj01.html,simpskj01,2002,23,0
Isaiah Thomas,Isaiah Thomas,2012,2024,G,9-May,185,2/7/1989,7/2/1989,1989,35,Washington,https://www.basketball-reference.com/players/t/thomais02.html,thomais02,1989,35,12
Kleggie Hermsen,Kleggie Hermsen,1947,1953,C-F,9-Jun,225,3/12/1923,12/3/1923,1923,30,Minnesota,https://www.basketball-reference.com/players/h/hermskl01.html,hermskl01,1923,30,6
Kobe Brown,Kobe Brown,2024,2025,G-F,7-Jun,250,1/1/2000,1/1/2000,2000,25,Missouri,https://www.basketball-reference.com/players/b/brownko01.html,brownko01,2000,25,1
J.R. Smith,J.R. Smith,2005,2020,G-F,6-Jun,225,9/9/1985,9/9/1985,1985,35,North Carolina A&T,https://www.basketball-reference.com/players/s/smithjr01.html,smithjr01,1985,35,15
Kobe Bufkin,Kobe Bufkin,2024,2025,G,4-Jun,195,9/21/2003,21/9/2003,2003,22,Michigan,https://www.basketball-reference.com/players/b/bufkiko01.html,bufkiko01,2003,22,1
Kobi Simmons,Kobi Simmons,2018,2024,G,5-Jun,166,7/4/1997,4/7/1997,1997,27,Arizona,https://www.basketball-reference.com/players/s/simmoko01.html,simmoko01,1997,27,6
Korleone Young,Korleone Young,1999,1999,F,7-Jun,213,12/31/1978,31/12/1978,1978,21,,https://www.basketball-reference.com/players/y/youngko01.html,youngko01,1978,21,0
Kornél Dávid,Kornél Dávid,1999,2001,F,9-Jun,235,10/22/1971,22/10/1971,1971,30,,https://www.basketball-reference.com/players/d/davidko01.html,davidko01,1971,30,2
Kosta Koufos,Kosta Koufos,2009,2019,C,Jul-00,245,2/24/1989,24/2/1989,1989,30,Ohio State,https://www.basketball-reference.com/players/k/koufoko01.html,koufoko01,1989,30,10
Kosta Perović,Kosta Perović,2008,2008,C,2-Jul,240,2/19/1985,19/2/1985,1985,23,,https://www.basketball-reference.com/players/p/perovko01.html,perovko01,1985,23,0
Kostas Antetokounmpo,Kostas Antetokounmpo,2019,2021,F,10-Jun,200,11/20/1997,20/11/1997,1997,24,Dayton,https://www.basketball-reference.com/players/a/antetko01.html,antetko01,1997,24,2
Kostas Papanikolaou,Kostas Papanikolaou,2015,2016,F,8-Jun,225,7/31/1990,31/7/1990,1990,26,,https://www.basketball-reference.com/players/p/papanko01.html,papanko01,1990,26,1
Kris Dunn,Kris Dunn,2017,2025,G,3-Jun,205,3/18/1994,18/3/1994,1994,31,Providence,https://www.basketball-reference.com/players/d/dunnkr01.html,dunnkr01,1994,31,8
Kris Humphries,Kris Humphries,2005,2017,F-C,9-Jun,235,2/6/1985,6/2/1985,1985,32,Minnesota,https://www.basketball-reference.com/players/h/humphkr01.html,humphkr01,1985,32,12
Kris Joseph,Kris Joseph,2013,2013,F,7-Jun,210,12/17/1988,17/12/1988,1988,25,Syracuse,https://www.basketball-reference.com/players/j/josepkr01.html,josepkr01,1988,25,0
Kris Murray,Kris Murray,2024,2025,F,8-Jun,220,8/19/2000,19/8/2000,2000,25,Iowa,https://www.basketball-reference.com/players/m/murrakr01.html,murrakr01,2000,25,1
Kristaps Porziņģis,Kristaps Porziņģis,2016,2025,F-C,2-Jul,240,8/2/1995,2/8/1995,1995,30,,https://www.basketball-reference.com/players/p/porzikr01.html,porzikr01,1995,30,9
Kurk Lee,Kurk Lee,1991,1991,G,3-Jun,190,6/3/1967,3/6/1967,1967,24,"Western Kentucky, Towson University",https://www.basketball-reference.com/players/l/leeku01.html,leeku01,1967,24,0
Kurt Nimphius,Kurt Nimphius,1982,1990,C-F,10-Jun,218,3/13/1958,13/3/1958,1958,32,Arizona State,https://www.basketball-reference.com/players/n/nimphku01.html,nimphku01,1958,32,8
Jae Crowder,Jae Crowder,2013,2025,F,6-Jun,235,7/6/1990,6/7/1990,1990,35,Marquette,https://www.basketball-reference.com/players/c/crowdja01.html,crowdja01,1990,35,12
Jaren Jackson,Jaren Jackson,1990,2002,G-F,4-Jun,190,10/27/1967,27/10/1967,1967,35,Georgetown,https://www.basketball-reference.com/players/j/jacksja01.html,jacksja01,1967,35,12
Kwame Brown,Kwame Brown,2002,2013,F,11-Jun,270,3/10/1982,10/3/1982,1982,31,,https://www.basketball-reference.com/players/b/brownkw01.html,brownkw01,1982,31,11
Ky Bowman,Ky Bowman,2020,2020,G,1-Jun,187,6/16/1997,16/6/1997,1997,23,Boston College,https://www.basketball-reference.com/players/b/bowmaky01.html,bowmaky01,1997,23,0
Kyle Alexander,Kyle Alexander,2020,2020,F,11-Jun,220,10/21/1996,21/10/1996,1996,24,Tennessee,https://www.basketball-reference.com/players/a/alexaky01.html,alexaky01,1996,24,0
Kyle Anderson,Kyle Anderson,2015,2025,F-G,9-Jun,230,9/20/1993,20/9/1993,1993,32,UCLA,https://www.basketball-reference.com/players/a/anderky01.html,anderky01,1993,32,10
Kyle Collinsworth,Kyle Collinsworth,2018,2018,G-F,6-Jun,210,10/3/1991,3/10/1991,1991,27,BYU,https://www.basketball-reference.com/players/c/colliky01.html,colliky01,1991,27,0
Kyle Filipowski,Kyle Filipowski,2025,2025,F-C,11-Jun,250,11/7/2003,7/11/2003,2003,22,Duke,https://www.basketball-reference.com/players/f/filipky01.html,filipky01,2003,22,0
Kyle Guy,Kyle Guy,2020,2022,G,1-Jun,167,8/11/1997,11/8/1997,1997,25,Virginia,https://www.basketball-reference.com/players/g/guyky01.html,guyky01,1997,25,2
Jarrett Jack,Jarrett Jack,2006,2018,G,3-Jun,200,10/28/1983,28/10/1983,1983,35,Georgia Tech,https://www.basketball-reference.com/players/j/jackja01.html,jackja01,1983,35,12
Kyle Kuzma,Kyle Kuzma,2018,2025,F,9-Jun,221,7/24/1995,24/7/1995,1995,30,Utah,https://www.basketball-reference.com/players/k/kuzmaky01.html,kuzmaky01,1995,30,7
Jeff Foster,Jeff Foster,2000,2012,F-C,11-Jun,236,1/16/1977,16/1/1977,1977,35,Texas State University,https://www.basketball-reference.com/players/f/fosteje01.html,fosteje01,1977,35,12
Kyle Macy,Kyle Macy,1981,1987,G,3-Jun,175,4/9/1957,9/4/1957,1957,30,"Purdue, Kentucky",https://www.basketball-reference.com/players/m/macyky01.html,macyky01,1957,30,6
Kyle O'Quinn,Kyle O'Quinn,2013,2020,F-C,9-Jun,250,3/26/1990,26/3/1990,1990,30,Norfolk State,https://www.basketball-reference.com/players/o/oquinky01.html,oquinky01,1990,30,7
Kyle Singler,Kyle Singler,2013,2018,F,8-Jun,228,5/4/1988,4/5/1988,1988,30,Duke,https://www.basketball-reference.com/players/s/singlky01.html,singlky01,1988,30,5
Kyle Weaver,Kyle Weaver,2009,2011,G,6-Jun,201,2/18/1986,18/2/1986,1986,25,Washington State,https://www.basketball-reference.com/players/w/weaveky01.html,weaveky01,1986,25,2
Kyle Wiltjer,Kyle Wiltjer,2017,2017,F,10-Jun,240,10/20/1992,20/10/1992,1992,25,"Kentucky, Gonzaga",https://www.basketball-reference.com/players/w/wiltjky01.html,wiltjky01,1992,25,0
Kyrie Irving,Kyrie Irving,2012,2025,G,2-Jun,195,3/23/1992,23/3/1992,1992,33,Duke,https://www.basketball-reference.com/players/i/irvinky01.html,irvinky01,1992,33,13
Kyrylo Fesenko,Kyrylo Fesenko,2008,2012,C,1-Jul,288,12/24/1986,24/12/1986,1986,26,,https://www.basketball-reference.com/players/f/fesenky01.html,fesenky01,1986,26,4
Kyshawn George,Kyshawn George,2025,2025,G,7-Jun,200,12/12/2003,12/12/2003,2003,22,Miami (FL),https://www.basketball-reference.com/players/g/georgky01.html,georgky01,2003,22,0
KZ Okpala,KZ Okpala,2020,2023,F,8-Jun,215,4/28/1999,28/4/1999,1999,24,Stanford,https://www.basketball-reference.com/players/o/okpalkz01.html,okpalkz01,1999,24,3
LaBradford Smith,LaBradford Smith,1992,1994,G,3-Jun,200,4/3/1969,3/4/1969,1969,25,Louisville,https://www.basketball-reference.com/players/s/smithla02.html,smithla02,1969,25,2
Lamar Green,Lamar Green,1970,1975,F-C,7-Jun,210,3/22/1947,22/3/1947,1947,28,Morehead State University,https://www.basketball-reference.com/players/g/greenla01.html,greenla01,1947,28,5
Jeff Malone,Jeff Malone,1984,1996,G,4-Jun,205,6/28/1961,28/6/1961,1961,35,Mississippi State,https://www.basketball-reference.com/players/m/malonje01.html,malonje01,1961,35,12
Lamar Patterson,Lamar Patterson,2016,2017,G-F,5-Jun,225,8/12/1991,12/8/1991,1991,26,Pitt,https://www.basketball-reference.com/players/p/pattela01.html,pattela01,1991,26,1
Lamar Stevens,Lamar Stevens,2021,2024,F,6-Jun,230,7/9/1997,9/7/1997,1997,27,Penn State,https://www.basketball-reference.com/players/s/stevela01.html,stevela01,1997,27,3
Jeff Ruland,Jeff Ruland,1982,1993,C-F,10-Jun,240,12/16/1958,16/12/1958,1958,35,Iona College,https://www.basketball-reference.com/players/r/rulanje01.html,rulanje01,1958,35,11
LaMelo Ball,LaMelo Ball,2021,2025,G,7-Jun,180,8/22/2001,22/8/2001,2001,24,,https://www.basketball-reference.com/players/b/ballla01.html,ballla01,2001,24,4
Lamond Murray,Lamond Murray,1995,2006,F,7-Jun,236,4/20/1973,20/4/1973,1973,33,California,https://www.basketball-reference.com/players/m/murrala01.html,murrala01,1973,33,11
Lamont Strothers,Lamont Strothers,1992,1993,G,4-Jun,190,5/10/1968,10/5/1968,1968,25,Christopher Newport University,https://www.basketball-reference.com/players/s/strotla01.html,strotla01,1968,25,1
Lanard Copeland,Lanard Copeland,1990,1992,G,6-Jun,190,7/16/1965,16/7/1965,1965,27,Georgia State University,https://www.basketball-reference.com/players/c/copella01.html,copella01,1965,27,2
Lancaster Gordon,Lancaster Gordon,1985,1988,G,3-Jun,185,6/24/1962,24/6/1962,1962,26,Louisville,https://www.basketball-reference.com/players/g/gordola01.html,gordola01,1962,26,3
Lance Allred,Lance Allred,2008,2008,C,11-Jun,250,2/2/1981,2/2/1981,1981,27,"Utah, Weber State",https://www.basketball-reference.com/players/a/allrela01.html,allrela01,1981,27,0
Lance Blanks,Lance Blanks,1991,1993,G,4-Jun,190,9/9/1966,9/9/1966,1966,27,"Virginia, Texas",https://www.basketball-reference.com/players/b/blankla01.html,blankla01,1966,27,2
Lance Stephenson,Lance Stephenson,2011,2022,G-F,6-Jun,230,9/5/1990,5/9/1990,1990,32,Cincinnati,https://www.basketball-reference.com/players/s/stephla01.html,stephla01,1990,32,11
Lance Thomas,Lance Thomas,2012,2020,F,8-Jun,240,4/24/1988,24/4/1988,1988,32,Duke,https://www.basketball-reference.com/players/t/thomala01.html,thomala01,1988,32,8
Landry Fields,Landry Fields,2011,2015,F,7-Jun,210,6/27/1988,27/6/1988,1988,27,Stanford,https://www.basketball-reference.com/players/f/fieldla01.html,fieldla01,1988,27,4
Landry Shamet,Landry Shamet,2019,2025,G,4-Jun,190,3/13/1997,13/3/1997,1997,28,Wichita State,https://www.basketball-reference.com/players/s/shamela01.html,shamela01,1997,28,6
Langston Galloway,Langston Galloway,2015,2022,G,1-Jun,200,12/9/1991,9/12/1991,1991,31,Saint Joseph's,https://www.basketball-reference.com/players/g/gallola01.html,gallola01,1991,31,7
LaPhonso Ellis,LaPhonso Ellis,1993,2003,F,8-Jun,240,5/5/1970,5/5/1970,1970,33,Notre Dame,https://www.basketball-reference.com/players/e/ellisla01.html,ellisla01,1970,33,10
Lari Ketner,Lari Ketner,2000,2001,F-C,9-Jun,277,2/1/1977,1/2/1977,1977,24,UMass,https://www.basketball-reference.com/players/k/ketnela01.html,ketnela01,1977,24,1
Laron Profit,Laron Profit,2000,2006,G-F,5-Jun,204,8/5/1977,5/8/1977,1977,29,Maryland,https://www.basketball-reference.com/players/p/profila01.html,profila01,1977,29,6
Larry Bergh,Larry Bergh,1970,1970,F,8-Jun,210,4/2/1945,2/4/1945,1945,25,Weber State,https://www.basketball-reference.com/players/b/berghla01.html,berghla01,1945,25,0
Jo Jo White*,Jo Jo White,1970,1981,G,3-Jun,190,11/16/1946,16/11/1946,1946,35,Kansas,https://www.basketball-reference.com/players/w/whitejo01.html,whitejo01,1946,35,11
Larry Brown*,Larry Brown,1968,1972,G,9-May,160,9/14/1940,14/9/1940,1940,32,UNC,https://www.basketball-reference.com/players/b/brownla01.html,brownla01,1940,32,4
Larry Bunce,Larry Bunce,1968,1969,C,Jul-00,240,7/29/1945,29/7/1945,1945,24,"Texas-El Paso, Riverside Community College, Utah State University",https://www.basketball-reference.com/players/b/buncela01.html,buncela01,1945,24,1
Larry Cannon,Larry Cannon,1970,1974,G,4-Jun,195,4/12/1947,12/4/1947,1947,27,La Salle,https://www.basketball-reference.com/players/c/cannola01.html,cannola01,1947,27,4
Larry Comley,Larry Comley,1964,1964,G,5-Jun,210,8/17/1939,17/8/1939,1939,25,Kansas State,https://www.basketball-reference.com/players/c/comlela01.html,comlela01,1939,25,0
Larry Conley,Larry Conley,1968,1968,G,3-Jun,175,1/22/1944,22/1/1944,1944,24,Kentucky,https://www.basketball-reference.com/players/c/conlela01.html,conlela01,1944,24,0
Joakim Noah,Joakim Noah,2008,2020,C,11-Jun,230,2/25/1985,25/2/1985,1985,35,Florida,https://www.basketball-reference.com/players/n/noahjo01.html,noahjo01,1985,35,12
Larry Demic,Larry Demic,1980,1982,F-C,9-Jun,225,6/27/1957,27/6/1957,1957,25,Arizona,https://www.basketball-reference.com/players/d/demicla01.html,demicla01,1957,25,2
Larry Drew,Larry Drew,1981,1991,G,1-Jun,170,4/2/1958,2/4/1958,1958,33,Missouri,https://www.basketball-reference.com/players/d/drewla01.html,drewla01,1958,33,10
Larry Drew II,Larry Drew II,2015,2018,G,2-Jun,180,3/5/1990,5/3/1990,1990,28,"UNC, UCLA",https://www.basketball-reference.com/players/d/drewla02.html,drewla02,1990,28,3
Larry Finch,Larry Finch,1974,1975,G,2-Jun,185,2/16/1951,16/2/1951,1951,24,Memphis,https://www.basketball-reference.com/players/f/finchla01.html,finchla01,1951,24,1
Larry Fogle,Larry Fogle,1976,1976,G,5-Jun,205,3/19/1953,19/3/1953,1953,23,Canisius,https://www.basketball-reference.com/players/f/foglela01.html,foglela01,1953,23,0
Joe Wolf,Joe Wolf,1988,1999,F-C,11-Jun,230,12/17/1964,17/12/1964,1964,35,UNC,https://www.basketball-reference.com/players/w/wolfjo01.html,wolfjo01,1964,35,11
Larry Friend,Larry Friend,1958,1958,G-F,4-Jun,185,4/14/1935,14/4/1935,1935,23,California,https://www.basketball-reference.com/players/f/frienla01.html,frienla01,1935,23,0
Larry Hennessy,Larry Hennessy,1956,1957,G,3-Jun,185,5/20/1929,20/5/1929,1929,28,Villanova,https://www.basketball-reference.com/players/h/hennela01.html,hennela01,1929,28,1
Larry Hughes,Larry Hughes,1999,2012,G,5-Jun,184,1/23/1979,23/1/1979,1979,33,Saint Louis,https://www.basketball-reference.com/players/h/hughela01.html,hughela01,1979,33,13
Larry Johnson,Larry Johnson,1978,1978,G,3-Jun,205,11/28/1954,28/11/1954,1954,24,Kentucky,https://www.basketball-reference.com/players/j/johnsla01.html,johnsla01,1954,24,0
Larry Johnson,Larry Johnson,1992,2001,F,7-Jun,250,3/14/1969,14/3/1969,1969,32,"Odessa College, UNLV",https://www.basketball-reference.com/players/j/johnsla02.html,johnsla02,1969,32,9
Larry Jones,Larry Jones,1965,1974,G-F,2-Jun,180,9/22/1942,22/9/1942,1942,32,Toledo,https://www.basketball-reference.com/players/j/jonesla01.html,jonesla01,1942,32,9
Larry Kenon,Larry Kenon,1974,1983,F,9-Jun,205,12/13/1952,13/12/1952,1952,31,"Amarillo College, Memphis",https://www.basketball-reference.com/players/k/kenonla01.html,kenonla01,1952,31,9
Larry Krystkowiak,Larry Krystkowiak,1987,1997,F-C,9-Jun,220,9/23/1964,23/9/1964,1964,33,Montana,https://www.basketball-reference.com/players/k/krystla01.html,krystla01,1964,33,10
Larry McNeill,Larry McNeill,1974,1979,F-C,9-Jun,195,1/31/1951,31/1/1951,1951,28,Marquette,https://www.basketball-reference.com/players/m/mcneila01.html,mcneila01,1951,28,5
Larry Micheaux,Larry Micheaux,1984,1985,F,9-Jun,220,3/24/1960,24/3/1960,1960,25,Houston,https://www.basketball-reference.com/players/m/michela01.html,michela01,1960,25,1
Larry Mikan,Larry Mikan,1971,1971,F,7-Jun,210,4/8/1948,8/4/1948,1948,23,Minnesota,https://www.basketball-reference.com/players/m/mikanla01.html,mikanla01,1948,23,0
Larry Miller,Larry Miller,1969,1975,G-F,4-Jun,190,4/4/1946,4/4/1946,1946,29,UNC,https://www.basketball-reference.com/players/m/millela01.html,millela01,1946,29,6
Larry Moffett,Larry Moffett,1978,1978,F,8-Jun,210,11/5/1954,5/11/1954,1954,24,UNLV,https://www.basketball-reference.com/players/m/moffela01.html,moffela01,1954,24,0
Larry Moore,Larry Moore,1968,1968,F,7-Jun,215,7/10/1942,10/7/1942,1942,26,Florida State,https://www.basketball-reference.com/players/m/moorela01.html,moorela01,1942,26,0
Joel Anthony,Joel Anthony,2008,2017,C,9-Jun,245,8/9/1982,9/8/1982,1982,35,UNLV,https://www.basketball-reference.com/players/a/anthojo01.html,anthojo01,1982,35,9
Larry Nance Jr.,Larry Nance Jr.,2016,2025,F-C,8-Jun,245,1/1/1993,1/1/1993,1993,32,Wyoming,https://www.basketball-reference.com/players/n/nancela02.html,nancela02,1993,32,9
Larry Owens,Larry Owens,2011,2012,F,7-Jun,210,1/8/1983,8/1/1983,1983,29,Oral Roberts,https://www.basketball-reference.com/players/o/owensla01.html,owensla01,1983,29,1
John Johnson,John Johnson,1971,1982,F,7-Jun,200,10/18/1947,18/10/1947,1947,35,"Northwest College, Iowa",https://www.basketball-reference.com/players/j/johnsjo01.html,johnsjo01,1947,35,11
Larry Sanders,Larry Sanders,2011,2017,C-F,11-Jun,235,11/21/1988,21/11/1988,1988,29,VCU,https://www.basketball-reference.com/players/s/sandela01.html,sandela01,1988,29,6
Larry Siegfried,Larry Siegfried,1964,1972,F,3-Jun,190,5/22/1939,22/5/1939,1939,33,Ohio State,https://www.basketball-reference.com/players/s/siegfla01.html,siegfla01,1939,33,8
John Lucas III,John Lucas III,2006,2017,G,11-May,166,11/21/1982,21/11/1982,1982,35,"Baylor, Oklahoma State",https://www.basketball-reference.com/players/l/lucasjo02.html,lucasjo02,1982,35,11
Larry Spriggs,Larry Spriggs,1982,1986,F,7-Jun,230,9/8/1959,8/9/1959,1959,27,Howard University,https://www.basketball-reference.com/players/s/sprigla01.html,sprigla01,1959,27,4
Larry Staverman,Larry Staverman,1959,1964,F,7-Jun,205,10/11/1936,11/10/1936,1936,28,Thomas More College,https://www.basketball-reference.com/players/s/stavela01.html,stavela01,1936,28,5
Larry Steele,Larry Steele,1972,1980,G-F,5-Jun,180,5/5/1949,5/5/1949,1949,31,Kentucky,https://www.basketball-reference.com/players/s/steella01.html,steella01,1949,31,8
Larry Stewart,Larry Stewart,1992,1997,F,8-Jun,220,9/21/1968,21/9/1968,1968,29,Coppin State University,https://www.basketball-reference.com/players/s/stewala01.html,stewala01,1968,29,5
Larry Sykes,Larry Sykes,1996,1996,F,9-Jun,255,4/11/1973,11/4/1973,1973,23,Xavier,https://www.basketball-reference.com/players/s/sykesla01.html,sykesla01,1973,23,0
Larry Wright,Larry Wright,1977,1982,G,1-Jun,160,11/23/1954,23/11/1954,1954,28,Grambling State University,https://www.basketball-reference.com/players/w/wrighla01.html,wrighla01,1954,28,5
Lars Hansen,Lars Hansen,1979,1979,C,10-Jun,225,9/14/1954,14/9/1954,1954,25,Washington,https://www.basketball-reference.com/players/h/hansela01.html,hansela01,1954,25,0
LaRue Martin,LaRue Martin,1973,1976,C,11-Jun,208,3/30/1950,30/3/1950,1950,26,Loyola Chicago,https://www.basketball-reference.com/players/m/martila01.html,martila01,1950,26,3
Jrue Holiday,Jrue Holiday,2010,2025,G,4-Jun,205,6/12/1990,12/6/1990,1990,35,UCLA,https://www.basketball-reference.com/players/h/holidjr01.html,holidjr01,1990,35,15
Justin Holiday,Justin Holiday,2013,2024,F,6-Jun,180,4/5/1989,5/4/1989,1989,35,Washington,https://www.basketball-reference.com/players/h/holidju01.html,holidju01,1989,35,11
Lauri Markkanen,Lauri Markkanen,2018,2025,F-C,Jul-00,240,5/22/1997,22/5/1997,1997,28,Arizona,https://www.basketball-reference.com/players/m/markkla01.html,markkla01,1997,28,7
Lavor Postell,Lavor Postell,2001,2003,G,5-Jun,215,2/26/1978,26/2/1978,1978,25,St. John's,https://www.basketball-reference.com/players/p/postela01.html,postela01,1978,25,2
Lavoy Allen,Lavoy Allen,2012,2017,F-C,9-Jun,260,2/4/1989,4/2/1989,1989,28,Temple,https://www.basketball-reference.com/players/a/allenla01.html,allenla01,1989,28,5
Lawrence Boston,Lawrence Boston,1980,1980,F,8-Jun,225,5/18/1956,18/5/1956,1956,24,"Vincennes University, Maryland",https://www.basketball-reference.com/players/b/bostola01.html,bostola01,1956,24,0
K.C. Jones*,K.C. Jones,1959,1967,G,1-Jun,200,5/25/1932,25/5/1932,1932,35,San Francisco,https://www.basketball-reference.com/players/j/joneskc01.html,joneskc01,1932,35,8
Lawrence Moten,Lawrence Moten,1996,1998,G,5-Jun,185,3/25/1972,25/3/1972,1972,26,Syracuse,https://www.basketball-reference.com/players/m/motenla01.html,motenla01,1972,26,2
Lawrence Roberts,Lawrence Roberts,2006,2007,F,9-Jun,240,10/20/1982,20/10/1982,1982,25,"Baylor, Mississippi State",https://www.basketball-reference.com/players/r/roberla01.html,roberla01,1982,25,1
Lazar Hayward,Lazar Hayward,2011,2013,F,6-Jun,225,11/26/1986,26/11/1986,1986,27,Marquette,https://www.basketball-reference.com/players/h/haywala01.html,haywala01,1986,27,2
Lazaro Borrell,Lazaro Borrell,2000,2000,F,8-Jun,220,9/20/1972,20/9/1972,1972,28,,https://www.basketball-reference.com/players/b/borrela01.html,borrela01,1972,28,0
Leaky Black,Leaky Black,2024,2024,F,9-Jun,205,6/14/1999,14/6/1999,1999,25,UNC,https://www.basketball-reference.com/players/b/blackle01.html,blackle01,1999,25,0
Kenny Anderson,Kenny Anderson,1992,2005,G,1-Jun,168,10/9/1970,9/10/1970,1970,35,Georgia Tech,https://www.basketball-reference.com/players/a/anderke01.html,anderke01,1970,35,13
Leandro Bolmaro,Leandro Bolmaro,2022,2023,F,6-Jun,200,9/11/2000,11/9/2000,2000,23,,https://www.basketball-reference.com/players/b/bolmale01.html,bolmale01,2000,23,1
Leary Lentz,Leary Lentz,1968,1969,F,6-Jun,200,2/23/1945,23/2/1945,1945,24,Houston,https://www.basketball-reference.com/players/l/lentzle01.html,lentzle01,1945,24,1
Kiki Vandeweghe,Kiki Vandeweghe,1981,1993,F,8-Jun,220,8/1/1958,1/8/1958,1958,35,UCLA,https://www.basketball-reference.com/players/v/vandeki01.html,vandeki01,1958,35,12
Ledell Eackles,Ledell Eackles,1989,1998,G-F,5-Jun,220,11/24/1966,24/11/1966,1966,32,New Orleans,https://www.basketball-reference.com/players/e/eacklle01.html,eacklle01,1966,32,9
Lee Davis,Lee Davis,1969,1976,C-F,8-Jun,235,10/11/1945,11/10/1945,1945,31,NC Central,https://www.basketball-reference.com/players/d/davisle01.html,davisle01,1945,31,7
Lee Johnson,Lee Johnson,1981,1981,F,11-Jun,205,6/16/1957,16/6/1957,1957,24,"Montana, Texas A&M University-Commerce",https://www.basketball-reference.com/players/j/johnsle01.html,johnsle01,1957,24,0
Lee Knorek,Lee Knorek,1947,1950,C,7-Jun,215,7/15/1921,15/7/1921,1921,29,Detroit Mercy,https://www.basketball-reference.com/players/k/knorele01.html,knorele01,1921,29,3
Lee Mayberry,Lee Mayberry,1993,1999,G,1-Jun,172,6/12/1970,12/6/1970,1970,29,Arkansas,https://www.basketball-reference.com/players/m/maybele01.html,maybele01,1970,29,6
Lee Nailon,Lee Nailon,2001,2006,F,9-Jun,238,2/22/1975,22/2/1975,1975,31,"Butler County Community College, TCU",https://www.basketball-reference.com/players/n/nailole01.html,nailole01,1975,31,5
Lee Robbins,Lee Robbins,1948,1949,F,3-Jun,175,2/11/1922,11/2/1922,1922,27,Colorado,https://www.basketball-reference.com/players/r/robbile01.html,robbile01,1922,27,1
Lee Shaffer,Lee Shaffer,1962,1964,F,7-Jun,220,2/23/1939,23/2/1939,1939,25,UNC,https://www.basketball-reference.com/players/s/shaffle01.html,shaffle01,1939,25,2
Lee Winfield,Lee Winfield,1970,1976,G,2-Jun,174,2/4/1947,4/2/1947,1947,29,University of North Texas,https://www.basketball-reference.com/players/w/winfile01.html,winfile01,1947,29,6
Leland Mitchell,Leland Mitchell,1968,1968,G,4-Jun,210,2/22/1941,22/2/1941,1941,27,"Pearl River Community College, Mississippi State",https://www.basketball-reference.com/players/m/mitchle01.html,mitchle01,1941,27,0
Len Chappell,Len Chappell,1963,1972,F-C,8-Jun,240,1/31/1941,31/1/1941,1941,31,Wake Forest,https://www.basketball-reference.com/players/c/chapple01.html,chapple01,1941,31,9
Len Elmore,Len Elmore,1975,1984,C-F,9-Jun,220,3/28/1952,28/3/1952,1952,32,Maryland,https://www.basketball-reference.com/players/e/elmorle01.html,elmorle01,1952,32,9
Len Kosmalski,Len Kosmalski,1975,1976,C,Jul-00,245,11/29/1951,29/11/1951,1951,25,Tennessee,https://www.basketball-reference.com/players/k/kosmale01.html,kosmale01,1951,25,1
Lennie Rosenbluth,Lennie Rosenbluth,1958,1959,F,4-Jun,190,1/22/1933,22/1/1933,1933,26,UNC,https://www.basketball-reference.com/players/r/rosenle01.html,rosenle01,1933,26,1
Kirk Hinrich,Kirk Hinrich,2004,2016,G,4-Jun,190,1/2/1981,2/1/1981,1981,35,Kansas,https://www.basketball-reference.com/players/h/hinriki01.html,hinriki01,1981,35,12
Leo Barnhorst,Leo Barnhorst,1950,1954,F-G,4-Jun,190,5/11/1924,11/5/1924,1924,30,Notre Dame,https://www.basketball-reference.com/players/b/barnhle01.html,barnhle01,1924,30,4
Leo Gottlieb,Leo Gottlieb,1947,1948,G,11-May,180,11/28/1920,28/11/1920,1920,28,,https://www.basketball-reference.com/players/g/gottlle01.html,gottlle01,1920,28,1
Leo Katkaveck,Leo Katkaveck,1949,1950,G,Jun-00,185,4/17/1923,17/4/1923,1923,27,NC State,https://www.basketball-reference.com/players/k/katkale01.html,katkale01,1923,27,1
Leo Klier,Leo Klier,1949,1950,F-G,2-Jun,170,5/21/1923,21/5/1923,1923,27,Notre Dame,https://www.basketball-reference.com/players/k/klierle01.html,klierle01,1923,27,1
Leo Kubiak,Leo Kubiak,1950,1950,G,11-May,160,12/25/1927,25/12/1927,1927,23,Bowling Green,https://www.basketball-reference.com/players/k/kubiale01.html,kubiale01,1927,23,0
Leo Mogus,Leo Mogus,1947,1951,F-C,4-Jun,190,4/13/1921,13/4/1921,1921,30,Youngstown State University,https://www.basketball-reference.com/players/m/mogusle01.html,mogusle01,1921,30,4
Leo Rautins,Leo Rautins,1984,1985,F,8-Jun,215,3/20/1960,20/3/1960,1960,25,"Minnesota, Syracuse",https://www.basketball-reference.com/players/r/rautile01.html,rautile01,1960,25,1
Leon Benbow,Leon Benbow,1975,1976,G,4-Jun,185,7/23/1950,23/7/1950,1950,26,Jacksonville University,https://www.basketball-reference.com/players/b/benbole01.html,benbole01,1950,26,1
Leon Blevins,Leon Blevins,1951,1951,G,2-Jun,160,6/25/1926,25/6/1926,1926,25,Arizona,https://www.basketball-reference.com/players/b/blevile01.html,blevile01,1926,25,0
Leon Brown,Leon Brown,1947,1947,F,3-Jun,190,10/12/1919,12/10/1919,1919,28,Wyoming,https://www.basketball-reference.com/players/b/brownle01.html,brownle01,1919,28,0
Leon Douglas,Leon Douglas,1977,1983,C-F,10-Jun,230,8/26/1954,26/8/1954,1954,29,Alabama,https://www.basketball-reference.com/players/d/douglle01.html,douglle01,1954,29,6
Leon Powe,Leon Powe,2007,2011,F,8-Jun,240,1/22/1984,22/1/1984,1984,27,California,https://www.basketball-reference.com/players/p/powele01.html,powele01,1984,27,4
Leon Smith,Leon Smith,2002,2004,C,10-Jun,235,11/2/1980,2/11/1980,1980,24,,https://www.basketball-reference.com/players/s/smithle01.html,smithle01,1980,24,2
Leon Wood,Leon Wood,1985,1991,G,3-Jun,185,3/25/1962,25/3/1962,1962,29,"Arizona, Cal State Fullerton",https://www.basketball-reference.com/players/w/woodle01.html,woodle01,1962,29,6
Leonard Gray,Leonard Gray,1975,1977,F,8-Jun,240,12/19/1951,19/12/1951,1951,26,Cal State Long Beach,https://www.basketball-reference.com/players/g/grayle01.html,grayle01,1951,26,2
Leonard Miller,Leonard Miller,2024,2025,F,10-Jun,210,11/26/2003,26/11/2003,2003,22,,https://www.basketball-reference.com/players/m/millele01.html,millele01,2003,22,1
Leonard Taylor,Leonard Taylor,1990,1990,F,8-Jun,220,5/2/1966,2/5/1966,1966,24,California,https://www.basketball-reference.com/players/t/taylole01.html,taylole01,1966,24,0
LeRon Ellis,LeRon Ellis,1992,1996,F-C,9-Jun,225,4/28/1969,28/4/1969,1969,27,"Kentucky, Syracuse",https://www.basketball-reference.com/players/e/ellisle02.html,ellisle02,1969,27,4
Leroy Chollet,Leroy Chollet,1950,1951,F,2-Jun,190,3/5/1925,5/3/1925,1925,26,Canisius,https://www.basketball-reference.com/players/c/chollle01.html,chollle01,1925,26,1
Leroy Combs,Leroy Combs,1984,1984,F,8-Jun,210,1/1/1961,1/1/1961,1961,23,Oklahoma State,https://www.basketball-reference.com/players/c/combsle01.html,combsle01,1961,23,0
Klay Thompson,Klay Thompson,2012,2025,G-F,5-Jun,215,2/8/1990,8/2/1990,1990,35,Washington State,https://www.basketball-reference.com/players/t/thompkl01.html,thompkl01,1990,35,13
Leroy Wright,Leroy Wright,1968,1969,F,9-Jun,215,5/6/1938,6/5/1938,1938,31,University of the Pacific,https://www.basketball-reference.com/players/w/wrighle01.html,wrighle01,1938,31,1
Les Hunter,Les Hunter,1965,1973,F-C,7-Jun,210,8/16/1942,16/8/1942,1942,31,Loyola Chicago,https://www.basketball-reference.com/players/h/huntele01.html,huntele01,1942,31,8
Les Jepsen,Les Jepsen,1991,1992,C,Jul-00,237,6/24/1967,24/6/1967,1967,25,Iowa,https://www.basketball-reference.com/players/j/jepsele01.html,jepsele01,1967,25,1
Les Pugh,Les Pugh,1949,1950,C-F,7-Jun,190,9/18/1922,18/9/1922,1922,28,Ohio State,https://www.basketball-reference.com/players/p/pughle01.html,pughle01,1922,28,1
Les Selvage,Les Selvage,1968,1970,G,1-Jun,175,3/7/1943,7/3/1943,1943,27,Truman State University,https://www.basketball-reference.com/players/s/selvale01.html,selvale01,1943,27,2
Larry Nance,Larry Nance,1982,1994,F-C,10-Jun,205,2/12/1959,12/2/1959,1959,35,Clemson,https://www.basketball-reference.com/players/n/nancela01.html,nancela01,1959,35,12
Lester Hudson,Lester Hudson,2010,2015,G,3-Jun,190,8/7/1984,7/8/1984,1984,31,University of Tennessee at Martin,https://www.basketball-reference.com/players/h/hudsole01.html,hudsole01,1984,31,5
Lester Quiñones,Lester Quiñones,2023,2025,G,5-Jun,208,11/16/2000,16/11/2000,2000,25,Memphis,https://www.basketball-reference.com/players/q/quinole01.html,quinole01,2000,25,2
Levern Tart,Levern Tart,1968,1971,G-F,2-Jun,195,6/1/1942,1/6/1942,1942,29,Bradley,https://www.basketball-reference.com/players/t/tartle01.html,tartle01,1942,29,3
Levi Fontaine,Levi Fontaine,1971,1971,G,4-Jun,190,11/1/1948,1/11/1948,1948,23,University of Maryland Eastern Shore,https://www.basketball-reference.com/players/f/fontale01.html,fontale01,1948,23,0
Lew Hitch,Lew Hitch,1952,1957,F-C,8-Jun,200,7/16/1929,16/7/1929,1929,28,Kansas State,https://www.basketball-reference.com/players/h/hitchle01.html,hitchle01,1929,28,5
Lewis Brown,Lewis Brown,1981,1981,C,11-Jun,225,2/19/1955,19/2/1955,1955,26,UNLV,https://www.basketball-reference.com/players/b/brownle02.html,brownle02,1955,26,0
Lewis Lloyd,Lewis Lloyd,1982,1990,G-F,6-Jun,205,2/22/1959,22/2/1959,1959,31,Drake University,https://www.basketball-reference.com/players/l/lloydle01.html,lloydle01,1959,31,8
Liam Robbins,Liam Robbins,2025,2025,F,Jul-00,250,7/12/1999,12/7/1999,1999,26,"Drake University, Minnesota, Vanderbilt",https://www.basketball-reference.com/players/r/robbili01.html,robbili01,1999,26,0
Linas Kleiza,Linas Kleiza,2006,2013,F,8-Jun,245,1/3/1985,3/1/1985,1985,28,Missouri,https://www.basketball-reference.com/players/k/kleizli01.html,kleizli01,1985,28,7
Lindell Wigginton,Lindell Wigginton,2022,2024,G,2-Jun,189,3/28/1998,28/3/1998,1998,26,Iowa State,https://www.basketball-reference.com/players/w/wiggili01.html,wiggili01,1998,26,2
Lindsay Hairston,Lindsay Hairston,1976,1976,F-C,7-Jun,180,12/8/1951,8/12/1951,1951,25,Michigan State,https://www.basketball-reference.com/players/h/hairsli01.html,hairsli01,1951,25,0
Larry Smith,Larry Smith,1981,1993,F-C,8-Jun,215,1/18/1958,18/1/1958,1958,35,Alcorn State,https://www.basketball-reference.com/players/s/smithla01.html,smithla01,1958,35,12
Lindy Waters III,Lindy Waters III,2022,2025,G,6-Jun,215,7/28/1997,28/7/1997,1997,28,Oklahoma State,https://www.basketball-reference.com/players/w/waterli01.html,waterli01,1997,28,3
Linton Johnson,Linton Johnson,2004,2009,F,8-Jun,205,6/13/1980,13/6/1980,1980,29,Tulane,https://www.basketball-reference.com/players/j/johnsli01.html,johnsli01,1980,29,5
Linton Townes,Linton Townes,1983,1985,F-G,7-Jun,190,11/30/1959,30/11/1959,1959,26,James Madison University,https://www.basketball-reference.com/players/t/towneli01.html,towneli01,1959,26,2
Lionel Billingy,Lionel Billingy,1975,1975,F-C,9-Jun,215,8/31/1952,31/8/1952,1952,23,Duquesne,https://www.basketball-reference.com/players/b/billili01.html,billili01,1952,23,0
Lionel Chalmers,Lionel Chalmers,2005,2005,G,Jun-00,180,11/10/1980,10/11/1980,1980,25,Xavier,https://www.basketball-reference.com/players/c/chalmli01.html,chalmli01,1980,25,0
Lionel Hollins,Lionel Hollins,1976,1985,G,3-Jun,185,10/19/1953,19/10/1953,1953,32,"Dixie State (UT), Arizona State",https://www.basketball-reference.com/players/h/hollili01.html,hollili01,1953,32,9
Lionel Malamed,Lionel Malamed,1949,1949,G,9-May,150,11/15/1924,15/11/1924,1924,25,City College of New York,https://www.basketball-reference.com/players/m/malamli01.html,malamli01,1924,25,0
Lionel Simmons,Lionel Simmons,1991,1997,F-G,7-Jun,210,11/14/1968,14/11/1968,1968,29,La Salle,https://www.basketball-reference.com/players/s/simmoli01.html,simmoli01,1968,29,6
Litterial Green,Litterial Green,1993,1999,G,1-Jun,185,3/7/1970,7/3/1970,1970,29,Georgia,https://www.basketball-reference.com/players/g/greenli01.html,greenli01,1970,29,6
Lloyd Batts,Lloyd Batts,1975,1975,G-F,4-Jun,185,5/9/1951,9/5/1951,1951,24,Cincinnati,https://www.basketball-reference.com/players/b/battsll01.html,battsll01,1951,24,0
Lloyd Daniels,Lloyd Daniels,1993,1998,G,7-Jun,205,9/4/1967,4/9/1967,1967,31,Mount San Antonio College,https://www.basketball-reference.com/players/d/daniell01.html,daniell01,1967,31,5
Lloyd Neal,Lloyd Neal,1973,1979,C-F,7-Jun,225,12/10/1950,10/12/1950,1950,29,Tennessee State,https://www.basketball-reference.com/players/n/nealll01.html,nealll01,1950,29,6
Lloyd Walton,Lloyd Walton,1977,1981,G,Jun-00,160,11/23/1953,23/11/1953,1953,28,Marquette,https://www.basketball-reference.com/players/w/waltoll01.html,waltoll01,1953,28,4
Logan Vander Velden,Logan Vander Velden,1996,1996,F,8-Jun,215,4/3/1971,3/4/1971,1971,25,Green Bay,https://www.basketball-reference.com/players/v/vandelo01.html,vandelo01,1971,25,0
London Perrantes,London Perrantes,2018,2018,G,2-Jun,200,10/3/1994,3/10/1994,1994,24,Virginia,https://www.basketball-reference.com/players/p/perralo01.html,perralo01,1994,24,0
Lonnie Eggleston,Lonnie Eggleston,1949,1949,G,Jun-00,170,6/8/1918,8/6/1918,1918,31,Oklahoma State,https://www.basketball-reference.com/players/e/egglelo01.html,egglelo01,1918,31,0
Lonnie Kluttz,Lonnie Kluttz,1971,1971,F,7-Jun,220,9/17/1945,17/9/1945,1945,26,North Carolina A&T,https://www.basketball-reference.com/players/k/kluttlo01.html,kluttlo01,1945,26,0
Lonnie Lynn,Lonnie Lynn,1970,1970,F,7-Jun,215,5/24/1943,24/5/1943,1943,27,"Upper Iowa University, Wilberforce University",https://www.basketball-reference.com/players/l/lynnlo01.html,lynnlo01,1943,27,0
Lonnie Shelton,Lonnie Shelton,1977,1986,F-C,8-Jun,240,10/19/1955,19/10/1955,1955,31,Oregon State,https://www.basketball-reference.com/players/s/sheltlo01.html,sheltlo01,1955,31,9
Lonnie Walker IV,Lonnie Walker IV,2019,2024,G,4-Jun,204,12/14/1998,14/12/1998,1998,26,Miami (FL),https://www.basketball-reference.com/players/w/walkelo01.html,walkelo01,1998,26,5
Lonnie Wright,Lonnie Wright,1968,1972,G,2-Jun,205,1/23/1945,23/1/1945,1945,27,Colorado State,https://www.basketball-reference.com/players/w/wrighlo01.html,wrighlo01,1945,27,4
Lonny Baxter,Lonny Baxter,2003,2006,F,8-Jun,260,1/27/1979,27/1/1979,1979,27,Maryland,https://www.basketball-reference.com/players/b/baxtelo01.html,baxtelo01,1979,27,3
Lonzo Ball,Lonzo Ball,2018,2025,G,6-Jun,190,10/27/1997,27/10/1997,1997,28,UCLA,https://www.basketball-reference.com/players/b/balllo01.html,balllo01,1997,28,7
Loren Meyer,Loren Meyer,1996,1999,C,10-Jun,257,12/30/1972,30/12/1972,1972,27,Iowa State,https://www.basketball-reference.com/players/m/meyerlo01.html,meyerlo01,1972,27,3
Loren Woods,Loren Woods,2002,2008,F-C,1-Jul,245,6/21/1978,21/6/1978,1978,30,"Wake Forest, Arizona",https://www.basketball-reference.com/players/w/woodslo01.html,woodslo01,1978,30,6
Latrell Sprewell,Latrell Sprewell,1993,2005,G,5-Jun,190,9/8/1970,8/9/1970,1970,35,"Three Rivers Community College, Alabama",https://www.basketball-reference.com/players/s/sprewla01.html,sprewla01,1970,35,12
Lorenzo Brown,Lorenzo Brown,2014,2019,G,5-Jun,189,8/26/1990,26/8/1990,1990,29,NC State,https://www.basketball-reference.com/players/b/brownlo01.html,brownlo01,1990,29,5
Lorenzo Charles,Lorenzo Charles,1986,1986,F,7-Jun,225,11/25/1963,25/11/1963,1963,23,NC State,https://www.basketball-reference.com/players/c/charllo01.html,charllo01,1963,23,0
Lorenzo Romar,Lorenzo Romar,1981,1985,G,1-Jun,175,11/13/1958,13/11/1958,1958,27,Washington,https://www.basketball-reference.com/players/r/romarlo01.html,romarlo01,1958,27,4
Lorenzo Williams,Lorenzo Williams,1993,2000,F-C,9-Jun,200,7/15/1969,15/7/1969,1969,31,Stetson University,https://www.basketball-reference.com/players/w/willilo01.html,willilo01,1969,31,7
Lawrence Funderburke,Lawrence Funderburke,1998,2005,F,9-Jun,230,12/15/1970,15/12/1970,1970,35,"Indiana, Ohio State",https://www.basketball-reference.com/players/f/fundela01.html,fundela01,1970,35,7
Leandro Barbosa,Leandro Barbosa,2004,2017,G,3-Jun,194,11/28/1982,28/11/1982,1982,35,,https://www.basketball-reference.com/players/b/barbole01.html,barbole01,1982,35,13
Lou Roe,Lou Roe,1996,1997,F,7-Jun,220,7/14/1972,14/7/1972,1972,25,UMass,https://www.basketball-reference.com/players/r/roelo01.html,roelo01,1972,25,1
Lou Spicer,Lou Spicer,1947,1947,F,2-Jun,195,11/12/1922,12/11/1922,1922,25,Syracuse,https://www.basketball-reference.com/players/s/spicelo01.html,spicelo01,1922,25,0
Lou Tsioropoulos,Lou Tsioropoulos,1957,1959,F,5-Jun,190,8/31/1930,31/8/1930,1930,29,Kentucky,https://www.basketball-reference.com/players/t/tsiorlo01.html,tsiorlo01,1930,29,2
Lou Hudson*,Lou Hudson,1967,1979,F-G,5-Jun,210,7/11/1944,11/7/1944,1944,35,Minnesota,https://www.basketball-reference.com/players/h/hudsolo01.html,hudsolo01,1944,35,12
Louie Dampier*,Louie Dampier,1968,1979,G,Jun-00,170,11/20/1944,20/11/1944,1944,35,Kentucky,https://www.basketball-reference.com/players/d/dampilo01.html,dampilo01,1944,35,11
Louie Nelson,Louie Nelson,1974,1978,G,3-Jun,190,5/28/1951,28/5/1951,1951,27,Washington,https://www.basketball-reference.com/players/n/nelsolo01.html,nelsolo01,1951,27,4
Louis King,Louis King,2020,2023,F,7-Jun,205,4/6/1999,6/4/1999,1999,24,Oregon,https://www.basketball-reference.com/players/k/kinglo02.html,kinglo02,1999,24,3
Louis Orr,Louis Orr,1981,1988,F,8-Jun,175,5/7/1958,7/5/1958,1958,30,Syracuse,https://www.basketball-reference.com/players/o/orrlo01.html,orrlo01,1958,30,7
Lowes Moore,Lowes Moore,1981,1983,G,1-Jun,170,5/5/1957,5/5/1957,1957,26,West Virginia,https://www.basketball-reference.com/players/m/moorelo01.html,moorelo01,1957,26,2
Loy Petersen,Loy Petersen,1969,1970,G,5-Jun,205,7/26/1945,26/7/1945,1945,25,Oregon State,https://www.basketball-reference.com/players/p/peterlo01.html,peterlo01,1945,25,1
Loy Vaught,Loy Vaught,1991,2001,F,9-Jun,230,2/27/1968,27/2/1968,1968,33,Michigan,https://www.basketball-reference.com/players/v/vaughlo01.html,vaughlo01,1968,33,10
Loyd King,Loyd King,1972,1973,G,2-Jun,180,5/29/1949,29/5/1949,1949,24,Virginia Tech,https://www.basketball-reference.com/players/k/kinglo01.html,kinglo01,1949,24,1
Luc Longley,Luc Longley,1992,2001,C,2-Jul,265,1/19/1969,19/1/1969,1969,32,New Mexico,https://www.basketball-reference.com/players/l/longllu01.html,longllu01,1969,32,9
Lucious Harris,Lucious Harris,1994,2005,G,5-Jun,190,12/18/1970,18/12/1970,1970,35,Cal State Long Beach,https://www.basketball-reference.com/players/h/harrilu01.html,harrilu01,1970,35,11
Lucas Nogueira,Lucas Nogueira,2015,2018,C,Jul-00,241,7/26/1992,26/7/1992,1992,26,,https://www.basketball-reference.com/players/n/noguelu01.html,noguelu01,1992,26,3
Malik Rose,Malik Rose,1997,2009,F-C,7-Jun,250,11/23/1974,23/11/1974,1974,35,Drexel,https://www.basketball-reference.com/players/r/rosema01.html,rosema01,1974,35,12
Lucius Allen,Lucius Allen,1970,1979,G,2-Jun,175,9/26/1947,26/9/1947,1947,32,UCLA,https://www.basketball-reference.com/players/a/allenlu01.html,allenlu01,1947,32,9
Luguentz Dort,Luguentz Dort,2020,2025,G,4-Jun,220,4/19/1999,19/4/1999,1999,26,Arizona State,https://www.basketball-reference.com/players/d/dortlu01.html,dortlu01,1999,26,5
Luis Flores,Luis Flores,2005,2005,G,2-Jun,200,4/11/1981,11/4/1981,1981,24,"Rutgers University, Manhattan College",https://www.basketball-reference.com/players/f/florelu01.html,florelu01,1981,24,0
Luis Montero,Luis Montero,2016,2018,G,7-Jun,185,4/6/1993,6/4/1993,1993,25,Westchester CC,https://www.basketball-reference.com/players/m/montelu01.html,montelu01,1993,25,2
Marcin Gortat,Marcin Gortat,2008,2019,C-F,11-Jun,240,2/17/1984,17/2/1984,1984,35,,https://www.basketball-reference.com/players/g/gortama01.html,gortama01,1984,35,11
Luka Šamanić,Luka Šamanić,2020,2024,F,10-Jun,227,1/9/2000,9/1/2000,2000,24,,https://www.basketball-reference.com/players/s/samanlu01.html,samanlu01,2000,24,4
Luka Dončić,Luka Dončić,2019,2025,G-F,6-Jun,230,2/28/1999,28/2/1999,1999,26,,https://www.basketball-reference.com/players/d/doncilu01.html,doncilu01,1999,26,6
Luka Garza,Luka Garza,2022,2025,F-C,10-Jun,235,12/27/1998,27/12/1998,1998,27,Iowa,https://www.basketball-reference.com/players/g/garzalu01.html,garzalu01,1998,27,3
Luke Babbitt,Luke Babbitt,2011,2018,F,9-Jun,225,6/20/1989,20/6/1989,1989,29,Nevada,https://www.basketball-reference.com/players/b/babbilu01.html,babbilu01,1989,29,7
Luke Harangody,Luke Harangody,2011,2012,F,8-Jun,246,1/2/1988,2/1/1988,1988,24,Notre Dame,https://www.basketball-reference.com/players/h/haranlu01.html,haranlu01,1988,24,1
Luke Jackson,Luke Jackson,2005,2008,F,7-Jun,215,11/6/1981,6/11/1981,1981,27,Oregon,https://www.basketball-reference.com/players/j/jackslu02.html,jackslu02,1981,27,3
Luke Jackson,Luke Jackson,1965,1972,F-C,9-Jun,240,10/31/1941,31/10/1941,1941,31,University of Texas Rio Grande Valley,https://www.basketball-reference.com/players/j/jackslu01.html,jackslu01,1941,31,7
Luke Kennard,Luke Kennard,2018,2025,G,5-Jun,206,6/24/1996,24/6/1996,1996,29,Duke,https://www.basketball-reference.com/players/k/kennalu01.html,kennalu01,1996,29,7
Luke Kornet,Luke Kornet,2018,2025,C-F,2-Jul,250,7/15/1995,15/7/1995,1995,30,Vanderbilt,https://www.basketball-reference.com/players/k/kornelu01.html,kornelu01,1995,30,7
Marcus Morris,Marcus Morris,2012,2024,F,8-Jun,218,9/2/1989,2/9/1989,1989,35,Kansas,https://www.basketball-reference.com/players/m/morrima03.html,morrima03,1989,35,12
Luke Schenscher,Luke Schenscher,2006,2007,C,1-Jul,255,12/31/1982,31/12/1982,1982,25,Georgia Tech,https://www.basketball-reference.com/players/s/schenlu01.html,schenlu01,1982,25,1
Luke Travers,Luke Travers,2025,2025,G,8-Jun,199,9/3/2001,3/9/2001,2001,24,,https://www.basketball-reference.com/players/t/travelu01.html,travelu01,2001,24,0
Luke Walton,Luke Walton,2004,2013,F,8-Jun,235,3/28/1980,28/3/1980,1980,33,Arizona,https://www.basketball-reference.com/players/w/waltolu01.html,waltolu01,1980,33,9
Luke Witte,Luke Witte,1974,1976,C,Jul-00,235,10/19/1950,19/10/1950,1950,26,Ohio State,https://www.basketball-reference.com/players/w/wittelu01.html,wittelu01,1950,26,2
Luke Zeller,Luke Zeller,2013,2013,C,11-Jun,245,4/7/1987,7/4/1987,1987,26,Notre Dame,https://www.basketball-reference.com/players/z/zellelu01.html,zellelu01,1987,26,0
Mark Aguirre,Mark Aguirre,1982,1994,F-G,6-Jun,232,12/10/1959,10/12/1959,1959,35,DePaul,https://www.basketball-reference.com/players/a/aguirma01.html,aguirma01,1959,35,12
Luther Green,Luther Green,1970,1973,F,7-Jun,190,11/13/1946,13/11/1946,1946,27,Long Island University,https://www.basketball-reference.com/players/g/greenlu01.html,greenlu01,1946,27,3
Luther Head,Luther Head,2006,2011,G,3-Jun,185,11/26/1982,26/11/1982,1982,29,Illinois,https://www.basketball-reference.com/players/h/headlu01.html,headlu01,1982,29,5
Luther Rackley,Luther Rackley,1970,1974,C,10-Jun,220,6/11/1946,11/6/1946,1946,28,Xavier,https://www.basketball-reference.com/players/r/rackllu01.html,rackllu01,1946,28,4
Luther Wright,Luther Wright,1994,1994,C,2-Jul,270,9/22/1971,22/9/1971,1971,23,Seton Hall,https://www.basketball-reference.com/players/w/wrighlu01.html,wrighlu01,1971,23,0
Lynn Greer,Lynn Greer,2007,2007,G,2-Jun,175,10/23/1979,23/10/1979,1979,28,Temple,https://www.basketball-reference.com/players/g/greerly01.html,greerly01,1979,28,0
Lynn Shackelford,Lynn Shackelford,1970,1970,F,5-Jun,190,8/27/1947,27/8/1947,1947,23,UCLA,https://www.basketball-reference.com/players/s/shackly01.html,shackly01,1947,23,0
M.J. Walker,M.J. Walker,2022,2022,G,5-Jun,213,3/28/1998,28/3/1998,1998,24,Florida State,https://www.basketball-reference.com/players/w/walkemj01.html,walkemj01,1998,24,0
Marvin Webster,Marvin Webster,1976,1987,C,1-Jul,225,4/13/1952,13/4/1952,1952,35,Morgan State University,https://www.basketball-reference.com/players/w/webstma01.html,webstma01,1952,35,11
Mãozinha Pereira,Mãozinha Pereira,2024,2024,F,8-Jun,177,8/28/2000,28/8/2000,2000,24,,https://www.basketball-reference.com/players/p/pereima01.html,pereima01,2000,24,0
Maalik Wayns,Maalik Wayns,2013,2014,G,2-Jun,200,5/2/1991,2/5/1991,1991,23,Villanova,https://www.basketball-reference.com/players/w/waynsma01.html,waynsma01,1991,23,1
Mac McClung,Mac McClung,2022,2025,G,2-Jun,185,1/6/1999,6/1/1999,1999,26,"Georgetown, Texas Tech",https://www.basketball-reference.com/players/m/mccluma01.html,mccluma01,1999,26,3
Mac Otten,Mac Otten,1950,1950,F-C,7-Jun,220,12/16/1925,16/12/1925,1925,25,Bowling Green,https://www.basketball-reference.com/players/o/ottenma01.html,ottenma01,1925,25,0
Mason Plumlee,Mason Plumlee,2014,2025,C-F,10-Jun,254,3/5/1990,5/3/1990,1990,35,Duke,https://www.basketball-reference.com/players/p/plumlma01.html,plumlma01,1990,35,11
Maciej Lampe,Maciej Lampe,2004,2006,C,11-Jun,275,2/5/1985,5/2/1985,1985,21,,https://www.basketball-reference.com/players/l/lampema01.html,lampema01,1985,21,2
Matt Bullard,Matt Bullard,1991,2002,F,10-Jun,215,6/5/1967,5/6/1967,1967,35,"Colorado, Iowa",https://www.basketball-reference.com/players/b/bullama01.html,bullama01,1967,35,11
Mack Daughtry,Mack Daughtry,1971,1971,G,3-Jun,175,7/20/1946,20/7/1946,1946,25,Albany State University,https://www.basketball-reference.com/players/d/daughma01.html,daughma01,1946,25,0
Mel Counts,Mel Counts,1965,1976,C-F,Jul-00,230,10/16/1941,16/10/1941,1941,35,Oregon State,https://www.basketball-reference.com/players/c/countme01.html,countme01,1941,35,11
Mahmoud Abdul-Rauf,Mahmoud Abdul-Rauf,1991,2001,G,1-Jun,162,3/9/1969,9/3/1969,1969,32,LSU,https://www.basketball-reference.com/players/a/abdulma02.html,abdulma02,1969,32,10
Major Jones,Major Jones,1980,1985,F,9-Jun,225,7/9/1953,9/7/1953,1953,32,Albany State University,https://www.basketball-reference.com/players/j/jonesma01.html,jonesma01,1953,32,5
Makhtar N'Diaye,Makhtar N'Diaye,1999,1999,F,8-Jun,245,12/12/1973,12/12/1973,1973,26,"Michigan, UNC",https://www.basketball-reference.com/players/n/ndiayma01.html,ndiayma01,1973,26,0
Mal Graham,Mal Graham,1968,1969,G,1-Jun,185,2/23/1945,23/2/1945,1945,24,NYU,https://www.basketball-reference.com/players/g/grahama01.html,grahama01,1945,24,1
Mal McMullen,Mal McMullen,1950,1951,F-C,5-Jun,210,8/23/1927,23/8/1927,1927,24,Xavier,https://www.basketball-reference.com/players/m/mcmulma01.html,mcmulma01,1927,24,1
Mal Pradd,Mal Pradd,1968,1969,G,3-Jun,170,11/17/1944,17/11/1944,1944,25,Dillard University,https://www.basketball-reference.com/players/p/praddma01.html,praddma01,1944,25,1
Malachi Flynn,Malachi Flynn,2021,2024,G,1-Jun,175,5/10/1998,10/5/1998,1998,26,"Washington State, San Diego State",https://www.basketball-reference.com/players/f/flynnma01.html,flynnma01,1998,26,3
Malachi Richardson,Malachi Richardson,2017,2019,G,6-Jun,205,1/5/1996,5/1/1996,1996,23,Syracuse,https://www.basketball-reference.com/players/r/richama01.html,richama01,1996,23,2
Malaki Branham,Malaki Branham,2023,2025,G,4-Jun,180,5/12/2003,12/5/2003,2003,22,Ohio State,https://www.basketball-reference.com/players/b/branhma01.html,branhma01,2003,22,2
Malcolm Brogdon,Malcolm Brogdon,2017,2025,G,4-Jun,229,12/11/1992,11/12/1992,1992,33,Virginia,https://www.basketball-reference.com/players/b/brogdma01.html,brogdma01,1992,33,8
Malcolm Cazalon,Malcolm Cazalon,2024,2024,G,6-Jun,212,8/27/2001,27/8/2001,2001,23,,https://www.basketball-reference.com/players/c/cazalma01.html,cazalma01,2001,23,0
Malcolm Delaney,Malcolm Delaney,2017,2018,G,3-Jun,190,3/11/1989,11/3/1989,1989,29,Virginia Tech,https://www.basketball-reference.com/players/d/delanma01.html,delanma01,1989,29,1
Malcolm Hill,Malcolm Hill,2022,2023,F,6-Jun,220,10/26/1995,26/10/1995,1995,28,Illinois,https://www.basketball-reference.com/players/h/hillma01.html,hillma01,1995,28,1
Malcolm Lee,Malcolm Lee,2012,2015,G,5-Jun,200,5/22/1990,22/5/1990,1990,25,UCLA,https://www.basketball-reference.com/players/l/leema01.html,leema01,1990,25,3
Malcolm Mackey,Malcolm Mackey,1994,1994,F-C,9-Jun,248,7/11/1970,11/7/1970,1970,24,Georgia Tech,https://www.basketball-reference.com/players/m/mackema01.html,mackema01,1970,24,0
Malcolm Miller,Malcolm Miller,2018,2020,F,7-Jun,210,3/6/1993,6/3/1993,1993,27,Holy Cross,https://www.basketball-reference.com/players/m/millema01.html,millema01,1993,27,2
Malcolm Thomas,Malcolm Thomas,2012,2015,F,9-Jun,225,11/8/1988,8/11/1988,1988,27,"Pepperdine, San Diego State",https://www.basketball-reference.com/players/t/thomama01.html,thomama01,1988,27,3
Malevy Leons,Malevy Leons,2025,2025,F,9-Jun,205,9/23/1999,23/9/1999,1999,26,"Mineral Area College, Bradley",https://www.basketball-reference.com/players/l/leonsma01.html,leonsma01,1999,26,0
Malik Allen,Malik Allen,2002,2011,F-C,10-Jun,255,6/27/1978,27/6/1978,1978,33,Villanova,https://www.basketball-reference.com/players/a/allenma01.html,allenma01,1978,33,9
Malik Beasley,Malik Beasley,2017,2025,G,4-Jun,187,11/26/1996,26/11/1996,1996,29,Florida State,https://www.basketball-reference.com/players/b/beaslma01.html,beaslma01,1996,29,8
Malik Fitts,Malik Fitts,2021,2022,F,8-Jun,230,7/4/1997,4/7/1997,1997,25,"South Florida, Saint Mary's",https://www.basketball-reference.com/players/f/fittsma01.html,fittsma01,1997,25,1
Malik Hairston,Malik Hairston,2009,2010,G,6-Jun,220,2/23/1987,23/2/1987,1987,23,Oregon,https://www.basketball-reference.com/players/h/hairsma01.html,hairsma01,1987,23,1
Malik Monk,Malik Monk,2018,2025,G,3-Jun,200,2/4/1998,4/2/1998,1998,27,Kentucky,https://www.basketball-reference.com/players/m/monkma01.html,monkma01,1998,27,7
Malik Newman,Malik Newman,2020,2022,G,3-Jun,190,2/21/1997,21/2/1997,1997,25,"Mississippi State, Kansas",https://www.basketball-reference.com/players/n/newmama01.html,newmama01,1997,25,2
Mike Gminski,Mike Gminski,1981,1994,C,11-Jun,250,8/3/1959,3/8/1959,1959,35,Duke,https://www.basketball-reference.com/players/g/gminsmi01.html,gminsmi01,1959,35,13
Malik Sealy,Malik Sealy,1993,2000,G,8-Jun,190,2/1/1970,1/2/1970,1970,30,St. John's,https://www.basketball-reference.com/players/s/sealyma01.html,sealyma01,1970,30,7
Malik Williams,Malik Williams,2024,2024,C,11-Jun,250,8/26/1998,26/8/1998,1998,26,,https://www.basketball-reference.com/players/w/willima11.html,willima11,1998,26,0
Mamadi Diakite,Mamadi Diakite,2021,2024,F,9-Jun,228,1/21/1997,21/1/1997,1997,27,Virginia,https://www.basketball-reference.com/players/d/diakima01.html,diakima01,1997,27,3
Mamadou N'Diaye,Mamadou N'Diaye,2001,2005,C,Jul-00,255,6/16/1975,16/6/1975,1975,30,Auburn,https://www.basketball-reference.com/players/n/ndiayma02.html,ndiayma02,1975,30,4
Mangok Mathiang,Mangok Mathiang,2018,2018,C-F,10-Jun,230,10/8/1992,8/10/1992,1992,26,Louisville,https://www.basketball-reference.com/players/m/mathima01.html,mathima01,1992,26,0
Manny Harris,Manny Harris,2011,2017,G,5-Jun,185,9/21/1989,21/9/1989,1989,28,Michigan,https://www.basketball-reference.com/players/h/harrima01.html,harrima01,1989,28,6
Manny Leaks,Manny Leaks,1969,1974,C-F,8-Jun,225,11/27/1945,27/11/1945,1945,29,Niagara University,https://www.basketball-reference.com/players/l/leaksma01.html,leaksma01,1945,29,5
Mookie Blaylock,Mookie Blaylock,1990,2002,G,Jun-00,180,3/20/1967,20/3/1967,1967,35,"Midland College, Oklahoma",https://www.basketball-reference.com/players/b/blaylmo01.html,blaylmo01,1967,35,12
Manute Bol,Manute Bol,1986,1995,C,7-Jul,200,10/16/1962,16/10/1962,1962,33,University of Bridgeport,https://www.basketball-reference.com/players/b/bolma01.html,bolma01,1962,33,9
Nick Van Exel,Nick Van Exel,1994,2006,G,1-Jun,170,11/27/1971,27/11/1971,1971,35,"Trinity Valley CC, Cincinnati",https://www.basketball-reference.com/players/v/vanexni01.html,vanexni01,1971,35,12
Marc Iavaroni,Marc Iavaroni,1983,1989,F,8-Jun,210,9/15/1956,15/9/1956,1956,33,Virginia,https://www.basketball-reference.com/players/i/iavarma01.html,iavarma01,1956,33,6
Marc Jackson,Marc Jackson,2001,2007,C,10-Jun,270,1/16/1975,16/1/1975,1975,32,"VCU, Temple",https://www.basketball-reference.com/players/j/jacksma02.html,jacksma02,1975,32,6
Marcelo Huertas,Marcelo Huertas,2016,2017,G,3-Jun,200,5/25/1983,25/5/1983,1983,34,,https://www.basketball-reference.com/players/h/huertma01.html,huertma01,1983,34,1
Nikola Vučević,Nikola Vučević,2012,2025,C,10-Jun,260,10/24/1990,24/10/1990,1990,35,USC,https://www.basketball-reference.com/players/v/vucevni01.html,vucevni01,1990,35,13
Orlando Woolridge,Orlando Woolridge,1982,1994,F,9-Jun,215,12/16/1959,16/12/1959,1959,35,Notre Dame,https://www.basketball-reference.com/players/w/woolror01.html,woolror01,1959,35,12
Marcus Banks,Marcus Banks,2004,2011,G,2-Jun,200,11/19/1981,19/11/1981,1981,30,"Dixie State (UT), UNLV",https://www.basketball-reference.com/players/b/banksma01.html,banksma01,1981,30,7
Marcus Brown,Marcus Brown,1997,2000,G,3-Jun,185,4/3/1974,3/4/1974,1974,26,Murray State,https://www.basketball-reference.com/players/b/brownma01.html,brownma01,1974,26,3
Pat Cummings,Pat Cummings,1980,1991,F-C,9-Jun,230,7/11/1956,11/7/1956,1956,35,Cincinnati,https://www.basketball-reference.com/players/c/cummipa01.html,cummipa01,1956,35,11
Marcus Cousin,Marcus Cousin,2011,2011,C,11-Jun,245,12/18/1986,18/12/1986,1986,25,"Seton Hall, Houston",https://www.basketball-reference.com/players/c/cousima01.html,cousima01,1986,25,0
Marcus Derrickson,Marcus Derrickson,2019,2019,F,7-Jun,249,2/1/1996,1/2/1996,1996,23,Georgetown,https://www.basketball-reference.com/players/d/derrima01.html,derrima01,1996,23,0
Marcus Fizer,Marcus Fizer,2001,2006,F,9-Jun,262,8/10/1978,10/8/1978,1978,28,Iowa State,https://www.basketball-reference.com/players/f/fizerma01.html,fizerma01,1978,28,5
Marcus Garrett,Marcus Garrett,2022,2022,G,5-Jun,205,11/9/1998,9/11/1998,1998,24,Kansas,https://www.basketball-reference.com/players/g/garrema01.html,garrema01,1998,24,0
Marcus Georges-Hunt,Marcus Georges-Hunt,2017,2018,G,5-Jun,216,3/28/1994,28/3/1994,1994,24,Georgia Tech,https://www.basketball-reference.com/players/g/georgma01.html,georgma01,1994,24,1
Marcus Haislip,Marcus Haislip,2003,2010,F,10-Jun,230,12/22/1980,22/12/1980,1980,30,Tennessee,https://www.basketball-reference.com/players/h/haislma01.html,haislma01,1980,30,7
Marcus Landry,Marcus Landry,2010,2010,F,7-Jun,230,11/1/1985,1/11/1985,1985,25,Wisconsin,https://www.basketball-reference.com/players/l/landrma01.html,landrma01,1985,25,0
Marcus Liberty,Marcus Liberty,1991,1994,F,8-Jun,205,10/27/1968,27/10/1968,1968,26,Illinois,https://www.basketball-reference.com/players/l/liberma01.html,liberma01,1968,26,3
Paul George,Paul George,2011,2025,F-G,8-Jun,220,5/2/1990,2/5/1990,1990,35,Fresno State,https://www.basketball-reference.com/players/g/georgpa01.html,georgpa01,1990,35,14
Marcus Paige,Marcus Paige,2018,2018,G,1-Jun,175,9/11/1993,11/9/1993,1993,25,UNC,https://www.basketball-reference.com/players/p/paigema01.html,paigema01,1993,25,0
Marcus Sasser,Marcus Sasser,2024,2025,G,2-Jun,195,9/21/2000,21/9/2000,2000,25,Houston,https://www.basketball-reference.com/players/s/sassema01.html,sassema01,2000,25,1
Marcus Smart,Marcus Smart,2015,2025,G,3-Jun,220,3/6/1994,6/3/1994,1994,31,Oklahoma State,https://www.basketball-reference.com/players/s/smartma01.html,smartma01,1994,31,10
Marcus Thornton,Marcus Thornton,2010,2017,G,4-Jun,205,6/5/1987,5/6/1987,1987,30,LSU,https://www.basketball-reference.com/players/t/thornma01.html,thornma01,1987,30,7
Marcus Vinicius,Marcus Vinicius,2007,2008,F,8-Jun,225,5/31/1984,31/5/1984,1984,24,,https://www.basketball-reference.com/players/v/vincima01.html,vincima01,1984,24,1
Marcus Webb,Marcus Webb,1993,1993,F-C,9-Jun,255,5/9/1970,9/5/1970,1970,23,Alabama,https://www.basketball-reference.com/players/w/webbma01.html,webbma01,1970,23,0
Marcus Williams,Marcus Williams,2008,2009,F,7-Jun,205,11/18/1986,18/11/1986,1986,23,Arizona,https://www.basketball-reference.com/players/w/willima04.html,willima04,1986,23,1
Marcus Williams,Marcus Williams,2007,2010,G,3-Jun,205,12/3/1985,3/12/1985,1985,25,UConn,https://www.basketball-reference.com/players/w/willima03.html,willima03,1985,25,3
Mardy Collins,Mardy Collins,2007,2010,G,6-Jun,220,8/4/1984,4/8/1984,1984,26,Temple,https://www.basketball-reference.com/players/c/collima01.html,collima01,1984,26,3
Marial Shayok,Marial Shayok,2020,2020,G,5-Jun,198,7/26/1995,26/7/1995,1995,25,"Virginia, Iowa State",https://www.basketball-reference.com/players/s/shayoma01.html,shayoma01,1995,25,0
Mario Bennett,Mario Bennett,1996,2000,F,6-Jun,235,8/1/1973,1/8/1973,1973,27,Arizona State,https://www.basketball-reference.com/players/b/bennema01.html,bennema01,1973,27,4
Mario Chalmers,Mario Chalmers,2009,2018,G,2-Jun,190,5/19/1986,19/5/1986,1986,32,Kansas,https://www.basketball-reference.com/players/c/chalmma01.html,chalmma01,1986,32,9
Paul Pressey,Paul Pressey,1983,1993,G-F,5-Jun,185,12/24/1958,24/12/1958,1958,35,"Western Texas College, Tulsa",https://www.basketball-reference.com/players/p/presspa01.html,presspa01,1958,35,10
Mario Hezonja,Mario Hezonja,2016,2020,F-G,8-Jun,220,2/25/1995,25/2/1995,1995,25,,https://www.basketball-reference.com/players/h/hezonma01.html,hezonma01,1995,25,4
Mario Kasun,Mario Kasun,2005,2006,C,1-Jul,260,4/5/1980,5/4/1980,1980,26,,https://www.basketball-reference.com/players/k/kasunma01.html,kasunma01,1980,26,1
Mario West,Mario West,2008,2011,G,5-Jun,210,6/19/1984,19/6/1984,1984,27,Georgia Tech,https://www.basketball-reference.com/players/w/westma02.html,westma02,1984,27,3
MarJon Beauchamp,MarJon Beauchamp,2023,2025,G,6-Jun,199,10/12/2000,12/10/2000,2000,25,Yakima Valley Community College,https://www.basketball-reference.com/players/b/beaucma01.html,beaucma01,2000,25,2
Mark Acres,Mark Acres,1988,1993,F-C,11-Jun,220,11/15/1962,15/11/1962,1962,31,Oral Roberts,https://www.basketball-reference.com/players/a/acresma01.html,acresma01,1962,31,5
Pete Myers,Pete Myers,1987,1998,G-F,6-Jun,180,9/15/1963,15/9/1963,1963,35,Little Rock,https://www.basketball-reference.com/players/m/myerspe01.html,myerspe01,1963,35,11
Mark Alarie,Mark Alarie,1987,1991,F,8-Jun,217,12/11/1963,11/12/1963,1963,28,Duke,https://www.basketball-reference.com/players/a/alarima01.html,alarima01,1963,28,4
Mark Baker,Mark Baker,1999,1999,G,1-Jun,175,11/11/1969,11/11/1969,1969,30,Ohio State,https://www.basketball-reference.com/players/b/bakerla01.html,bakerla01,1969,30,0
Phil Jackson*,Phil Jackson,1968,1980,F-C,8-Jun,220,9/17/1945,17/9/1945,1945,35,University of North Dakota,https://www.basketball-reference.com/players/j/jacksph01.html,jacksph01,1945,35,12
Mark Bradtke,Mark Bradtke,1997,1997,C-F,10-Jun,265,9/27/1968,27/9/1968,1968,29,,https://www.basketball-reference.com/players/b/bradtma01.html,bradtma01,1968,29,0
Randy Brown,Randy Brown,1992,2003,G,2-Jun,190,5/22/1968,22/5/1968,1968,35,"Houston, New Mexico State",https://www.basketball-reference.com/players/b/brownra02.html,brownra02,1968,35,11
Mark Crow,Mark Crow,1978,1978,F,7-Jun,210,10/22/1954,22/10/1954,1954,24,Duke,https://www.basketball-reference.com/players/c/crowma01.html,crowma01,1954,24,0
Mark Davis,Mark Davis,1989,1989,F-G,6-Jun,195,6/8/1963,8/6/1963,1963,26,Old Dominion,https://www.basketball-reference.com/players/d/davisma01.html,davisma01,1963,26,0
Mark Davis,Mark Davis,1996,2000,G-F,7-Jun,210,4/26/1973,26/4/1973,1973,27,"Howard College, Texas Tech",https://www.basketball-reference.com/players/d/davisma02.html,davisma02,1973,27,4
Randy Smith,Randy Smith,1972,1983,G-F,3-Jun,180,12/12/1948,12/12/1948,1948,35,Buffalo State,https://www.basketball-reference.com/players/s/smithra01.html,smithra01,1948,35,11
Mark Hendrickson,Mark Hendrickson,1997,2000,F,9-Jun,220,6/23/1974,23/6/1974,1974,26,Washington State,https://www.basketball-reference.com/players/h/hendrma01.html,hendrma01,1974,26,3
Rashard Lewis,Rashard Lewis,1999,2014,F,10-Jun,215,8/8/1979,8/8/1979,1979,35,,https://www.basketball-reference.com/players/l/lewisra02.html,lewisra02,1979,35,15
Mark Jones,Mark Jones,1984,1984,G,1-Jun,175,4/10/1961,10/4/1961,1961,23,St. Bonaventure,https://www.basketball-reference.com/players/j/jonesma02.html,jonesma02,1961,23,0
Mark Jones,Mark Jones,2005,2005,G,6-Jun,215,5/25/1975,25/5/1975,1975,30,"Minnesota, Central Florida",https://www.basketball-reference.com/players/j/jonesma03.html,jonesma03,1975,30,0
Mark Landsberger,Mark Landsberger,1978,1984,F-C,8-Jun,215,5/21/1955,21/5/1955,1955,29,"Minnesota, Arizona State",https://www.basketball-reference.com/players/l/landsma01.html,landsma01,1955,29,6
Mark Macon,Mark Macon,1992,1999,G,5-Jun,185,4/14/1969,14/4/1969,1969,30,Temple,https://www.basketball-reference.com/players/m/maconma01.html,maconma01,1969,30,7
Mark Madsen,Mark Madsen,2001,2009,F-C,9-Jun,240,1/28/1976,28/1/1976,1976,33,Stanford,https://www.basketball-reference.com/players/m/madsema01.html,madsema01,1976,33,8
Mark McNamara,Mark McNamara,1983,1991,C-F,11-Jun,235,6/8/1959,8/6/1959,1959,32,"Santa Clara, California",https://www.basketball-reference.com/players/m/mcnamma01.html,mcnamma01,1959,32,8
Mark Minor,Mark Minor,1973,1973,F,6-Jun,215,5/14/1950,14/5/1950,1950,23,Ohio State,https://www.basketball-reference.com/players/m/minorma01.html,minorma01,1950,23,0
Mark Olberding,Mark Olberding,1976,1987,F,8-Jun,225,4/21/1956,21/4/1956,1956,31,Minnesota,https://www.basketball-reference.com/players/o/olberma01.html,olberma01,1956,31,11
Mark Pope,Mark Pope,1998,2005,F,10-Jun,235,9/11/1972,11/9/1972,1972,33,"Washington, Kentucky",https://www.basketball-reference.com/players/p/popema01.html,popema01,1972,33,7
Raymond Felton,Raymond Felton,2006,2019,G,1-Jun,205,6/26/1984,26/6/1984,1984,35,UNC,https://www.basketball-reference.com/players/f/feltora01.html,feltora01,1984,35,13
Mark Radford,Mark Radford,1982,1983,G,4-Jun,190,7/5/1959,5/7/1959,1959,24,Oregon State,https://www.basketball-reference.com/players/r/radfoma01.html,radfoma01,1959,24,1
Mark Randall,Mark Randall,1992,1995,F,8-Jun,235,9/30/1967,30/9/1967,1967,28,Kansas,https://www.basketball-reference.com/players/r/randama01.html,randama01,1967,28,3
Mark Sibley,Mark Sibley,1974,1974,G,2-Jun,175,11/13/1950,13/11/1950,1950,24,Northwestern,https://www.basketball-reference.com/players/s/siblema01.html,siblema01,1950,24,0
Mark Strickland,Mark Strickland,1995,2003,F,9-Jun,210,7/14/1970,14/7/1970,1970,33,Temple,https://www.basketball-reference.com/players/s/stricma01.html,stricma01,1970,33,8
Mark Wade,Mark Wade,1988,1990,G,11-May,160,10/15/1965,15/10/1965,1965,25,"Oklahoma, UNLV",https://www.basketball-reference.com/players/w/wadema01.html,wadema01,1965,25,2
Reggie Evans,Reggie Evans,2003,2015,F,8-Jun,245,5/18/1980,18/5/1980,1980,35,Iowa,https://www.basketball-reference.com/players/e/evansre01.html,evansre01,1980,35,12
Mark Williams,Mark Williams,2023,2025,C,Jul-00,241,12/16/2001,16/12/2001,2001,24,Duke,https://www.basketball-reference.com/players/w/willima07.html,willima07,2001,24,2
Mark Workman,Mark Workman,1953,1954,F-C,9-Jun,215,3/10/1930,10/3/1930,1930,24,West Virginia,https://www.basketball-reference.com/players/w/workmma01.html,workmma01,1930,24,1
Markel Brown,Markel Brown,2015,2018,G,3-Jun,190,1/29/1992,29/1/1992,1992,26,Oklahoma State,https://www.basketball-reference.com/players/b/brownma02.html,brownma02,1992,26,3
Markelle Fultz,Markelle Fultz,2018,2024,G,4-Jun,209,5/29/1998,29/5/1998,1998,26,Washington,https://www.basketball-reference.com/players/f/fultzma01.html,fultzma01,1998,26,6
Reggie Jackson,Reggie Jackson,2012,2025,G,2-Jun,208,4/16/1990,16/4/1990,1990,35,Boston College,https://www.basketball-reference.com/players/j/jacksre01.html,jacksre01,1990,35,13
Marko Gudurić,Marko Gudurić,2020,2020,G,6-Jun,201,3/8/1995,8/3/1995,1995,25,,https://www.basketball-reference.com/players/g/gudurma01.html,gudurma01,1995,25,0
Marko Jarić,Marko Jarić,2003,2009,G,7-Jun,198,10/12/1978,12/10/1978,1978,31,,https://www.basketball-reference.com/players/j/jaricma01.html,jaricma01,1978,31,6
Marko Milič,Marko Milič,1998,1999,G-F,6-Jun,235,5/7/1977,7/5/1977,1977,22,,https://www.basketball-reference.com/players/m/milicma01.html,milicma01,1977,22,1
Marko Simonovic,Marko Simonovic,2022,2023,C,11-Jun,216,10/15/1999,15/10/1999,1999,24,,https://www.basketball-reference.com/players/s/simonma01.html,simonma01,1999,24,1
Markquis Nowell,Markquis Nowell,2024,2024,G,8-May,160,12/25/1999,25/12/1999,1999,25,"Little Rock, Kansas State",https://www.basketball-reference.com/players/n/nowelma01.html,nowelma01,1999,25,0
Markus Howard,Markus Howard,2021,2022,G,10-May,175,3/3/1999,3/3/1999,1999,23,Marquette,https://www.basketball-reference.com/players/h/howarma02.html,howarma02,1999,23,1
Marlon Garnett,Marlon Garnett,1999,1999,G,2-Jun,186,7/3/1975,3/7/1975,1975,24,Santa Clara,https://www.basketball-reference.com/players/g/garnema01.html,garnema01,1975,24,0
Marlon Maxey,Marlon Maxey,1993,1994,F,8-Jun,250,2/19/1969,19/2/1969,1969,25,"Minnesota, Texas-El Paso",https://www.basketball-reference.com/players/m/maxeyma01.html,maxeyma01,1969,25,1
Marlon Redmond,Marlon Redmond,1979,1980,G,6-Jun,188,4/15/1955,15/4/1955,1955,25,San Francisco,https://www.basketball-reference.com/players/r/redmoma01.html,redmoma01,1955,25,1
Marques Bolden,Marques Bolden,2020,2024,C,10-Jun,249,4/17/1998,17/4/1998,1998,26,Duke,https://www.basketball-reference.com/players/b/boldema01.html,boldema01,1998,26,4
Marques Bragg,Marques Bragg,1996,1996,F,8-Jun,230,3/24/1970,24/3/1970,1970,26,Providence,https://www.basketball-reference.com/players/b/braggma01.html,braggma01,1970,26,0
Richard Hamilton,Richard Hamilton,2000,2013,G-F,6-Jun,185,2/14/1978,14/2/1978,1978,35,UConn,https://www.basketball-reference.com/players/h/hamilri01.html,hamilri01,1978,35,13
Marquese Chriss,Marquese Chriss,2017,2022,F,9-Jun,240,7/2/1997,2/7/1997,1997,25,Washington,https://www.basketball-reference.com/players/c/chrisma01.html,chrisma01,1997,25,5
Marquis Daniels,Marquis Daniels,2004,2013,G-F,6-Jun,200,1/7/1981,7/1/1981,1981,32,Auburn,https://www.basketball-reference.com/players/d/daniema01.html,daniema01,1981,32,9
Marquis Teague,Marquis Teague,2013,2018,G,2-Jun,189,2/28/1993,28/2/1993,1993,25,Kentucky,https://www.basketball-reference.com/players/t/teaguma01.html,teaguma01,1993,25,5
Marreese Speights,Marreese Speights,2009,2018,C-F,10-Jun,255,8/4/1987,4/8/1987,1987,31,Florida,https://www.basketball-reference.com/players/s/speigma01.html,speigma01,1987,31,9
Marshall Hawkins,Marshall Hawkins,1950,1950,F,3-Jun,205,8/3/1924,3/8/1924,1924,26,Tennessee,https://www.basketball-reference.com/players/h/hawkima01.html,hawkima01,1924,26,0
Marshall Plumlee,Marshall Plumlee,2017,2018,C,Jul-00,250,7/14/1992,14/7/1992,1992,26,Duke,https://www.basketball-reference.com/players/p/plumlma02.html,plumlma02,1992,26,1
Marshall Rogers,Marshall Rogers,1977,1977,G,1-Jun,190,8/27/1953,27/8/1953,1953,24,University of Texas Rio Grande Valley,https://www.basketball-reference.com/players/r/rogerma01.html,rogerma01,1953,24,0
MarShon Brooks,MarShon Brooks,2012,2019,G-F,5-Jun,200,1/26/1989,26/1/1989,1989,30,Providence,https://www.basketball-reference.com/players/b/brookma01.html,brookma01,1989,30,7
Martell Webster,Martell Webster,2006,2015,G-F,7-Jun,230,12/4/1986,4/12/1986,1986,29,,https://www.basketball-reference.com/players/w/webstma02.html,webstma02,1986,29,9
Martin Lewis,Martin Lewis,1996,1997,F,5-Jun,210,4/28/1975,28/4/1975,1975,22,"Butler County Community College, Seward County Community College",https://www.basketball-reference.com/players/l/lewisma01.html,lewisma01,1975,22,1
Martin Müürsepp,Martin Müürsepp,1997,1998,F,9-Jun,235,9/26/1974,26/9/1974,1974,24,,https://www.basketball-reference.com/players/m/muursma01.html,muursma01,1974,24,1
Martin Nessley,Martin Nessley,1988,1988,C,2-Jul,260,2/16/1965,16/2/1965,1965,23,Duke,https://www.basketball-reference.com/players/n/nesslma01.html,nesslma01,1965,23,0
Marty Byrnes,Marty Byrnes,1979,1983,F,7-Jun,215,4/30/1956,30/4/1956,1956,27,Syracuse,https://www.basketball-reference.com/players/b/byrnema01.html,byrnema01,1956,27,4
Marty Conlon,Marty Conlon,1992,2000,F-C,10-Jun,224,1/19/1968,19/1/1968,1968,32,Providence,https://www.basketball-reference.com/players/c/conloma01.html,conloma01,1968,32,8
Marty Passaglia,Marty Passaglia,1947,1949,G,1-Jun,170,4/22/1919,22/4/1919,1919,30,Santa Clara,https://www.basketball-reference.com/players/p/passama01.html,passama01,1919,30,2
Martynas Andriuškevičius,Martynas Andriuškevičius,2006,2006,C,2-Jul,240,3/12/1986,12/3/1986,1986,20,,https://www.basketball-reference.com/players/a/andrima01.html,andrima01,1986,20,0
Marv Roberts,Marv Roberts,1972,1977,F-C,8-Jun,200,1/29/1950,29/1/1950,1950,27,Utah State University,https://www.basketball-reference.com/players/r/roberma01.html,roberma01,1950,27,5
Marv Schatzman,Marv Schatzman,1950,1950,F,5-Jun,200,2/18/1927,18/2/1927,1927,23,Saint Louis,https://www.basketball-reference.com/players/s/schatma01.html,schatma01,1927,23,0
Marv Winkler,Marv Winkler,1971,1972,G,1-Jun,164,2/18/1948,18/2/1948,1948,24,Louisiana,https://www.basketball-reference.com/players/w/winklma01.html,winklma01,1948,24,1
Marvin Bagley III,Marvin Bagley III,2019,2025,F-C,10-Jun,235,3/14/1999,14/3/1999,1999,26,Duke,https://www.basketball-reference.com/players/b/baglema01.html,baglema01,1999,26,6
Marvin Barnes,Marvin Barnes,1975,1980,F-C,8-Jun,210,7/27/1952,27/7/1952,1952,28,Providence,https://www.basketball-reference.com/players/b/barnema01.html,barnema01,1952,28,5
Rick Fox,Rick Fox,1992,2004,F-G,7-Jun,230,7/24/1969,24/7/1969,1969,35,UNC,https://www.basketball-reference.com/players/f/foxri01.html,foxri01,1969,35,12
Robert Pack,Robert Pack,1992,2004,G,2-Jun,180,2/3/1969,3/2/1969,1969,35,USC,https://www.basketball-reference.com/players/p/packro01.html,packro01,1969,35,12
Mason Jones,Mason Jones,2021,2025,G,4-Jun,200,7/21/1998,21/7/1998,1998,27,"Connors State College, Arkansas",https://www.basketball-reference.com/players/j/jonesma05.html,jonesma05,1998,27,4
Rod Higgins,Rod Higgins,1983,1995,F,7-Jun,200,1/31/1960,31/1/1960,1960,35,Fresno State,https://www.basketball-reference.com/players/h/higgiro01.html,higgiro01,1960,35,12
Matas Buzelis,Matas Buzelis,2025,2025,F,10-Jun,209,10/13/2004,13/10/2004,2004,21,,https://www.basketball-reference.com/players/b/buzelma01.html,buzelma01,2004,21,0
Mateen Cleaves,Mateen Cleaves,2001,2006,G,2-Jun,205,9/7/1977,7/9/1977,1977,29,Michigan State,https://www.basketball-reference.com/players/c/cleavma01.html,cleavma01,1977,29,5
Matisse Thybulle,Matisse Thybulle,2020,2024,G,5-Jun,201,3/4/1997,4/3/1997,1997,27,Washington,https://www.basketball-reference.com/players/t/thybuma01.html,thybuma01,1997,27,4
Matt Aitch,Matt Aitch,1968,1968,F,7-Jun,230,9/21/1944,21/9/1944,1944,24,"Moberly Area Community College, Michigan State",https://www.basketball-reference.com/players/a/aitchma01.html,aitchma01,1944,24,0
Rolando Blackman,Rolando Blackman,1982,1994,G,6-Jun,190,2/26/1959,26/2/1959,1959,35,Kansas State,https://www.basketball-reference.com/players/b/blackro01.html,blackro01,1959,35,12
Ron Boone,Ron Boone,1969,1981,G-F,2-Jun,200,9/6/1946,6/9/1946,1946,35,"Iowa Western Community College, Clarinda Campus, Idaho State University",https://www.basketball-reference.com/players/b/boonero01.html,boonero01,1946,35,12
Ryan Bowen,Ryan Bowen,2000,2010,F,7-Jun,215,11/20/1975,20/11/1975,1975,35,Iowa,https://www.basketball-reference.com/players/b/bowenry01.html,bowenry01,1975,35,10
Matt Carroll,Matt Carroll,2004,2013,G,6-Jun,212,8/28/1980,28/8/1980,1980,33,Notre Dame,https://www.basketball-reference.com/players/c/carroma01.html,carroma01,1980,33,9
Matt Costello,Matt Costello,2018,2018,F,9-Jun,245,8/5/1993,5/8/1993,1993,25,Michigan State,https://www.basketball-reference.com/players/c/costema01.html,costema01,1993,25,0
Matt Fish,Matt Fish,1995,1997,C,11-Jun,235,11/18/1969,18/11/1969,1969,28,UNC Wilmington,https://www.basketball-reference.com/players/f/fishma01.html,fishma01,1969,28,2
Matt Freije,Matt Freije,2005,2007,F,10-Jun,240,10/2/1981,2/10/1981,1981,26,Vanderbilt,https://www.basketball-reference.com/players/f/freijma01.html,freijma01,1981,26,2
Matt Geiger,Matt Geiger,1993,2002,C,Jul-00,243,9/10/1969,10/9/1969,1969,33,"Auburn, Georgia Tech",https://www.basketball-reference.com/players/g/geigema01.html,geigema01,1969,33,9
Matt Guokas,Matt Guokas,1947,1947,F,3-Jun,195,11/11/1915,11/11/1915,1915,32,Saint Joseph's,https://www.basketball-reference.com/players/g/guokama01.html,guokama01,1915,32,0
Matt Guokas,Matt Guokas,1967,1976,G-F,5-Jun,175,2/25/1944,25/2/1944,1944,32,Saint Joseph's,https://www.basketball-reference.com/players/g/guokama02.html,guokama02,1944,32,9
Matt Harpring,Matt Harpring,1999,2009,F,7-Jun,231,5/31/1976,31/5/1976,1976,33,Georgia Tech,https://www.basketball-reference.com/players/h/harprma01.html,harprma01,1976,33,10
Matt Maloney,Matt Maloney,1997,2003,G,3-Jun,192,12/6/1971,6/12/1971,1971,32,"Vanderbilt, Penn",https://www.basketball-reference.com/players/m/malonma01.html,malonma01,1971,32,6
Matt Mazza,Matt Mazza,1950,1950,F,3-Jun,210,9/23/1923,23/9/1923,1923,27,Michigan State,https://www.basketball-reference.com/players/m/mazzama01.html,mazzama01,1923,27,0
Matt Mooney,Matt Mooney,2020,2022,G,3-Jun,199,2/7/1996,7/2/1996,1996,26,"Air Force, South Dakota, Texas Tech",https://www.basketball-reference.com/players/m/moonema01.html,moonema01,1996,26,2
Matt Othick,Matt Othick,1993,1993,G,2-Jun,165,3/16/1969,16/3/1969,1969,24,Arizona,https://www.basketball-reference.com/players/o/othicma01.html,othicma01,1969,24,0
Matt Ryan,Matt Ryan,2022,2025,F,6-Jun,215,4/17/1997,17/4/1997,1997,28,"Notre Dame, Vanderbilt, Chattanooga",https://www.basketball-reference.com/players/r/ryanma01.html,ryanma01,1997,28,3
Matt Steigenga,Matt Steigenga,1997,1997,F,7-Jun,225,3/27/1970,27/3/1970,1970,27,Michigan State,https://www.basketball-reference.com/players/s/steigma01.html,steigma01,1970,27,0
Matt Thomas,Matt Thomas,2020,2022,G,4-Jun,190,8/4/1994,4/8/1994,1994,28,Iowa State,https://www.basketball-reference.com/players/t/thomama02.html,thomama02,1994,28,2
Matt Walsh,Matt Walsh,2006,2006,G-F,6-Jun,205,12/2/1982,2/12/1982,1982,24,Florida,https://www.basketball-reference.com/players/w/walshma01.html,walshma01,1982,24,0
Matt Wenstrom,Matt Wenstrom,1994,1994,C,1-Jul,250,11/4/1970,4/11/1970,1970,24,UNC,https://www.basketball-reference.com/players/w/wenstma01.html,wenstma01,1970,24,0
Matt Williams,Matt Williams,2018,2018,G,5-Jun,210,10/14/1993,14/10/1993,1993,25,Central Florida,https://www.basketball-reference.com/players/w/willima05.html,willima05,1993,25,0
Matt Zunic,Matt Zunic,1949,1949,G-F,3-Jun,195,12/19/1919,19/12/1919,1919,30,George Washington,https://www.basketball-reference.com/players/z/zunicma01.html,zunicma01,1919,30,0
Matthew Dellavedova,Matthew Dellavedova,2014,2023,G,3-Jun,200,9/8/1990,8/9/1990,1990,33,Saint Mary's,https://www.basketball-reference.com/players/d/dellama01.html,dellama01,1990,33,9
Matthew Hurt,Matthew Hurt,2024,2024,F,9-Jun,235,4/20/2000,20/4/2000,2000,24,Duke,https://www.basketball-reference.com/players/h/hurtma01.html,hurtma01,2000,24,0
Maurice Ager,Maurice Ager,2007,2011,G,5-Jun,202,2/9/1984,9/2/1984,1984,27,Michigan State,https://www.basketball-reference.com/players/a/agerma01.html,agerma01,1984,27,4
Maurice Baker,Maurice Baker,2005,2005,G,1-Jun,175,7/28/1979,28/7/1979,1979,26,Oklahoma State,https://www.basketball-reference.com/players/b/bakerma01.html,bakerma01,1979,26,0
Maurice Carter,Maurice Carter,2004,2004,G,5-Jun,210,10/12/1976,12/10/1976,1976,28,LSU,https://www.basketball-reference.com/players/c/cartema01.html,cartema01,1976,28,0
Sam Lacey,Sam Lacey,1971,1983,C,10-Jun,235,3/28/1948,28/3/1948,1948,35,New Mexico State,https://www.basketball-reference.com/players/l/laceysa01.html,laceysa01,1948,35,12
Scott Wedman,Scott Wedman,1975,1987,F-G,7-Jun,215,7/29/1952,29/7/1952,1952,35,Colorado,https://www.basketball-reference.com/players/w/wedmasc01.html,wedmasc01,1952,35,12
Maurice Harkless,Maurice Harkless,2013,2022,F-G,7-Jun,220,5/11/1993,11/5/1993,1993,29,St. John's,https://www.basketball-reference.com/players/h/harklma01.html,harklma01,1993,29,9
Maurice King,Maurice King,1960,1963,G,2-Jun,195,3/12/1935,12/3/1935,1935,28,Kansas,https://www.basketball-reference.com/players/k/kingma01.html,kingma01,1935,28,3
Sean Rooks,Sean Rooks,1993,2004,C,10-Jun,250,9/9/1969,9/9/1969,1969,35,Arizona,https://www.basketball-reference.com/players/r/rooksse01.html,rooksse01,1969,35,11
Maurice Martin,Maurice Martin,1987,1988,F-G,6-Jun,200,7/2/1964,2/7/1964,1964,24,Saint Joseph's,https://www.basketball-reference.com/players/m/martima01.html,martima01,1964,24,1
Maurice McHartley,Maurice McHartley,1968,1970,G-F,3-Jun,185,8/1/1942,1/8/1942,1942,28,North Carolina A&T,https://www.basketball-reference.com/players/m/mcharma01.html,mcharma01,1942,28,2
Maurice Ndour,Maurice Ndour,2017,2017,F,9-Jun,200,6/18/1992,18/6/1992,1992,25,Ohio University,https://www.basketball-reference.com/players/n/ndourma01.html,ndourma01,1992,25,0
Maurice Stokes*,Maurice Stokes,1956,1958,F-C,7-Jun,232,6/17/1933,17/6/1933,1933,25,Saint Francis University,https://www.basketball-reference.com/players/s/stokema01.html,stokema01,1933,25,2
Maurice Taylor,Maurice Taylor,1998,2007,F,9-Jun,260,10/30/1976,30/10/1976,1976,31,"Michigan, LSU",https://www.basketball-reference.com/players/t/tayloma01.html,tayloma01,1976,31,9
Max Christie,Max Christie,2023,2025,G,6-Jun,190,2/10/2003,10/2/2003,2003,22,Michigan State,https://www.basketball-reference.com/players/c/chrisma02.html,chrisma02,2003,22,2
Max Morris,Max Morris,1950,1950,F-C,2-Jun,195,3/14/1925,14/3/1925,1925,25,Northwestern,https://www.basketball-reference.com/players/m/morrima01.html,morrima01,1925,25,0
Max Strus,Max Strus,2020,2025,G,5-Jun,215,3/28/1996,28/3/1996,1996,29,"Lewis (IL), DePaul",https://www.basketball-reference.com/players/s/strusma01.html,strusma01,1996,29,5
Max Zaslofsky,Max Zaslofsky,1947,1956,G-F,2-Jun,170,12/7/1925,7/12/1925,1925,31,St. John's,https://www.basketball-reference.com/players/z/zasloma01.html,zasloma01,1925,31,9
Maxi Kleber,Maxi Kleber,2018,2025,F,10-Jun,240,1/29/1992,29/1/1992,1992,33,,https://www.basketball-reference.com/players/k/klebima01.html,klebima01,1992,33,7
Maxwell Lewis,Maxwell Lewis,2024,2025,F,7-Jun,195,7/27/2002,27/7/2002,2002,23,Pepperdine,https://www.basketball-reference.com/players/l/lewisma05.html,lewisma05,2002,23,1
McCoy Ingram,McCoy Ingram,1958,1958,F,8-Jun,210,8/31/1931,31/8/1931,1931,27,Jackson State University,https://www.basketball-reference.com/players/i/ingramc01.html,ingramc01,1931,27,0
McCoy McLemore,McCoy McLemore,1965,1972,F-C,7-Jun,230,4/3/1942,3/4/1942,1942,30,Drake University,https://www.basketball-reference.com/players/m/mclemmc01.html,mclemmc01,1942,30,7
McKinley Singleton,McKinley Singleton,1987,1987,G,5-Jun,175,10/29/1961,29/10/1961,1961,26,UAB,https://www.basketball-reference.com/players/s/singlmc01.html,singlmc01,1961,26,0
McKinley Wright IV,McKinley Wright IV,2022,2023,G,Jun-00,196,10/25/1998,25/10/1998,1998,25,Colorado,https://www.basketball-reference.com/players/w/wrighmc01.html,wrighmc01,1998,25,1
Med Park,Med Park,1956,1960,G-F,2-Jun,205,4/11/1933,11/4/1933,1933,27,Missouri,https://www.basketball-reference.com/players/p/parkme01.html,parkme01,1933,27,4
Mehmet Okur,Mehmet Okur,2003,2012,C-F,11-Jun,249,5/26/1979,26/5/1979,1979,33,,https://www.basketball-reference.com/players/o/okurme01.html,okurme01,1979,33,9
Mel Bennett,Mel Bennett,1976,1982,F,7-Jun,200,1/4/1955,4/1/1955,1955,27,Pitt,https://www.basketball-reference.com/players/b/benneme01.html,benneme01,1955,27,6
Seth Curry,Seth Curry,2014,2025,G,1-Jun,185,8/23/1990,23/8/1990,1990,35,"Liberty, Duke",https://www.basketball-reference.com/players/c/curryse01.html,curryse01,1990,35,11
Mel Daniels*,Mel Daniels,1968,1977,C,9-Jun,220,7/20/1944,20/7/1944,1944,33,"Southeastern Iowa Community College, West Burlington Campus, New Mexico",https://www.basketball-reference.com/players/d/danieme01.html,danieme01,1944,33,9
Mel Davis,Mel Davis,1974,1977,F,6-Jun,220,11/9/1950,9/11/1950,1950,27,St. John's,https://www.basketball-reference.com/players/d/davisme01.html,davisme01,1950,27,3
Mel Gibson,Mel Gibson,1964,1964,G,3-Jun,180,12/30/1940,30/12/1940,1940,24,Western Carolina University,https://www.basketball-reference.com/players/g/gibsome01.html,gibsome01,1940,24,0
Mel Hirsch,Mel Hirsch,1947,1947,G,6-May,165,7/31/1921,31/7/1921,1921,26,Brooklyn College,https://www.basketball-reference.com/players/h/hirscme01.html,hirscme01,1921,26,0
Mel Hutchins,Mel Hutchins,1952,1958,F-C,6-Jun,200,11/22/1928,22/11/1928,1928,30,BYU,https://www.basketball-reference.com/players/h/hutchme01.html,hutchme01,1928,30,6
Mel McCants,Mel McCants,1990,1990,F,8-Jun,240,8/19/1967,19/8/1967,1967,23,Purdue,https://www.basketball-reference.com/players/m/mccanme01.html,mccanme01,1967,23,0
Mel McGaha,Mel McGaha,1949,1949,G,1-Jun,190,9/26/1926,26/9/1926,1926,23,Arkansas,https://www.basketball-reference.com/players/m/mcgahme01.html,mcgahme01,1926,23,0
Mel Nowell,Mel Nowell,1963,1968,G,2-Jun,170,12/27/1939,27/12/1939,1939,29,Ohio State,https://www.basketball-reference.com/players/n/nowelme01.html,nowelme01,1939,29,5
Mel Payton,Mel Payton,1952,1953,F-G,4-Jun,185,7/16/1926,16/7/1926,1926,27,Tulane,https://www.basketball-reference.com/players/p/paytome01.html,paytome01,1926,27,1
Mel Peterson,Mel Peterson,1964,1970,G-F,4-Jun,185,3/23/1938,23/3/1938,1938,32,Wheaton College,https://www.basketball-reference.com/players/p/peterme01.html,peterme01,1938,32,6
Mel Riebe,Mel Riebe,1947,1949,G-F,11-May,180,7/12/1916,12/7/1916,1916,33,College of Wooster,https://www.basketball-reference.com/players/r/riebeme01.html,riebeme01,1916,33,2
Mel Thurston,Mel Thurston,1948,1948,G,Jun-00,175,1/16/1919,16/1/1919,1919,29,Canisius,https://www.basketball-reference.com/players/t/thursme01.html,thursme01,1919,29,0
Melvin Booker,Melvin Booker,1996,1997,G,2-Jun,185,8/20/1972,20/8/1972,1972,25,Missouri,https://www.basketball-reference.com/players/b/bookeme01.html,bookeme01,1972,25,1
Sherman Douglas,Sherman Douglas,1990,2001,G,Jun-00,180,9/15/1966,15/9/1966,1966,35,Syracuse,https://www.basketball-reference.com/players/d/douglsh01.html,douglsh01,1966,35,11
Melvin Frazier,Melvin Frazier,2019,2022,G,5-Jun,215,8/30/1996,30/8/1996,1996,26,Tulane,https://www.basketball-reference.com/players/f/frazime01.html,frazime01,1996,26,3
Melvin Newbern,Melvin Newbern,1993,1993,G,4-Jun,200,6/11/1967,11/6/1967,1967,26,Minnesota,https://www.basketball-reference.com/players/n/newbeme01.html,newbeme01,1967,26,0
Melvin Sanders,Melvin Sanders,2006,2006,G-F,5-Jun,210,1/3/1981,3/1/1981,1981,25,"Seward County Community College, Oklahoma State",https://www.basketball-reference.com/players/s/sandeme01.html,sandeme01,1981,25,0
Melvin Turpin,Melvin Turpin,1985,1990,C,11-Jun,240,12/28/1960,28/12/1960,1960,30,Kentucky,https://www.basketball-reference.com/players/t/turpime01.html,turpime01,1960,30,5
Mengke Bateer,Mengke Bateer,2002,2004,C,11-Jun,290,11/20/1975,20/11/1975,1975,29,,https://www.basketball-reference.com/players/b/bateeme01.html,bateeme01,1975,29,2
Merv Jackson,Merv Jackson,1969,1973,G,3-Jun,175,8/15/1946,15/8/1946,1946,27,Utah,https://www.basketball-reference.com/players/j/jacksme01.html,jacksme01,1946,27,4
Slater Martin*,Slater Martin,1950,1960,G,10-May,170,10/22/1925,22/10/1925,1925,35,Texas,https://www.basketball-reference.com/players/m/martisl01.html,martisl01,1925,35,10
Meyers Leonard,Meyers Leonard,2013,2023,C-F,Jul-00,260,2/27/1992,27/2/1992,1992,31,Illinois,https://www.basketball-reference.com/players/l/leoname01.html,leoname01,1992,31,10
Mfiondu Kabengele,Mfiondu Kabengele,2020,2023,F,9-Jun,250,8/14/1997,14/8/1997,1997,26,Florida State,https://www.basketball-reference.com/players/k/kabenmf01.html,kabenmf01,1997,26,3
Micah Potter,Micah Potter,2022,2025,C,10-Jun,248,4/6/1998,6/4/1998,1998,27,"Ohio State, Wisconsin",https://www.basketball-reference.com/players/p/pottemi01.html,pottemi01,1998,27,3
Michael Adams,Michael Adams,1986,1996,G,10-May,162,1/19/1963,19/1/1963,1963,33,Boston College,https://www.basketball-reference.com/players/a/adamsmi01.html,adamsmi01,1963,33,10
Michael Anderson,Michael Anderson,1989,1989,G,11-May,184,3/23/1966,23/3/1966,1966,23,Drexel,https://www.basketball-reference.com/players/a/andermi01.html,andermi01,1966,23,0
Michael Ansley,Michael Ansley,1990,1992,F,7-Jun,225,2/8/1967,8/2/1967,1967,25,Alabama,https://www.basketball-reference.com/players/a/anslemi01.html,anslemi01,1967,25,2
Michael Beasley,Michael Beasley,2009,2019,F,9-Jun,235,1/9/1989,9/1/1989,1989,30,Kansas State,https://www.basketball-reference.com/players/b/beaslmi01.html,beaslmi01,1989,30,10
Michael Bradley,Michael Bradley,2002,2006,F-C,10-Jun,245,4/18/1979,18/4/1979,1979,27,"Kentucky, Villanova",https://www.basketball-reference.com/players/b/bradlmi01.html,bradlmi01,1979,27,4
Michael Brooks,Michael Brooks,1981,1988,F,7-Jun,220,8/17/1958,17/8/1958,1958,30,La Salle,https://www.basketball-reference.com/players/b/brookmi01.html,brookmi01,1958,30,7
Michael Bytzura,Michael Bytzura,1947,1947,F,1-Jun,170,6/18/1922,18/6/1922,1922,25,Long Island University,https://www.basketball-reference.com/players/b/bytzumi01.html,bytzumi01,1922,25,0
Sleepy Floyd,Sleepy Floyd,1983,1995,G,3-Jun,170,3/6/1960,6/3/1960,1960,35,Georgetown,https://www.basketball-reference.com/players/f/floydsl01.html,floydsl01,1960,35,12
Michael Carter-Williams,Michael Carter-Williams,2014,2023,G,5-Jun,190,10/10/1991,10/10/1991,1991,32,Syracuse,https://www.basketball-reference.com/players/c/cartemi01.html,cartemi01,1991,32,9
Spud Webb,Spud Webb,1986,1998,G,6-May,133,7/13/1963,13/7/1963,1963,35,"Midland College, NC State",https://www.basketball-reference.com/players/w/webbsp01.html,webbsp01,1963,35,12
Stojko Vranković,Stojko Vranković,1991,1999,C,2-Jul,260,1/22/1964,22/1/1964,1964,35,,https://www.basketball-reference.com/players/v/vrankst01.html,vrankst01,1964,35,8
Michael Dickerson,Michael Dickerson,1999,2003,G-F,5-Jun,190,6/25/1975,25/6/1975,1975,28,Arizona,https://www.basketball-reference.com/players/d/dickemi01.html,dickemi01,1975,28,4
Michael Doleac,Michael Doleac,1999,2008,C,11-Jun,262,6/15/1977,15/6/1977,1977,31,Utah,https://www.basketball-reference.com/players/d/doleami01.html,doleami01,1977,31,9
Tom Sanders*,Tom Sanders,1961,1973,F,6-Jun,210,11/8/1938,8/11/1938,1938,35,NYU,https://www.basketball-reference.com/players/s/sandeto01.html,sandeto01,1938,35,12
Michael Foster Jr.,Michael Foster Jr.,2023,2023,F,8-Jun,250,1/16/2003,16/1/2003,2003,20,,https://www.basketball-reference.com/players/f/fostemi02.html,fostemi02,2003,20,0
Michael Frazier,Michael Frazier,2020,2020,G,3-Jun,200,3/8/1994,8/3/1994,1994,26,Florida,https://www.basketball-reference.com/players/f/frazimi01.html,frazimi01,1994,26,0
Michael Gbinije,Michael Gbinije,2017,2017,G,7-Jun,200,6/5/1992,5/6/1992,1992,25,"Duke, Syracuse",https://www.basketball-reference.com/players/g/gbinimi01.html,gbinimi01,1992,25,0
Michael Hawkins,Michael Hawkins,1997,2001,G,Jun-00,178,10/28/1972,28/10/1972,1972,29,Xavier,https://www.basketball-reference.com/players/h/hawkimi01.html,hawkimi01,1972,29,4
Michael Holton,Michael Holton,1985,1990,G,4-Jun,185,8/4/1961,4/8/1961,1961,29,UCLA,https://www.basketball-reference.com/players/h/holtomi01.html,holtomi01,1961,29,5
Michael Jackson,Michael Jackson,1988,1990,G,2-Jun,183,7/13/1964,13/7/1964,1964,26,Georgetown,https://www.basketball-reference.com/players/j/jacksmi02.html,jacksmi02,1964,26,2
Torrey Craig,Torrey Craig,2018,2025,G-F,7-Jun,221,12/19/1990,19/12/1990,1990,35,USC Upstate,https://www.basketball-reference.com/players/c/craigto01.html,craigto01,1990,35,7
Michael Kidd-Gilchrist,Michael Kidd-Gilchrist,2013,2020,F,6-Jun,232,9/26/1993,26/9/1993,1993,27,Kentucky,https://www.basketball-reference.com/players/k/kiddgmi01.html,kiddgmi01,1993,27,7
Michael McDonald,Michael McDonald,1998,1998,C,10-Jun,232,2/13/1969,13/2/1969,1969,29,"Utah Valley, New Orleans",https://www.basketball-reference.com/players/m/mcdonmi01.html,mcdonmi01,1969,29,0
Michael Olowokandi,Michael Olowokandi,1999,2007,C,Jul-00,269,4/3/1975,3/4/1975,1975,32,University of the Pacific,https://www.basketball-reference.com/players/o/olowomi01.html,olowomi01,1975,32,8
Michael Phelps,Michael Phelps,1986,1988,G,4-Jun,180,10/3/1961,3/10/1961,1961,27,Alcorn State,https://www.basketball-reference.com/players/p/phelpmi01.html,phelpmi01,1961,27,2
Michael Porter Jr.,Michael Porter Jr.,2020,2025,F,10-Jun,218,6/29/1998,29/6/1998,1998,27,Missouri,https://www.basketball-reference.com/players/p/portemi01.html,portemi01,1998,27,5
Michael Ray Richardson,Michael Ray Richardson,1979,1986,G-F,5-Jun,189,4/11/1955,11/4/1955,1955,31,Montana,https://www.basketball-reference.com/players/r/richami01.html,richami01,1955,31,7
Michael Redd,Michael Redd,2001,2012,G,6-Jun,220,8/24/1979,24/8/1979,1979,33,Ohio State,https://www.basketball-reference.com/players/r/reddmi01.html,reddmi01,1979,33,11
Michael Ruffin,Michael Ruffin,2000,2009,F,9-Jun,246,1/21/1977,21/1/1977,1977,32,Tulsa,https://www.basketball-reference.com/players/r/ruffimi01.html,ruffimi01,1977,32,9
Michael Smith,Michael Smith,1995,2001,F,8-Jun,230,3/28/1972,28/3/1972,1972,29,Providence,https://www.basketball-reference.com/players/s/smithmi02.html,smithmi02,1972,29,6
Michael Smith,Michael Smith,1990,1995,F,10-Jun,225,5/19/1965,19/5/1965,1965,30,BYU,https://www.basketball-reference.com/players/s/smithmi01.html,smithmi01,1965,30,5
Michael Stewart,Michael Stewart,1998,2005,C,10-Jun,230,4/25/1975,25/4/1975,1975,30,California,https://www.basketball-reference.com/players/s/stewami01.html,stewami01,1975,30,7
Michael Wiley,Michael Wiley,1981,1982,F,9-Jun,200,10/16/1957,16/10/1957,1957,25,Cal State Long Beach,https://www.basketball-reference.com/players/w/wileymi01.html,wileymi01,1957,25,1
Michael Wilson,Michael Wilson,1984,1987,G,4-Jun,175,9/15/1959,15/9/1959,1959,28,Marquette,https://www.basketball-reference.com/players/w/wilsomi01.html,wilsomi01,1959,28,3
Michael Young,Michael Young,1985,1990,F-G,7-Jun,220,1/2/1961,2/1/1961,1961,29,Houston,https://www.basketball-reference.com/players/y/youngmi01.html,youngmi01,1961,29,5
Micheal Williams,Micheal Williams,1989,1999,G,2-Jun,175,7/23/1966,23/7/1966,1966,33,Baylor,https://www.basketball-reference.com/players/w/willimi02.html,willimi02,1966,33,10
Mickaël Gelabale,Mickaël Gelabale,2007,2013,F,7-Jun,215,5/22/1983,22/5/1983,1983,30,,https://www.basketball-reference.com/players/g/gelabmi01.html,gelabmi01,1983,30,6
Mickaël Piétrus,Mickaël Piétrus,2004,2013,G-F,6-Jun,215,2/7/1982,7/2/1982,1982,31,,https://www.basketball-reference.com/players/p/pietrmi01.html,pietrmi01,1982,31,9
Mickell Gladness,Mickell Gladness,2012,2012,C,11-Jun,220,7/26/1986,26/7/1986,1986,26,Alabama A&M University,https://www.basketball-reference.com/players/g/gladnmi01.html,gladnmi01,1986,26,0
Mickey Davis,Mickey Davis,1972,1977,F-G,7-Jun,195,6/16/1950,16/6/1950,1950,27,Duquesne,https://www.basketball-reference.com/players/d/davismi02.html,davismi02,1950,27,5
Mickey Dillard,Mickey Dillard,1982,1982,G,3-Jun,170,10/15/1958,15/10/1958,1958,24,Florida State,https://www.basketball-reference.com/players/d/dillami01.html,dillami01,1958,24,0
Vin Baker,Vin Baker,1994,2006,F-C,11-Jun,232,11/23/1971,23/11/1971,1971,35,University of Hartford,https://www.basketball-reference.com/players/b/bakervi01.html,bakervi01,1971,35,12
Mickey Rottner,Mickey Rottner,1947,1948,G,10-May,180,3/23/1919,23/3/1919,1919,29,Loyola Chicago,https://www.basketball-reference.com/players/r/rottnmi01.html,rottnmi01,1919,29,1
Mikal Bridges,Mikal Bridges,2019,2025,F-G,6-Jun,209,8/30/1996,30/8/1996,1996,29,Villanova,https://www.basketball-reference.com/players/b/bridgmi01.html,bridgmi01,1996,29,6
Mike Bantom,Mike Bantom,1974,1982,F-C,9-Jun,200,12/3/1951,3/12/1951,1951,31,Saint Joseph's,https://www.basketball-reference.com/players/b/bantomi01.html,bantomi01,1951,31,8
Mike Barr,Mike Barr,1973,1977,G,3-Jun,180,10/19/1950,19/10/1950,1950,27,Duquesne,https://www.basketball-reference.com/players/b/barrmi01.html,barrmi01,1950,27,4
Mike Barrett,Mike Barrett,1970,1973,G,2-Jun,155,9/5/1943,5/9/1943,1943,30,West Virginia Tech,https://www.basketball-reference.com/players/b/barremi01.html,barremi01,1943,30,3
Mike Batiste,Mike Batiste,2003,2003,F,8-Jun,225,11/21/1977,21/11/1977,1977,26,Arizona State,https://www.basketball-reference.com/players/b/batismi01.html,batismi01,1977,26,0
Walt Frazier*,Walt Frazier,1968,1980,G,4-Jun,200,3/29/1945,29/3/1945,1945,35,Southern Illinois,https://www.basketball-reference.com/players/f/fraziwa01.html,fraziwa01,1945,35,12
Mike Bloom,Mike Bloom,1948,1949,F-C,6-Jun,190,1/14/1915,14/1/1915,1915,34,Temple,https://www.basketball-reference.com/players/b/bloommi01.html,bloommi01,1915,34,1
Mike Bratz,Mike Bratz,1978,1986,G,2-Jun,185,10/17/1955,17/10/1955,1955,31,Stanford,https://www.basketball-reference.com/players/b/bratzmi01.html,bratzmi01,1955,31,8
Mike Brittain,Mike Brittain,1986,1987,C,Jul-00,235,6/21/1963,21/6/1963,1963,24,South Carolina,https://www.basketball-reference.com/players/b/brittmi01.html,brittmi01,1963,24,1
Walt Simon,Walt Simon,1968,1974,F-G,6-Jun,200,12/1/1939,1/12/1939,1939,35,Benedict College,https://www.basketball-reference.com/players/s/simonwa01.html,simonwa01,1939,35,6
Mike Butler,Mike Butler,1969,1972,G,2-Jun,170,10/22/1946,22/10/1946,1946,26,Memphis,https://www.basketball-reference.com/players/b/butlemi01.html,butlemi01,1946,26,3
Mike Champion,Mike Champion,1989,1989,F,10-Jun,230,4/5/1964,5/4/1964,1964,25,Gonzaga,https://www.basketball-reference.com/players/c/champmi01.html,champmi01,1964,25,0
Wayne Ellington,Wayne Ellington,2010,2022,G,4-Jun,207,11/29/1987,29/11/1987,1987,35,UNC,https://www.basketball-reference.com/players/e/ellinwa01.html,ellinwa01,1987,35,12
Mike Dabich,Mike Dabich,1968,1968,C,Jul-00,242,12/27/1942,27/12/1942,1942,26,New Mexico State,https://www.basketball-reference.com/players/d/dabicmi01.html,dabicmi01,1942,26,0
Mike D'Antoni,Mike D'Antoni,1974,1977,G,3-Jun,185,5/8/1951,8/5/1951,1951,26,Marshall,https://www.basketball-reference.com/players/d/dantomi01.html,dantomi01,1951,26,3
Mike Davis,Mike Davis,1983,1983,F,10-Jun,230,8/2/1956,2/8/1956,1956,27,Maryland,https://www.basketball-reference.com/players/d/davismi03.html,davismi03,1956,27,0
Mike Davis,Mike Davis,1970,1973,G,3-Jun,185,7/26/1946,26/7/1946,1946,27,Virginia Union University,https://www.basketball-reference.com/players/d/davismi01.html,davismi01,1946,27,3
Wes Unseld*,Wes Unseld,1969,1981,C-F,7-Jun,245,3/14/1946,14/3/1946,1946,35,Louisville,https://www.basketball-reference.com/players/u/unselwe01.html,unselwe01,1946,35,12
World B. Free,World B. Free,1976,1988,G,2-Jun,185,12/9/1953,9/12/1953,1953,35,Guilford College,https://www.basketball-reference.com/players/f/freewo01.html,freewo01,1953,35,12
Mike Evans,Mike Evans,1980,1988,G,1-Jun,170,4/19/1955,19/4/1955,1955,33,Kansas State,https://www.basketball-reference.com/players/e/evansmi01.html,evansmi01,1955,33,8
Mike Farmer,Mike Farmer,1959,1966,F,7-Jun,210,9/26/1936,26/9/1936,1936,30,San Francisco,https://www.basketball-reference.com/players/f/farmemi01.html,farmemi01,1936,30,7
Mike Flynn,Mike Flynn,1976,1978,G,2-Jun,180,7/31/1953,31/7/1953,1953,25,Kentucky,https://www.basketball-reference.com/players/f/flynnmi01.html,flynnmi01,1953,25,2
Mike Gale,Mike Gale,1972,1982,G,4-Jun,185,7/18/1950,18/7/1950,1950,32,Elizabeth City State University,https://www.basketball-reference.com/players/g/galemi01.html,galemi01,1950,32,10
Mike Gibson,Mike Gibson,1984,1986,F,10-Jun,205,10/27/1960,27/10/1960,1960,26,USC Upstate,https://www.basketball-reference.com/players/g/gibsomi01.html,gibsomi01,1960,26,2
Mike Glenn,Mike Glenn,1978,1987,G,2-Jun,175,9/10/1955,10/9/1955,1955,32,Southern Illinois,https://www.basketball-reference.com/players/g/glennmi01.html,glennmi01,1955,32,9
Xavier McDaniel,Xavier McDaniel,1986,1998,F,7-Jun,205,6/4/1963,4/6/1963,1963,35,Wichita State,https://www.basketball-reference.com/players/m/mcdanxa01.html,mcdanxa01,1963,35,12
Mike Green,Mike Green,1974,1980,C-F,10-Jun,200,8/6/1951,6/8/1951,1951,29,Louisiana Tech,https://www.basketball-reference.com/players/g/greenmi01.html,greenmi01,1951,29,6
Mike Grosso,Mike Grosso,1972,1972,C,9-Jun,230,9/7/1947,7/9/1947,1947,25,Louisville,https://www.basketball-reference.com/players/g/grossmi01.html,grossmi01,1947,25,0
Mike Hall,Mike Hall,2007,2007,F,8-Jun,230,6/5/1984,5/6/1984,1984,23,George Washington,https://www.basketball-reference.com/players/h/hallmi01.html,hallmi01,1984,23,0
Mike Harper,Mike Harper,1981,1982,C-F,10-Jun,195,12/9/1957,9/12/1957,1957,25,North Park University,https://www.basketball-reference.com/players/h/harpemi01.html,harpemi01,1957,25,1
Mike Harris,Mike Harris,2008,2014,F,6-Jun,240,6/15/1983,15/6/1983,1983,31,Rice University,https://www.basketball-reference.com/players/h/harrimi01.html,harrimi01,1983,31,6
Mike Higgins,Mike Higgins,1990,1991,F,9-Jun,220,2/17/1967,17/2/1967,1967,24,University of Northern Colorado,https://www.basketball-reference.com/players/h/higgimi01.html,higgimi01,1967,24,1
Mike Iuzzolino,Mike Iuzzolino,1992,1993,G,10-May,175,1/22/1968,22/1/1968,1968,25,"Penn State, Saint Francis University",https://www.basketball-reference.com/players/i/iuzzomi01.html,iuzzomi01,1968,25,1
Mike Jackson,Mike Jackson,1973,1976,F,7-Jun,215,7/31/1949,31/7/1949,1949,27,"Allan Hancock College, California State University, Los Angeles",https://www.basketball-reference.com/players/j/jacksmi01.html,jacksmi01,1949,27,3
Mike James,Mike James,2018,2021,G,1-Jun,189,8/18/1990,18/8/1990,1990,31,Lamar,https://www.basketball-reference.com/players/j/jamesmi02.html,jamesmi02,1990,31,3
Zaza Pachulia,Zaza Pachulia,2004,2019,C,11-Jun,270,2/10/1984,10/2/1984,1984,35,,https://www.basketball-reference.com/players/p/pachuza01.html,pachuza01,1984,35,15
Mike Kearns,Mike Kearns,1955,1955,G,2-Jun,178,6/18/1929,18/6/1929,1929,26,Princeton,https://www.basketball-reference.com/players/k/kearnmi01.html,kearnmi01,1929,26,0
Mike Lewis,Mike Lewis,1969,1974,C-F,8-Jun,225,3/18/1946,18/3/1946,1946,28,Duke,https://www.basketball-reference.com/players/l/lewismi01.html,lewismi01,1946,28,5
Mike Lynn,Mike Lynn,1970,1971,F,7-Jun,215,11/25/1945,25/11/1945,1945,26,UCLA,https://www.basketball-reference.com/players/l/lynnmi01.html,lynnmi01,1945,26,1
Mike Macaluso,Mike Macaluso,1974,1974,F,5-Jun,210,7/20/1951,20/7/1951,1951,23,Canisius,https://www.basketball-reference.com/players/m/macalmi01.html,macalmi01,1951,23,0
Mike Maloy,Mike Maloy,1971,1973,F,7-Jun,215,5/10/1949,10/5/1949,1949,24,Davidson,https://www.basketball-reference.com/players/m/maloymi01.html,maloymi01,1949,24,2
Mike McCarron,Mike McCarron,1947,1950,G,11-May,180,3/2/1922,2/3/1922,1922,28,Seton Hall,https://www.basketball-reference.com/players/m/mccarmi01.html,mccarmi01,1922,28,3
Mike McGee,Mike McGee,1982,1990,G-F,5-Jun,190,7/29/1959,29/7/1959,1959,31,Michigan,https://www.basketball-reference.com/players/m/mcgeemi01.html,mcgeemi01,1959,31,8
Željko Rebrača,Željko Rebrača,2002,2006,C,Jul-00,257,4/9/1972,9/4/1972,1972,34,,https://www.basketball-reference.com/players/r/rebraze01.html,rebraze01,1972,34,4
Mike Mitchell,Mike Mitchell,1979,1988,F,7-Jun,215,1/1/1956,1/1/1956,1956,32,Auburn,https://www.basketball-reference.com/players/m/mitchmi01.html,mitchmi01,1956,32,9
Mike Morrison,Mike Morrison,1990,1990,G,4-Jun,195,8/16/1967,16/8/1967,1967,23,Loyola (MD),https://www.basketball-reference.com/players/m/morrimi01.html,morrimi01,1967,23,0
Mike Muscala,Mike Muscala,2014,2024,F-C,10-Jun,240,7/1/1991,1/7/1991,1991,33,Bucknell,https://www.basketball-reference.com/players/m/muscami01.html,muscami01,1991,33,10
Mike Newlin,Mike Newlin,1972,1982,G-F,4-Jun,200,1/2/1949,2/1/1949,1949,33,Utah,https://www.basketball-reference.com/players/n/newlimi01.html,newlimi01,1949,33,10
Mike Niles,Mike Niles,1981,1981,F,6-Jun,225,3/31/1955,31/3/1955,1955,26,Cal State Fullerton,https://www.basketball-reference.com/players/n/nilesmi01.html,nilesmi01,1955,26,0
Adonal Foyle,Adonal Foyle,1998,2009,C,10-Jun,250,3/9/1975,9/3/1975,1975,34,Colgate,https://www.basketball-reference.com/players/f/foylead01.html,foylead01,1975,34,11
Mike O'Koren,Mike O'Koren,1981,1988,F-G,7-Jun,207,2/7/1958,7/2/1958,1958,30,UNC,https://www.basketball-reference.com/players/o/okoremi01.html,okoremi01,1958,30,7
Mike O'Neill,Mike O'Neill,1953,1953,F,3-Jun,210,8/11/1928,11/8/1928,1928,25,California,https://www.basketball-reference.com/players/o/oneilmi01.html,oneilmi01,1928,25,0
Mike Penberthy,Mike Penberthy,2001,2002,G,3-Jun,185,11/29/1974,29/11/1974,1974,28,Master's College,https://www.basketball-reference.com/players/p/penbemi01.html,penbemi01,1974,28,1
Mike Peplowski,Mike Peplowski,1994,1996,C,10-Jun,270,10/15/1970,15/10/1970,1970,26,Michigan State,https://www.basketball-reference.com/players/p/peplomi01.html,peplomi01,1970,26,2
Mike Pratt,Mike Pratt,1971,1972,G-F,4-Jun,195,8/4/1948,4/8/1948,1948,24,Kentucky,https://www.basketball-reference.com/players/p/prattmi01.html,prattmi01,1948,24,1
Mike Price,Mike Price,1971,1973,G,3-Jun,200,9/11/1948,11/9/1948,1948,25,Illinois,https://www.basketball-reference.com/players/p/pricemi01.html,pricemi01,1948,25,2
Mike Ratliff,Mike Ratliff,1973,1974,C,10-Jun,230,6/7/1951,7/6/1951,1951,23,University of Wisconsin-Eau Claire,https://www.basketball-reference.com/players/r/ratlimi01.html,ratlimi01,1951,23,1
Mike Riordan,Mike Riordan,1969,1977,G-F,4-Jun,200,7/9/1945,9/7/1945,1945,32,Providence,https://www.basketball-reference.com/players/r/riordmi01.html,riordmi01,1945,32,8
Mike Sanders,Mike Sanders,1983,1993,F-G,6-Jun,210,5/7/1960,7/5/1960,1960,33,UCLA,https://www.basketball-reference.com/players/s/sandemi01.html,sandemi01,1960,33,10
Mike Scott,Mike Scott,2013,2021,F,7-Jun,237,7/16/1988,16/7/1988,1988,33,Virginia,https://www.basketball-reference.com/players/s/scottmi01.html,scottmi01,1988,33,8
Mike Silliman,Mike Silliman,1971,1971,F,6-Jun,225,5/5/1944,5/5/1944,1944,27,United States Military Academy,https://www.basketball-reference.com/players/s/sillimi01.html,sillimi01,1944,27,0
Mike Smith,Mike Smith,2001,2001,F,8-Jun,195,4/15/1976,15/4/1976,1976,25,Louisiana-Monroe,https://www.basketball-reference.com/players/s/smithmi03.html,smithmi03,1976,25,0
Mike Smrek,Mike Smrek,1986,1992,C,Jul-00,250,8/31/1962,31/8/1962,1962,30,Canisius,https://www.basketball-reference.com/players/s/smrekmi01.html,smrekmi01,1962,30,6
Mike Sojourner,Mike Sojourner,1975,1977,C-F,9-Jun,225,10/16/1953,16/10/1953,1953,24,Utah,https://www.basketball-reference.com/players/s/sojoumi01.html,sojoumi01,1953,24,2
Mike Sweetney,Mike Sweetney,2004,2007,F,8-Jun,275,10/25/1982,25/10/1982,1982,25,Georgetown,https://www.basketball-reference.com/players/s/sweetmi01.html,sweetmi01,1982,25,3
Mike Taylor,Mike Taylor,2009,2009,G,2-Jun,165,1/21/1986,21/1/1986,1986,23,"Chipola College, Iowa State",https://www.basketball-reference.com/players/t/taylomi01.html,taylomi01,1986,23,0
Mike Tobey,Mike Tobey,2017,2017,C,Jul-00,260,10/10/1994,10/10/1994,1994,23,Virginia,https://www.basketball-reference.com/players/t/tobeymi01.html,tobeymi01,1994,23,0
Mike Todorovich,Mike Todorovich,1950,1951,F-C,5-Jun,220,6/11/1923,11/6/1923,1923,28,"Washington University in Saint Louis, Notre Dame, Wyoming",https://www.basketball-reference.com/players/t/todormi01.html,todormi01,1923,28,1
Mike Wilks,Mike Wilks,2003,2010,G,10-May,185,5/7/1979,7/5/1979,1979,31,Rice University,https://www.basketball-reference.com/players/w/wilksmi01.html,wilksmi01,1979,31,7
Mike Williams,Mike Williams,1990,1990,F,8-Jun,255,8/14/1963,14/8/1963,1963,27,"Cincinnati, Bradley",https://www.basketball-reference.com/players/w/willimi03.html,willimi03,1963,27,0
Mike Woodson,Mike Woodson,1981,1991,G-F,5-Jun,195,3/24/1958,24/3/1958,1958,33,Indiana,https://www.basketball-reference.com/players/w/woodsmi01.html,woodsmi01,1958,33,10
Adrian Griffin,Adrian Griffin,2000,2008,G-F,5-Jun,217,7/4/1974,4/7/1974,1974,34,Seton Hall,https://www.basketball-reference.com/players/g/griffad01.html,griffad01,1974,34,8
Mile Ilić,Mile Ilić,2007,2007,C,1-Jul,230,6/2/1984,2/6/1984,1984,23,,https://www.basketball-reference.com/players/i/ilicmi01.html,ilicmi01,1984,23,0
Miles Bridges,Miles Bridges,2019,2025,G-F,7-Jun,225,3/21/1998,21/3/1998,1998,27,Michigan State,https://www.basketball-reference.com/players/b/bridgmi02.html,bridgmi02,1998,27,6
Miles McBride,Miles McBride,2022,2025,G,2-Jun,200,9/8/2000,8/9/2000,2000,25,West Virginia,https://www.basketball-reference.com/players/m/mcbrimi01.html,mcbrimi01,2000,25,3
Miles Plumlee,Miles Plumlee,2013,2019,C-F,11-Jun,249,9/1/1988,1/9/1988,1988,31,Duke,https://www.basketball-reference.com/players/p/plumlmi01.html,plumlmi01,1988,31,6
Miles Simon,Miles Simon,1999,1999,G,3-Jun,202,11/21/1975,21/11/1975,1975,24,Arizona,https://www.basketball-reference.com/players/s/simonmi01.html,simonmi01,1975,24,0
Milo Komenich,Milo Komenich,1950,1950,F-C,7-Jun,212,6/22/1920,22/6/1920,1920,30,Wyoming,https://www.basketball-reference.com/players/k/komenmi01.html,komenmi01,1920,30,0
Miloš Babić,Miloš Babić,1991,1992,C-F,Jul-00,240,11/23/1968,23/11/1968,1968,24,Tennessee Technological University,https://www.basketball-reference.com/players/b/babicmi01.html,babicmi01,1968,24,1
Miloš Teodosić,Miloš Teodosić,2018,2019,G,5-Jun,196,3/19/1987,19/3/1987,1987,32,,https://www.basketball-reference.com/players/t/teodomi01.html,teodomi01,1987,32,1
Milt Palacio,Milt Palacio,2000,2006,G,3-Jun,195,2/7/1978,7/2/1978,1978,28,"Midland College, Colorado State",https://www.basketball-reference.com/players/p/palacmi01.html,palacmi01,1978,28,6
Milt Schoon,Milt Schoon,1947,1950,C,7-Jun,230,2/25/1922,25/2/1922,1922,28,Valparaiso,https://www.basketball-reference.com/players/s/schoomi01.html,schoomi01,1922,28,3
Milt Wagner,Milt Wagner,1988,1991,G,5-Jun,185,2/20/1963,20/2/1963,1963,28,Louisville,https://www.basketball-reference.com/players/w/wagnemi01.html,wagnemi01,1963,28,3
Milt Williams,Milt Williams,1971,1975,G,2-Jun,182,11/22/1945,22/11/1945,1945,30,Lincoln University of Missouri,https://www.basketball-reference.com/players/w/willimi01.html,willimi01,1945,30,4
Milton Doyle,Milton Doyle,2018,2018,G,4-Jun,185,10/31/1993,31/10/1993,1993,25,Loyola Chicago,https://www.basketball-reference.com/players/d/doylemi01.html,doylemi01,1993,25,0
Mindaugas Kuzminskas,Mindaugas Kuzminskas,2017,2018,F,9-Jun,215,10/19/1989,19/10/1989,1989,29,,https://www.basketball-reference.com/players/k/kuzmimi01.html,kuzmimi01,1989,29,1
Miroslav Raduljica,Miroslav Raduljica,2014,2015,C,Jul-00,250,1/5/1988,5/1/1988,1988,27,,https://www.basketball-reference.com/players/r/radulmi01.html,radulmi01,1988,27,1
Mirsad Türkcan,Mirsad Türkcan,2000,2000,F,9-Jun,236,6/7/1976,7/6/1976,1976,24,,https://www.basketball-reference.com/players/t/turkcmi01.html,turkcmi01,1976,24,0
Mirza Teletović,Mirza Teletović,2013,2018,F,9-Jun,242,9/18/1985,18/9/1985,1985,33,,https://www.basketball-reference.com/players/t/teletmi01.html,teletmi01,1985,33,5
Mitch Creek,Mitch Creek,2019,2019,G,5-Jun,216,4/27/1992,27/4/1992,1992,27,,https://www.basketball-reference.com/players/c/creekmi01.html,creekmi01,1992,27,0
Mitch Kupchak,Mitch Kupchak,1977,1986,F-C,9-Jun,230,5/24/1954,24/5/1954,1954,32,UNC,https://www.basketball-reference.com/players/k/kupchmi01.html,kupchmi01,1954,32,9
Mitch McGary,Mitch McGary,2015,2016,F-C,10-Jun,255,6/6/1992,6/6/1992,1992,24,Michigan,https://www.basketball-reference.com/players/m/mcgarmi01.html,mcgarmi01,1992,24,1
Al Bianchi,Al Bianchi,1957,1966,G,3-Jun,185,3/26/1932,26/3/1932,1932,34,Bowling Green,https://www.basketball-reference.com/players/b/biancal01.html,biancal01,1932,34,9
Al Harrington,Al Harrington,1999,2014,F,9-Jun,230,2/17/1980,17/2/1980,1980,34,,https://www.basketball-reference.com/players/h/harrial01.html,harrial01,1980,34,15
Mitchell Robinson,Mitchell Robinson,2019,2024,C,Jul-00,240,4/1/1998,1/4/1998,1998,26,Western Kentucky,https://www.basketball-reference.com/players/r/robinmi01.html,robinmi01,1998,26,5
Mitchell Wiggins,Mitchell Wiggins,1984,1992,G,4-Jun,185,9/28/1959,28/9/1959,1959,33,"Clemson, Florida State",https://www.basketball-reference.com/players/w/wiggimi01.html,wiggimi01,1959,33,8
Miye Oni,Miye Oni,2020,2022,G,5-Jun,206,8/4/1997,4/8/1997,1997,25,Yale,https://www.basketball-reference.com/players/o/onimi01.html,onimi01,1997,25,2
Mo Bamba,Mo Bamba,2019,2025,C,Jul-00,231,5/12/1998,12/5/1998,1998,27,Texas,https://www.basketball-reference.com/players/b/bambamo01.html,bambamo01,1998,27,6
Mo Howard,Mo Howard,1977,1977,G,2-Jun,170,8/25/1954,25/8/1954,1954,23,Maryland,https://www.basketball-reference.com/players/h/howarmo01.html,howarmo01,1954,23,0
Mo Layton,Mo Layton,1972,1978,G,1-Jun,180,12/24/1948,24/12/1948,1948,30,"Phoenix College, USC",https://www.basketball-reference.com/players/l/laytomo01.html,laytomo01,1948,30,6
Mo Mahoney,Mo Mahoney,1953,1954,F,2-Jun,205,11/20/1927,20/11/1927,1927,27,Brown University,https://www.basketball-reference.com/players/m/mahonmo01.html,mahonmo01,1927,27,1
Alec Burks,Alec Burks,2012,2025,G,6-Jun,214,7/20/1991,20/7/1991,1991,34,Colorado,https://www.basketball-reference.com/players/b/burksal01.html,burksal01,1991,34,13
Moe Barr,Moe Barr,1971,1971,G,4-Jun,195,6/19/1944,19/6/1944,1944,27,Duquesne,https://www.basketball-reference.com/players/b/barrmo01.html,barrmo01,1944,27,0
Moe Becker,Moe Becker,1947,1947,G-F,1-Jun,185,2/24/1917,24/2/1917,1917,30,Duquesne,https://www.basketball-reference.com/players/b/beckemo01.html,beckemo01,1917,30,0
Moe Radovich,Moe Radovich,1953,1953,G,Jun-00,160,5/5/1929,5/5/1929,1929,24,Wyoming,https://www.basketball-reference.com/players/r/radovmo01.html,radovmo01,1929,24,0
Monk Meineke,Monk Meineke,1953,1958,F-C,7-Jun,208,10/30/1930,30/10/1930,1930,28,Dayton,https://www.basketball-reference.com/players/m/meinemo01.html,meinemo01,1930,28,5
Monta Ellis,Monta Ellis,2006,2017,G,3-Jun,185,10/26/1985,26/10/1985,1985,32,,https://www.basketball-reference.com/players/e/ellismo01.html,ellismo01,1985,32,11
Monte Morris,Monte Morris,2018,2025,G,2-Jun,183,6/27/1995,27/6/1995,1995,30,Iowa State,https://www.basketball-reference.com/players/m/morrimo01.html,morrimo01,1995,30,7
Monte Towe,Monte Towe,1976,1977,G,7-May,150,9/27/1953,27/9/1953,1953,24,NC State,https://www.basketball-reference.com/players/t/towemo01.html,towemo01,1953,24,1
Monti Davis,Monti Davis,1981,1981,F,7-Jun,205,7/26/1958,26/7/1958,1958,23,Tennessee State,https://www.basketball-reference.com/players/d/davismo01.html,davismo01,1958,23,0
Montrezl Harrell,Montrezl Harrell,2016,2023,F-C,7-Jun,240,1/26/1994,26/1/1994,1994,29,Louisville,https://www.basketball-reference.com/players/h/harremo01.html,harremo01,1994,29,7
Monty Williams,Monty Williams,1995,2003,F,8-Jun,225,10/8/1971,8/10/1971,1971,32,Notre Dame,https://www.basketball-reference.com/players/w/willimo01.html,willimo01,1971,32,8
Moochie Norris,Moochie Norris,1997,2006,G,1-Jun,175,7/27/1973,27/7/1973,1973,33,"Auburn, University of West Florida",https://www.basketball-reference.com/players/n/norrimo01.html,norrimo01,1973,33,9
Alex Hannum*,Alex Hannum,1950,1957,F-C,7-Jun,210,7/19/1923,19/7/1923,1923,34,USC,https://www.basketball-reference.com/players/h/hannual01.html,hannual01,1923,34,7
Moritz Wagner,Moritz Wagner,2019,2025,F-C,11-Jun,245,4/26/1997,26/4/1997,1997,28,Michigan,https://www.basketball-reference.com/players/w/wagnemo01.html,wagnemo01,1997,28,6
Morlon Wiley,Morlon Wiley,1989,1995,G,4-Jun,185,9/24/1966,24/9/1966,1966,29,Cal State Long Beach,https://www.basketball-reference.com/players/w/wileymo01.html,wileymo01,1966,29,6
Morris Almond,Morris Almond,2008,2012,G,6-Jun,225,2/2/1985,2/2/1985,1985,27,Rice University,https://www.basketball-reference.com/players/a/almonmo01.html,almonmo01,1985,27,4
Allan Houston,Allan Houston,1994,2005,G,6-Jun,200,4/20/1971,20/4/1971,1971,34,Tennessee,https://www.basketball-reference.com/players/h/houstal01.html,houstal01,1971,34,11
Moses Brown,Moses Brown,2020,2025,C,2-Jul,245,10/13/1999,13/10/1999,1999,26,UCLA,https://www.basketball-reference.com/players/b/brownmo01.html,brownmo01,1999,26,5
Alvan Adams,Alvan Adams,1976,1988,C-F,9-Jun,210,7/19/1954,19/7/1954,1954,34,Oklahoma,https://www.basketball-reference.com/players/a/adamsal01.html,adamsal01,1954,34,12
Moses Moody,Moses Moody,2022,2025,G,5-Jun,205,5/31/2002,31/5/2002,2002,23,Arkansas,https://www.basketball-reference.com/players/m/moodymo01.html,moodymo01,2002,23,3
Moses Wright,Moses Wright,2022,2022,F,9-Jun,233,12/23/1998,23/12/1998,1998,24,Georgia Tech,https://www.basketball-reference.com/players/w/wrighmo01.html,wrighmo01,1998,24,0
Mouhamadou Gueye,Mouhamadou Gueye,2024,2024,F,9-Jun,210,7/6/1998,6/7/1998,1998,26,"Monroe Community College, Stony Brook University, Pitt",https://www.basketball-reference.com/players/g/gueyemo01.html,gueyemo01,1998,26,0
Mouhamed Gueye,Mouhamed Gueye,2024,2025,F,11-Jun,210,11/9/2002,9/11/2002,2002,23,Washington State,https://www.basketball-reference.com/players/g/gueyemo02.html,gueyemo02,2002,23,1
Mouhamed Sene,Mouhamed Sene,2007,2009,C-F,11-Jun,230,5/12/1986,12/5/1986,1986,23,,https://www.basketball-reference.com/players/s/senesa01.html,senesa01,1986,23,2
Moussa Diabaté,Moussa Diabaté,2023,2025,F,11-Jun,210,1/21/2002,21/1/2002,2002,23,Michigan,https://www.basketball-reference.com/players/d/diabamo01.html,diabamo01,2002,23,2
Alvin Robertson,Alvin Robertson,1985,1996,G,4-Jun,185,7/22/1962,22/7/1962,1962,34,Arkansas,https://www.basketball-reference.com/players/r/roberal01.html,roberal01,1962,34,11
Murray Mitchell,Murray Mitchell,1950,1950,C,6-Jun,,3/19/1923,19/3/1923,1923,27,Sam Houston State University,https://www.basketball-reference.com/players/m/mitchmu01.html,mitchmu01,1923,27,0
Murray Wier,Murray Wier,1950,1950,G,9-May,155,12/12/1926,12/12/1926,1926,24,Iowa,https://www.basketball-reference.com/players/w/wiermu01.html,wiermu01,1926,24,0
Mustafa Shakur,Mustafa Shakur,2011,2014,G,3-Jun,190,8/18/1984,18/8/1984,1984,30,Arizona,https://www.basketball-reference.com/players/s/shakumu01.html,shakumu01,1984,30,3
Mychal Mulder,Mychal Mulder,2020,2022,G-F,3-Jun,184,6/12/1994,12/6/1994,1994,28,"Vincennes University, Kentucky",https://www.basketball-reference.com/players/m/muldemy01.html,muldemy01,1994,28,2
Amar'e Stoudemire,Amar'e Stoudemire,2003,2016,F-C,10-Jun,245,11/16/1982,16/11/1982,1982,34,,https://www.basketball-reference.com/players/s/stoudam01.html,stoudam01,1982,34,13
Mychel Thompson,Mychel Thompson,2012,2012,G,6-Jun,211,6/1/1988,1/6/1988,1988,24,Pepperdine,https://www.basketball-reference.com/players/t/thompmy02.html,thompmy02,1988,24,0
Myke Henry,Myke Henry,2018,2018,F,6-Jun,210,12/23/1992,23/12/1992,1992,26,DePaul,https://www.basketball-reference.com/players/h/henrymy01.html,henrymy01,1992,26,0
Myles Patrick,Myles Patrick,1981,1981,F,8-Jun,220,11/19/1954,19/11/1954,1954,27,Auburn,https://www.basketball-reference.com/players/p/patrimy01.html,patrimy01,1954,27,0
Myles Powell,Myles Powell,2022,2022,G,2-Jun,195,7/7/1997,7/7/1997,1997,25,Seton Hall,https://www.basketball-reference.com/players/p/powelmy01.html,powelmy01,1997,25,0
Myles Turner,Myles Turner,2016,2025,C-F,11-Jun,250,3/24/1996,24/3/1996,1996,29,Texas,https://www.basketball-reference.com/players/t/turnemy01.html,turnemy01,1996,29,9
Myron Brown,Myron Brown,1992,1992,G,3-Jun,180,11/3/1969,3/11/1969,1969,23,Slippery Rock University of Pennsylvania,https://www.basketball-reference.com/players/b/brownmy01.html,brownmy01,1969,23,0
Myron Jackson,Myron Jackson,1987,1987,G,3-Jun,185,5/6/1964,6/5/1964,1964,23,Little Rock,https://www.basketball-reference.com/players/j/jacksmy01.html,jacksmy01,1964,23,0
Naji Marshall,Naji Marshall,2021,2025,F,7-Jun,220,1/24/1998,24/1/1998,1998,27,Xavier,https://www.basketball-reference.com/players/m/marshna01.html,marshna01,1998,27,4
Nando De Colo,Nando De Colo,2013,2014,G,5-Jun,200,6/23/1987,23/6/1987,1987,27,,https://www.basketball-reference.com/players/d/decolna01.html,decolna01,1987,27,1
Nassir Little,Nassir Little,2020,2024,F,5-Jun,220,2/11/2000,11/2/2000,2000,24,UNC,https://www.basketball-reference.com/players/l/littlna01.html,littlna01,2000,24,4
Andrei Kirilenko,Andrei Kirilenko,2002,2015,F,9-Jun,220,2/18/1981,18/2/1981,1981,34,,https://www.basketball-reference.com/players/k/kirilan01.html,kirilan01,1981,34,13
Nat Frankel,Nat Frankel,1947,1947,F-G,Jun-00,195,11/3/1913,3/11/1913,1913,34,Brooklyn College,https://www.basketball-reference.com/players/f/frankna01.html,frankna01,1913,34,0
Nat Hickey,Nat Hickey,1948,1948,G-F,11-May,180,1/30/1902,30/1/1902,1902,46,,https://www.basketball-reference.com/players/h/hickena01.html,hickena01,1902,46,0
Nat Militzok,Nat Militzok,1947,1947,F,3-Jun,195,5/3/1923,3/5/1923,1923,24,Cornell,https://www.basketball-reference.com/players/m/militna01.html,militna01,1923,24,0
Nate Barnett,Nate Barnett,1976,1976,G,3-Jun,175,1/29/1953,29/1/1953,1953,23,University of Akron,https://www.basketball-reference.com/players/b/barnena01.html,barnena01,1953,23,0
Nate Blackwell,Nate Blackwell,1988,1988,G,4-Jun,170,2/15/1965,15/2/1965,1965,23,Temple,https://www.basketball-reference.com/players/b/blackna01.html,blackna01,1965,23,0
Nate Bowman,Nate Bowman,1967,1972,C,10-Jun,230,3/19/1943,19/3/1943,1943,29,Wichita State,https://www.basketball-reference.com/players/b/bowmana01.html,bowmana01,1943,29,5
Nate Darling,Nate Darling,2021,2021,G,6-Jun,200,8/30/1998,30/8/1998,1998,23,"UAB, University of Delaware",https://www.basketball-reference.com/players/d/darlina01.html,darlina01,1998,23,0
Nate DeLong,Nate DeLong,1952,1952,C,6-Jun,220,1/5/1926,5/1/1926,1926,26,Wisconsin-River Falls,https://www.basketball-reference.com/players/d/delonna01.html,delonna01,1926,26,0
Nate Driggers,Nate Driggers,1997,1997,G,5-Jun,215,10/12/1973,12/10/1973,1973,24,University of Montevallo,https://www.basketball-reference.com/players/d/driggna01.html,driggna01,1973,24,0
Nate Hawthorne,Nate Hawthorne,1974,1976,G,4-Jun,190,1/15/1950,15/1/1950,1950,26,Southern Illinois,https://www.basketball-reference.com/players/h/hawthna01.html,hawthna01,1950,26,2
Nate Hinton,Nate Hinton,2021,2024,G,5-Jun,210,6/8/1999,8/6/1999,1999,25,Houston,https://www.basketball-reference.com/players/h/hintona01.html,hintona01,1999,25,3
Nate Huffman,Nate Huffman,2003,2003,C,1-Jul,245,4/2/1975,2/4/1975,1975,28,Central Michigan University,https://www.basketball-reference.com/players/h/huffmna01.html,huffmna01,1975,28,0
Nate Johnston,Nate Johnston,1990,1990,F,8-Jun,210,12/18/1966,18/12/1966,1966,24,University of Tampa,https://www.basketball-reference.com/players/j/johnsna01.html,johnsna01,1966,24,0
Andrew Gaze,Andrew Gaze,1994,1999,G,7-Jun,205,7/24/1965,24/7/1965,1965,34,Seton Hall,https://www.basketball-reference.com/players/g/gazean01.html,gazean01,1965,34,5
Nate Robinson,Nate Robinson,2006,2016,G,9-May,180,5/31/1984,31/5/1984,1984,32,Washington,https://www.basketball-reference.com/players/r/robinna01.html,robinna01,1984,32,10
Andrew Lang,Andrew Lang,1989,2000,C,11-Jun,245,6/28/1966,28/6/1966,1966,34,Arkansas,https://www.basketball-reference.com/players/l/langan01.html,langan01,1966,34,11
Nate Williams,Nate Williams,1972,1979,F-G,5-Jun,215,5/2/1950,2/5/1950,1950,29,Utah State University,https://www.basketball-reference.com/players/w/willina01.html,willina01,1950,29,7
Nate Wolters,Nate Wolters,2014,2018,G,4-Jun,190,5/15/1991,15/5/1991,1991,27,South Dakota State,https://www.basketball-reference.com/players/w/woltena01.html,woltena01,1991,27,4
Nathan Jawai,Nathan Jawai,2009,2010,C-F,10-Jun,280,10/10/1986,10/10/1986,1986,24,Midland College,https://www.basketball-reference.com/players/j/jawaina01.html,jawaina01,1986,24,1
Nathan Knight,Nathan Knight,2021,2023,F-C,8-Jun,253,9/20/1997,20/9/1997,1997,26,William & Mary,https://www.basketball-reference.com/players/k/knighna01.html,knighna01,1997,26,2
Nathan Mensah,Nathan Mensah,2024,2024,F,8-Jun,230,4/9/1998,9/4/1998,1998,26,San Diego State,https://www.basketball-reference.com/players/m/mensana01.html,mensana01,1998,26,0
Naz Mitrou-Long,Naz Mitrou-Long,2018,2020,G,3-Jun,218,8/3/1993,3/8/1993,1993,27,Iowa State,https://www.basketball-reference.com/players/m/mitrona01.html,mitrona01,1993,27,2
Naz Reid,Naz Reid,2020,2025,F,9-Jun,264,8/26/1999,26/8/1999,1999,26,LSU,https://www.basketball-reference.com/players/r/reidna01.html,reidna01,1999,26,5
Anthony Miller,Anthony Miller,1995,2005,F,9-Jun,225,10/22/1971,22/10/1971,1971,34,Michigan State,https://www.basketball-reference.com/players/m/millean01.html,millean01,1971,34,10
Ndudi Ebi,Ndudi Ebi,2004,2005,F,9-Jun,200,6/18/1984,18/6/1984,1984,21,,https://www.basketball-reference.com/players/e/ebind01.html,ebind01,1984,21,1
Neal Walk,Neal Walk,1970,1977,C,10-Jun,220,7/29/1948,29/7/1948,1948,29,Florida,https://www.basketball-reference.com/players/w/walkne01.html,walkne01,1948,29,7
Ned Endress,Ned Endress,1947,1947,F-G,2-Jun,200,3/2/1918,2/3/1918,1918,29,University of Akron,https://www.basketball-reference.com/players/e/endrene01.html,endrene01,1918,29,0
Neemias Queta,Neemias Queta,2022,2025,C,Jul-00,245,7/13/1999,13/7/1999,1999,26,Utah State University,https://www.basketball-reference.com/players/q/quetane01.html,quetane01,1999,26,3
Negele Knight,Negele Knight,1991,1999,G,1-Jun,175,3/6/1967,6/3/1967,1967,32,Dayton,https://www.basketball-reference.com/players/k/knighne01.html,knighne01,1967,32,8
Neil Johnson,Neil Johnson,1967,1973,F-C,7-Jun,220,4/17/1943,17/4/1943,1943,30,"Tulsa, Creighton",https://www.basketball-reference.com/players/j/johnsne02.html,johnsne02,1943,30,6
Neil Johnston*,Neil Johnston,1952,1959,C,8-Jun,210,2/4/1929,4/2/1929,1929,30,Ohio State,https://www.basketball-reference.com/players/j/johnsne01.html,johnsne01,1929,30,7
Nelson Bobb,Nelson Bobb,1950,1953,G,Jun-00,170,2/25/1924,25/2/1924,1924,29,Temple,https://www.basketball-reference.com/players/b/bobbne01.html,bobbne01,1924,29,3
Arnie Risen*,Arnie Risen,1949,1958,C-F,9-Jun,200,10/9/1924,9/10/1924,1924,34,"Eastern Kentucky University, Ohio State",https://www.basketball-reference.com/players/r/risenar01.html,risenar01,1924,34,9
Nemanja Nedović,Nemanja Nedović,2014,2014,G,3-Jun,192,6/16/1991,16/6/1991,1991,23,,https://www.basketball-reference.com/players/n/nedovne01.html,nedovne01,1991,23,0
Austin Croshere,Austin Croshere,1998,2009,F,9-Jun,235,5/1/1975,1/5/1975,1975,34,Providence,https://www.basketball-reference.com/players/c/croshau01.html,croshau01,1975,34,11
Nenad Krstić,Nenad Krstić,2005,2011,C,Jul-00,240,7/25/1983,25/7/1983,1983,28,,https://www.basketball-reference.com/players/k/krstine01.html,krstine01,1983,28,6
Nerlens Noel,Nerlens Noel,2015,2023,C-F,10-Jun,220,4/10/1994,10/4/1994,1994,29,Kentucky,https://www.basketball-reference.com/players/n/noelne01.html,noelne01,1994,29,8
Nic Claxton,Nic Claxton,2020,2025,C,11-Jun,215,4/17/1999,17/4/1999,1999,26,Georgia,https://www.basketball-reference.com/players/c/claxtni01.html,claxtni01,1999,26,5
Bailey Howell*,Bailey Howell,1960,1971,F,7-Jun,210,1/20/1937,20/1/1937,1937,34,Mississippi State,https://www.basketball-reference.com/players/h/howelba01.html,howelba01,1937,34,11
Nick Calathes,Nick Calathes,2014,2015,G,6-Jun,213,2/7/1989,7/2/1989,1989,26,Florida,https://www.basketball-reference.com/players/c/calatni01.html,calatni01,1989,26,1
Belus Smawley,Belus Smawley,1947,1952,G-F,1-Jun,195,3/20/1918,20/3/1918,1918,34,Appalachian State University,https://www.basketball-reference.com/players/s/smawlbe01.html,smawlbe01,1918,34,5
Nick Fazekas,Nick Fazekas,2008,2008,F,11-Jun,235,6/17/1985,17/6/1985,1985,23,Nevada,https://www.basketball-reference.com/players/f/fazekni01.html,fazekni01,1985,23,0
Nick Johnson,Nick Johnson,2015,2015,G,3-Jun,202,12/22/1992,22/12/1992,1992,23,Arizona,https://www.basketball-reference.com/players/j/johnsni01.html,johnsni01,1992,23,0
Nick Jones,Nick Jones,1968,1973,G,2-Jun,190,3/28/1945,28/3/1945,1945,28,Oregon,https://www.basketball-reference.com/players/j/jonesni01.html,jonesni01,1945,28,5
Nick Mantis,Nick Mantis,1960,1963,G,3-Jun,190,12/7/1935,7/12/1935,1935,28,Northwestern,https://www.basketball-reference.com/players/m/mantini01.html,mantini01,1935,28,3
Nick Richards,Nick Richards,2021,2025,F-C,Jul-00,245,11/29/1997,29/11/1997,1997,28,Kentucky,https://www.basketball-reference.com/players/r/richani01.html,richani01,1997,28,4
Nick Shaback,Nick Shaback,1947,1947,G,11-May,180,9/10/1918,10/9/1918,1918,29,,https://www.basketball-reference.com/players/s/shabani01.html,shabani01,1918,29,0
Nick Smith Jr.,Nick Smith Jr.,2024,2025,G,2-Jun,185,4/18/2004,18/4/2004,2004,21,Arkansas,https://www.basketball-reference.com/players/s/smithni01.html,smithni01,2004,21,1
Ben Warley,Ben Warley,1963,1970,F-G,5-Jun,200,9/4/1936,4/9/1936,1936,34,Tennessee State,https://www.basketball-reference.com/players/w/warlebe01.html,warlebe01,1936,34,7
Nick Vanos,Nick Vanos,1986,1987,C,1-Jul,255,4/13/1963,13/4/1963,1963,24,Santa Clara,https://www.basketball-reference.com/players/v/vanosni01.html,vanosni01,1963,24,1
Nick Weatherspoon,Nick Weatherspoon,1974,1980,F,7-Jun,195,7/20/1950,20/7/1950,1950,30,Illinois,https://www.basketball-reference.com/players/w/weathni01.html,weathni01,1950,30,6
Bill Bradley*,Bill Bradley,1968,1977,F-G,5-Jun,205,7/28/1943,28/7/1943,1943,34,Princeton,https://www.basketball-reference.com/players/b/bradlbi01.html,bradlbi01,1943,34,9
Nickeil Alexander-Walker,Nickeil Alexander-Walker,2020,2025,G,5-Jun,205,9/2/1998,2/9/1998,1998,27,Virginia Tech,https://www.basketball-reference.com/players/a/alexani01.html,alexani01,1998,27,5
Nico Mannion,Nico Mannion,2021,2021,G,2-Jun,190,3/14/2001,14/3/2001,2001,20,Arizona,https://www.basketball-reference.com/players/m/mannini01.html,mannini01,2001,20,0
Nicolás Brussino,Nicolás Brussino,2017,2018,G-F,7-Jun,195,3/2/1993,2/3/1993,1993,25,,https://www.basketball-reference.com/players/b/brussni01.html,brussni01,1993,25,1
Nicolás Laprovíttola,Nicolás Laprovíttola,2017,2017,G,4-Jun,180,1/31/1990,31/1/1990,1990,27,,https://www.basketball-reference.com/players/l/laproni01.html,laproni01,1990,27,0
Nicolò Melli,Nicolò Melli,2020,2021,F,9-Jun,236,1/26/1991,26/1/1991,1991,30,,https://www.basketball-reference.com/players/m/mellini01.html,mellini01,1991,30,1
Bingo Smith,Bingo Smith,1970,1980,F-G,5-Jun,195,2/26/1946,26/2/1946,1946,34,Tulsa,https://www.basketball-reference.com/players/s/smithbi02.html,smithbi02,1946,34,10
Nigel Hayes,Nigel Hayes,2018,2018,F,8-Jun,254,12/16/1994,16/12/1994,1994,24,Wisconsin,https://www.basketball-reference.com/players/h/hayesni01.html,hayesni01,1994,24,0
Nigel Williams-Goss,Nigel Williams-Goss,2020,2020,G,2-Jun,190,9/16/1994,16/9/1994,1994,26,"Gonzaga, Washington",https://www.basketball-reference.com/players/w/willini01.html,willini01,1994,26,0
Nik Stauskas,Nik Stauskas,2015,2022,G,6-Jun,205,10/7/1993,7/10/1993,1993,29,Michigan,https://www.basketball-reference.com/players/s/stausni01.html,stausni01,1993,29,7
Nikita Wilson,Nikita Wilson,1988,1988,F,8-Jun,200,2/25/1964,25/2/1964,1964,24,LSU,https://www.basketball-reference.com/players/w/wilsoni01.html,wilsoni01,1964,24,0
Nikola Jokić,Nikola Jokić,2016,2025,C-F,11-Jun,284,2/19/1995,19/2/1995,1995,30,,https://www.basketball-reference.com/players/j/jokicni01.html,jokicni01,1995,30,9
Nikola Jović,Nikola Jović,2023,2025,G-F,10-Jun,209,6/9/2003,9/6/2003,2003,22,,https://www.basketball-reference.com/players/j/jovicni01.html,jovicni01,2003,22,2
Nikola Mirotić,Nikola Mirotić,2015,2019,F,10-Jun,250,2/11/1991,11/2/1991,1991,28,,https://www.basketball-reference.com/players/m/mirotni01.html,mirotni01,1991,28,4
Nikola Peković,Nikola Peković,2011,2016,C,11-Jun,307,1/3/1986,3/1/1986,1986,30,,https://www.basketball-reference.com/players/p/pekovni01.html,pekovni01,1986,30,5
Blake Griffin,Blake Griffin,2011,2023,F-C,9-Jun,250,3/16/1989,16/3/1989,1989,34,Oklahoma,https://www.basketball-reference.com/players/g/griffbl01.html,griffbl01,1989,34,12
Nikoloz Tskitishvili,Nikoloz Tskitishvili,2003,2006,F,Jul-00,225,4/14/1983,14/4/1983,1983,23,,https://www.basketball-reference.com/players/t/tskitni01.html,tskitni01,1983,23,3
Noah Clowney,Noah Clowney,2024,2025,F,10-Jun,210,7/14/2004,14/7/2004,2004,21,Alabama,https://www.basketball-reference.com/players/c/clownno01.html,clownno01,2004,21,1
Noah Vonleh,Noah Vonleh,2015,2023,F-C,10-Jun,257,8/24/1995,24/8/1995,1995,28,Indiana,https://www.basketball-reference.com/players/v/vonleno01.html,vonleno01,1995,28,8
Noble Jorgensen,Noble Jorgensen,1947,1953,C,9-Jun,228,5/18/1925,18/5/1925,1925,28,Iowa,https://www.basketball-reference.com/players/j/jorgeno01.html,jorgeno01,1925,28,6
Noel Felix,Noel Felix,2006,2006,F,9-Jun,225,10/4/1981,4/10/1981,1981,25,Fresno State,https://www.basketball-reference.com/players/f/felixno01.html,felixno01,1981,25,0
Nolan Smith,Nolan Smith,2012,2013,G,2-Jun,185,7/25/1988,25/7/1988,1988,25,Duke,https://www.basketball-reference.com/players/s/smithno01.html,smithno01,1988,25,1
Norm Baker,Norm Baker,1947,1947,G,Jun-00,180,2/17/1923,17/2/1923,1923,24,,https://www.basketball-reference.com/players/b/bakerno01.html,bakerno01,1923,24,0
Norm Cook,Norm Cook,1977,1978,F,8-Jun,210,3/21/1955,21/3/1955,1955,23,Kansas,https://www.basketball-reference.com/players/c/cookno01.html,cookno01,1955,23,1
Norm Grekin,Norm Grekin,1954,1954,F,5-Jun,180,6/22/1930,22/6/1930,1930,24,La Salle,https://www.basketball-reference.com/players/g/grekino01.html,grekino01,1930,24,0
Norm Mager,Norm Mager,1951,1951,F,5-Jun,185,3/23/1926,23/3/1926,1926,25,City College of New York,https://www.basketball-reference.com/players/m/magerno01.html,magerno01,1926,25,0
Blue Edwards,Blue Edwards,1990,1999,G-F,4-Jun,200,10/31/1965,31/10/1965,1965,34,East Carolina University,https://www.basketball-reference.com/players/e/edwarbl01.html,edwarbl01,1965,34,9
Norm Richardson,Norm Richardson,2002,2002,G,5-Jun,190,7/24/1979,24/7/1979,1979,23,Hofstra,https://www.basketball-reference.com/players/r/richano01.html,richano01,1979,23,0
Norm Stewart,Norm Stewart,1957,1957,F,5-Jun,205,1/20/1935,20/1/1935,1935,22,Missouri,https://www.basketball-reference.com/players/s/stewano01.html,stewano01,1935,22,0
Norm Swanson,Norm Swanson,1954,1954,F,6-Jun,210,10/4/1930,4/10/1930,1930,24,Detroit Mercy,https://www.basketball-reference.com/players/s/swansno01.html,swansno01,1930,24,0
Norm Van Lier,Norm Van Lier,1970,1979,G,1-Jun,173,4/1/1947,1/4/1947,1947,32,Saint Francis University,https://www.basketball-reference.com/players/v/vanlino01.html,vanlino01,1947,32,9
Norman Black,Norman Black,1981,1981,G,5-Jun,185,11/12/1957,12/11/1957,1957,24,Saint Joseph's,https://www.basketball-reference.com/players/b/blackno01.html,blackno01,1957,24,0
Norman Powell,Norman Powell,2016,2025,G,3-Jun,215,5/25/1993,25/5/1993,1993,32,UCLA,https://www.basketball-reference.com/players/p/powelno01.html,powelno01,1993,32,9
Normie Glick,Normie Glick,1950,1950,F,7-Jun,190,11/10/1927,10/11/1927,1927,23,Loyola Marymount,https://www.basketball-reference.com/players/g/glickno01.html,glickno01,1927,23,0
Norris Cole,Norris Cole,2012,2017,G,2-Jun,175,10/13/1988,13/10/1988,1988,29,Cleveland State University,https://www.basketball-reference.com/players/c/coleno01.html,coleno01,1988,29,5
Norris Coleman,Norris Coleman,1988,1988,F,8-Jun,210,9/27/1961,27/9/1961,1961,27,Kansas State,https://www.basketball-reference.com/players/c/colemno01.html,colemno01,1961,27,0
Norton Barnhill,Norton Barnhill,1977,1977,G,4-Jun,205,7/15/1953,15/7/1953,1953,24,Washington State,https://www.basketball-reference.com/players/b/barnhno01.html,barnhno01,1953,24,0
Norvel Pelle,Norvel Pelle,2020,2022,F-C,10-Jun,231,2/3/1993,3/2/1993,1993,29,,https://www.basketball-reference.com/players/p/pelleno01.html,pelleno01,1993,29,2
O.J. Mayo,O.J. Mayo,2009,2016,G,5-Jun,210,11/5/1987,5/11/1987,1987,29,USC,https://www.basketball-reference.com/players/m/mayooj01.html,mayooj01,1987,29,7
Obi Toppin,Obi Toppin,2021,2025,F,9-Jun,220,3/4/1998,4/3/1998,1998,27,Dayton,https://www.basketball-reference.com/players/t/toppiob01.html,toppiob01,1998,27,4
Obinna Ekezie,Obinna Ekezie,2000,2005,F-C,9-Jun,270,8/22/1975,22/8/1975,1975,30,Maryland,https://www.basketball-reference.com/players/e/ekeziob01.html,ekeziob01,1975,30,5
Ochai Agbaji,Ochai Agbaji,2023,2025,G,5-Jun,215,4/20/2000,20/4/2000,2000,25,Kansas,https://www.basketball-reference.com/players/a/agbajoc01.html,agbajoc01,2000,25,2
Odie Spears,Odie Spears,1949,1957,G,5-Jun,205,6/17/1924,17/6/1924,1924,33,Western Kentucky,https://www.basketball-reference.com/players/s/spearod01.html,spearod01,1924,33,8
Odis Allison,Odis Allison,1972,1972,F,6-Jun,195,10/2/1949,2/10/1949,1949,23,UNLV,https://www.basketball-reference.com/players/a/allisod01.html,allisod01,1949,23,0
OG Anunoby,OG Anunoby,2018,2025,F,7-Jun,232,7/17/1997,17/7/1997,1997,28,Indiana,https://www.basketball-reference.com/players/a/anunoog01.html,anunoog01,1997,28,7
Ognjen Kuzmić,Ognjen Kuzmić,2014,2015,C,1-Jul,251,5/16/1990,16/5/1990,1990,25,,https://www.basketball-reference.com/players/k/kuzmiog01.html,kuzmiog01,1990,25,1
Okaro White,Okaro White,2017,2019,F,8-Jun,205,8/13/1992,13/8/1992,1992,27,Florida State,https://www.basketball-reference.com/players/w/whiteok01.html,whiteok01,1992,27,2
Bob Boozer,Bob Boozer,1961,1971,F,8-Jun,215,4/26/1937,26/4/1937,1937,34,Kansas State,https://www.basketball-reference.com/players/b/boozebo01.html,boozebo01,1937,34,10
Oleksiy Pecherov,Oleksiy Pecherov,2008,2010,C,Jul-00,232,12/8/1985,8/12/1985,1985,25,,https://www.basketball-reference.com/players/p/pecheol01.html,pecheol01,1985,25,2
Oliver Lafayette,Oliver Lafayette,2010,2010,G,2-Jun,190,5/6/1984,6/5/1984,1984,26,Houston,https://www.basketball-reference.com/players/l/lafayol01.html,lafayol01,1984,26,0
Bob McCann,Bob McCann,1990,1998,F,6-Jun,244,4/22/1964,22/4/1964,1964,34,"Upsala College, Morehead State University",https://www.basketball-reference.com/players/m/mccanbo01.html,mccanbo01,1964,34,8
Oliver Robinson,Oliver Robinson,1983,1983,G,4-Jun,180,3/13/1960,13/3/1960,1960,23,UAB,https://www.basketball-reference.com/players/r/robinol01.html,robinol01,1960,23,0
Olivier Sarr,Olivier Sarr,2022,2024,C,Jul-00,237,2/20/1999,20/2/1999,1999,25,"Wake Forest, Kentucky",https://www.basketball-reference.com/players/s/sarrol01.html,sarrol01,1999,25,2
Olivier-Maxence Prosper,Olivier-Maxence Prosper,2024,2025,F,8-Jun,230,7/3/2002,3/7/2002,2002,23,"Clemson, Marquette",https://www.basketball-reference.com/players/p/prospol01.html,prospol01,2002,23,1
Ollie Darden,Ollie Darden,1968,1970,F-C,7-Jun,235,7/28/1944,28/7/1944,1944,26,Michigan,https://www.basketball-reference.com/players/d/dardeol01.html,dardeol01,1944,26,2
Ollie Johnson,Ollie Johnson,1973,1982,F,6-Jun,200,5/11/1949,11/5/1949,1949,33,Temple,https://www.basketball-reference.com/players/j/johnsol01.html,johnsol01,1949,33,9
Ollie Mack,Ollie Mack,1980,1982,G,3-Jun,185,6/6/1957,6/6/1957,1957,25,East Carolina University,https://www.basketball-reference.com/players/m/mackol01.html,mackol01,1957,25,2
Ollie Taylor,Ollie Taylor,1971,1974,G-F,2-Jun,194,3/7/1947,7/3/1947,1947,27,"San Jacinto College, Houston",https://www.basketball-reference.com/players/t/taylool01.html,taylool01,1947,27,3
Olumide Oyedeji,Olumide Oyedeji,2001,2003,C,10-Jun,240,5/11/1981,11/5/1981,1981,22,,https://www.basketball-reference.com/players/o/oyedeol01.html,oyedeol01,1981,22,2
Omar Cook,Omar Cook,2004,2005,G,1-Jun,190,1/28/1982,28/1/1982,1982,23,St. John's,https://www.basketball-reference.com/players/c/cookom01.html,cookom01,1982,23,1
Omari Johnson,Omari Johnson,2018,2018,F,9-Jun,220,11/26/1989,26/11/1989,1989,29,Oregon State,https://www.basketball-reference.com/players/j/johnsom01.html,johnsom01,1989,29,0
Omari Spellman,Omari Spellman,2019,2020,F,8-Jun,245,7/21/1997,21/7/1997,1997,23,Villanova,https://www.basketball-reference.com/players/s/spellom01.html,spellom01,1997,23,1
Omer Yurtseven,Omer Yurtseven,2022,2024,C,Jul-00,264,6/19/1998,19/6/1998,1998,26,"NC State, Georgetown",https://www.basketball-reference.com/players/y/yurtsom01.html,yurtsom01,1998,26,2
Omri Casspi,Omri Casspi,2010,2019,F,9-Jun,225,6/22/1988,22/6/1988,1988,31,,https://www.basketball-reference.com/players/c/casspom01.html,casspom01,1988,31,9
Onuralp Bitim,Onuralp Bitim,2024,2024,F,6-Jun,215,3/31/1999,31/3/1999,1999,25,,https://www.basketball-reference.com/players/b/bitimon01.html,bitimon01,1999,25,0
Onyeka Okongwu,Onyeka Okongwu,2021,2025,F,8-Jun,235,12/11/2000,11/12/2000,2000,25,USC,https://www.basketball-reference.com/players/o/okongon01.html,okongon01,2000,25,4
Orb Bowling,Orb Bowling,1968,1968,C,10-Jun,215,3/21/1939,21/3/1939,1939,29,Tennessee,https://www.basketball-reference.com/players/b/bowlior01.html,bowlior01,1939,29,0
Orien Greene,Orien Greene,2006,2011,G,4-Jun,208,2/4/1982,4/2/1982,1982,29,"Florida, Louisiana",https://www.basketball-reference.com/players/g/greenor01.html,greenor01,1982,29,5
Orlando Graham,Orlando Graham,1989,1989,F,8-Jun,220,5/5/1965,5/5/1965,1965,24,"West Texas A&M University, Auburn University at Montgomery",https://www.basketball-reference.com/players/g/grahaor01.html,grahaor01,1965,24,0
Orlando Johnson,Orlando Johnson,2013,2016,G,5-Jun,220,3/11/1989,11/3/1989,1989,27,"Loyola Marymount, UC Santa Barbara",https://www.basketball-reference.com/players/j/johnsor01.html,johnsor01,1989,27,3
Orlando Robinson,Orlando Robinson,2023,2025,F,Jul-00,235,7/10/2000,10/7/2000,2000,25,Fresno State,https://www.basketball-reference.com/players/r/robinor01.html,robinor01,2000,25,2
Bob Netolicky,Bob Netolicky,1968,1976,F-C,9-Jun,220,8/2/1942,2/8/1942,1942,34,Drake University,https://www.basketball-reference.com/players/n/netolbo01.html,netolbo01,1942,34,8
Bob Thornton,Bob Thornton,1986,1996,F-C,10-Jun,225,7/10/1962,10/7/1962,1962,34,"University of California, Irvine",https://www.basketball-reference.com/players/t/thornbo01.html,thornbo01,1962,34,10
Oscar Tshiebwe,Oscar Tshiebwe,2024,2025,F,9-Jun,260,11/27/1999,27/11/1999,1999,26,"West Virginia, Kentucky",https://www.basketball-reference.com/players/t/tshieos01.html,tshieos01,1999,26,1
Oshae Brissett,Oshae Brissett,2020,2024,F,7-Jun,210,6/20/1998,20/6/1998,1998,26,Syracuse,https://www.basketball-reference.com/players/b/brissos01.html,brissos01,1998,26,4
Oso Ighodaro,Oso Ighodaro,2025,2025,F,10-Jun,235,7/14/2002,14/7/2002,2002,23,Marquette,https://www.basketball-reference.com/players/i/ighodos01.html,ighodos01,2002,23,0
Ossie Schectman,Ossie Schectman,1947,1947,G,Jun-00,175,3/30/1919,30/3/1919,1919,28,Long Island University,https://www.basketball-reference.com/players/s/schecos01.html,schecos01,1919,28,0
Othell Wilson,Othell Wilson,1985,1987,G,Jun-00,190,10/26/1961,26/10/1961,1961,26,Virginia,https://www.basketball-reference.com/players/w/wilsoot01.html,wilsoot01,1961,26,2
Bobby Brown,Bobby Brown,2009,2018,G,2-Jun,175,9/24/1984,24/9/1984,1984,34,Cal State Fullerton,https://www.basketball-reference.com/players/b/brownbo02.html,brownbo02,1984,34,9
Othello Hunter,Othello Hunter,2009,2010,F,8-Jun,225,5/28/1986,28/5/1986,1986,24,Ohio State,https://www.basketball-reference.com/players/h/hunteot01.html,hunteot01,1986,24,1
Othyus Jeffers,Othyus Jeffers,2010,2014,G,5-Jun,200,8/5/1985,5/8/1985,1985,29,"University of Illinois at Chicago, Robert Morris University (IL)",https://www.basketball-reference.com/players/j/jeffeot01.html,jeffeot01,1985,29,4
Brad Lohaus,Brad Lohaus,1988,1998,F-C,11-Jun,230,9/29/1964,29/9/1964,1964,34,Iowa,https://www.basketball-reference.com/players/l/lohaubr01.html,lohaubr01,1964,34,10
Otis Howard,Otis Howard,1979,1979,F,7-Jun,220,11/5/1956,5/11/1956,1956,23,Austin Peay State University,https://www.basketball-reference.com/players/h/howarot01.html,howarot01,1956,23,0
Otis Smith,Otis Smith,1987,1992,G-F,5-Jun,210,1/30/1964,30/1/1964,1964,28,Jacksonville University,https://www.basketball-reference.com/players/s/smithot01.html,smithot01,1964,28,5
Brent Price,Brent Price,1993,2002,G,1-Jun,165,12/9/1968,9/12/1968,1968,34,"South Carolina, Oklahoma",https://www.basketball-reference.com/players/p/pricebr01.html,pricebr01,1968,34,9
Otto Moore,Otto Moore,1969,1977,C-F,11-Jun,205,8/27/1946,27/8/1946,1946,31,University of Texas Rio Grande Valley,https://www.basketball-reference.com/players/m/mooreot01.html,mooreot01,1946,31,8
Otto Porter Jr.,Otto Porter Jr.,2014,2024,F,8-Jun,198,6/3/1993,3/6/1993,1993,31,Georgetown,https://www.basketball-reference.com/players/p/porteot01.html,porteot01,1993,31,10
Otto Schnellbacher,Otto Schnellbacher,1949,1949,F-G,4-Jun,185,4/15/1923,15/4/1923,1923,26,Kansas,https://www.basketball-reference.com/players/s/schneot01.html,schneot01,1923,26,0
Ousmane Dieng,Ousmane Dieng,2023,2025,F,10-Jun,222,5/21/2003,21/5/2003,2003,22,,https://www.basketball-reference.com/players/d/diengou01.html,diengou01,2003,22,2
Owen Wells,Owen Wells,1975,1975,F,7-Jun,200,12/9/1950,9/12/1950,1950,25,Detroit Mercy,https://www.basketball-reference.com/players/w/wellsow01.html,wellsow01,1950,25,0
Ozell Jones,Ozell Jones,1985,1986,C-F,11-Jun,235,11/20/1960,20/11/1960,1960,26,"Wichita State, Cal State Fullerton",https://www.basketball-reference.com/players/j/jonesoz01.html,jonesoz01,1960,26,1
Brevin Knight,Brevin Knight,1998,2009,G,10-May,173,11/8/1975,8/11/1975,1975,34,Stanford,https://www.basketball-reference.com/players/k/knighbr01.html,knighbr01,1975,34,11
P.J. Hairston,P.J. Hairston,2015,2016,G-F,6-Jun,230,12/24/1992,24/12/1992,1992,24,UNC,https://www.basketball-reference.com/players/h/hairspj02.html,hairspj02,1992,24,1
Brian Grant,Brian Grant,1995,2006,F,9-Jun,254,3/5/1972,5/3/1972,1972,34,Xavier,https://www.basketball-reference.com/players/g/grantbr01.html,grantbr01,1972,34,11
P.J. Washington,P.J. Washington,2020,2025,F,7-Jun,230,8/23/1998,23/8/1998,1998,27,Kentucky,https://www.basketball-reference.com/players/w/washipj01.html,washipj01,1998,27,5
Pétur Guðmundsson,Pétur Guðmundsson,1982,1989,C,2-Jul,260,10/30/1958,30/10/1958,1958,31,Washington,https://www.basketball-reference.com/players/g/gudmupe01.html,gudmupe01,1958,31,7
Brian Scalabrine,Brian Scalabrine,2002,2012,F,9-Jun,241,3/18/1978,18/3/1978,1978,34,USC,https://www.basketball-reference.com/players/s/scalabr01.html,scalabr01,1978,34,10
Pace Mannion,Pace Mannion,1984,1989,G,7-Jun,190,9/22/1960,22/9/1960,1960,29,Utah,https://www.basketball-reference.com/players/m/mannipa01.html,mannipa01,1960,29,5
Pacome Dadiet,Pacome Dadiet,2025,2025,F,7-Jun,210,7/27/2005,27/7/2005,2005,20,,https://www.basketball-reference.com/players/d/dadiepa01.html,dadiepa01,2005,20,0
Paolo Banchero,Paolo Banchero,2023,2025,F,10-Jun,250,11/12/2002,12/11/2002,2002,23,Duke,https://www.basketball-reference.com/players/b/banchpa01.html,banchpa01,2002,23,2
Pape Sow,Pape Sow,2005,2007,F,10-Jun,250,11/22/1981,22/11/1981,1981,26,Cal State Fullerton,https://www.basketball-reference.com/players/s/sowpa01.html,sowpa01,1981,26,2
Pape Sy,Pape Sy,2011,2011,F,7-Jun,225,4/5/1988,5/4/1988,1988,23,,https://www.basketball-reference.com/players/s/sypa01.html,sypa01,1988,23,0
Paris Bass,Paris Bass,2022,2022,F,8-Jun,200,8/29/1995,29/8/1995,1995,27,Detroit Mercy,https://www.basketball-reference.com/players/b/basspa01.html,basspa01,1995,27,0
Pascal Siakam,Pascal Siakam,2017,2025,F-C,8-Jun,230,4/2/1994,2/4/1994,1994,31,New Mexico State,https://www.basketball-reference.com/players/s/siakapa01.html,siakapa01,1994,31,8
Carlos Boozer,Carlos Boozer,2003,2015,F-C,9-Jun,258,11/20/1981,20/11/1981,1981,34,Duke,https://www.basketball-reference.com/players/b/boozeca01.html,boozeca01,1981,34,12
Pat Connaughton,Pat Connaughton,2016,2025,G,5-Jun,209,1/6/1993,6/1/1993,1993,32,Notre Dame,https://www.basketball-reference.com/players/c/connapa01.html,connapa01,1993,32,9
Cazzie Russell,Cazzie Russell,1967,1978,F-G,5-Jun,218,6/7/1944,7/6/1944,1944,34,Michigan,https://www.basketball-reference.com/players/r/russeca01.html,russeca01,1944,34,11
Pat Dunn,Pat Dunn,1958,1958,G,2-Jun,170,3/17/1931,17/3/1931,1931,27,Utah State University,https://www.basketball-reference.com/players/d/dunnpa01.html,dunnpa01,1931,27,0
Pat Durham,Pat Durham,1993,1995,F,7-Jun,210,3/10/1967,10/3/1967,1967,28,Colorado State,https://www.basketball-reference.com/players/d/durhapa01.html,durhapa01,1967,28,2
Pat Frink,Pat Frink,1969,1969,G,4-Jun,195,2/18/1945,18/2/1945,1945,24,Colorado,https://www.basketball-reference.com/players/f/frinkpa01.html,frinkpa01,1945,24,0
Pat Garrity,Pat Garrity,1999,2008,F,9-Jun,238,8/23/1976,23/8/1976,1976,32,Notre Dame,https://www.basketball-reference.com/players/g/garripa01.html,garripa01,1976,32,9
Pat McFarland,Pat McFarland,1974,1976,F-G,5-Jun,185,12/7/1951,7/12/1951,1951,25,Saint Joseph's,https://www.basketball-reference.com/players/m/mcfarpa01.html,mcfarpa01,1951,25,2
Pat Riley*,Pat Riley,1968,1976,G-F,4-Jun,205,3/20/1945,20/3/1945,1945,31,Kentucky,https://www.basketball-reference.com/players/r/rileypa01.html,rileypa01,1945,31,8
Pat Spencer,Pat Spencer,2024,2025,G,3-Jun,205,7/4/1996,4/7/1996,1996,29,"Loyola (MD), Northwestern",https://www.basketball-reference.com/players/s/spencpa01.html,spencpa01,1996,29,1
Patricio Garino,Patricio Garino,2017,2017,G-F,6-Jun,210,5/17/1993,17/5/1993,1993,24,George Washington,https://www.basketball-reference.com/players/g/garinpa01.html,garinpa01,1993,24,0
Patrick Baldwin Jr.,Patrick Baldwin Jr.,2023,2025,G-F,9-Jun,220,11/18/2002,18/11/2002,2002,23,UW-Milwaukee,https://www.basketball-reference.com/players/b/baldwpa01.html,baldwpa01,2002,23,2
Chris Kaman,Chris Kaman,2004,2016,C,Jul-00,265,4/28/1982,28/4/1982,1982,34,Central Michigan University,https://www.basketball-reference.com/players/k/kamanch01.html,kamanch01,1982,34,12
Patrick Christopher,Patrick Christopher,2015,2015,G-F,5-Jun,209,6/3/1988,3/6/1988,1988,27,California,https://www.basketball-reference.com/players/c/chrispa01.html,chrispa01,1988,27,0
Patrick Eddie,Patrick Eddie,1992,1992,C,11-Jun,240,12/27/1967,27/12/1967,1967,25,"Arkansas State University, Ole Miss",https://www.basketball-reference.com/players/e/eddiepa01.html,eddiepa01,1967,25,0
Patrick Ewing,Patrick Ewing,2011,2011,F,8-Jun,235,5/20/1984,20/5/1984,1984,27,"Indiana, Georgetown",https://www.basketball-reference.com/players/e/ewingpa02.html,ewingpa02,1984,27,0
Chucky Brown,Chucky Brown,1990,2002,F,7-Jun,214,2/29/1968,29/2/1968,1968,34,NC State,https://www.basketball-reference.com/players/b/brownch01.html,brownch01,1968,34,12
Patrick McCaw,Patrick McCaw,2017,2021,G,7-Jun,181,10/25/1995,25/10/1995,1995,26,UNLV,https://www.basketball-reference.com/players/m/mccawpa01.html,mccawpa01,1995,26,4
Patrick O'Bryant,Patrick O'Bryant,2007,2010,C,Jul-00,260,6/20/1986,20/6/1986,1986,24,Bradley,https://www.basketball-reference.com/players/o/obryapa01.html,obryapa01,1986,24,3
Patrick Patterson,Patrick Patterson,2011,2021,F,8-Jun,235,3/14/1989,14/3/1989,1989,32,Kentucky,https://www.basketball-reference.com/players/p/pattepa01.html,pattepa01,1989,32,10
Patrick Williams,Patrick Williams,2021,2025,F,7-Jun,215,8/26/2001,26/8/2001,2001,24,Florida State,https://www.basketball-reference.com/players/w/willipa01.html,willipa01,2001,24,4
CJ McCollum,CJ McCollum,2014,2025,G,3-Jun,190,9/19/1991,19/9/1991,1991,34,Lehigh,https://www.basketball-reference.com/players/m/mccolcj01.html,mccolcj01,1991,34,11
Cliff Levingston,Cliff Levingston,1983,1995,F,8-Jun,210,1/4/1961,4/1/1961,1961,34,Wichita State,https://www.basketball-reference.com/players/l/levincl01.html,levincl01,1961,34,12
Connie Hawkins*,Connie Hawkins,1968,1976,F-C,8-Jun,210,7/17/1942,17/7/1942,1942,34,Iowa,https://www.basketball-reference.com/players/h/hawkico01.html,hawkico01,1942,34,8
Paul Cloyd,Paul Cloyd,1950,1950,G-F,2-Jun,180,6/13/1920,13/6/1920,1920,30,Wisconsin,https://www.basketball-reference.com/players/c/cloydpa01.html,cloydpa01,1920,30,0
Paul Davis,Paul Davis,2007,2010,C,11-Jun,270,7/21/1984,21/7/1984,1984,26,Michigan State,https://www.basketball-reference.com/players/d/davispa01.html,davispa01,1984,26,3
Paul Dawkins,Paul Dawkins,1980,1980,F,5-Jun,190,6/10/1957,10/6/1957,1957,23,Northern Illinois,https://www.basketball-reference.com/players/d/dawkipa01.html,dawkipa01,1957,23,0
Corey Brewer,Corey Brewer,2008,2020,F-G,9-Jun,186,3/5/1986,5/3/1986,1986,34,Florida,https://www.basketball-reference.com/players/b/breweco01.html,breweco01,1986,34,12
Paul Gordon,Paul Gordon,1950,1950,F,3-Jun,185,4/8/1927,8/4/1927,1927,23,Notre Dame,https://www.basketball-reference.com/players/g/gordopa01.html,gordopa01,1927,23,0
Paul Graham,Paul Graham,1992,1994,F-G,6-Jun,200,11/28/1967,28/11/1967,1967,27,Ohio University,https://www.basketball-reference.com/players/g/grahapa01.html,grahapa01,1967,27,2
Paul Grant,Paul Grant,1999,2004,C,Jul-00,245,1/6/1974,6/1/1974,1974,30,"Boston College, Wisconsin",https://www.basketball-reference.com/players/g/grantpa01.html,grantpa01,1974,30,5
Paul Griffin,Paul Griffin,1977,1983,F-C,9-Jun,205,1/20/1954,20/1/1954,1954,29,Western Michigan,https://www.basketball-reference.com/players/g/griffpa01.html,griffpa01,1954,29,6
Paul Hoffman,Paul Hoffman,1948,1955,G-F,2-Jun,195,5/5/1925,5/5/1925,1925,30,Purdue,https://www.basketball-reference.com/players/h/hoffmpa01.html,hoffmpa01,1925,30,7
Paul Hogue,Paul Hogue,1963,1964,C,9-Jun,240,4/28/1940,28/4/1940,1940,24,Cincinnati,https://www.basketball-reference.com/players/h/hoguedu01.html,hoguedu01,1940,24,1
Paul Huston,Paul Huston,1948,1948,F,3-Jun,175,6/2/1925,2/6/1925,1925,23,Ohio State,https://www.basketball-reference.com/players/h/hustopa01.html,hustopa01,1925,23,0
Paul Long,Paul Long,1968,1971,G,2-Jun,180,2/8/1944,8/2/1944,1944,27,"Virginia Tech, Wake Forest",https://www.basketball-reference.com/players/l/longpa01.html,longpa01,1944,27,3
Paul McCracken,Paul McCracken,1973,1977,G,4-Jun,180,9/11/1950,11/9/1950,1950,27,Cal State Northridge,https://www.basketball-reference.com/players/m/mccrapa01.html,mccrapa01,1950,27,4
Paul McPherson,Paul McPherson,2001,2001,G,4-Jun,210,7/3/1978,3/7/1978,1978,23,DePaul,https://www.basketball-reference.com/players/m/mcphepa01.html,mcphepa01,1978,23,0
Corey Maggette,Corey Maggette,2000,2013,F,6-Jun,218,11/12/1979,12/11/1979,1979,34,Duke,https://www.basketball-reference.com/players/m/maggeco01.html,maggeco01,1979,34,13
Corliss Williamson,Corliss Williamson,1996,2007,F,7-Jun,245,12/4/1973,4/12/1973,1973,34,Arkansas,https://www.basketball-reference.com/players/w/willico02.html,willico02,1973,34,11
Paul Napolitano,Paul Napolitano,1949,1949,F-G,2-Jun,185,2/3/1923,3/2/1923,1923,26,San Francisco,https://www.basketball-reference.com/players/n/napolpa01.html,napolpa01,1923,26,0
Paul Neumann,Paul Neumann,1962,1967,G,1-Jun,175,1/30/1938,30/1/1938,1938,29,Stanford,https://www.basketball-reference.com/players/n/neumapa01.html,neumapa01,1938,29,5
Paul Noel,Paul Noel,1948,1952,F,4-Jun,185,8/17/1924,17/8/1924,1924,28,Kentucky,https://www.basketball-reference.com/players/n/noelpa01.html,noelpa01,1924,28,4
Paul Nolen,Paul Nolen,1954,1954,C,10-Jun,,9/3/1929,3/9/1929,1929,25,Texas Tech,https://www.basketball-reference.com/players/n/nolenpa01.html,nolenpa01,1929,25,0
Cory Joseph,Cory Joseph,2012,2025,G,2-Jun,200,8/20/1991,20/8/1991,1991,34,Texas,https://www.basketball-reference.com/players/j/josepco01.html,josepco01,1991,34,13
Cuttino Mobley,Cuttino Mobley,1999,2009,G,4-Jun,190,9/1/1975,1/9/1975,1975,34,Rhode Island,https://www.basketball-reference.com/players/m/moblecu01.html,moblecu01,1975,34,10
Paul Reed,Paul Reed,2021,2025,F,9-Jun,210,6/14/1999,14/6/1999,1999,26,DePaul,https://www.basketball-reference.com/players/r/reedpa01.html,reedpa01,1999,26,4
Paul Ruffner,Paul Ruffner,1971,1976,C-F,10-Jun,225,10/15/1948,15/10/1948,1948,28,"Cerritos College, BYU",https://www.basketball-reference.com/players/r/ruffnpa01.html,ruffnpa01,1948,28,5
Paul Scranton,Paul Scranton,1968,1968,F,5-Jun,230,4/30/1944,30/4/1944,1944,24,Cal Poly Pomona,https://www.basketball-reference.com/players/s/scranpa01.html,scranpa01,1944,24,0
Paul Seymour,Paul Seymour,1948,1960,G-F,1-Jun,180,1/30/1928,30/1/1928,1928,32,Toledo,https://www.basketball-reference.com/players/s/seymopa01.html,seymopa01,1928,32,12
Paul Shirley,Paul Shirley,2003,2005,F-C,10-Jun,230,12/23/1977,23/12/1977,1977,28,Iowa State,https://www.basketball-reference.com/players/s/shirlpa01.html,shirlpa01,1977,28,2
Dan Gadzuric,Dan Gadzuric,2003,2012,C,11-Jun,240,2/2/1978,2/2/1978,1978,34,UCLA,https://www.basketball-reference.com/players/g/gadzuda01.html,gadzuda01,1978,34,9
Paul Stovall,Paul Stovall,1973,1974,F,4-Jun,215,8/16/1948,16/8/1948,1948,26,"Pratt Community College, Arizona State",https://www.basketball-reference.com/players/s/stovapa01.html,stovapa01,1948,26,1
Paul Thompson,Paul Thompson,1984,1986,G-F,6-Jun,210,5/25/1961,25/5/1961,1961,25,Tulane,https://www.basketball-reference.com/players/t/thomppa01.html,thomppa01,1961,25,2
Paul Walther,Paul Walther,1950,1955,G-F,2-Jun,160,3/23/1927,23/3/1927,1927,28,Tennessee,https://www.basketball-reference.com/players/w/walthpa01.html,walthpa01,1927,28,5
Paul Watson,Paul Watson,2020,2022,G,6-Jun,210,12/30/1994,30/12/1994,1994,28,Fresno State,https://www.basketball-reference.com/players/w/watsopa01.html,watsopa01,1994,28,2
Dan Roundfield,Dan Roundfield,1976,1987,F-C,8-Jun,205,5/26/1953,26/5/1953,1953,34,Central Michigan University,https://www.basketball-reference.com/players/r/roundda01.html,roundda01,1953,34,11
Paul Zipser,Paul Zipser,2017,2018,G-F,8-Jun,215,2/18/1994,18/2/1994,1994,24,,https://www.basketball-reference.com/players/z/zipsepa01.html,zipsepa01,1994,24,1
Pavel Podkolzin,Pavel Podkolzin,2005,2006,C,5-Jul,260,1/15/1985,15/1/1985,1985,21,,https://www.basketball-reference.com/players/p/podkopa01.html,podkopa01,1985,21,1
Payton Pritchard,Payton Pritchard,2021,2025,G,1-Jun,195,1/28/1998,28/1/1998,1998,27,Oregon,https://www.basketball-reference.com/players/p/pritcpa01.html,pritcpa01,1998,27,4
Pearl Washington,Pearl Washington,1987,1989,G,2-Jun,190,1/6/1964,6/1/1964,1964,25,Syracuse,https://www.basketball-reference.com/players/w/washipe01.html,washipe01,1964,25,2
Darrall Imhoff,Darrall Imhoff,1961,1972,C,10-Jun,220,10/11/1938,11/10/1938,1938,34,California,https://www.basketball-reference.com/players/i/imhofda01.html,imhofda01,1938,34,11
Pelle Larsson,Pelle Larsson,2025,2025,G,5-Jun,215,2/23/2001,23/2/2001,2001,24,"Utah, Arizona",https://www.basketball-reference.com/players/l/larsspe01.html,larsspe01,2001,24,0
Penny Early,Penny Early,1969,1969,G,3-May,114,5/30/1943,30/5/1943,1943,26,,https://www.basketball-reference.com/players/e/earlype01.html,earlype01,1943,26,0
Pep Saul,Pep Saul,1950,1955,G-F,2-Jun,185,2/16/1924,16/2/1924,1924,31,Seton Hall,https://www.basketball-reference.com/players/s/saulpe01.html,saulpe01,1924,31,5
Pepe Sánchez,Pepe Sánchez,2001,2003,G,4-Jun,195,5/8/1977,8/5/1977,1977,26,Temple,https://www.basketball-reference.com/players/s/sanchpe01.html,sanchpe01,1977,26,2
Pero Antić,Pero Antić,2014,2015,C-F,11-Jun,260,7/29/1982,29/7/1982,1982,33,,https://www.basketball-reference.com/players/a/anticpe01.html,anticpe01,1982,33,1
Perry Jones,Perry Jones,2013,2015,F,11-Jun,235,9/24/1991,24/9/1991,1991,24,Baylor,https://www.basketball-reference.com/players/j/jonespe01.html,jonespe01,1991,24,2
Perry Moss,Perry Moss,1986,1987,G,2-Jun,185,11/11/1958,11/11/1958,1958,29,Northeastern University,https://www.basketball-reference.com/players/m/mosspe01.html,mosspe01,1958,29,1
Perry Warbington,Perry Warbington,1975,1975,G,2-Jun,165,9/7/1952,7/9/1952,1952,23,Georgia Southern University,https://www.basketball-reference.com/players/w/warbipe01.html,warbipe01,1952,23,0
Perry Young,Perry Young,1987,1987,G,5-Jun,210,8/4/1963,4/8/1963,1963,24,Virginia Tech,https://www.basketball-reference.com/players/y/youngpe01.html,youngpe01,1963,24,0
Dave DeBusschere*,Dave DeBusschere,1963,1974,F-G,6-Jun,220,10/16/1940,16/10/1940,1940,34,Detroit Mercy,https://www.basketball-reference.com/players/d/debusda01.html,debusda01,1940,34,11
Pete Brennan,Pete Brennan,1959,1959,F,6-Jun,205,9/23/1936,23/9/1936,1936,23,UNC,https://www.basketball-reference.com/players/b/brennpe01.html,brennpe01,1936,23,0
Pete Chilcutt,Pete Chilcutt,1992,2000,F-C,10-Jun,230,9/14/1968,14/9/1968,1968,32,UNC,https://www.basketball-reference.com/players/c/chilcpe01.html,chilcpe01,1968,32,8
Pete Cross,Pete Cross,1971,1973,C-F,9-Jun,230,3/28/1948,28/3/1948,1948,25,San Francisco,https://www.basketball-reference.com/players/c/crosspe01.html,crosspe01,1948,25,2
Pete Darcey,Pete Darcey,1953,1953,C,7-Jun,217,3/3/1930,3/3/1930,1930,23,Oklahoma State,https://www.basketball-reference.com/players/d/darcepe01.html,darcepe01,1930,23,0
Pete Lalich,Pete Lalich,1947,1947,F,2-Jun,190,6/23/1920,23/6/1920,1920,27,Ohio University,https://www.basketball-reference.com/players/l/lalicpe01.html,lalicpe01,1920,27,0
Pete Maravich*,Pete Maravich,1971,1980,G,5-Jun,197,6/22/1947,22/6/1947,1947,33,LSU,https://www.basketball-reference.com/players/m/maravpe01.html,maravpe01,1947,33,9
Dave Greenwood,Dave Greenwood,1980,1991,F-C,9-Jun,222,5/27/1957,27/5/1957,1957,34,UCLA,https://www.basketball-reference.com/players/g/greenda01.html,greenda01,1957,34,11
Pete Nance,Pete Nance,2024,2025,F,11-Jun,230,2/19/2000,19/2/2000,2000,25,"Northwestern, UNC",https://www.basketball-reference.com/players/n/nancepe01.html,nancepe01,2000,25,1
Pete Smith,Pete Smith,1973,1973,F,6-Jun,205,NA,NA,#VALUE!,#VALUE!,Valdosta State University,https://www.basketball-reference.com/players/s/smithpe01.html,smithpe01,NA,#VALUE!,0
Pete Verhoeven,Pete Verhoeven,1982,1987,F,9-Jun,215,2/15/1959,15/2/1959,1959,28,Fresno State,https://www.basketball-reference.com/players/v/verhope01.html,verhope01,1959,28,5
Pete Williams,Pete Williams,1986,1987,F,7-Jun,190,3/10/1965,10/3/1965,1965,22,Arizona,https://www.basketball-reference.com/players/w/willipe01.html,willipe01,1965,22,1
Peter Aluma,Peter Aluma,1999,1999,C,10-Jun,260,4/23/1973,23/4/1973,1973,26,Liberty,https://www.basketball-reference.com/players/a/alumape01.html,alumape01,1973,26,0
Peter John Ramos,Peter John Ramos,2005,2005,C,3-Jul,275,5/13/1985,13/5/1985,1985,20,,https://www.basketball-reference.com/players/r/ramospe01.html,ramospe01,1985,20,0
Peter Thibeaux,Peter Thibeaux,1985,1986,F,7-Jun,210,10/3/1961,3/10/1961,1961,25,Saint Mary's,https://www.basketball-reference.com/players/t/thibepe01.html,thibepe01,1961,25,1
Petey Rosenberg,Petey Rosenberg,1947,1947,G,10-May,165,4/7/1918,7/4/1918,1918,29,Saint Joseph's,https://www.basketball-reference.com/players/r/rosenpe01.html,rosenpe01,1918,29,0
Petr Cornelie,Petr Cornelie,2022,2022,F,11-Jun,220,7/26/1995,26/7/1995,1995,27,,https://www.basketball-reference.com/players/c/cornepe01.html,cornepe01,1995,27,0
Peyton Siva,Peyton Siva,2014,2014,G,Jun-00,185,10/24/1990,24/10/1990,1990,24,Louisville,https://www.basketball-reference.com/players/s/sivape01.html,sivape01,1990,24,0
Peyton Watson,Peyton Watson,2023,2025,G-F,8-Jun,200,9/11/2002,11/9/2002,2002,23,UCLA,https://www.basketball-reference.com/players/w/watsope01.html,watsope01,2002,23,2
Phil Bond,Phil Bond,1978,1978,G,2-Jun,175,7/27/1954,27/7/1954,1954,24,Louisville,https://www.basketball-reference.com/players/b/bondph01.html,bondph01,1954,24,0
Phil Chenier,Phil Chenier,1972,1981,G,3-Jun,180,10/30/1950,30/10/1950,1950,31,California,https://www.basketball-reference.com/players/c/cheniph01.html,cheniph01,1950,31,9
Phil Farbman,Phil Farbman,1949,1949,F,1-Jun,185,4/3/1924,3/4/1924,1924,25,City College of New York,https://www.basketball-reference.com/players/f/farbmph01.html,farbmph01,1924,25,0
Phil Ford,Phil Ford,1979,1985,G,2-Jun,175,2/9/1956,9/2/1956,1956,29,UNC,https://www.basketball-reference.com/players/f/fordph01.html,fordph01,1956,29,6
Phil Hankinson,Phil Hankinson,1974,1975,F,8-Jun,195,7/26/1951,26/7/1951,1951,24,Penn,https://www.basketball-reference.com/players/h/hankiph01.html,hankiph01,1951,24,1
Phil Hicks,Phil Hicks,1977,1979,F,7-Jun,205,1/31/1953,31/1/1953,1953,26,Tulane,https://www.basketball-reference.com/players/h/hicksph01.html,hicksph01,1953,26,2
Phil Hubbard,Phil Hubbard,1980,1989,F-C,8-Jun,215,12/13/1956,13/12/1956,1956,33,Michigan,https://www.basketball-reference.com/players/h/hubbaph01.html,hubbaph01,1956,33,9
Dave Stallworth,Dave Stallworth,1966,1975,F-C,7-Jun,200,12/20/1941,20/12/1941,1941,34,Wichita State,https://www.basketball-reference.com/players/s/stallda01.html,stallda01,1941,34,9
Phil Jordon,Phil Jordon,1957,1963,C-F,10-Jun,205,9/12/1933,12/9/1933,1933,30,Whitworth,https://www.basketball-reference.com/players/j/jordoph01.html,jordoph01,1933,30,6
Phil Lumpkin,Phil Lumpkin,1975,1976,G,Jun-00,165,12/20/1951,20/12/1951,1951,25,Miami University,https://www.basketball-reference.com/players/l/lumpkph01.html,lumpkph01,1951,25,1
Phil Martin,Phil Martin,1955,1955,G,3-Jun,190,4/2/1928,2/4/1928,1928,27,Toledo,https://www.basketball-reference.com/players/m/martiph01.html,martiph01,1928,27,0
Phil Pressey,Phil Pressey,2014,2016,G,11-May,175,2/17/1991,17/2/1991,1991,25,Missouri,https://www.basketball-reference.com/players/p/pressph01.html,pressph01,1991,25,2
Phil Rollins,Phil Rollins,1959,1961,G,2-Jun,185,1/19/1934,19/1/1934,1934,27,Louisville,https://www.basketball-reference.com/players/r/rolliph01.html,rolliph01,1934,27,2
Phil Sellers,Phil Sellers,1977,1977,F-G,4-Jun,195,11/20/1953,20/11/1953,1953,24,Rutgers University,https://www.basketball-reference.com/players/s/selleph01.html,selleph01,1953,24,0
Phil Smith,Phil Smith,1975,1983,G,4-Jun,185,4/22/1952,22/4/1952,1952,31,San Francisco,https://www.basketball-reference.com/players/s/smithph01.html,smithph01,1952,31,8
Phil Wagner,Phil Wagner,1969,1969,G,2-Jun,190,12/18/1945,18/12/1945,1945,24,Georgia Tech,https://www.basketball-reference.com/players/w/wagneph01.html,wagneph01,1945,24,0
Phil Walker,Phil Walker,1978,1978,G,3-Jun,180,3/20/1956,20/3/1956,1956,22,Millersville,https://www.basketball-reference.com/players/w/walkeph01.html,walkeph01,1956,22,0
Phil Zevenbergen,Phil Zevenbergen,1988,1988,C,10-Jun,230,4/13/1964,13/4/1964,1964,24,"Seattle Pacific University, Washington",https://www.basketball-reference.com/players/z/zevenph01.html,zevenph01,1964,24,0
Pickles Kennedy,Pickles Kennedy,1961,1961,G,11-May,180,5/17/1938,17/5/1938,1938,23,Temple,https://www.basketball-reference.com/players/k/kennepi01.html,kennepi01,1938,23,0
Pierre Jackson,Pierre Jackson,2017,2017,G,10-May,180,8/29/1991,29/8/1991,1991,26,Baylor,https://www.basketball-reference.com/players/j/jackspi01.html,jackspi01,1991,26,0
Pierre Russell,Pierre Russell,1972,1973,F-G,4-Jun,190,12/13/1949,13/12/1949,1949,24,Kansas,https://www.basketball-reference.com/players/r/russepi01.html,russepi01,1949,24,1
PJ Dozier,PJ Dozier,2018,2025,G,6-Jun,205,10/25/1996,25/10/1996,1996,29,South Carolina,https://www.basketball-reference.com/players/d/doziepj01.html,doziepj01,1996,29,7
PJ Hall,PJ Hall,2025,2025,F,8-Jun,245,2/21/2002,21/2/2002,2002,23,Clemson,https://www.basketball-reference.com/players/h/hallpj01.html,hallpj01,2002,23,0
Plummer Lott,Plummer Lott,1968,1969,F-G,5-Jun,210,12/11/1945,11/12/1945,1945,24,Seattle University,https://www.basketball-reference.com/players/l/lottpl01.html,lottpl01,1945,24,1
Pooh Richardson,Pooh Richardson,1990,1999,G,1-Jun,180,5/14/1966,14/5/1966,1966,33,UCLA,https://www.basketball-reference.com/players/r/richapo01.html,richapo01,1966,33,9
Pop Goodwin,Pop Goodwin,1947,1948,F-C,2-Jun,203,12/22/1920,22/12/1920,1920,28,,https://www.basketball-reference.com/players/g/goodwpo01.html,goodwpo01,1920,28,1
David Lee,David Lee,2006,2017,F-C,9-Jun,245,4/29/1983,29/4/1983,1983,34,Florida,https://www.basketball-reference.com/players/l/leeda02.html,leeda02,1983,34,11
Pops Mensah-Bonsu,Pops Mensah-Bonsu,2007,2011,F,9-Jun,240,9/7/1983,7/9/1983,1983,28,George Washington,https://www.basketball-reference.com/players/m/mensapo01.html,mensapo01,1983,28,4
Porter Meriwether,Porter Meriwether,1963,1963,G,2-Jun,180,3/16/1940,16/3/1940,1940,23,Tennessee State,https://www.basketball-reference.com/players/m/meriwpo01.html,meriwpo01,1940,23,0
Precious Achiuwa,Precious Achiuwa,2021,2025,F,8-Jun,225,9/19/1999,19/9/1999,1999,26,Memphis,https://www.basketball-reference.com/players/a/achiupr01.html,achiupr01,1999,26,4
Predrag Drobnjak,Predrag Drobnjak,2002,2005,C,11-Jun,270,10/27/1975,27/10/1975,1975,30,,https://www.basketball-reference.com/players/d/drobnpr01.html,drobnpr01,1975,30,3
Predrag Savović,Predrag Savović,2003,2003,G,6-Jun,225,5/21/1976,21/5/1976,1976,27,"UAB, Hawaii",https://www.basketball-reference.com/players/s/savovpr01.html,savovpr01,1976,27,0
Press Maravich,Press Maravich,1947,1947,G,Jun-00,185,8/29/1915,29/8/1915,1915,32,Davis & Elkins College,https://www.basketball-reference.com/players/m/maravpr01.html,maravpr01,1915,32,0
Price Brookfield,Price Brookfield,1949,1950,F-G,4-Jun,185,5/11/1920,11/5/1920,1920,30,West Texas A&M University,https://www.basketball-reference.com/players/b/brookpr01.html,brookpr01,1920,30,1
Priest Lauderdale,Priest Lauderdale,1997,1998,C,4-Jul,325,8/31/1973,31/8/1973,1973,25,Central State University,https://www.basketball-reference.com/players/l/laudepr01.html,laudepr01,1973,25,1
Primož Brezec,Primož Brezec,2002,2010,C,2-Jul,252,10/2/1979,2/10/1979,1979,31,,https://www.basketball-reference.com/players/b/brezepr01.html,brezepr01,1979,31,8
Purvis Short,Purvis Short,1979,1990,F-G,7-Jun,210,7/2/1957,2/7/1957,1957,33,Jackson State University,https://www.basketball-reference.com/players/s/shortpu01.html,shortpu01,1957,33,11
Quentin Grimes,Quentin Grimes,2022,2025,G,5-Jun,205,5/8/2000,8/5/2000,2000,25,"Kansas, Houston",https://www.basketball-reference.com/players/g/grimequ01.html,grimequ01,2000,25,3
Quentin Richardson,Quentin Richardson,2001,2013,G-F,6-Jun,223,4/13/1980,13/4/1980,1980,33,DePaul,https://www.basketball-reference.com/players/r/richaqu01.html,richaqu01,1980,33,12
Quenton Jackson,Quenton Jackson,2023,2025,G,5-Jun,175,9/15/1998,15/9/1998,1998,27,Texas A&M,https://www.basketball-reference.com/players/j/jacksqu01.html,jacksqu01,1998,27,2
Quincy Acy,Quincy Acy,2013,2019,F-C,7-Jun,240,10/6/1990,6/10/1990,1990,29,Baylor,https://www.basketball-reference.com/players/a/acyqu01.html,acyqu01,1990,29,6
Quincy Douby,Quincy Douby,2007,2009,G,3-Jun,175,5/16/1984,16/5/1984,1984,25,Rutgers University,https://www.basketball-reference.com/players/d/doubyqu01.html,doubyqu01,1984,25,2
Quincy Lewis,Quincy Lewis,2000,2004,F,7-Jun,215,6/26/1977,26/6/1977,1977,27,Minnesota,https://www.basketball-reference.com/players/l/lewisqu01.html,lewisqu01,1977,27,4
Quincy Miller,Quincy Miller,2013,2015,F,9-Jun,210,11/18/1992,18/11/1992,1992,23,Baylor,https://www.basketball-reference.com/players/m/millequ01.html,millequ01,1992,23,2
Quincy Olivari,Quincy Olivari,2025,2025,G,3-Jun,198,5/27/2001,27/5/2001,2001,24,"Rice University, Xavier",https://www.basketball-reference.com/players/o/olivaqu01.html,olivaqu01,2001,24,0
Quincy Pondexter,Quincy Pondexter,2011,2019,G-F,7-Jun,230,3/10/1988,10/3/1988,1988,31,Washington,https://www.basketball-reference.com/players/p/pondequ01.html,pondequ01,1988,31,8
Quinn Buckner,Quinn Buckner,1977,1986,G,3-Jun,190,8/20/1954,20/8/1954,1954,32,Indiana,https://www.basketball-reference.com/players/b/bucknqu01.html,bucknqu01,1954,32,9
Quinn Cook,Quinn Cook,2017,2021,G,1-Jun,180,3/23/1993,23/3/1993,1993,28,Duke,https://www.basketball-reference.com/players/c/cookqu01.html,cookqu01,1993,28,4
Quinndary Weatherspoon,Quinndary Weatherspoon,2020,2022,G,3-Jun,205,9/10/1996,10/9/1996,1996,26,Mississippi State,https://www.basketball-reference.com/players/w/weathqu01.html,weathqu01,1996,26,2
Quinten Post,Quinten Post,2025,2025,F,Jul-00,238,3/21/2000,21/3/2000,2000,25,"Mississippi State, Boston College",https://www.basketball-reference.com/players/p/postqu01.html,postqu01,2000,25,0
Quintin Dailey,Quintin Dailey,1983,1992,G,3-Jun,180,1/22/1961,22/1/1961,1961,31,San Francisco,https://www.basketball-reference.com/players/d/dailequ01.html,dailequ01,1961,31,9
Quinton Ross,Quinton Ross,2005,2011,G,6-Jun,195,4/30/1981,30/4/1981,1981,30,SMU,https://www.basketball-reference.com/players/r/rossqu01.html,rossqu01,1981,30,6
Qyntel Woods,Qyntel Woods,2003,2006,F,8-Jun,221,2/16/1981,16/2/1981,1981,25,Northeast Mississippi Community College,https://www.basketball-reference.com/players/w/woodsqy01.html,woodsqy01,1981,25,3
R.B. Lynam,R.B. Lynam,1968,1968,G,1-Jun,190,NA,NA,#VALUE!,#VALUE!,Oklahoma Baptist University,https://www.basketball-reference.com/players/l/lynamrb01.html,lynamrb01,NA,#VALUE!,0
R.J. Hampton,R.J. Hampton,2021,2024,G,4-Jun,175,2/7/2001,7/2/2001,2001,23,,https://www.basketball-reference.com/players/h/hamptrj01.html,hamptrj01,2001,23,3
R.J. Hunter,R.J. Hunter,2016,2019,G,5-Jun,185,10/24/1993,24/10/1993,1993,26,Georgia State University,https://www.basketball-reference.com/players/h/hunterj01.html,hunterj01,1993,26,3
Raül López,Raül López,2004,2005,G,1-Jun,170,4/15/1980,15/4/1980,1980,25,,https://www.basketball-reference.com/players/l/lopezra01.html,lopezra01,1980,25,1
Radisav Ćurčić,Radisav Ćurčić,1993,1993,C,10-Jun,275,9/26/1965,26/9/1965,1965,28,,https://www.basketball-reference.com/players/c/curcira01.html,curcira01,1965,28,0
Raef LaFrentz,Raef LaFrentz,1999,2008,F-C,11-Jun,240,5/29/1976,29/5/1976,1976,32,Kansas,https://www.basketball-reference.com/players/l/lafrera01.html,lafrera01,1976,32,9
Rafael Addison,Rafael Addison,1987,1997,F-G,7-Jun,215,7/22/1964,22/7/1964,1964,33,Syracuse,https://www.basketball-reference.com/players/a/addisra01.html,addisra01,1964,33,10
Rafael Araújo,Rafael Araújo,2005,2007,C,11-Jun,280,8/12/1980,12/8/1980,1980,27,BYU,https://www.basketball-reference.com/players/a/araujra01.html,araujra01,1980,27,2
Dee Brown,Dee Brown,1991,2002,G,1-Jun,160,11/29/1968,29/11/1968,1968,34,Jacksonville University,https://www.basketball-reference.com/players/b/brownde01.html,brownde01,1968,34,11
RaiQuan Gray,RaiQuan Gray,2023,2024,F,8-Jun,260,7/7/1999,7/7/1999,1999,25,Florida State,https://www.basketball-reference.com/players/g/grayra01.html,grayra01,1999,25,1
DeMarre Carroll,DeMarre Carroll,2010,2020,F,6-Jun,215,7/27/1986,27/7/1986,1986,34,"Vanderbilt, Missouri",https://www.basketball-reference.com/players/c/carrode01.html,carrode01,1986,34,10
Dennis Awtrey,Dennis Awtrey,1971,1982,C,10-Jun,235,2/22/1948,22/2/1948,1948,34,Santa Clara,https://www.basketball-reference.com/players/a/awtrede01.html,awtrede01,1948,34,11
Rakeem Christmas,Rakeem Christmas,2016,2017,F,9-Jun,250,12/1/1991,1/12/1991,1991,26,Syracuse,https://www.basketball-reference.com/players/c/chrisra01.html,chrisra01,1991,26,1
Ralph Beard,Ralph Beard,1950,1951,G,10-May,175,12/2/1927,2/12/1927,1927,24,Kentucky,https://www.basketball-reference.com/players/b/beardra01.html,beardra01,1927,24,1
Ralph Davis,Ralph Davis,1961,1962,G,4-Jun,180,9/7/1938,7/9/1938,1938,24,Cincinnati,https://www.basketball-reference.com/players/d/davisra01.html,davisra01,1938,24,1
Ralph Drollinger,Ralph Drollinger,1981,1981,C,2-Jul,250,4/20/1954,20/4/1954,1954,27,UCLA,https://www.basketball-reference.com/players/d/drollra01.html,drollra01,1954,27,0
Ralph Hamilton,Ralph Hamilton,1949,1949,G-F,1-Jun,188,6/10/1921,10/6/1921,1921,28,Indiana,https://www.basketball-reference.com/players/h/hamilra01.html,hamilra01,1921,28,0
Ralph Jackson,Ralph Jackson,1985,1985,G,2-Jun,190,10/26/1962,26/10/1962,1962,23,UCLA,https://www.basketball-reference.com/players/j/jacksra01.html,jacksra01,1962,23,0
Ralph Johnson,Ralph Johnson,1950,1953,G,11-May,170,12/6/1921,6/12/1921,1921,32,Huntington University,https://www.basketball-reference.com/players/j/johnsra01.html,johnsra01,1921,32,3
Ralph Kaplowitz,Ralph Kaplowitz,1947,1948,G-F,2-Jun,170,5/18/1919,18/5/1919,1919,29,NYU,https://www.basketball-reference.com/players/k/kaplora01.html,kaplora01,1919,29,1
Ralph Lewis,Ralph Lewis,1988,1990,F-G,6-Jun,200,3/28/1963,28/3/1963,1963,27,La Salle,https://www.basketball-reference.com/players/l/lewisra01.html,lewisra01,1963,27,2
Ralph O'Brien,Ralph O'Brien,1952,1953,G,9-May,160,4/8/1928,8/4/1928,1928,25,Butler,https://www.basketball-reference.com/players/o/obriera01.html,obriera01,1928,25,1
Ralph Ogden,Ralph Ogden,1971,1971,F,5-Jun,205,1/25/1948,25/1/1948,1948,23,Santa Clara,https://www.basketball-reference.com/players/o/ogdenra01.html,ogdenra01,1948,23,0
Ralph Polson,Ralph Polson,1953,1953,F-C,7-Jun,200,10/26/1929,26/10/1929,1929,24,Whitworth,https://www.basketball-reference.com/players/p/polsora01.html,polsora01,1929,24,0
Ralph Sampson*,Ralph Sampson,1984,1992,C-F,4-Jul,228,7/7/1960,7/7/1960,1960,32,Virginia,https://www.basketball-reference.com/players/s/sampsra01.html,sampsra01,1960,32,8
Ralph Siewert,Ralph Siewert,1947,1947,C,1-Jul,230,12/31/1923,31/12/1923,1923,24,Dakota Wesleyan University,https://www.basketball-reference.com/players/s/siewera01.html,siewera01,1923,24,0
Ralph Simpson,Ralph Simpson,1971,1980,G-F,5-Jun,200,8/10/1949,10/8/1949,1949,31,Michigan State,https://www.basketball-reference.com/players/s/simpsra01.html,simpsra01,1949,31,9
Ralph Wells,Ralph Wells,1963,1963,G,1-Jun,180,9/3/1940,3/9/1940,1940,23,Northwestern,https://www.basketball-reference.com/players/w/wellsra01.html,wellsra01,1940,23,0
Ramón Rivas,Ramón Rivas,1989,1989,F-C,10-Jun,260,6/3/1966,3/6/1966,1966,23,Temple,https://www.basketball-reference.com/players/r/rivasra01.html,rivasra01,1966,23,0
Ramon Sessions,Ramon Sessions,2008,2018,G,3-Jun,190,4/11/1986,11/4/1986,1986,32,Nevada,https://www.basketball-reference.com/players/s/sessira01.html,sessira01,1986,32,10
Randell Jackson,Randell Jackson,1999,2000,F,11-Jun,215,1/16/1976,16/1/1976,1976,24,Florida State,https://www.basketball-reference.com/players/j/jacksra02.html,jacksra02,1976,24,1
Randolph Childress,Randolph Childress,1996,1997,G,2-Jun,188,9/21/1972,21/9/1972,1972,25,Wake Forest,https://www.basketball-reference.com/players/c/childra01.html,childra01,1972,25,1
Randolph Keys,Randolph Keys,1989,1996,F-G,7-Jun,195,4/19/1966,19/4/1966,1966,30,Southern Miss,https://www.basketball-reference.com/players/k/keysra01.html,keysra01,1966,30,7
Randolph Morris,Randolph Morris,2007,2010,C,10-Jun,266,1/2/1986,2/1/1986,1986,24,Kentucky,https://www.basketball-reference.com/players/m/morrira01.html,morrira01,1986,24,3
Randy Allen,Randy Allen,1989,1990,F,8-Jun,220,1/26/1965,26/1/1965,1965,25,Florida State,https://www.basketball-reference.com/players/a/allenra01.html,allenra01,1965,25,1
Derek Anderson,Derek Anderson,1998,2008,G,5-Jun,194,7/18/1974,18/7/1974,1974,34,"Ohio State, Kentucky",https://www.basketball-reference.com/players/a/anderde01.html,anderde01,1974,34,10
Dewayne Dedmon,Dewayne Dedmon,2014,2023,C,Jul-00,245,8/12/1989,12/8/1989,1989,34,USC,https://www.basketball-reference.com/players/d/dedmode01.html,dedmode01,1989,34,9
Randy Denton,Randy Denton,1972,1977,C,10-Jun,240,2/18/1949,18/2/1949,1949,28,Duke,https://www.basketball-reference.com/players/d/dentora01.html,dentora01,1949,28,5
Dick McGuire*,Dick McGuire,1950,1960,G,Jun-00,180,1/25/1926,25/1/1926,1926,34,"St. John's, Dartmouth College",https://www.basketball-reference.com/players/m/mcguidi01.html,mcguidi01,1926,34,10
Randy Holcomb,Randy Holcomb,2006,2006,F,9-Jun,225,8/8/1979,8/8/1979,1979,27,"Fresno State, San Diego State",https://www.basketball-reference.com/players/h/holcora01.html,holcora01,1979,27,0
Randy Livingston,Randy Livingston,1997,2007,G,4-Jun,209,4/2/1975,2/4/1975,1975,32,LSU,https://www.basketball-reference.com/players/l/livinra01.html,livinra01,1975,32,10
Randy Mahaffey,Randy Mahaffey,1968,1971,F,7-Jun,210,9/28/1945,28/9/1945,1945,26,Clemson,https://www.basketball-reference.com/players/m/mahafra01.html,mahafra01,1945,26,3
Dick Van Arsdale,Dick Van Arsdale,1966,1977,G-F,5-Jun,210,2/22/1943,22/2/1943,1943,34,Indiana,https://www.basketball-reference.com/players/v/vanardi01.html,vanardi01,1943,34,11
Randy Stoll,Randy Stoll,1968,1968,C,7-Jun,235,NA,NA,#VALUE!,#VALUE!,Washington State,https://www.basketball-reference.com/players/s/stollra01.html,stollra01,NA,#VALUE!,0
Randy White,Randy White,1990,1994,F,8-Jun,240,11/4/1967,4/11/1967,1967,27,Louisiana Tech,https://www.basketball-reference.com/players/w/whitera01.html,whitera01,1967,27,4
Randy Wittman,Randy Wittman,1984,1992,G-F,6-Jun,210,10/28/1959,28/10/1959,1959,33,Indiana,https://www.basketball-reference.com/players/w/wittmra01.html,wittmra01,1959,33,8
Randy Woods,Randy Woods,1993,1996,G,10-May,185,9/23/1970,23/9/1970,1970,26,La Salle,https://www.basketball-reference.com/players/w/woodsra01.html,woodsra01,1970,26,3
Rashad McCants,Rashad McCants,2006,2009,G,4-Jun,207,9/25/1984,25/9/1984,1984,25,UNC,https://www.basketball-reference.com/players/m/mccanra01.html,mccanra01,1984,25,3
Rashad Vaughn,Rashad Vaughn,2016,2018,G,6-Jun,202,8/16/1996,16/8/1996,1996,22,UNLV,https://www.basketball-reference.com/players/v/vaughra01.html,vaughra01,1996,22,2
Don Chaney,Don Chaney,1969,1980,G,5-Jun,210,3/22/1946,22/3/1946,1946,34,Houston,https://www.basketball-reference.com/players/c/chanedo01.html,chanedo01,1946,34,11
Don Ohl,Don Ohl,1961,1970,G,3-Jun,190,4/18/1936,18/4/1936,1936,34,Illinois,https://www.basketball-reference.com/players/o/ohldo01.html,ohldo01,1936,34,9
Doug Moe,Doug Moe,1968,1972,F-G,5-Jun,215,9/21/1938,21/9/1938,1938,34,UNC,https://www.basketball-reference.com/players/m/moedo01.html,moedo01,1938,34,4
Rastko Cvetković,Rastko Cvetković,1996,1996,C,1-Jul,260,6/22/1970,22/6/1970,1970,26,,https://www.basketball-reference.com/players/c/cvetkra01.html,cvetkra01,1970,26,0
Doug West,Doug West,1990,2001,G-F,6-Jun,200,5/27/1967,27/5/1967,1967,34,Villanova,https://www.basketball-reference.com/players/w/westdo01.html,westdo01,1967,34,11
Ratko Varda,Ratko Varda,2002,2002,C,1-Jul,260,5/6/1979,6/5/1979,1979,23,,https://www.basketball-reference.com/players/v/vardara01.html,vardara01,1979,23,0
Raul Neto,Raul Neto,2016,2023,G,1-Jun,180,5/19/1992,19/5/1992,1992,31,,https://www.basketball-reference.com/players/n/netora01.html,netora01,1992,31,7
Rawle Alkins,Rawle Alkins,2019,2019,G,5-Jun,225,10/29/1997,29/10/1997,1997,22,Arizona,https://www.basketball-reference.com/players/a/alkinra01.html,alkinra01,1997,22,0
Rawle Marshall,Rawle Marshall,2006,2007,G-F,9-Jun,190,2/20/1982,20/2/1982,1982,25,"Ball State University, Oakland",https://www.basketball-reference.com/players/m/marshra01.html,marshra01,1982,25,1
Duane Ferrell,Duane Ferrell,1989,1999,F-G,7-Jun,209,2/28/1965,28/2/1965,1965,34,Georgia Tech,https://www.basketball-reference.com/players/f/ferredu01.html,ferredu01,1965,34,10
Ray Blume,Ray Blume,1982,1982,G,4-Jun,185,9/23/1958,23/9/1958,1958,24,Oregon State,https://www.basketball-reference.com/players/b/blumera01.html,blumera01,1958,24,0
Ray Corley,Ray Corley,1950,1953,G,Jun-00,180,1/14/1928,14/1/1928,1928,25,Georgetown,https://www.basketball-reference.com/players/c/corlera01.html,corlera01,1928,25,3
Ray Ellefson,Ray Ellefson,1949,1951,C,8-Jun,230,11/18/1922,18/11/1922,1922,29,West Texas A&M University,https://www.basketball-reference.com/players/e/ellefra01.html,ellefra01,1922,29,2
Ray Epps,Ray Epps,1979,1979,F,6-Jun,195,8/20/1956,20/8/1956,1956,23,Norfolk State,https://www.basketball-reference.com/players/e/eppsra01.html,eppsra01,1956,23,0
Ray Felix,Ray Felix,1954,1962,C,11-Jun,220,12/10/1930,10/12/1930,1930,32,Long Island University,https://www.basketball-reference.com/players/f/felixra01.html,felixra01,1930,32,8
Ray Kuka,Ray Kuka,1948,1949,F,3-Jun,200,2/17/1922,17/2/1922,1922,27,Notre Dame,https://www.basketball-reference.com/players/k/kukara01.html,kukara01,1922,27,1
Ray Lumpp,Ray Lumpp,1949,1953,G,1-Jun,178,7/11/1923,11/7/1923,1923,30,NYU,https://www.basketball-reference.com/players/l/lumppra01.html,lumppra01,1923,30,4
Ray McCallum,Ray McCallum,2014,2016,G,3-Jun,190,6/12/1991,12/6/1991,1991,25,Detroit Mercy,https://www.basketball-reference.com/players/m/mccalra01.html,mccalra01,1991,25,2
Ray Owes,Ray Owes,1997,1997,F,9-Jun,224,12/11/1972,11/12/1972,1972,25,Arizona,https://www.basketball-reference.com/players/o/owesra01.html,owesra01,1972,25,0
Ray Radziszewski,Ray Radziszewski,1958,1958,F,5-Jun,210,3/1/1935,1/3/1935,1935,23,Saint Joseph's,https://www.basketball-reference.com/players/r/radzira01.html,radzira01,1935,23,0
Ray Ragelis,Ray Ragelis,1952,1952,F,4-Jun,205,12/10/1928,10/12/1928,1928,24,Northwestern,https://www.basketball-reference.com/players/r/ragelra01.html,ragelra01,1928,24,0
Ray Ramsey,Ray Ramsey,1949,1949,G-F,2-Jun,165,7/18/1921,18/7/1921,1921,28,Bradley,https://www.basketball-reference.com/players/r/ramsera01.html,ramsera01,1921,28,0
Dwight Powell,Dwight Powell,2015,2025,F-C,10-Jun,240,7/20/1991,20/7/1991,1991,34,Stanford,https://www.basketball-reference.com/players/p/poweldw01.html,poweldw01,1991,34,10
Ray Spalding,Ray Spalding,2019,2021,F,10-Jun,215,3/11/1997,11/3/1997,1997,24,Louisville,https://www.basketball-reference.com/players/s/spaldra01.html,spaldra01,1997,24,2
Ray Tolbert,Ray Tolbert,1982,1989,F,9-Jun,225,9/10/1958,10/9/1958,1958,31,Indiana,https://www.basketball-reference.com/players/t/tolbera01.html,tolbera01,1958,31,7
Ray Wertis,Ray Wertis,1947,1948,G,11-May,,7/30/1923,30/7/1923,1923,25,St. John's,https://www.basketball-reference.com/players/w/wertira01.html,wertira01,1923,25,1
Ray Williams,Ray Williams,1978,1987,G,3-Jun,188,10/14/1954,14/10/1954,1954,33,Minnesota,https://www.basketball-reference.com/players/w/willira01.html,willira01,1954,33,9
Rayan Rupert,Rayan Rupert,2024,2025,G,6-Jun,205,5/31/2004,31/5/2004,2004,21,,https://www.basketball-reference.com/players/r/ruperra01.html,ruperra01,2004,21,1
RayJ Dennis,RayJ Dennis,2025,2025,G,2-Jun,180,3/30/2001,30/3/2001,2001,24,"Boise State, Toledo, Baylor",https://www.basketball-reference.com/players/d/dennira01.html,dennira01,2001,24,0
Rayjon Tucker,Rayjon Tucker,2020,2022,F,3-Jun,209,9/24/1997,24/9/1997,1997,25,"Florida Gulf Coast, Little Rock",https://www.basketball-reference.com/players/t/tuckera01.html,tuckera01,1997,25,2
Raymond Brown,Raymond Brown,1990,1990,F,8-Jun,220,7/5/1965,5/7/1965,1965,25,"Mississippi State, Idaho",https://www.basketball-reference.com/players/b/brownra01.html,brownra01,1965,25,0
Earl Barron,Earl Barron,2006,2015,C,Jul-00,250,8/14/1981,14/8/1981,1981,34,Memphis,https://www.basketball-reference.com/players/b/barroea01.html,barroea01,1981,34,9
Raymond Townsend,Raymond Townsend,1979,1982,G,3-Jun,175,12/20/1955,20/12/1955,1955,27,UCLA,https://www.basketball-reference.com/players/t/townsra01.html,townsra01,1955,27,3
Red Davis,Red Davis,1956,1956,C,7-Jun,220,4/22/1932,22/4/1932,1932,24,St. John's,https://www.basketball-reference.com/players/d/davisre01.html,davisre01,1932,24,0
Red Dehnert,Red Dehnert,1947,1947,F,3-Jun,175,1/24/1924,24/1/1924,1924,23,Columbia University,https://www.basketball-reference.com/players/d/dehnere01.html,dehnere01,1924,23,0
Ed Pinckney,Ed Pinckney,1986,1997,F,9-Jun,195,3/27/1963,27/3/1963,1963,34,Villanova,https://www.basketball-reference.com/players/p/pincked01.html,pincked01,1963,34,11
Em Bryant,Em Bryant,1965,1972,G,1-Jun,175,11/4/1938,4/11/1938,1938,34,DePaul,https://www.basketball-reference.com/players/b/bryanem01.html,bryanem01,1938,34,7
Red Klotz,Red Klotz,1948,1948,G,7-May,150,10/21/1920,21/10/1920,1920,28,Villanova,https://www.basketball-reference.com/players/k/klotzhe01.html,klotzhe01,1920,28,0
Red Mihalik,Red Mihalik,1947,1947,G,Jun-00,180,9/22/1916,22/9/1916,1916,31,,https://www.basketball-reference.com/players/m/mihalre01.html,mihalre01,1916,31,0
Red Morrison,Red Morrison,1955,1958,F-C,8-Jun,220,4/26/1932,26/4/1932,1932,26,Idaho,https://www.basketball-reference.com/players/m/morrire01.html,morrire01,1932,26,3
Red Owens,Red Owens,1950,1952,G-F,3-Jun,185,9/2/1925,2/9/1925,1925,27,Baylor,https://www.basketball-reference.com/players/o/owensre01.html,owensre01,1925,27,2
Red Robbins,Red Robbins,1968,1975,F-C,8-Jun,190,9/30/1944,30/9/1944,1944,31,"Chipola College, Tennessee",https://www.basketball-reference.com/players/r/robbire01.html,robbire01,1944,31,7
Ersan İlyasova,Ersan İlyasova,2007,2021,F,9-Jun,235,5/15/1987,15/5/1987,1987,34,,https://www.basketball-reference.com/players/i/ilyaser01.html,ilyaser01,1987,34,14
Red Stroud,Red Stroud,1968,1968,G,Jun-00,160,5/2/1941,2/5/1941,1941,27,Mississippi State,https://www.basketball-reference.com/players/s/stroure01.html,stroure01,1941,27,0
Red Wallace,Red Wallace,1947,1947,G,1-Jun,185,7/12/1918,12/7/1918,1918,29,University of Scranton,https://www.basketball-reference.com/players/w/wallare01.html,wallare01,1918,29,0
Reece Beekman,Reece Beekman,2025,2025,G,1-Jun,190,10/8/2001,8/10/2001,2001,24,Virginia,https://www.basketball-reference.com/players/b/beekmre01.html,beekmre01,2001,24,0
Reece Gaines,Reece Gaines,2004,2006,G,6-Jun,205,1/7/1981,7/1/1981,1981,25,Louisville,https://www.basketball-reference.com/players/g/gainere01.html,gainere01,1981,25,2
Reed Sheppard,Reed Sheppard,2025,2025,G,2-Jun,185,6/24/2004,24/6/2004,2004,21,Kentucky,https://www.basketball-reference.com/players/s/sheppre01.html,sheppre01,2004,21,0
Reggie Bullock,Reggie Bullock,2014,2024,G-F,6-Jun,205,3/16/1991,16/3/1991,1991,33,UNC,https://www.basketball-reference.com/players/b/bullore01.html,bullore01,1991,33,10
Reggie Carter,Reggie Carter,1981,1982,G,3-Jun,175,10/10/1957,10/10/1957,1957,25,"Hawaii, St. John's",https://www.basketball-reference.com/players/c/cartere01.html,cartere01,1957,25,1
Fat Lever,Fat Lever,1983,1994,G,3-Jun,170,8/18/1960,18/8/1960,1960,34,Arizona State,https://www.basketball-reference.com/players/l/leverfa01.html,leverfa01,1960,34,11
Reggie Geary,Reggie Geary,1997,1998,G,2-Jun,187,8/31/1973,31/8/1973,1973,25,Arizona,https://www.basketball-reference.com/players/g/gearyre01.html,gearyre01,1973,25,1
Reggie Hanson,Reggie Hanson,1998,1998,F,8-Jun,195,10/6/1968,6/10/1968,1968,30,Kentucky,https://www.basketball-reference.com/players/h/hansore01.html,hansore01,1968,30,0
Reggie Harding,Reggie Harding,1964,1968,C,Jul-00,249,5/4/1942,4/5/1942,1942,26,,https://www.basketball-reference.com/players/h/hardire01.html,hardire01,1942,26,4
Reggie Hearn,Reggie Hearn,2018,2018,G,5-Jun,210,8/14/1991,14/8/1991,1991,27,Northwestern,https://www.basketball-reference.com/players/h/hearnre01.html,hearnre01,1991,27,0
Felton Spencer,Felton Spencer,1991,2002,C,Jul-00,265,1/15/1968,15/1/1968,1968,34,Louisville,https://www.basketball-reference.com/players/s/spencfe01.html,spencfe01,1968,34,11
Reggie Johnson,Reggie Johnson,1981,1984,F-C,9-Jun,205,6/25/1957,25/6/1957,1957,27,Tennessee,https://www.basketball-reference.com/players/j/johnsre01.html,johnsre01,1957,27,3
Reggie Jordan,Reggie Jordan,1994,2000,G,4-Jun,195,1/26/1968,26/1/1968,1968,32,New Mexico State,https://www.basketball-reference.com/players/j/jordare01.html,jordare01,1968,32,6
Reggie King,Reggie King,1980,1985,F,6-Jun,225,2/14/1957,14/2/1957,1957,28,Alabama,https://www.basketball-reference.com/players/k/kingre01.html,kingre01,1957,28,5
Reggie Lacefield,Reggie Lacefield,1969,1969,G-F,5-Jun,230,4/10/1945,10/4/1945,1945,24,Western Michigan,https://www.basketball-reference.com/players/l/lacefre01.html,lacefre01,1945,24,0
Reggie Lewis,Reggie Lewis,1988,1993,G-F,7-Jun,195,11/21/1965,21/11/1965,1965,28,Northeastern University,https://www.basketball-reference.com/players/l/lewisre01.html,lewisre01,1965,28,5
Francisco García,Francisco García,2006,2015,F-G,7-Jun,195,12/31/1981,31/12/1981,1981,34,Louisville,https://www.basketball-reference.com/players/g/garcifr01.html,garcifr01,1981,34,9
Reggie Perry,Reggie Perry,2021,2022,F-C,8-Jun,250,3/21/2000,21/3/2000,2000,22,Mississippi State,https://www.basketball-reference.com/players/p/perryre01.html,perryre01,2000,22,1
Reggie Royals,Reggie Royals,1975,1975,C,10-Jun,200,9/18/1950,18/9/1950,1950,25,Florida State,https://www.basketball-reference.com/players/r/royalre01.html,royalre01,1950,25,0
Reggie Slater,Reggie Slater,1995,2003,F,7-Jun,215,8/27/1970,27/8/1970,1970,33,Wyoming,https://www.basketball-reference.com/players/s/slatere01.html,slatere01,1970,33,8
Reggie Smith,Reggie Smith,1993,1994,C,10-Jun,240,8/21/1970,21/8/1970,1970,24,TCU,https://www.basketball-reference.com/players/s/smithre01.html,smithre01,1970,24,1
Freddie Lewis,Freddie Lewis,1967,1977,G,Jun-00,175,7/1/1943,1/7/1943,1943,34,"Eastern Arizona College, Arizona State",https://www.basketball-reference.com/players/l/lewisfr02.html,lewisfr02,1943,34,10
Reggie Williams,Reggie Williams,2010,2017,F,6-Jun,205,9/14/1986,14/9/1986,1986,31,Virginia Military Institute,https://www.basketball-reference.com/players/w/willire02.html,willire02,1986,31,7
Reggie Williams,Reggie Williams,1988,1997,F-G,7-Jun,190,3/5/1964,5/3/1964,1964,33,Georgetown,https://www.basketball-reference.com/players/w/willire01.html,willire01,1964,33,9
Renaldo Balkman,Renaldo Balkman,2007,2012,F,8-Jun,208,7/14/1984,14/7/1984,1984,28,South Carolina,https://www.basketball-reference.com/players/b/balkmre01.html,balkmre01,1984,28,5
Renaldo Major,Renaldo Major,2007,2007,F,7-Jun,200,5/7/1982,7/5/1982,1982,25,"South Plains College, Fresno State",https://www.basketball-reference.com/players/m/majorre01.html,majorre01,1982,25,0
Rex Chapman,Rex Chapman,1989,2000,G,4-Jun,185,10/5/1967,5/10/1967,1967,33,Kentucky,https://www.basketball-reference.com/players/c/chapmre01.html,chapmre01,1967,33,11
Rex Morgan,Rex Morgan,1971,1972,G,5-Jun,190,10/27/1948,27/10/1948,1948,24,Jacksonville University,https://www.basketball-reference.com/players/m/morgare01.html,morgare01,1948,24,1
Rex Walters,Rex Walters,1994,2000,G,4-Jun,190,3/12/1970,12/3/1970,1970,30,"Northwestern, Kansas",https://www.basketball-reference.com/players/w/waltere01.html,waltere01,1970,30,6
Rich Dumas,Rich Dumas,1969,1969,G,3-Jun,170,4/21/1944,21/4/1944,1944,25,Northeastern State University,https://www.basketball-reference.com/players/d/dumasri01.html,dumasri01,1944,25,0
Rich Eichhorst,Rich Eichhorst,1962,1962,G,3-Jun,200,10/21/1933,21/10/1933,1933,29,SE Missouri State,https://www.basketball-reference.com/players/e/eichhdi01.html,eichhdi01,1933,29,0
Rich Johnson,Rich Johnson,1969,1971,C,7-Jun,210,12/18/1946,18/12/1946,1946,25,Grambling State University,https://www.basketball-reference.com/players/j/johnsri01.html,johnsri01,1946,25,2
Rich Jones,Rich Jones,1970,1977,F-C,6-Jun,220,12/27/1946,27/12/1946,1946,31,"Illinois, Memphis",https://www.basketball-reference.com/players/j/jonesri01.html,jonesri01,1946,31,7
Rich Kelley,Rich Kelley,1976,1986,C-F,Jul-00,235,3/23/1953,23/3/1953,1953,33,Stanford,https://www.basketball-reference.com/players/k/kelleri01.html,kelleri01,1953,33,10
Rich King,Rich King,1992,1995,C,2-Jul,260,4/4/1969,4/4/1969,1969,26,Nebraska,https://www.basketball-reference.com/players/k/kingri01.html,kingri01,1969,26,3
Rich Laurel,Rich Laurel,1978,1978,G,6-Jun,190,7/11/1954,11/7/1954,1954,24,Hofstra,https://www.basketball-reference.com/players/l/laureri01.html,laureri01,1954,24,0
Rich Manning,Rich Manning,1996,1997,C,11-Jun,253,6/23/1970,23/6/1970,1970,27,"Syracuse, Washington",https://www.basketball-reference.com/players/m/manniri01.html,manniri01,1970,27,1
Rich Niemann,Rich Niemann,1969,1972,C,Jul-00,245,7/2/1946,2/7/1946,1946,26,Saint Louis,https://www.basketball-reference.com/players/n/niemari01.html,niemari01,1946,26,3
Rich Parks,Rich Parks,1968,1968,F,7-Jun,235,10/28/1943,28/10/1943,1943,25,Saint Louis,https://www.basketball-reference.com/players/p/parksri01.html,parksri01,1943,25,0
Rich Peek,Rich Peek,1968,1968,C,11-Jun,230,10/28/1943,28/10/1943,1943,25,"Florida, Louisiana Tech",https://www.basketball-reference.com/players/p/peekri01.html,peekri01,1943,25,0
Rich Rinaldi,Rich Rinaldi,1972,1974,G,3-Jun,195,8/3/1949,3/8/1949,1949,25,Saint Peter's College,https://www.basketball-reference.com/players/r/rinalri01.html,rinalri01,1949,25,2
Rich Yonakor,Rich Yonakor,1982,1982,F,9-Jun,220,10/3/1958,3/10/1958,1958,24,UNC,https://www.basketball-reference.com/players/y/yonakri01.html,yonakri01,1958,24,0
Richard Anderson,Richard Anderson,1983,1990,F-C,10-Jun,240,11/19/1960,19/11/1960,1960,30,UC Santa Barbara,https://www.basketball-reference.com/players/a/anderri01.html,anderri01,1960,30,7
Richard Coffey,Richard Coffey,1991,1991,F,6-Jun,212,9/2/1965,2/9/1965,1965,26,Minnesota,https://www.basketball-reference.com/players/c/cofferi01.html,cofferi01,1965,26,0
Richard Dumas,Richard Dumas,1993,1996,F,7-Jun,200,5/19/1969,19/5/1969,1969,27,Oklahoma State,https://www.basketball-reference.com/players/d/dumasri02.html,dumasri02,1969,27,3
Gene Conley,Gene Conley,1953,1964,C-F,8-Jun,225,11/10/1930,10/11/1930,1930,34,Washington State,https://www.basketball-reference.com/players/c/conlege01.html,conlege01,1930,34,11
George Gervin*,George Gervin,1973,1986,G-F,7-Jun,180,4/27/1952,27/4/1952,1952,34,Eastern Michigan,https://www.basketball-reference.com/players/g/gervige01.html,gervige01,1952,34,13
Richard Morton,Richard Morton,1989,1989,G,3-Jun,190,2/2/1966,2/2/1966,1966,23,Cal State Fullerton,https://www.basketball-reference.com/players/m/mortori01.html,mortori01,1966,23,0
Richard Petruška,Richard Petruška,1994,1994,C-F,10-Jun,260,1/25/1969,25/1/1969,1969,25,"Loyola Marymount, UCLA",https://www.basketball-reference.com/players/p/petruri01.html,petruri01,1969,25,0
Richard Rellford,Richard Rellford,1988,1988,F,6-Jun,230,2/16/1964,16/2/1964,1964,24,Michigan,https://www.basketball-reference.com/players/r/rellfri01.html,rellfri01,1964,24,0
Richard Washington,Richard Washington,1977,1982,F-C,11-Jun,220,7/15/1955,15/7/1955,1955,27,UCLA,https://www.basketball-reference.com/players/w/washiri01.html,washiri01,1955,27,5
Richaun Holmes,Richaun Holmes,2016,2025,C-F,10-Jun,235,10/15/1993,15/10/1993,1993,32,Bowling Green,https://www.basketball-reference.com/players/h/holmeri01.html,holmeri01,1993,32,9
Richie Frahm,Richie Frahm,2004,2008,G,5-Jun,210,8/14/1977,14/8/1977,1977,31,Gonzaga,https://www.basketball-reference.com/players/f/frahmri01.html,frahmri01,1977,31,4
Gerald Govan,Gerald Govan,1968,1976,F-C,10-Jun,220,1/2/1942,2/1/1942,1942,34,Saint Mary of the Plains College,https://www.basketball-reference.com/players/g/govange01.html,govange01,1942,34,8
Richie Moore,Richie Moore,1968,1968,G,2-Jun,190,NA,NA,#VALUE!,#VALUE!,"Villanova, Hiram Scott College",https://www.basketball-reference.com/players/m/mooreri01.html,mooreri01,NA,#VALUE!,0
Richie Niemiera,Richie Niemiera,1949,1950,G-F,1-Jun,165,5/26/1921,26/5/1921,1921,29,Notre Dame,https://www.basketball-reference.com/players/n/niemiri01.html,niemiri01,1921,29,1
Richie Regan,Richie Regan,1956,1958,G,2-Jun,180,11/30/1930,30/11/1930,1930,28,Seton Hall,https://www.basketball-reference.com/players/r/reganri01.html,reganri01,1930,28,2
Rick Adelman*,Rick Adelman,1969,1975,G,1-Jun,175,6/16/1946,16/6/1946,1946,29,Loyola Marymount,https://www.basketball-reference.com/players/a/adelmri01.html,adelmri01,1946,29,6
Gordon Hayward,Gordon Hayward,2011,2024,F-G,7-Jun,225,3/23/1990,23/3/1990,1990,34,Butler,https://www.basketball-reference.com/players/h/haywago01.html,haywago01,1990,34,13
Greg Anderson,Greg Anderson,1988,1998,F-C,10-Jun,230,6/22/1964,22/6/1964,1964,34,Houston,https://www.basketball-reference.com/players/a/andergr01.html,andergr01,1964,34,10
Rick Calloway,Rick Calloway,1991,1991,F,6-Jun,180,12/12/1966,12/12/1966,1966,25,"Indiana, Kansas",https://www.basketball-reference.com/players/c/callori01.html,callori01,1966,25,0
Rick Carlisle,Rick Carlisle,1985,1990,G,5-Jun,210,10/27/1959,27/10/1959,1959,31,"University of Maine, Virginia",https://www.basketball-reference.com/players/c/carliri01.html,carliri01,1959,31,5
Rick Darnell,Rick Darnell,1976,1976,C-F,10-Jun,215,1/1/1953,1/1/1953,1953,23,"Cypress College, Indiana State University, San Jose State",https://www.basketball-reference.com/players/d/darneri01.html,darneri01,1953,23,0
Rick Fisher,Rick Fisher,1972,1972,F,5-Jun,215,10/27/1948,27/10/1948,1948,24,"Trinidad State Junior College, Colorado State",https://www.basketball-reference.com/players/f/fisheri01.html,fisheri01,1948,24,0
Greg Ballard,Greg Ballard,1978,1989,F,7-Jun,215,1/29/1955,29/1/1955,1955,34,Oregon,https://www.basketball-reference.com/players/b/ballagr01.html,ballagr01,1955,34,11
Rick Hughes,Rick Hughes,2000,2000,F,9-Jun,235,8/22/1973,22/8/1973,1973,27,Thomas More College,https://www.basketball-reference.com/players/h/hugheri02.html,hugheri02,1973,27,0
Greg Kite,Greg Kite,1984,1995,C,11-Jun,250,8/5/1961,5/8/1961,1961,34,BYU,https://www.basketball-reference.com/players/k/kitegr01.html,kitegr01,1961,34,11
Rick Mount,Rick Mount,1971,1975,G,3-Jun,175,1/5/1947,5/1/1947,1947,28,Purdue,https://www.basketball-reference.com/players/m/mountri01.html,mountri01,1947,28,4
Rick Roberson,Rick Roberson,1970,1976,C-F,9-Jun,231,7/7/1947,7/7/1947,1947,29,Cincinnati,https://www.basketball-reference.com/players/r/roberri01.html,roberri01,1947,29,6
Rick Robey,Rick Robey,1979,1986,C-F,11-Jun,230,1/30/1956,30/1/1956,1956,30,Kentucky,https://www.basketball-reference.com/players/r/robeyri01.html,robeyri01,1956,30,7
Rick Weitzman,Rick Weitzman,1968,1968,G,2-Jun,175,4/30/1946,30/4/1946,1946,22,Northeastern University,https://www.basketball-reference.com/players/w/weitzri01.html,weitzri01,1946,22,0
Rick Wilson,Rick Wilson,1979,1980,G,5-Jun,200,2/7/1956,7/2/1956,1956,24,Louisville,https://www.basketball-reference.com/players/w/wilsori01.html,wilsori01,1956,24,1
Rickey Brown,Rickey Brown,1981,1985,C-F,10-Jun,215,8/20/1958,20/8/1958,1958,27,Mississippi State,https://www.basketball-reference.com/players/b/brownri01.html,brownri01,1958,27,4
Gus Williams,Gus Williams,1976,1987,G,2-Jun,175,10/10/1953,10/10/1953,1953,34,USC,https://www.basketball-reference.com/players/w/willigu01.html,willigu01,1953,34,11
Rickey Williams,Rickey Williams,1983,1983,G,1-Jun,175,3/12/1957,12/3/1957,1957,26,"New Mexico, Cal State Long Beach",https://www.basketball-reference.com/players/w/williri01.html,williri01,1957,26,0
Rickie Winslow,Rickie Winslow,1988,1988,F,8-Jun,225,7/26/1964,26/7/1964,1964,24,Houston,https://www.basketball-reference.com/players/w/winslri01.html,winslri01,1964,24,0
Ricky Berry,Ricky Berry,1989,1989,F,8-Jun,205,10/6/1964,6/10/1964,1964,25,"Oregon State, San Jose State",https://www.basketball-reference.com/players/b/berryri01.html,berryri01,1964,25,0
Ricky Blanton,Ricky Blanton,1993,1993,F,7-Jun,215,4/21/1966,21/4/1966,1966,27,LSU,https://www.basketball-reference.com/players/b/blantri01.html,blantri01,1966,27,0
Ricky Council IV,Ricky Council IV,2024,2025,G,6-Jun,205,8/3/2001,3/8/2001,2001,24,"Wichita State, Arkansas",https://www.basketball-reference.com/players/c/councri01.html,councri01,2001,24,1
Ricky Davis,Ricky Davis,1999,2010,G-F,6-Jun,195,9/23/1979,23/9/1979,1979,31,Iowa,https://www.basketball-reference.com/players/d/davisri01.html,davisri01,1979,31,11
Ricky Grace,Ricky Grace,1994,1994,G,1-Jun,180,8/20/1967,20/8/1967,1967,27,"Midland College, Oklahoma",https://www.basketball-reference.com/players/g/graceri01.html,graceri01,1967,27,0
Ricky Ledo,Ricky Ledo,2014,2015,G,7-Jun,195,9/10/1992,10/9/1992,1992,23,,https://www.basketball-reference.com/players/l/ledori01.html,ledori01,1992,23,1
Ricky Marsh,Ricky Marsh,1978,1978,G,3-Jun,200,3/10/1954,10/3/1954,1954,24,Manhattan College,https://www.basketball-reference.com/players/m/marshri01.html,marshri01,1954,24,0
Harvey Catchings,Harvey Catchings,1975,1985,C-F,9-Jun,218,9/2/1951,2/9/1951,1951,34,Hardin-Simmons University,https://www.basketball-reference.com/players/c/catchha01.html,catchha01,1951,34,10
Ricky Rubio,Ricky Rubio,2012,2023,G,2-Jun,190,10/21/1990,21/10/1990,1990,33,,https://www.basketball-reference.com/players/r/rubiori01.html,rubiori01,1990,33,11
Ricky Sobers,Ricky Sobers,1976,1986,G,3-Jun,198,1/15/1953,15/1/1953,1953,33,UNLV,https://www.basketball-reference.com/players/s/soberri01.html,soberri01,1953,33,10
Ricky Wilson,Ricky Wilson,1988,1988,G,3-Jun,195,7/16/1964,16/7/1964,1964,24,George Mason,https://www.basketball-reference.com/players/w/wilsori02.html,wilsori02,1964,24,0
Harvey Grant,Harvey Grant,1989,1999,F,8-Jun,195,7/4/1965,4/7/1965,1965,34,"Clemson, Oklahoma",https://www.basketball-reference.com/players/g/grantha01.html,grantha01,1965,34,10
Riley Minix,Riley Minix,2025,2025,G,7-Jun,230,9/22/2000,22/9/2000,2000,25,"Southeastern University, Morehead State University",https://www.basketball-reference.com/players/m/minixri01.html,minixri01,2000,25,0
Riney Lochmann,Riney Lochmann,1968,1970,F,6-Jun,215,5/26/1944,26/5/1944,1944,26,Kansas,https://www.basketball-reference.com/players/l/lochmri01.html,lochmri01,1944,26,2
RJ Barrett,RJ Barrett,2020,2025,G-F,6-Jun,214,6/14/2000,14/6/2000,2000,25,Duke,https://www.basketball-reference.com/players/b/barrerj01.html,barrerj01,2000,25,5
RJ Nembhard Jr.,RJ Nembhard Jr.,2022,2022,G,5-Jun,200,3/22/1999,22/3/1999,1999,23,TCU,https://www.basketball-reference.com/players/n/nembhrj01.html,nembhrj01,1999,23,0
Rob Dillingham,Rob Dillingham,2025,2025,G,1-Jun,176,1/4/2005,4/1/2005,2005,20,Kentucky,https://www.basketball-reference.com/players/d/dilliro01.html,dilliro01,2005,20,0
Rob Edwards,Rob Edwards,2022,2022,G,5-Jun,205,1/20/1997,20/1/1997,1997,25,"Cleveland State University, Arizona State",https://www.basketball-reference.com/players/e/edwarro01.html,edwarro01,1997,25,0
Rob Kurz,Rob Kurz,2009,2009,F,9-Jun,232,3/5/1985,5/3/1985,1985,24,Notre Dame,https://www.basketball-reference.com/players/k/kurzro01.html,kurzro01,1985,24,0
Rob Lock,Rob Lock,1989,1989,F,9-Jun,225,5/22/1966,22/5/1966,1966,23,Kentucky,https://www.basketball-reference.com/players/l/lockro01.html,lockro01,1966,23,0
Rob Rose,Rob Rose,1989,1989,G,5-Jun,180,12/27/1964,27/12/1964,1964,25,George Mason,https://www.basketball-reference.com/players/r/rosero01.html,rosero01,1964,25,0
Rob Williams,Rob Williams,1983,1984,G,2-Jun,175,5/5/1961,5/5/1961,1961,23,Houston,https://www.basketball-reference.com/players/w/williro02.html,williro02,1961,23,1
Robbie Hummel,Robbie Hummel,2014,2015,F,8-Jun,215,3/8/1989,8/3/1989,1989,26,Purdue,https://www.basketball-reference.com/players/h/hummero01.html,hummero01,1989,26,1
Robert Archibald,Robert Archibald,2003,2004,F,11-Jun,250,3/29/1980,29/3/1980,1980,24,Illinois,https://www.basketball-reference.com/players/a/archiro01.html,archiro01,1980,24,1
Robert Churchwell,Robert Churchwell,1996,1996,G-F,6-Jun,195,2/20/1972,20/2/1972,1972,24,Georgetown,https://www.basketball-reference.com/players/c/churcro01.html,churcro01,1972,24,0
Haywoode Workman,Haywoode Workman,1990,2000,G,2-Jun,180,1/23/1966,23/1/1966,1966,34,"Winston-Salem State, Oral Roberts",https://www.basketball-reference.com/players/w/workmha01.html,workmha01,1966,34,10
Robert Franks,Robert Franks,2021,2021,F,7-Jun,225,12/18/1996,18/12/1996,1996,25,Washington State,https://www.basketball-reference.com/players/f/frankro01.html,frankro01,1996,25,0
Robert Hahn,Robert Hahn,1950,1950,C,10-Jun,240,8/25/1925,25/8/1925,1925,25,NC State,https://www.basketball-reference.com/players/h/hahnro01.html,hahnro01,1925,25,0
Robert Hite,Robert Hite,2007,2007,G,2-Jun,184,1/12/1984,12/1/1984,1984,23,Miami (FL),https://www.basketball-reference.com/players/h/hitero01.html,hitero01,1984,23,0
Howard Eisley,Howard Eisley,1995,2006,G,2-Jun,177,12/4/1972,4/12/1972,1972,34,Boston College,https://www.basketball-reference.com/players/e/eisleho01.html,eisleho01,1972,34,11
Hubert Davis,Hubert Davis,1993,2004,G,5-Jun,183,5/17/1970,17/5/1970,1970,34,UNC,https://www.basketball-reference.com/players/d/davishu01.html,davishu01,1970,34,11
Ian Mahinmi,Ian Mahinmi,2008,2020,C,11-Jun,262,11/5/1986,5/11/1986,1986,34,,https://www.basketball-reference.com/players/m/mahinia01.html,mahinia01,1986,34,12
Ime Udoka,Ime Udoka,2004,2011,F,6-Jun,215,8/9/1977,9/8/1977,1977,34,"San Francisco, Portland State",https://www.basketball-reference.com/players/u/udokaim01.html,udokaim01,1977,34,7
Robert Sacre,Robert Sacre,2013,2016,C,Jul-00,270,6/6/1989,6/6/1989,1989,27,Gonzaga,https://www.basketball-reference.com/players/s/sacrero01.html,sacrero01,1989,27,3
Robert Smith,Robert Smith,1978,1985,G,11-May,165,3/10/1955,10/3/1955,1955,30,UNLV,https://www.basketball-reference.com/players/s/smithro01.html,smithro01,1955,30,7
Robert Swift,Robert Swift,2005,2009,C,Jul-00,245,12/3/1985,3/12/1985,1985,24,,https://www.basketball-reference.com/players/s/swiftro01.html,swiftro01,1985,24,4
Robert Traylor,Robert Traylor,1999,2005,F,8-Jun,284,2/1/1977,1/2/1977,1977,28,Michigan,https://www.basketball-reference.com/players/t/traylro01.html,traylro01,1977,28,6
Robert Werdann,Robert Werdann,1993,1997,C,11-Jun,250,9/12/1970,12/9/1970,1970,27,St. John's,https://www.basketball-reference.com/players/w/werdaro01.html,werdaro01,1970,27,4
Robert Whaley,Robert Whaley,2006,2006,C,10-Jun,260,4/16/1982,16/4/1982,1982,24,"Barton County Community College, Cincinnati, Walsh University",https://www.basketball-reference.com/players/w/whalero01.html,whalero01,1982,24,0
Robert Williams,Robert Williams,2019,2025,C-F,9-Jun,237,10/17/1997,17/10/1997,1997,28,Texas A&M,https://www.basketball-reference.com/players/w/williro04.html,williro04,1997,28,6
Robert Woodard II,Robert Woodard II,2021,2022,F,6-Jun,235,9/22/1999,22/9/1999,1999,23,Mississippi State,https://www.basketball-reference.com/players/w/woodaro01.html,woodaro01,1999,23,1
Robin Jones,Robin Jones,1977,1978,F-C,9-Jun,225,2/2/1954,2/2/1954,1954,24,Saint Louis,https://www.basketball-reference.com/players/j/jonesro01.html,jonesro01,1954,24,1
Jack Coleman,Jack Coleman,1950,1958,F-C,7-Jun,195,5/23/1924,23/5/1924,1924,34,Louisville,https://www.basketball-reference.com/players/c/colemja01.html,colemja01,1924,34,8
Rock Lee,Rock Lee,1982,1982,C,10-Jun,220,5/1/1955,1/5/1955,1955,27,"California, San Diego State",https://www.basketball-reference.com/players/l/leero02.html,leero02,1955,27,0
Rod Derline,Rod Derline,1975,1976,G,Jun-00,175,3/11/1952,11/3/1952,1952,24,Seattle University,https://www.basketball-reference.com/players/d/derliro01.html,derliro01,1952,24,1
Rod Foster,Rod Foster,1984,1986,G,1-Jun,160,10/10/1960,10/10/1960,1960,26,UCLA,https://www.basketball-reference.com/players/f/fostero01.html,fostero01,1960,26,2
Rod Freeman,Rod Freeman,1974,1974,F,7-Jun,225,11/5/1950,5/11/1950,1950,24,Vanderbilt,https://www.basketball-reference.com/players/f/freemro01.html,freemro01,1950,24,0
Jack Haley,Jack Haley,1989,1998,C-F,10-Jun,240,1/27/1964,27/1/1964,1964,34,UCLA,https://www.basketball-reference.com/players/h/haleyja01.html,haleyja01,1964,34,9
Rod Knowles,Rod Knowles,1969,1969,F-C,9-Jun,215,2/27/1946,27/2/1946,1946,23,Davidson,https://www.basketball-reference.com/players/k/knowlro01.html,knowlro01,1946,23,0
Rod McDonald,Rod McDonald,1971,1973,F,6-Jun,205,4/9/1945,9/4/1945,1945,28,Whitworth,https://www.basketball-reference.com/players/m/mcdonro01.html,mcdonro01,1945,28,2
Jacque Vaughn,Jacque Vaughn,1998,2009,G,1-Jun,190,2/11/1975,11/2/1975,1975,34,Kansas,https://www.basketball-reference.com/players/v/vaughja01.html,vaughja01,1975,34,11
Rod Thorn*,Rod Thorn,1964,1971,G,4-Jun,195,5/23/1941,23/5/1941,1941,30,West Virginia,https://www.basketball-reference.com/players/t/thornro01.html,thornro01,1941,30,7
Rodions Kurucs,Rodions Kurucs,2019,2021,F,9-Jun,228,2/5/1998,5/2/1998,1998,23,,https://www.basketball-reference.com/players/k/kurucro01.html,kurucro01,1998,23,2
Rodney Buford,Rodney Buford,2000,2005,G-F,5-Jun,189,11/2/1977,2/11/1977,1977,28,Creighton,https://www.basketball-reference.com/players/b/buforro01.html,buforro01,1977,28,5
Rodney Carney,Rodney Carney,2007,2011,F,7-Jun,205,4/15/1984,15/4/1984,1984,27,Memphis,https://www.basketball-reference.com/players/c/carnero01.html,carnero01,1984,27,4
Rodney Hood,Rodney Hood,2015,2022,G-F,8-Jun,208,10/20/1992,20/10/1992,1992,30,"Mississippi State, Duke",https://www.basketball-reference.com/players/h/hoodro01.html,hoodro01,1992,30,7
Rodney McCray,Rodney McCray,1984,1993,F-G,7-Jun,220,8/29/1961,29/8/1961,1961,32,Louisville,https://www.basketball-reference.com/players/m/mccraro01.html,mccraro01,1961,32,9
Rodney McGruder,Rodney McGruder,2017,2023,G,4-Jun,205,7/29/1991,29/7/1991,1991,32,Kansas State,https://www.basketball-reference.com/players/m/mcgruro01.html,mcgruro01,1991,32,6
Rodney Monroe,Rodney Monroe,1992,1992,G,3-Jun,185,4/16/1968,16/4/1968,1968,24,NC State,https://www.basketball-reference.com/players/m/monroro01.html,monroro01,1968,24,0
Rodney Purvis,Rodney Purvis,2018,2018,G,4-Jun,205,2/14/1994,14/2/1994,1994,24,UConn,https://www.basketball-reference.com/players/p/purviro01.html,purviro01,1994,24,0
Jalen Rose,Jalen Rose,1995,2007,G-F,8-Jun,210,1/30/1973,30/1/1973,1973,34,Michigan,https://www.basketball-reference.com/players/r/roseja01.html,roseja01,1973,34,12
Rodney Stuckey,Rodney Stuckey,2008,2017,G,5-Jun,210,4/21/1986,21/4/1986,1986,31,Eastern Washington,https://www.basketball-reference.com/players/s/stuckro01.html,stuckro01,1986,31,9
Rodney White,Rodney White,2002,2005,F,9-Jun,238,6/28/1980,28/6/1980,1980,25,UNC Charlotte,https://www.basketball-reference.com/players/w/whitero02.html,whitero02,1980,25,3
Rodrick Rhodes,Rodrick Rhodes,1998,2000,G-F,6-Jun,225,9/24/1973,24/9/1973,1973,27,"Kentucky, USC",https://www.basketball-reference.com/players/r/rhodero01.html,rhodero01,1973,27,2
Rodrigue Beaubois,Rodrigue Beaubois,2010,2013,G,Jun-00,170,2/24/1988,24/2/1988,1988,25,,https://www.basketball-reference.com/players/b/beaubro01.html,beaubro01,1988,25,3
Roger Brown,Roger Brown,1973,1980,C,11-Jun,225,2/23/1950,23/2/1950,1950,30,Kansas,https://www.basketball-reference.com/players/b/brownro02.html,brownro02,1950,30,7
Roger Brown*,Roger Brown,1968,1975,F-G,5-Jun,205,5/22/1942,22/5/1942,1942,33,Dayton,https://www.basketball-reference.com/players/b/brownro01.html,brownro01,1942,33,7
Roger Burkman,Roger Burkman,1982,1982,G,5-Jun,175,5/22/1958,22/5/1958,1958,24,Louisville,https://www.basketball-reference.com/players/b/burkmro01.html,burkmro01,1958,24,0
Roger Jorgensen,Roger Jorgensen,1947,1947,C-F,5-Jun,200,9/2/1920,2/9/1920,1920,27,Ohio State,https://www.basketball-reference.com/players/j/jorgero01.html,jorgero01,1920,27,0
Jamaal Magloire,Jamaal Magloire,2001,2012,C,11-Jun,259,5/21/1978,21/5/1978,1978,34,Kentucky,https://www.basketball-reference.com/players/m/magloja01.html,magloja01,1978,34,11
Roger Phegley,Roger Phegley,1979,1984,G-F,6-Jun,205,10/16/1956,16/10/1956,1956,28,Bradley,https://www.basketball-reference.com/players/p/pheglro01.html,pheglro01,1956,28,5
Roger Powell,Roger Powell,2007,2007,F,6-Jun,235,1/15/1983,15/1/1983,1983,24,Illinois,https://www.basketball-reference.com/players/p/powelro01.html,powelro01,1983,24,0
Roger Schurig,Roger Schurig,1968,1968,G,3-Jun,185,4/3/1942,3/4/1942,1942,26,Vanderbilt,https://www.basketball-reference.com/players/s/schurro01.html,schurro01,1942,26,0
Roger Strickland,Roger Strickland,1964,1964,F,5-Jun,200,9/4/1940,4/9/1940,1940,24,Jacksonville University,https://www.basketball-reference.com/players/s/stricro01.html,stricro01,1940,24,0
Roko Ukić,Roko Ukić,2009,2010,G,5-Jun,183,5/12/1984,12/5/1984,1984,26,,https://www.basketball-reference.com/players/u/ukicro01.html,ukicro01,1984,26,1
Roland West,Roland West,1968,1968,G,4-Jun,178,6/6/1944,6/6/1944,1944,24,Cincinnati,https://www.basketball-reference.com/players/w/westro01.html,westro01,1944,24,0
James Posey,James Posey,2000,2011,F-G,8-Jun,215,1/13/1977,13/1/1977,1977,34,Xavier,https://www.basketball-reference.com/players/p/poseyja01.html,poseyja01,1977,34,11
Rolando Ferreira,Rolando Ferreira,1989,1989,C,1-Jul,240,5/24/1964,24/5/1964,1964,25,Houston,https://www.basketball-reference.com/players/f/ferrero01.html,ferrero01,1964,25,0
Rollen Hans,Rollen Hans,1954,1955,G,2-Jun,210,4/13/1931,13/4/1931,1931,24,Long Island University,https://www.basketball-reference.com/players/h/hansro01.html,hansro01,1931,24,1
Rollie Seltz,Rollie Seltz,1950,1950,G-F,10-May,165,1/25/1924,25/1/1924,1924,26,Hamline University,https://www.basketball-reference.com/players/s/seltzro01.html,seltzro01,1924,26,0
Romeo Langford,Romeo Langford,2020,2023,G,5-Jun,216,10/25/1999,25/10/1999,1999,24,Indiana,https://www.basketball-reference.com/players/l/langfro01.html,langfro01,1999,24,3
Jason Richardson,Jason Richardson,2002,2015,G,6-Jun,220,1/20/1981,20/1/1981,1981,34,Michigan State,https://www.basketball-reference.com/players/r/richaja01.html,richaja01,1981,34,13
Ron Baker,Ron Baker,2017,2019,G,4-Jun,220,3/30/1993,30/3/1993,1993,26,Wichita State,https://www.basketball-reference.com/players/b/bakerro01.html,bakerro01,1993,26,2
Ron Behagen,Ron Behagen,1974,1980,F-C,9-Jun,185,1/14/1951,14/1/1951,1951,29,Minnesota,https://www.basketball-reference.com/players/b/behagro01.html,behagro01,1951,29,6
Ron Bonham,Ron Bonham,1965,1968,F,5-Jun,192,5/31/1942,31/5/1942,1942,26,Cincinnati,https://www.basketball-reference.com/players/b/bonharo01.html,bonharo01,1942,26,3
Jawann Oldham,Jawann Oldham,1981,1991,C,Jul-00,215,7/4/1957,4/7/1957,1957,34,Seattle University,https://www.basketball-reference.com/players/o/oldhaja01.html,oldhaja01,1957,34,10
Ron Brewer,Ron Brewer,1979,1986,G,4-Jun,180,7/16/1955,16/7/1955,1955,31,"University of Arkansas-Fort Smith, Arkansas",https://www.basketball-reference.com/players/b/brewero01.html,brewero01,1955,31,7
Ron Carter,Ron Carter,1979,1980,G,5-Jun,190,8/31/1956,31/8/1956,1956,24,Virginia Military Institute,https://www.basketball-reference.com/players/c/cartero01.html,cartero01,1956,24,1
Ron Cavenall,Ron Cavenall,1985,1989,C,1-Jul,230,4/30/1959,30/4/1959,1959,30,Texas Southern,https://www.basketball-reference.com/players/c/cavenro01.html,cavenro01,1959,30,4
Ron Crevier,Ron Crevier,1986,1986,C,Jul-00,235,4/14/1958,14/4/1958,1958,28,Boston College,https://www.basketball-reference.com/players/c/creviro01.html,creviro01,1958,28,0
Ron Davis,Ron Davis,1977,1982,G-F,6-Jun,198,5/1/1954,1/5/1954,1954,28,Washington State,https://www.basketball-reference.com/players/d/davisro01.html,davisro01,1954,28,5
Ron Dorsey,Ron Dorsey,1972,1972,F,4-Jun,200,10/10/1948,10/10/1948,1948,24,Tennessee State,https://www.basketball-reference.com/players/d/dorsero01.html,dorsero01,1948,24,0
Ron Feiereisel,Ron Feiereisel,1956,1956,G,3-Jun,185,8/6/1931,6/8/1931,1931,25,DePaul,https://www.basketball-reference.com/players/f/feierro01.html,feierro01,1931,25,0
Ron Filipek,Ron Filipek,1968,1968,F,5-Jun,205,2/5/1944,5/2/1944,1944,24,Tennessee Technological University,https://www.basketball-reference.com/players/f/filipro01.html,filipro01,1944,24,0
Ron Franz,Ron Franz,1968,1973,F,7-Jun,205,10/20/1945,20/10/1945,1945,28,Kansas,https://www.basketball-reference.com/players/f/franzro01.html,franzro01,1945,28,5
Ron Grandison,Ron Grandison,1989,1996,F,6-Jun,215,7/9/1964,9/7/1964,1964,32,"University of California, Irvine, New Orleans",https://www.basketball-reference.com/players/g/grandro01.html,grandro01,1964,32,7
Jeff McInnis,Jeff McInnis,1997,2008,G,4-Jun,190,10/22/1974,22/10/1974,1974,34,UNC,https://www.basketball-reference.com/players/m/mcinnje01.html,mcinnje01,1974,34,11
Ron Harper Jr.,Ron Harper Jr.,2023,2024,G-F,6-Jun,245,4/12/2000,12/4/2000,2000,24,Rutgers University,https://www.basketball-reference.com/players/h/harpero02.html,harpero02,2000,24,1
Ron Holland,Ron Holland,2025,2025,F,8-Jun,206,7/7/2005,7/7/2005,2005,20,,https://www.basketball-reference.com/players/h/hollaro01.html,hollaro01,2005,20,0
Ron Horn,Ron Horn,1962,1968,F,7-Jun,220,5/24/1938,24/5/1938,1938,30,Indiana,https://www.basketball-reference.com/players/h/hornro01.html,hornro01,1938,30,6
Ron Johnson,Ron Johnson,1961,1961,F,8-Jun,215,7/20/1938,20/7/1938,1938,23,Minnesota,https://www.basketball-reference.com/players/j/johnsro01.html,johnsro01,1938,23,0
Ron King,Ron King,1974,1974,G,4-Jun,185,7/11/1951,11/7/1951,1951,23,Florida State,https://www.basketball-reference.com/players/k/kingro01.html,kingro01,1951,23,0
Ron Knight,Ron Knight,1971,1972,F,7-Jun,215,8/4/1947,4/8/1947,1947,25,"California State University, Los Angeles",https://www.basketball-reference.com/players/k/knighro01.html,knighro01,1947,25,1
Ron Kozlicki,Ron Kozlicki,1968,1968,F,7-Jun,215,12/12/1944,12/12/1944,1944,24,Northwestern,https://www.basketball-reference.com/players/k/kozliro01.html,kozliro01,1944,24,0
Ron Lee,Ron Lee,1977,1982,G,4-Jun,193,11/2/1952,2/11/1952,1952,30,Oregon,https://www.basketball-reference.com/players/l/leero01.html,leero01,1952,30,5
Ron Livingstone,Ron Livingstone,1950,1951,C,10-Jun,220,10/9/1925,9/10/1925,1925,26,"Saint Mary's, Wyoming",https://www.basketball-reference.com/players/l/livinro01.html,livinro01,1925,26,1
Ron Mercer,Ron Mercer,1998,2005,G-F,7-Jun,210,5/18/1976,18/5/1976,1976,29,Kentucky,https://www.basketball-reference.com/players/m/mercero01.html,mercero01,1976,29,7
Ron Moore,Ron Moore,1988,1988,C,Jul-00,260,1/16/1962,16/1/1962,1962,26,"Salem University, West Virginia State University",https://www.basketball-reference.com/players/m/moorero01.html,moorero01,1962,26,0
Ron Nelson,Ron Nelson,1971,1971,G,2-Jun,175,10/7/1946,7/10/1946,1946,25,New Mexico,https://www.basketball-reference.com/players/n/nelsoro01.html,nelsoro01,1946,25,0
Ron Perry,Ron Perry,1968,1970,G,3-Jun,190,12/29/1943,29/12/1943,1943,27,Virginia Tech,https://www.basketball-reference.com/players/p/perryro01.html,perryro01,1943,27,2
Ron Reed,Ron Reed,1966,1967,F,5-Jun,205,11/2/1942,2/11/1942,1942,25,Notre Dame,https://www.basketball-reference.com/players/r/reedro01.html,reedro01,1942,25,1
Ron Riley,Ron Riley,1973,1976,F,8-Jun,195,11/11/1950,11/11/1950,1950,26,USC,https://www.basketball-reference.com/players/r/rileyro01.html,rileyro01,1950,26,3
Ron Rowan,Ron Rowan,1987,1987,G,5-Jun,200,4/23/1962,23/4/1962,1962,25,"Notre Dame, St. John's",https://www.basketball-reference.com/players/r/rowanro01.html,rowanro01,1962,25,0
Ron Sanford,Ron Sanford,1972,1972,F,9-Jun,215,6/11/1946,11/6/1946,1946,26,New Mexico,https://www.basketball-reference.com/players/s/sanforo01.html,sanforo01,1946,26,0
Ron Shavlik,Ron Shavlik,1957,1958,F,8-Jun,200,12/4/1933,4/12/1933,1933,25,NC State,https://www.basketball-reference.com/players/s/shavlro01.html,shavlro01,1933,25,1
Ron Sobie,Ron Sobie,1957,1960,G,3-Jun,185,9/21/1934,21/9/1934,1934,26,DePaul,https://www.basketball-reference.com/players/s/sobiero01.html,sobiero01,1934,26,3
Ron Taylor,Ron Taylor,1970,1972,C,1-Jul,265,11/21/1947,21/11/1947,1947,25,USC,https://www.basketball-reference.com/players/t/tayloro01.html,tayloro01,1947,25,2
Ron Thomas,Ron Thomas,1973,1976,F,6-Jun,215,11/19/1950,19/11/1950,1950,26,"Trinity Valley CC, Louisville",https://www.basketball-reference.com/players/t/thomaro01.html,thomaro01,1950,26,3
Ron Watts,Ron Watts,1966,1967,F,6-Jun,210,5/21/1943,21/5/1943,1943,24,Wake Forest,https://www.basketball-reference.com/players/w/wattsro01.html,wattsro01,1943,24,1
Ron Widby,Ron Widby,1968,1968,F,4-Jun,210,3/9/1945,9/3/1945,1945,23,Tennessee,https://www.basketball-reference.com/players/w/widbyro01.html,widbyro01,1945,23,0
Ron Williams,Ron Williams,1969,1976,G,3-Jun,188,9/24/1944,24/9/1944,1944,32,West Virginia,https://www.basketball-reference.com/players/w/williro01.html,williro01,1944,32,7
Ronald Dupree,Ronald Dupree,2004,2011,F,7-Jun,209,1/26/1981,26/1/1981,1981,30,LSU,https://www.basketball-reference.com/players/d/duprero01.html,duprero01,1981,30,7
Ronald Murray,Ronald Murray,2003,2010,G,4-Jun,190,7/29/1979,29/7/1979,1979,31,"Meridian Community College, Shaw",https://www.basketball-reference.com/players/m/murraro01.html,murraro01,1979,31,7
Rondae Hollis-Jefferson,Rondae Hollis-Jefferson,2016,2021,F,6-Jun,217,1/3/1995,3/1/1995,1995,26,Arizona,https://www.basketball-reference.com/players/h/holliro01.html,holliro01,1995,26,5
Ronnie Brewer,Ronnie Brewer,2007,2014,G-F,7-Jun,220,3/20/1985,20/3/1985,1985,29,Arkansas,https://www.basketball-reference.com/players/b/brewero02.html,brewero02,1985,29,7
Ronnie Lester,Ronnie Lester,1981,1986,G,2-Jun,175,1/1/1959,1/1/1959,1959,27,Iowa,https://www.basketball-reference.com/players/l/lestero01.html,lestero01,1959,27,5
Ronnie MacGilvray,Ronnie MacGilvray,1955,1955,G,2-Jun,185,7/20/1930,20/7/1930,1930,25,St. John's,https://www.basketball-reference.com/players/m/macgiro01.html,macgiro01,1930,25,0
Ronnie Murphy,Ronnie Murphy,1988,1988,F,5-Jun,225,7/29/1964,29/7/1964,1964,24,Jacksonville University,https://www.basketball-reference.com/players/m/murphro01.html,murphro01,1964,24,0
Jeff Mullins,Jeff Mullins,1965,1976,G-F,4-Jun,190,3/18/1942,18/3/1942,1942,34,Duke,https://www.basketball-reference.com/players/m/mullije01.html,mullije01,1942,34,11
Ronnie Robinson,Ronnie Robinson,1974,1975,F,8-Jun,200,3/9/1951,9/3/1951,1951,24,Memphis,https://www.basketball-reference.com/players/r/robinro01.html,robinro01,1951,24,1
Ronnie Valentine,Ronnie Valentine,1981,1981,F,7-Jun,210,11/27/1957,27/11/1957,1957,24,Old Dominion,https://www.basketball-reference.com/players/v/valenro01.html,valenro01,1957,24,0
Ronny Turiaf,Ronny Turiaf,2006,2015,F,10-Jun,249,1/13/1983,13/1/1983,1983,32,Gonzaga,https://www.basketball-reference.com/players/t/turiaro01.html,turiaro01,1983,32,9
Jeff Turner,Jeff Turner,1985,1996,F-C,9-Jun,230,4/9/1962,9/4/1962,1962,34,Vanderbilt,https://www.basketball-reference.com/players/t/turneje01.html,turneje01,1962,34,11
Jeremy Pargo,Jeremy Pargo,2012,2020,G,2-Jun,219,3/17/1986,17/3/1986,1986,34,Gonzaga,https://www.basketball-reference.com/players/p/pargoje01.html,pargoje01,1986,34,8
Rory White,Rory White,1983,1987,F,8-Jun,210,8/16/1959,16/8/1959,1959,28,University of South Alabama,https://www.basketball-reference.com/players/w/whitero01.html,whitero01,1959,28,4
Roshown McLeod,Roshown McLeod,1999,2001,F,8-Jun,221,11/17/1975,17/11/1975,1975,26,"St. John's, Duke",https://www.basketball-reference.com/players/m/mcleoro01.html,mcleoro01,1975,26,2
Rowland Garrett,Rowland Garrett,1973,1977,F,6-Jun,210,7/16/1950,16/7/1950,1950,27,Florida State,https://www.basketball-reference.com/players/g/garrero01.html,garrero01,1950,27,4
Roy Ebron,Roy Ebron,1974,1974,C,9-Jun,220,8/31/1951,31/8/1951,1951,23,Louisiana,https://www.basketball-reference.com/players/e/ebronro01.html,ebronro01,1951,23,0
Roy Hamilton,Roy Hamilton,1980,1981,G,2-Jun,180,7/20/1957,20/7/1957,1957,24,UCLA,https://www.basketball-reference.com/players/h/hamilro01.html,hamilro01,1957,24,1
Roy Hibbert,Roy Hibbert,2009,2017,C,2-Jul,270,12/11/1986,11/12/1986,1986,31,Georgetown,https://www.basketball-reference.com/players/h/hibbero01.html,hibbero01,1986,31,8
Roy Hinson,Roy Hinson,1984,1991,F-C,9-Jun,210,5/2/1961,2/5/1961,1961,30,Rutgers University,https://www.basketball-reference.com/players/h/hinsoro01.html,hinsoro01,1961,30,7
Roy Hurley,Roy Hurley,1947,1947,F-G,2-Jun,170,8/12/1922,12/8/1922,1922,25,Murray State,https://www.basketball-reference.com/players/h/hurlero01.html,hurlero01,1922,25,0
Roy Marble,Roy Marble,1990,1994,G-F,6-Jun,190,12/13/1966,13/12/1966,1966,28,Iowa,https://www.basketball-reference.com/players/m/marblro01.html,marblro01,1966,28,4
Roy McPipe,Roy McPipe,1975,1975,G,3-Jun,205,5/5/1950,5/5/1950,1950,25,"Montana State University, Billings",https://www.basketball-reference.com/players/m/mcpipro01.html,mcpipro01,1950,25,0
Roy Pugh,Roy Pugh,1949,1949,C-F,6-Jun,210,10/16/1922,16/10/1922,1922,27,SMU,https://www.basketball-reference.com/players/p/pughro01.html,pughro01,1922,27,0
Roy Rogers,Roy Rogers,1997,2000,F,10-Jun,235,8/19/1973,19/8/1973,1973,27,Alabama,https://www.basketball-reference.com/players/r/rogerro02.html,rogerro02,1973,27,3
Roy Tarpley,Roy Tarpley,1987,1995,C-F,11-Jun,230,11/28/1964,28/11/1964,1964,31,Michigan,https://www.basketball-reference.com/players/t/tarplro01.html,tarplro01,1964,31,8
Royal Ivey,Royal Ivey,2005,2014,G,3-Jun,200,12/20/1981,20/12/1981,1981,33,Texas,https://www.basketball-reference.com/players/i/iveyro01.html,iveyro01,1981,33,9
Royce O'Neale,Royce O'Neale,2018,2025,F,4-Jun,226,6/5/1993,5/6/1993,1993,32,"Denver, Baylor",https://www.basketball-reference.com/players/o/onealro01.html,onealro01,1993,32,7
Royce White,Royce White,2014,2014,F,8-Jun,270,4/10/1991,10/4/1991,1991,23,Iowa State,https://www.basketball-reference.com/players/w/whitero03.html,whitero03,1991,23,0
Rubén Garcés,Rubén Garcés,2001,2001,F,9-Jun,245,10/17/1973,17/10/1973,1973,28,Providence,https://www.basketball-reference.com/players/g/garceru01.html,garceru01,1973,28,0
Rubén Wolkowyski,Rubén Wolkowyski,2001,2003,F,10-Jun,270,9/30/1973,30/9/1973,1973,30,,https://www.basketball-reference.com/players/w/wolkoru01.html,wolkoru01,1973,30,2
Ruben Boumtje-Boumtje,Ruben Boumtje-Boumtje,2002,2004,C,Jul-00,257,5/20/1978,20/5/1978,1978,26,Georgetown,https://www.basketball-reference.com/players/b/boumtru01.html,boumtru01,1978,26,2
Ruben Nembhard,Ruben Nembhard,1997,1997,G,3-Jun,208,2/20/1972,20/2/1972,1972,25,Weber State,https://www.basketball-reference.com/players/n/nembhru01.html,nembhru01,1972,25,0
Ruben Patterson,Ruben Patterson,1999,2008,F,5-Jun,224,7/31/1975,31/7/1975,1975,33,Cincinnati,https://www.basketball-reference.com/players/p/patteru01.html,patteru01,1975,33,9
Rubin Russell,Rubin Russell,1968,1968,G,2-Jun,180,11/7/1944,7/11/1944,1944,24,"Labette Community College, University of North Texas",https://www.basketball-reference.com/players/r/russeru01.html,russeru01,1944,24,0
Rudy Fernández,Rudy Fernández,2009,2012,G,6-Jun,185,4/4/1985,4/4/1985,1985,27,,https://www.basketball-reference.com/players/f/fernaru01.html,fernaru01,1985,27,3
Jerome James,Jerome James,1999,2009,C,Jul-00,300,11/17/1975,17/11/1975,1975,34,Florida A&M,https://www.basketball-reference.com/players/j/jamesje01.html,jamesje01,1975,34,10
Rudy Gobert,Rudy Gobert,2014,2025,C,1-Jul,258,6/26/1992,26/6/1992,1992,33,,https://www.basketball-reference.com/players/g/goberru01.html,goberru01,1992,33,11
Rudy Hackett,Rudy Hackett,1976,1977,F,9-Jun,210,5/10/1953,10/5/1953,1953,24,Syracuse,https://www.basketball-reference.com/players/h/hackeru01.html,hackeru01,1953,24,1
Rudy LaRusso,Rudy LaRusso,1960,1969,F-C,7-Jun,220,11/11/1937,11/11/1937,1937,32,Dartmouth College,https://www.basketball-reference.com/players/l/larusru01.html,larusru01,1937,32,9
Rudy Macklin,Rudy Macklin,1982,1984,F-G,7-Jun,205,2/19/1958,19/2/1958,1958,26,LSU,https://www.basketball-reference.com/players/m/macklru01.html,macklru01,1958,26,2
Rudy Tomjanovich*,Rudy Tomjanovich,1971,1981,F,8-Jun,218,11/24/1948,24/11/1948,1948,33,Michigan,https://www.basketball-reference.com/players/t/tomjaru01.html,tomjaru01,1948,33,10
Rudy White,Rudy White,1976,1981,G,2-Jun,195,6/23/1953,23/6/1953,1953,28,Arizona State,https://www.basketball-reference.com/players/w/whiteru01.html,whiteru01,1953,28,5
Rui Hachimura,Rui Hachimura,2020,2025,F,8-Jun,230,2/8/1998,8/2/1998,1998,27,Gonzaga,https://www.basketball-reference.com/players/h/hachiru01.html,hachiru01,1998,27,5
Rumeal Robinson,Rumeal Robinson,1991,1997,G,2-Jun,195,11/13/1966,13/11/1966,1966,31,Michigan,https://www.basketball-reference.com/players/r/robinru01.html,robinru01,1966,31,6
Russ Critchfield,Russ Critchfield,1969,1969,G,10-May,150,6/27/1946,27/6/1946,1946,23,California,https://www.basketball-reference.com/players/c/critcru01.html,critcru01,1946,23,0
Russ Lee,Russ Lee,1973,1975,G-F,5-Jun,185,1/27/1950,27/1/1950,1950,25,Marshall,https://www.basketball-reference.com/players/l/leeru01.html,leeru01,1950,25,2
Russ Schoene,Russ Schoene,1983,1989,F-C,10-Jun,210,4/16/1960,16/4/1960,1960,29,Chattanooga,https://www.basketball-reference.com/players/s/schoeru01.html,schoeru01,1960,29,6
Russ Smith,Russ Smith,2015,2016,G,Jun-00,165,4/19/1991,19/4/1991,1991,25,Louisville,https://www.basketball-reference.com/players/s/smithru01.html,smithru01,1991,25,1
Russell Cross,Russell Cross,1984,1984,C,10-Jun,215,9/5/1961,5/9/1961,1961,23,Purdue,https://www.basketball-reference.com/players/c/crossru01.html,crossru01,1961,23,0
Jerry Lucas*,Jerry Lucas,1964,1974,F-C,8-Jun,230,3/30/1940,30/3/1940,1940,34,Ohio State,https://www.basketball-reference.com/players/l/lucasje01.html,lucasje01,1940,34,10
Rusty LaRue,Rusty LaRue,1998,2004,G,2-Jun,210,12/10/1973,10/12/1973,1973,31,Wake Forest,https://www.basketball-reference.com/players/l/larueru01.html,larueru01,1973,31,6
Ryan Anderson,Ryan Anderson,2009,2020,F,9-Jun,240,5/6/1988,6/5/1988,1988,32,California,https://www.basketball-reference.com/players/a/anderry01.html,anderry01,1988,32,11
Ryan Arcidiacono,Ryan Arcidiacono,2018,2024,G,3-Jun,195,3/26/1994,26/3/1994,1994,30,Villanova,https://www.basketball-reference.com/players/a/arcidry01.html,arcidry01,1994,30,6
Jerry Reynolds,Jerry Reynolds,1986,1996,G-F,8-Jun,200,12/23/1962,23/12/1962,1962,34,LSU,https://www.basketball-reference.com/players/r/reynoje01.html,reynoje01,1962,34,10
Ryan Broekhoff,Ryan Broekhoff,2019,2020,F,6-Jun,215,8/23/1990,23/8/1990,1990,30,Valparaiso,https://www.basketball-reference.com/players/b/broekry01.html,broekry01,1990,30,1
Ryan Dunn,Ryan Dunn,2025,2025,F,6-Jun,216,1/7/2003,7/1/2003,2003,22,Virginia,https://www.basketball-reference.com/players/d/dunnry01.html,dunnry01,2003,22,0
Ryan Gomes,Ryan Gomes,2006,2014,F,7-Jun,250,9/1/1982,1/9/1982,1982,32,Providence,https://www.basketball-reference.com/players/g/gomesry01.html,gomesry01,1982,32,8
Ryan Hollins,Ryan Hollins,2007,2016,C,Jul-00,240,10/10/1984,10/10/1984,1984,32,UCLA,https://www.basketball-reference.com/players/h/holliry01.html,holliry01,1984,32,9
Ryan Humphrey,Ryan Humphrey,2003,2005,F,8-Jun,235,7/24/1979,24/7/1979,1979,26,"Oklahoma, Notre Dame",https://www.basketball-reference.com/players/h/humphry01.html,humphry01,1979,26,2
Ryan Kelly,Ryan Kelly,2014,2017,F,11-Jun,230,4/9/1991,9/4/1991,1991,26,Duke,https://www.basketball-reference.com/players/k/kellyry01.html,kellyry01,1991,26,3
Ryan Lorthridge,Ryan Lorthridge,1995,1995,G,4-Jun,190,7/27/1972,27/7/1972,1972,23,Jackson State University,https://www.basketball-reference.com/players/l/lorthry01.html,lorthry01,1972,23,0
Ryan Reid,Ryan Reid,2012,2012,F,8-Jun,232,10/30/1986,30/10/1986,1986,26,Florida State,https://www.basketball-reference.com/players/r/reidry01.html,reidry01,1986,26,0
Ryan Robertson,Ryan Robertson,2000,2000,G,5-Jun,190,10/2/1976,2/10/1976,1976,24,Kansas,https://www.basketball-reference.com/players/r/roberry01.html,roberry01,1976,24,0
Ryan Rollins,Ryan Rollins,2023,2025,G,4-Jun,180,7/3/2002,3/7/2002,2002,23,Toledo,https://www.basketball-reference.com/players/r/rolliry01.html,rolliry01,2002,23,2
Ryan Stack,Ryan Stack,1999,2000,F,11-Jun,215,7/24/1975,24/7/1975,1975,25,South Carolina,https://www.basketball-reference.com/players/s/stackry01.html,stackry01,1975,25,1
Saben Lee,Saben Lee,2021,2024,G,2-Jun,183,6/23/1999,23/6/1999,1999,25,Vanderbilt,https://www.basketball-reference.com/players/l/leesa01.html,leesa01,1999,25,3
Saddiq Bey,Saddiq Bey,2021,2024,F,7-Jun,215,4/9/1999,9/4/1999,1999,25,Villanova,https://www.basketball-reference.com/players/b/beysa01.html,beysa01,1999,25,3
Salah Mejri,Salah Mejri,2016,2019,C,2-Jul,235,6/15/1986,15/6/1986,1986,33,,https://www.basketball-reference.com/players/m/mejrisa01.html,mejrisa01,1986,33,3
Salim Stoudamire,Salim Stoudamire,2006,2008,G,1-Jun,179,10/11/1982,11/10/1982,1982,26,Arizona,https://www.basketball-reference.com/players/s/stoudsa01.html,stoudsa01,1982,26,2
Jerry Sichting,Jerry Sichting,1981,1990,G,1-Jun,168,11/29/1956,29/11/1956,1956,34,Purdue,https://www.basketball-reference.com/players/s/sichtje01.html,sichtje01,1956,34,9
Sam Cash,Sam Cash,1973,1973,F,8-Jun,230,11/13/1950,13/11/1950,1950,23,"San Bernardino Valley College, University of California, Riverside",https://www.basketball-reference.com/players/c/cashsa01.html,cashsa01,1950,23,0
Jerry Sloan*,Jerry Sloan,1966,1976,G-F,5-Jun,195,3/28/1942,28/3/1942,1942,34,University of Evansville,https://www.basketball-reference.com/players/s/sloanje01.html,sloanje01,1942,34,10
Sam Dekker,Sam Dekker,2016,2022,F,9-Jun,230,5/6/1994,6/5/1994,1994,28,Wisconsin,https://www.basketball-reference.com/players/d/dekkesa01.html,dekkesa01,1994,28,6
Sam Hauser,Sam Hauser,2022,2025,F,8-Jun,215,12/8/1997,8/12/1997,1997,28,"Marquette, Virginia",https://www.basketball-reference.com/players/h/hausesa01.html,hausesa01,1997,28,3
Sam Jacobson,Sam Jacobson,1999,2001,G-F,4-Jun,215,7/22/1975,22/7/1975,1975,26,Minnesota,https://www.basketball-reference.com/players/j/jacobsa01.html,jacobsa01,1975,26,2
Jim Davis,Jim Davis,1968,1975,C-F,9-Jun,225,12/18/1941,18/12/1941,1941,34,Colorado,https://www.basketball-reference.com/players/d/davisji01.html,davisji01,1941,34,7
Jim Fox,Jim Fox,1968,1977,C-F,10-Jun,230,4/7/1943,7/4/1943,1943,34,South Carolina,https://www.basketball-reference.com/players/f/foxji01.html,foxji01,1943,34,9
Sam Mack,Sam Mack,1993,2002,F-G,7-Jun,220,5/26/1970,26/5/1970,1970,32,"Iowa State, Tyler Junior College, Houston",https://www.basketball-reference.com/players/m/macksa01.html,macksa01,1970,32,9
Sam Merrill,Sam Merrill,2021,2025,G,4-Jun,205,5/15/1996,15/5/1996,1996,29,Utah State University,https://www.basketball-reference.com/players/m/merrisa01.html,merrisa01,1996,29,4
Jim Loscutoff,Jim Loscutoff,1956,1964,F,5-Jun,220,2/4/1930,4/2/1930,1930,34,Oregon,https://www.basketball-reference.com/players/l/loscuji01.html,loscuji01,1930,34,8
Sam Pellom,Sam Pellom,1980,1983,F-C,9-Jun,225,10/2/1951,2/10/1951,1951,32,Buffalo,https://www.basketball-reference.com/players/p/pellosa01.html,pellosa01,1951,32,3
Joe Caldwell,Joe Caldwell,1965,1975,F-G,5-Jun,195,11/1/1941,1/11/1941,1941,34,Arizona State,https://www.basketball-reference.com/players/c/caldwjo01.html,caldwjo01,1941,34,10
Sam Ranzino,Sam Ranzino,1952,1952,G,1-Jun,185,6/23/1928,23/6/1928,1928,24,NC State,https://www.basketball-reference.com/players/r/ranzisa01.html,ranzisa01,1928,24,0
Sam Robinson,Sam Robinson,1971,1972,F,7-Jun,190,1/1/1948,1/1/1948,1948,24,"Pasadena City College, Cal State Long Beach",https://www.basketball-reference.com/players/r/robinsa01.html,robinsa01,1948,24,1
Sam Sibert,Sam Sibert,1973,1973,F,7-Jun,215,2/11/1949,11/2/1949,1949,24,Kentucky State University,https://www.basketball-reference.com/players/s/sibersa01.html,sibersa01,1949,24,0
Sam Smith,Sam Smith,1979,1980,G,4-Jun,200,1/8/1955,8/1/1955,1955,25,UNLV,https://www.basketball-reference.com/players/s/smithsa02.html,smithsa02,1955,25,1
Sam Smith,Sam Smith,1968,1971,F,7-Jun,230,1/27/1944,27/1/1944,1944,27,"Louisville, Kentucky Wesleyan College",https://www.basketball-reference.com/players/s/smithsa01.html,smithsa01,1944,27,3
Sam Stith,Sam Stith,1962,1962,G,2-Jun,185,7/22/1937,22/7/1937,1937,25,St. Bonaventure,https://www.basketball-reference.com/players/s/stithsa01.html,stithsa01,1937,25,0
Sam Vincent,Sam Vincent,1986,1992,G,2-Jun,185,5/18/1963,18/5/1963,1963,29,Michigan State,https://www.basketball-reference.com/players/v/vincesa01.html,vincesa01,1963,29,6
Sam Watts,Sam Watts,1971,1971,G,3-Jun,185,3/14/1948,14/3/1948,1948,23,"Florida A&M, University of Great Falls",https://www.basketball-reference.com/players/w/wattssa01.html,wattssa01,1948,23,0
Sam Williams,Sam Williams,1969,1970,G,3-Jun,180,1/22/1945,22/1/1945,1945,25,Iowa,https://www.basketball-reference.com/players/w/willisa01.html,willisa01,1945,25,1
Sam Williams,Sam Williams,1982,1985,F,8-Jun,210,3/7/1959,7/3/1959,1959,26,Arizona State,https://www.basketball-reference.com/players/w/willisa02.html,willisa02,1959,26,3
Sam Worthen,Sam Worthen,1981,1982,G,5-Jun,195,1/17/1958,17/1/1958,1958,24,Marquette,https://www.basketball-reference.com/players/w/worthsa01.html,worthsa01,1958,24,1
Sam Young,Sam Young,2010,2013,F,6-Jun,220,6/1/1985,1/6/1985,1985,28,Pitt,https://www.basketball-reference.com/players/y/youngsa01.html,youngsa01,1985,28,3
Samaki Walker,Samaki Walker,1997,2006,F,9-Jun,240,2/25/1976,25/2/1976,1976,30,Louisville,https://www.basketball-reference.com/players/w/walkesa01.html,walkesa01,1976,30,9
Samardo Samuels,Samardo Samuels,2011,2013,F,9-Jun,260,1/9/1989,9/1/1989,1989,24,Louisville,https://www.basketball-reference.com/players/s/samuesa01.html,samuesa01,1989,24,2
Sammy Little,Sammy Little,1970,1970,G,Jun-00,180,3/29/1946,29/3/1946,1946,24,Delta State University,https://www.basketball-reference.com/players/l/littlsa01.html,littlsa01,1946,24,0
Joel Przybilla,Joel Przybilla,2001,2013,C,1-Jul,255,10/10/1979,10/10/1979,1979,34,Minnesota,https://www.basketball-reference.com/players/p/przybjo01.html,przybjo01,1979,34,12
Sandro Mamukelashvili,Sandro Mamukelashvili,2022,2025,C-F,11-Jun,240,5/23/1999,23/5/1999,1999,26,Seton Hall,https://www.basketball-reference.com/players/m/mamuksa01.html,mamuksa01,1999,26,3
Santi Aldama,Santi Aldama,2022,2025,F,11-Jun,224,1/10/2001,10/1/2001,2001,24,Loyola (MD),https://www.basketball-reference.com/players/a/aldamsa01.html,aldamsa01,2001,24,3
Sasha Danilović,Sasha Danilović,1996,1997,G,5-Jun,200,2/26/1970,26/2/1970,1970,27,,https://www.basketball-reference.com/players/d/danilsa01.html,danilsa01,1970,27,1
Sasha Kaun,Sasha Kaun,2016,2016,C,11-Jun,260,5/8/1985,8/5/1985,1985,31,Kansas,https://www.basketball-reference.com/players/k/kaunsa01.html,kaunsa01,1985,31,0
Sasha Pavlović,Sasha Pavlović,2004,2013,G-F,8-Jun,220,11/15/1983,15/11/1983,1983,30,,https://www.basketball-reference.com/players/p/pavloal01.html,pavloal01,1983,30,9
Sasha Vezenkov,Sasha Vezenkov,2024,2024,F,9-Jun,225,8/6/1995,6/8/1995,1995,29,,https://www.basketball-reference.com/players/v/vezenal01.html,vezenal01,1995,29,0
Sasha Vujačić,Sasha Vujačić,2005,2017,G,7-Jun,195,3/8/1984,8/3/1984,1984,33,,https://www.basketball-reference.com/players/v/vujacsa01.html,vujacsa01,1984,33,12
Saul Mariaschin,Saul Mariaschin,1948,1948,G,11-May,165,9/1/1924,1/9/1924,1924,24,Harvard University,https://www.basketball-reference.com/players/m/mariasa01.html,mariasa01,1924,24,0
Scoot Henderson,Scoot Henderson,2024,2025,G,3-Jun,202,2/3/2004,3/2/2004,2004,21,,https://www.basketball-reference.com/players/h/hendesc01.html,hendesc01,2004,21,1
Scooter McCray,Scooter McCray,1984,1987,F-G,9-Jun,215,2/8/1960,8/2/1960,1960,27,Louisville,https://www.basketball-reference.com/players/m/mccrasc01.html,mccrasc01,1960,27,3
Scot Pollard,Scot Pollard,1998,2008,C,11-Jun,265,2/12/1975,12/2/1975,1975,33,Kansas,https://www.basketball-reference.com/players/p/pollasc01.html,pollasc01,1975,33,10
Scott Brooks,Scott Brooks,1989,1998,G,11-May,165,7/31/1965,31/7/1965,1965,33,"TCU, University of California, Irvine",https://www.basketball-reference.com/players/b/brooksc01.html,brooksc01,1965,33,9
Scott Burrell,Scott Burrell,1994,2001,G-F,7-Jun,218,1/12/1971,12/1/1971,1971,30,UConn,https://www.basketball-reference.com/players/b/burresc01.html,burresc01,1971,30,7
Scott English,Scott English,1973,1975,F,6-Jun,205,10/20/1950,20/10/1950,1950,25,Texas-El Paso,https://www.basketball-reference.com/players/e/englisc01.html,englisc01,1950,25,2
Scott Haffner,Scott Haffner,1990,1991,G,3-Jun,180,2/2/1966,2/2/1966,1966,25,"Illinois, University of Evansville",https://www.basketball-reference.com/players/h/haffnsc01.html,haffnsc01,1966,25,1
Scott Haskin,Scott Haskin,1994,1994,C-F,11-Jun,250,9/19/1970,19/9/1970,1970,24,Oregon State,https://www.basketball-reference.com/players/h/haskisc01.html,haskisc01,1970,24,0
Scott Hastings,Scott Hastings,1983,1993,F-C,10-Jun,235,6/3/1960,3/6/1960,1960,33,Arkansas,https://www.basketball-reference.com/players/h/hastisc01.html,hastisc01,1960,33,10
Scott Lloyd,Scott Lloyd,1977,1983,C-F,10-Jun,230,12/19/1952,19/12/1952,1952,31,Arizona State,https://www.basketball-reference.com/players/l/lloydsc01.html,lloydsc01,1952,31,6
Scott Machado,Scott Machado,2013,2019,G,1-Jun,205,6/8/1990,8/6/1990,1990,29,Iona College,https://www.basketball-reference.com/players/m/machasc01.html,machasc01,1990,29,6
Scott May,Scott May,1977,1983,F,7-Jun,215,3/19/1954,19/3/1954,1954,29,Indiana,https://www.basketball-reference.com/players/m/maysc01.html,maysc01,1954,29,6
Scott Meents,Scott Meents,1990,1991,F,10-Jun,225,1/4/1964,4/1/1964,1964,27,Illinois,https://www.basketball-reference.com/players/m/meentsc01.html,meentsc01,1964,27,1
Scott Padgett,Scott Padgett,2000,2007,F,9-Jun,240,4/19/1976,19/4/1976,1976,31,Kentucky,https://www.basketball-reference.com/players/p/padgesc01.html,padgesc01,1976,31,7
Scott Roth,Scott Roth,1988,1990,F,8-Jun,212,6/3/1963,3/6/1963,1963,27,Wisconsin,https://www.basketball-reference.com/players/r/rothsc01.html,rothsc01,1963,27,2
Scott Sims,Scott Sims,1978,1978,G,1-Jun,170,4/18/1955,18/4/1955,1955,23,Missouri,https://www.basketball-reference.com/players/s/simssc01.html,simssc01,1955,23,0
Scott Skiles,Scott Skiles,1987,1996,G,1-Jun,180,3/5/1964,5/3/1964,1964,32,Michigan State,https://www.basketball-reference.com/players/s/skilesc01.html,skilesc01,1964,32,9
John Bagley,John Bagley,1983,1994,G,Jun-00,185,4/23/1960,23/4/1960,1960,34,Boston College,https://www.basketball-reference.com/players/b/baglejo01.html,baglejo01,1960,34,11
John Barnhill,John Barnhill,1963,1972,G,1-Jun,180,3/20/1938,20/3/1938,1938,34,Tennessee State,https://www.basketball-reference.com/players/b/barnhjo01.html,barnhjo01,1938,34,9
Scottie Barnes,Scottie Barnes,2022,2025,G-F,7-Jun,227,8/1/2001,1/8/2001,2001,24,Florida State,https://www.basketball-reference.com/players/b/barnesc01.html,barnesc01,2001,24,3
Scottie Lewis,Scottie Lewis,2022,2022,G,5-Jun,189,3/12/2000,12/3/2000,2000,22,Florida,https://www.basketball-reference.com/players/l/lewissc01.html,lewissc01,2000,22,0
John Crotty,John Crotty,1993,2003,G,1-Jun,185,7/15/1969,15/7/1969,1969,34,Virginia,https://www.basketball-reference.com/players/c/crottjo01.html,crottjo01,1969,34,10
Scotty Hopson,Scotty Hopson,2014,2022,G,7-Jun,204,8/8/1989,8/8/1989,1989,33,Tennessee,https://www.basketball-reference.com/players/h/hopsosc01.html,hopsosc01,1989,33,8
Scotty Pippen Jr.,Scotty Pippen Jr.,2023,2025,G,1-Jun,185,11/10/2000,10/11/2000,2000,25,Vanderbilt,https://www.basketball-reference.com/players/p/pippesc02.html,pippesc02,2000,25,2
Sean Colson,Sean Colson,2001,2001,G,Jun-00,175,7/1/1975,1/7/1975,1975,26,"Rhode Island, UNC Charlotte",https://www.basketball-reference.com/players/c/colsose01.html,colsose01,1975,26,0
Sean Elliott,Sean Elliott,1990,2001,F,8-Jun,205,2/2/1968,2/2/1968,1968,33,Arizona,https://www.basketball-reference.com/players/e/elliose01.html,elliose01,1968,33,11
Sean Green,Sean Green,1992,1994,G-F,5-Jun,210,2/2/1970,2/2/1970,1970,24,"NC State, Iona College",https://www.basketball-reference.com/players/g/greense01.html,greense01,1970,24,2
Sean Higgins,Sean Higgins,1991,1998,G-F,9-Jun,205,12/30/1968,30/12/1968,1968,30,Michigan,https://www.basketball-reference.com/players/h/higgise01.html,higgise01,1968,30,7
Sean Kilpatrick,Sean Kilpatrick,2015,2018,G,4-Jun,210,1/6/1990,6/1/1990,1990,28,Cincinnati,https://www.basketball-reference.com/players/k/kilpase01.html,kilpase01,1990,28,3
Sean Lampley,Sean Lampley,2003,2004,F,7-Jun,227,9/3/1979,3/9/1979,1979,25,California,https://www.basketball-reference.com/players/l/lamplse01.html,lamplse01,1979,25,1
John Paxson,John Paxson,1984,1994,G,2-Jun,185,9/29/1960,29/9/1960,1960,34,Notre Dame,https://www.basketball-reference.com/players/p/paxsojo01.html,paxsojo01,1960,34,10
Sean May,Sean May,2006,2010,F-C,9-Jun,266,4/4/1984,4/4/1984,1984,26,UNC,https://www.basketball-reference.com/players/m/mayse01.html,mayse01,1984,26,4
Sean McDermott,Sean McDermott,2021,2021,F,6-Jun,195,11/3/1996,3/11/1996,1996,25,Butler,https://www.basketball-reference.com/players/m/mcderse01.html,mcderse01,1996,25,0
John Tresvant,John Tresvant,1965,1973,F-C,7-Jun,215,11/6/1939,6/11/1939,1939,34,Seattle University,https://www.basketball-reference.com/players/t/tresvjo01.html,tresvjo01,1939,34,8
Sean Singletary,Sean Singletary,2009,2009,G,Jun-00,185,9/6/1985,6/9/1985,1985,24,Virginia,https://www.basketball-reference.com/players/s/singlse01.html,singlse01,1985,24,0
Sean Williams,Sean Williams,2008,2012,C-F,10-Jun,235,9/13/1986,13/9/1986,1986,26,Boston College,https://www.basketball-reference.com/players/w/willise01.html,willise01,1986,26,4
Sebastian Telfair,Sebastian Telfair,2005,2015,G,Jun-00,165,6/9/1985,9/6/1985,1985,30,,https://www.basketball-reference.com/players/t/telfase01.html,telfase01,1985,30,10
Jud Buechler,Jud Buechler,1991,2002,F-G,6-Jun,220,6/19/1968,19/6/1968,1968,34,Arizona,https://www.basketball-reference.com/players/b/buechju01.html,buechju01,1968,34,11
Sedric Toney,Sedric Toney,1986,1994,G,2-Jun,178,4/13/1962,13/4/1962,1962,32,Dayton,https://www.basketball-reference.com/players/t/toneyse01.html,toneyse01,1962,32,8
Sekou Doumbouya,Sekou Doumbouya,2020,2022,F,8-Jun,230,12/23/2000,23/12/2000,2000,22,,https://www.basketball-reference.com/players/d/doumbse01.html,doumbse01,2000,22,2
Semaj Christon,Semaj Christon,2017,2017,G,3-Jun,190,11/1/1992,1/11/1992,1992,25,Xavier,https://www.basketball-reference.com/players/c/chrisse01.html,chrisse01,1992,25,0
Semi Ojeleye,Semi Ojeleye,2018,2022,F,6-Jun,240,12/5/1994,5/12/1994,1994,28,"Duke, SMU",https://www.basketball-reference.com/players/o/ojelese01.html,ojelese01,1994,28,4
Semih Erden,Semih Erden,2011,2012,C,Jul-00,240,7/28/1986,28/7/1986,1986,26,,https://www.basketball-reference.com/players/e/erdense01.html,erdense01,1986,26,1
Junior Bridgeman,Junior Bridgeman,1976,1987,F-G,5-Jun,210,9/17/1953,17/9/1953,1953,34,Louisville,https://www.basketball-reference.com/players/b/bridgju01.html,bridgju01,1953,34,11
Sergei Bazarevich,Sergei Bazarevich,1995,1995,G,2-Jun,168,3/16/1965,16/3/1965,1965,30,,https://www.basketball-reference.com/players/b/bazarse01.html,bazarse01,1965,30,0
Sergei Monia,Sergei Monia,2006,2006,F,8-Jun,220,4/15/1983,15/4/1983,1983,23,,https://www.basketball-reference.com/players/m/moniase01.html,moniase01,1983,23,0
Sergey Karasev,Sergey Karasev,2014,2016,G-F,7-Jun,208,10/26/1993,26/10/1993,1993,23,,https://www.basketball-reference.com/players/k/karasse01.html,karasse01,1993,23,2
Sergio Rodríguez,Sergio Rodríguez,2007,2017,G,3-Jun,176,6/12/1986,12/6/1986,1986,31,,https://www.basketball-reference.com/players/r/rodrise01.html,rodrise01,1986,31,10
Kawhi Leonard,Kawhi Leonard,2012,2025,F,7-Jun,225,6/29/1991,29/6/1991,1991,34,San Diego State,https://www.basketball-reference.com/players/l/leonaka01.html,leonaka01,1991,34,13
Seth Lundy,Seth Lundy,2024,2024,G-F,6-Jun,220,4/2/2000,2/4/2000,2000,24,Penn State,https://www.basketball-reference.com/players/l/lundyse01.html,lundyse01,2000,24,0
Shabazz Muhammad,Shabazz Muhammad,2014,2018,F-G,6-Jun,223,11/13/1992,13/11/1992,1992,26,UCLA,https://www.basketball-reference.com/players/m/muhamsh01.html,muhamsh01,1992,26,4
Shabazz Napier,Shabazz Napier,2015,2020,G,Jun-00,175,7/14/1991,14/7/1991,1991,29,UConn,https://www.basketball-reference.com/players/n/napiesh01.html,napiesh01,1991,29,5
Shaedon Sharpe,Shaedon Sharpe,2023,2025,G,6-Jun,200,5/30/2003,30/5/2003,2003,22,Kentucky,https://www.basketball-reference.com/players/s/sharpsh01.html,sharpsh01,2003,22,2
Shai Gilgeous-Alexander,Shai Gilgeous-Alexander,2019,2025,G,6-Jun,200,7/12/1998,12/7/1998,1998,27,Kentucky,https://www.basketball-reference.com/players/g/gilgesh01.html,gilgesh01,1998,27,6
Shake Milton,Shake Milton,2019,2025,G,5-Jun,205,9/26/1996,26/9/1996,1996,29,SMU,https://www.basketball-reference.com/players/m/miltosh01.html,miltosh01,1996,29,6
Shaler Halimon,Shaler Halimon,1969,1973,G-F,5-Jun,199,3/30/1945,30/3/1945,1945,28,"Imperial Valley College, Utah State University",https://www.basketball-reference.com/players/h/halimsh01.html,halimsh01,1945,28,4
Shammond Williams,Shammond Williams,1999,2007,G,1-Jun,201,4/5/1975,5/4/1975,1975,32,UNC,https://www.basketball-reference.com/players/w/willish01.html,willish01,1975,32,8
Shamorie Ponds,Shamorie Ponds,2020,2020,G,Jun-00,180,6/29/1998,29/6/1998,1998,22,St. John's,https://www.basketball-reference.com/players/p/pondssh01.html,pondssh01,1998,22,0
Shandon Anderson,Shandon Anderson,1997,2006,F-G,6-Jun,208,12/31/1973,31/12/1973,1973,33,Georgia,https://www.basketball-reference.com/players/a/andersh01.html,andersh01,1973,33,9
Keith Bogans,Keith Bogans,2004,2014,G-F,5-Jun,215,5/12/1980,12/5/1980,1980,34,Kentucky,https://www.basketball-reference.com/players/b/boganke01.html,boganke01,1980,34,10
Shane Edwards,Shane Edwards,2014,2014,F,7-Jun,220,5/31/1987,31/5/1987,1987,27,Little Rock,https://www.basketball-reference.com/players/e/edwarsh01.html,edwarsh01,1987,27,0
Kelly Olynyk,Kelly Olynyk,2014,2025,C-F,11-Jun,240,4/19/1991,19/4/1991,1991,34,Gonzaga,https://www.basketball-reference.com/players/o/olynyke01.html,olynyke01,1991,34,11
Shane Larkin,Shane Larkin,2014,2018,G,11-May,175,10/2/1992,2/10/1992,1992,26,Miami (FL),https://www.basketball-reference.com/players/l/larkish01.html,larkish01,1992,26,4
Shannon Brown,Shannon Brown,2007,2015,G,4-Jun,205,11/29/1985,29/11/1985,1985,30,Michigan State,https://www.basketball-reference.com/players/b/brownsh01.html,brownsh01,1985,30,8
Shaq Buchanan,Shaq Buchanan,2022,2022,G,3-Jun,190,1/30/1997,30/1/1997,1997,25,"Northeast Mississippi Community College, Murray State",https://www.basketball-reference.com/players/b/buchash01.html,buchash01,1997,25,0
Shaquille Harrison,Shaquille Harrison,2018,2024,G,4-Jun,190,10/6/1993,6/10/1993,1993,31,Tulsa,https://www.basketball-reference.com/players/h/harrish01.html,harrish01,1993,31,6
Kendrick Perkins,Kendrick Perkins,2004,2018,C,10-Jun,270,11/10/1984,10/11/1984,1984,34,,https://www.basketball-reference.com/players/p/perkike01.html,perkike01,1984,34,14
Shareef Abdur-Rahim,Shareef Abdur-Rahim,1997,2008,F,9-Jun,225,12/11/1976,11/12/1976,1976,32,California,https://www.basketball-reference.com/players/a/abdursh01.html,abdursh01,1976,32,11
Sharife Cooper,Sharife Cooper,2022,2022,G,1-Jun,180,6/11/2001,11/6/2001,2001,21,Auburn,https://www.basketball-reference.com/players/c/coopesh01.html,coopesh01,2001,21,0
Sharone Wright,Sharone Wright,1995,1998,F-C,11-Jun,260,1/30/1973,30/1/1973,1973,25,Clemson,https://www.basketball-reference.com/players/w/wrighsh01.html,wrighsh01,1973,25,3
Sharrod Ford,Sharrod Ford,2006,2006,F,9-Jun,225,1/9/1982,9/1/1982,1982,24,Clemson,https://www.basketball-reference.com/players/f/fordsh02.html,fordsh02,1982,24,0
Kent Benson,Kent Benson,1978,1988,C,10-Jun,235,12/27/1954,27/12/1954,1954,34,Indiana,https://www.basketball-reference.com/players/b/bensoke01.html,bensoke01,1954,34,10
Shavlik Randolph,Shavlik Randolph,2006,2015,F,10-Jun,240,11/24/1983,24/11/1983,1983,32,Duke,https://www.basketball-reference.com/players/r/randosh01.html,randosh01,1983,32,9
Shawn Bradley,Shawn Bradley,1994,2005,C,6-Jul,235,3/22/1972,22/3/1972,1972,33,BYU,https://www.basketball-reference.com/players/b/bradlsh01.html,bradlsh01,1972,33,11
Kevin Johnson,Kevin Johnson,1988,2000,G,1-Jun,180,3/4/1966,4/3/1966,1966,34,California,https://www.basketball-reference.com/players/j/johnske02.html,johnske02,1966,34,12
Shawn Long,Shawn Long,2017,2017,C-F,9-Jun,255,1/29/1993,29/1/1993,1993,24,Louisiana,https://www.basketball-reference.com/players/l/longsh01.html,longsh01,1993,24,0
Khris Middleton,Khris Middleton,2013,2025,F-G,7-Jun,222,8/12/1991,12/8/1991,1991,34,Texas A&M,https://www.basketball-reference.com/players/m/middlkh01.html,middlkh01,1991,34,12
Shawn Respert,Shawn Respert,1996,1999,G,1-Jun,195,2/6/1972,6/2/1972,1972,27,Michigan State,https://www.basketball-reference.com/players/r/respesh01.html,respesh01,1972,27,3
Shawne Williams,Shawne Williams,2007,2015,F,9-Jun,225,2/16/1986,16/2/1986,1986,29,Memphis,https://www.basketball-reference.com/players/w/willish03.html,willish03,1986,29,8
Shawnelle Scott,Shawnelle Scott,1997,2002,C,10-Jun,250,6/16/1972,16/6/1972,1972,30,St. John's,https://www.basketball-reference.com/players/s/scottsh01.html,scottsh01,1972,30,5
Shayne Whittington,Shayne Whittington,2015,2016,F-C,11-Jun,250,3/27/1991,27/3/1991,1991,25,Western Michigan,https://www.basketball-reference.com/players/w/whittsh01.html,whittsh01,1991,25,1
Shea Seals,Shea Seals,1998,1998,G,5-Jun,210,8/26/1975,26/8/1975,1975,23,Tulsa,https://www.basketball-reference.com/players/s/sealssh01.html,sealssh01,1975,23,0
Shelden Williams,Shelden Williams,2007,2012,F,9-Jun,250,10/21/1983,21/10/1983,1983,29,Duke,https://www.basketball-reference.com/players/w/willish02.html,willish02,1983,29,5
Sheldon Mac,Sheldon Mac,2017,2017,G,5-Jun,200,12/21/1992,21/12/1992,1992,25,"Texas, Miami (FL)",https://www.basketball-reference.com/players/m/mcclesh01.html,mcclesh01,1992,25,0
Shellie McMillon,Shellie McMillon,1959,1962,F,5-Jun,205,3/11/1936,11/3/1936,1936,26,Bradley,https://www.basketball-reference.com/players/m/mcmilsh01.html,mcmilsh01,1936,26,3
Shelton Jones,Shelton Jones,1989,1989,F,9-Jun,210,4/6/1966,6/4/1966,1966,23,St. John's,https://www.basketball-reference.com/players/j/jonessh01.html,jonessh01,1966,23,0
Shelvin Mack,Shelvin Mack,2012,2019,G,3-Jun,203,4/22/1990,22/4/1990,1990,29,Butler,https://www.basketball-reference.com/players/m/macksh01.html,macksh01,1990,29,7
Sherell Ford,Sherell Ford,1996,1996,F,7-Jun,210,8/26/1972,26/8/1972,1972,24,University of Illinois at Chicago,https://www.basketball-reference.com/players/f/fordsh01.html,fordsh01,1972,24,0
Lamar Odom,Lamar Odom,2000,2013,F,10-Jun,220,11/6/1979,6/11/1979,1979,34,Rhode Island,https://www.basketball-reference.com/players/o/odomla01.html,odomla01,1979,34,13
Sherron Collins,Sherron Collins,2011,2011,G,11-May,205,3/18/1987,18/3/1987,1987,24,Kansas,https://www.basketball-reference.com/players/c/collish01.html,collish01,1987,24,0
Sherwin Raiken,Sherwin Raiken,1953,1953,G,2-Jun,185,10/29/1928,29/10/1928,1928,25,Villanova,https://www.basketball-reference.com/players/r/raikesh01.html,raikesh01,1928,25,0
Si Green,Si Green,1957,1966,G-F,2-Jun,185,8/20/1933,20/8/1933,1933,33,Duquesne,https://www.basketball-reference.com/players/g/greensi01.html,greensi01,1933,33,9
Sid Catlett,Sid Catlett,1972,1972,F,6-Jun,230,4/18/1948,18/4/1948,1948,24,Notre Dame,https://www.basketball-reference.com/players/c/catlesi01.html,catlesi01,1948,24,0
Sid Tanenbaum,Sid Tanenbaum,1948,1949,G,Jun-00,160,10/8/1925,8/10/1925,1925,24,NYU,https://www.basketball-reference.com/players/t/tanensi01.html,tanensi01,1925,24,1
Sidney Green,Sidney Green,1984,1993,F-C,9-Jun,220,1/4/1961,4/1/1961,1961,32,UNLV,https://www.basketball-reference.com/players/g/greensi02.html,greensi02,1961,32,9
Sidney Lowe,Sidney Lowe,1984,1990,G,Jun-00,195,1/21/1960,21/1/1960,1960,30,NC State,https://www.basketball-reference.com/players/l/lowesi01.html,lowesi01,1960,30,6
Larry Foust,Larry Foust,1951,1962,C-F,9-Jun,215,6/24/1928,24/6/1928,1928,34,La Salle,https://www.basketball-reference.com/players/f/foustla01.html,foustla01,1928,34,11
Sidney Wicks,Sidney Wicks,1972,1981,F-C,8-Jun,225,9/19/1949,19/9/1949,1949,32,"Santa Monica College, UCLA",https://www.basketball-reference.com/players/w/wickssi01.html,wickssi01,1949,32,9
Sidy Cissoko,Sidy Cissoko,2024,2025,G,8-Jun,200,4/2/2004,2/4/2004,2004,21,,https://www.basketball-reference.com/players/c/cissosi01.html,cissosi01,2004,21,1
Sim Bhullar,Sim Bhullar,2015,2015,C,5-Jul,360,12/2/1992,2/12/1992,1992,23,New Mexico State,https://www.basketball-reference.com/players/b/bhullsi01.html,bhullsi01,1992,23,0
Simmie Hill,Simmie Hill,1970,1974,F,7-Jun,233,11/14/1946,14/11/1946,1946,28,"Wichita State, Cameron University, West Texas A&M University",https://www.basketball-reference.com/players/h/hillsi01.html,hillsi01,1946,28,4
Simone Fontecchio,Simone Fontecchio,2023,2025,F,8-Jun,209,12/9/1995,9/12/1995,1995,30,,https://www.basketball-reference.com/players/f/fontesi01.html,fontesi01,1995,30,2
Sindarius Thornwell,Sindarius Thornwell,2018,2021,G,4-Jun,215,11/15/1994,15/11/1994,1994,27,South Carolina,https://www.basketball-reference.com/players/t/thornsi01.html,thornsi01,1994,27,3
Skal Labissière,Skal Labissière,2017,2020,F,10-Jun,235,3/18/1996,18/3/1996,1996,24,Kentucky,https://www.basketball-reference.com/players/l/labissk01.html,labissk01,1996,24,3
Skeeter Henry,Skeeter Henry,1994,1994,G,7-Jun,190,12/8/1967,8/12/1967,1967,27,"Midland College, Oklahoma",https://www.basketball-reference.com/players/h/henrysk01.html,henrysk01,1967,27,0
Skeeter Swift,Skeeter Swift,1970,1974,G,3-Jun,204,6/19/1946,19/6/1946,1946,28,East Tennessee State University,https://www.basketball-reference.com/players/s/swiftsk01.html,swiftsk01,1946,28,4
Skip Harlicka,Skip Harlicka,1969,1969,G,1-Jun,185,10/14/1946,14/10/1946,1946,23,South Carolina,https://www.basketball-reference.com/players/h/harlisk01.html,harlisk01,1946,23,0
Skip Thoren,Skip Thoren,1968,1970,C,10-Jun,230,4/5/1943,5/4/1943,1943,27,Illinois,https://www.basketball-reference.com/players/t/thoresk01.html,thoresk01,1943,27,2
Skip Wise,Skip Wise,1976,1976,G,2-Jun,170,7/25/1955,25/7/1955,1955,21,Clemson,https://www.basketball-reference.com/players/w/wisesk01.html,wisesk01,1955,21,0
Skippy Whitaker,Skippy Whitaker,1955,1955,G,1-Jun,180,8/29/1930,29/8/1930,1930,25,Kentucky,https://www.basketball-reference.com/players/w/whitask01.html,whitask01,1930,25,0
Skylar Mays,Skylar Mays,2021,2024,G,4-Jun,205,9/5/1997,5/9/1997,1997,27,LSU,https://www.basketball-reference.com/players/m/mayssk01.html,mayssk01,1997,27,3
Larry Robinson,Larry Robinson,1991,2002,F-G,3-Jun,180,1/11/1968,11/1/1968,1968,34,Centenary (LA),https://www.basketball-reference.com/players/r/robinla01.html,robinla01,1968,34,11
Slavko Vraneš,Slavko Vraneš,2004,2004,C,5-Jul,275,1/30/1983,30/1/1983,1983,21,,https://www.basketball-reference.com/players/v/vranesl01.html,vranesl01,1983,21,0
Lorenzen Wright,Lorenzen Wright,1997,2009,F-C,11-Jun,225,11/4/1975,4/11/1975,1975,34,Memphis,https://www.basketball-reference.com/players/w/wrighlo02.html,wrighlo02,1975,34,12
Slick Leonard*,Slick Leonard,1957,1963,G,3-Jun,185,7/17/1932,17/7/1932,1932,31,Indiana,https://www.basketball-reference.com/players/l/leonasl01.html,leonasl01,1932,31,6
Slick Watts,Slick Watts,1974,1979,G,1-Jun,175,7/22/1951,22/7/1951,1951,28,Xavier University of Louisiana,https://www.basketball-reference.com/players/w/wattssl01.html,wattssl01,1951,28,5
Sly Williams,Sly Williams,1980,1986,F-G,7-Jun,210,1/26/1958,26/1/1958,1958,28,Rhode Island,https://www.basketball-reference.com/players/w/willisl01.html,willisl01,1958,28,6
Smokey Gaines,Smokey Gaines,1968,1968,G,1-Jun,170,2/27/1940,27/2/1940,1940,28,LeMoyne-Owen College,https://www.basketball-reference.com/players/g/gaineda01.html,gaineda01,1940,28,0
Smush Parker,Smush Parker,2003,2008,G,4-Jun,190,6/1/1981,1/6/1981,1981,27,Fordham,https://www.basketball-reference.com/players/p/parkesm01.html,parkesm01,1981,27,5
Solomon Alabi,Solomon Alabi,2011,2012,C,1-Jul,251,3/21/1988,21/3/1988,1988,24,Florida State,https://www.basketball-reference.com/players/a/alabiso01.html,alabiso01,1988,24,1
Solomon Hill,Solomon Hill,2014,2022,F,6-Jun,226,3/18/1991,18/3/1991,1991,31,Arizona,https://www.basketball-reference.com/players/h/hillso01.html,hillso01,1991,31,8
Solomon Jones,Solomon Jones,2007,2014,F,10-Jun,230,7/16/1984,16/7/1984,1984,30,South Florida,https://www.basketball-reference.com/players/j/jonesso01.html,jonesso01,1984,30,7
Sonny Dove,Sonny Dove,1968,1972,F,7-Jun,198,8/16/1945,16/8/1945,1945,27,St. John's,https://www.basketball-reference.com/players/d/doveso01.html,doveso01,1945,27,4
Sonny Hertzberg,Sonny Hertzberg,1947,1951,G,10-May,175,7/29/1922,29/7/1922,1922,29,City College of New York,https://www.basketball-reference.com/players/h/hertzso01.html,hertzso01,1922,29,4
Sonny Parker,Sonny Parker,1977,1982,F-G,6-Jun,200,3/22/1955,22/3/1955,1955,27,Texas A&M,https://www.basketball-reference.com/players/p/parkeso01.html,parkeso01,1955,27,5
Sonny Weems,Sonny Weems,2009,2016,G-F,6-Jun,205,7/8/1986,8/7/1986,1986,30,Arkansas,https://www.basketball-reference.com/players/w/weemsso01.html,weemsso01,1986,30,7
Soumaila Samake,Soumaila Samake,2001,2003,C,Jul-00,230,3/18/1978,18/3/1978,1978,25,,https://www.basketball-reference.com/players/s/samakso01.html,samakso01,1978,25,2
Speedy Claxton,Speedy Claxton,2002,2009,G,11-May,166,5/8/1978,8/5/1978,1978,31,Hofstra,https://www.basketball-reference.com/players/c/claxtsp01.html,claxtsp01,1978,31,7
Spencer Dinwiddie,Spencer Dinwiddie,2015,2025,G,5-Jun,215,4/6/1993,6/4/1993,1993,32,Colorado,https://www.basketball-reference.com/players/d/dinwisp01.html,dinwisp01,1993,32,10
Spencer Hawes,Spencer Hawes,2008,2017,C-F,1-Jul,245,4/28/1988,28/4/1988,1988,29,Washington,https://www.basketball-reference.com/players/h/hawessp01.html,hawessp01,1988,29,9
Lou Amundson,Lou Amundson,2007,2016,F-C,9-Jun,220,12/7/1982,7/12/1982,1982,34,UNLV,https://www.basketball-reference.com/players/a/amundlo01.html,amundlo01,1982,34,9
Spencer Jones,Spencer Jones,2025,2025,F,7-Jun,225,6/14/2001,14/6/2001,2001,24,Stanford,https://www.basketball-reference.com/players/j/jonessp01.html,jonessp01,2001,24,0
Spider Bennett,Spider Bennett,1969,1969,G,3-Jun,190,8/4/1943,4/8/1943,1943,26,Winston-Salem State,https://www.basketball-reference.com/players/b/bennesp01.html,bennesp01,1943,26,0
Luc Mbah a Moute,Luc Mbah a Moute,2009,2020,F,8-Jun,230,9/9/1986,9/9/1986,1986,34,UCLA,https://www.basketball-reference.com/players/m/mbahalu01.html,mbahalu01,1986,34,11
Stéphane Lasme,Stéphane Lasme,2008,2008,F,8-Jun,215,12/17/1982,17/12/1982,1982,26,UMass,https://www.basketball-reference.com/players/l/lasmest01.html,lasmest01,1982,26,0
Stacey Arceneaux,Stacey Arceneaux,1962,1962,F,4-Jun,210,2/17/1936,17/2/1936,1936,26,Iowa State,https://www.basketball-reference.com/players/a/arcenst01.html,arcenst01,1936,26,0
Luke Ridnour,Luke Ridnour,2004,2015,G,2-Jun,175,2/13/1981,13/2/1981,1981,34,Oregon,https://www.basketball-reference.com/players/r/ridnolu01.html,ridnolu01,1981,34,11
Stacey King,Stacey King,1990,1997,F-C,11-Jun,230,1/29/1967,29/1/1967,1967,30,Oklahoma,https://www.basketball-reference.com/players/k/kingst01.html,kingst01,1967,30,7
Stan Brown,Stan Brown,1948,1952,F,3-Jun,200,6/27/1929,27/6/1929,1929,23,,https://www.basketball-reference.com/players/b/brownst01.html,brownst01,1929,23,4
Stan Kimbrough,Stan Kimbrough,1990,1993,G,11-May,153,4/24/1966,24/4/1966,1966,27,"Central Florida, Xavier",https://www.basketball-reference.com/players/k/kimbrst01.html,kimbrst01,1966,27,3
Stan Love,Stan Love,1972,1975,F,9-Jun,215,4/9/1949,9/4/1949,1949,26,Oregon,https://www.basketball-reference.com/players/l/lovest01.html,lovest01,1949,26,3
Stan McKenzie,Stan McKenzie,1968,1974,F-G,5-Jun,195,10/6/1944,6/10/1944,1944,30,NYU,https://www.basketball-reference.com/players/m/mckenst01.html,mckenst01,1944,30,6
Stan Miasek,Stan Miasek,1947,1953,C-F,5-Jun,210,9/19/1923,19/9/1923,1923,30,,https://www.basketball-reference.com/players/m/miasest01.html,miasest01,1923,30,6
Stan Noszka,Stan Noszka,1947,1949,G,1-Jun,185,9/9/1920,9/9/1920,1920,29,Duquesne,https://www.basketball-reference.com/players/n/noszkst01.html,noszkst01,1920,29,2
Stan Patrick,Stan Patrick,1950,1950,F-G,2-Jun,185,5/5/1922,5/5/1922,1922,28,Illinois,https://www.basketball-reference.com/players/p/patrist01.html,patrist01,1922,28,0
Stan Pietkiewicz,Stan Pietkiewicz,1979,1981,G-F,5-Jun,200,7/14/1956,14/7/1956,1956,25,Auburn,https://www.basketball-reference.com/players/p/pietkst01.html,pietkst01,1956,25,2
Stan Stutz,Stan Stutz,1947,1949,G-F,10-May,170,4/14/1920,14/4/1920,1920,29,Rhode Island,https://www.basketball-reference.com/players/s/stutzst01.html,stutzst01,1920,29,2
Stan Washington,Stan Washington,1975,1975,G,4-Jun,190,1/23/1952,23/1/1952,1952,23,University of San Diego,https://www.basketball-reference.com/players/w/washist01.html,washist01,1952,23,0
Stanislav Medvedenko,Stanislav Medvedenko,2001,2007,F,10-Jun,250,4/4/1979,4/4/1979,1979,28,,https://www.basketball-reference.com/players/m/medvest01.html,medvest01,1979,28,6
Stanley Brundy,Stanley Brundy,1990,1990,F,6-Jun,210,11/13/1967,13/11/1967,1967,23,DePaul,https://www.basketball-reference.com/players/b/brundst01.html,brundst01,1967,23,0
Stanley Jackson,Stanley Jackson,1994,1994,G,3-Jun,185,10/10/1970,10/10/1970,1970,24,UAB,https://www.basketball-reference.com/players/j/jacksst01.html,jacksst01,1970,24,0
Stanley Johnson,Stanley Johnson,2016,2023,F,6-Jun,242,5/29/1996,29/5/1996,1996,27,Arizona,https://www.basketball-reference.com/players/j/johnsst04.html,johnsst04,1996,27,7
Stanley Roberts,Stanley Roberts,1992,2000,C,Jul-00,285,2/7/1970,7/2/1970,1970,30,LSU,https://www.basketball-reference.com/players/r/roberst01.html,roberst01,1970,30,8
Stanley Umude,Stanley Umude,2023,2025,G,6-Jun,210,4/12/1999,12/4/1999,1999,26,"South Dakota, Arkansas",https://www.basketball-reference.com/players/u/umudest01.html,umudest01,1999,26,2
Stanton Kidd,Stanton Kidd,2020,2020,F,6-Jun,215,3/18/1992,18/3/1992,1992,28,"South Plains College, NC Central, Colorado State",https://www.basketball-reference.com/players/k/kiddst01.html,kiddst01,1992,28,0
Stefano Rusconi,Stefano Rusconi,1996,1996,C-F,9-Jun,240,10/2/1968,2/10/1968,1968,28,,https://www.basketball-reference.com/players/r/ruscost01.html,ruscost01,1968,28,0
Steffond Johnson,Steffond Johnson,1987,1987,F,8-Jun,240,11/4/1962,4/11/1962,1962,25,"LSU, San Diego State",https://www.basketball-reference.com/players/j/johnsst02.html,johnsst02,1962,25,0
Luol Deng,Luol Deng,2005,2019,F,9-Jun,237,4/16/1985,16/4/1985,1985,34,Duke,https://www.basketball-reference.com/players/d/denglu01.html,denglu01,1985,34,14
Stephen Graham,Stephen Graham,2006,2011,G,6-Jun,215,6/11/1982,11/6/1982,1982,29,"Central Florida, Oklahoma State",https://www.basketball-reference.com/players/g/grahast01.html,grahast01,1982,29,5
Stephen Howard,Stephen Howard,1993,1998,F,9-Jun,225,7/15/1970,15/7/1970,1970,28,DePaul,https://www.basketball-reference.com/players/h/howarst01.html,howarst01,1970,28,5
M.L. Carr,M.L. Carr,1976,1985,F-G,6-Jun,205,1/9/1951,9/1/1951,1951,34,Guilford College,https://www.basketball-reference.com/players/c/carrml01.html,carrml01,1951,34,9
Stephen Thompson,Stephen Thompson,1992,1992,G,4-Jun,185,12/2/1968,2/12/1968,1968,24,Syracuse,https://www.basketball-reference.com/players/t/thompst01.html,thompst01,1968,24,0
Stephen Zimmerman,Stephen Zimmerman,2017,2017,C,Jul-00,240,9/9/1996,9/9/1996,1996,21,UNLV,https://www.basketball-reference.com/players/z/zimmest01.html,zimmest01,1996,21,0
Stephon Castle,Stephon Castle,2025,2025,G,6-Jun,215,11/1/2004,1/11/2004,2004,21,UConn,https://www.basketball-reference.com/players/c/castlst01.html,castlst01,2004,21,0
Stephon Marbury,Stephon Marbury,1997,2009,G,2-Jun,180,2/20/1977,20/2/1977,1977,32,Georgia Tech,https://www.basketball-reference.com/players/m/marbust01.html,marbust01,1977,32,12
Sterling Brown,Sterling Brown,2018,2023,G,5-Jun,219,2/10/1995,10/2/1995,1995,28,SMU,https://www.basketball-reference.com/players/b/brownst02.html,brownst02,1995,28,5
Steve Alford,Steve Alford,1988,1991,G,2-Jun,183,11/23/1964,23/11/1964,1964,27,Indiana,https://www.basketball-reference.com/players/a/alforst01.html,alforst01,1964,27,3
Steve Bardo,Steve Bardo,1992,1996,G,5-Jun,190,4/5/1968,5/4/1968,1968,28,Illinois,https://www.basketball-reference.com/players/b/bardost01.html,bardost01,1968,28,4
Maceo Baston,Maceo Baston,2003,2009,F,9-Jun,215,5/29/1975,29/5/1975,1975,34,Michigan,https://www.basketball-reference.com/players/b/bastoma01.html,bastoma01,1975,34,6
Steve Bracey,Steve Bracey,1973,1975,G,1-Jun,175,8/1/1950,1/8/1950,1950,25,Tulsa,https://www.basketball-reference.com/players/b/bracest01.html,bracest01,1950,25,2
Steve Bucknall,Steve Bucknall,1990,1990,G,6-Jun,215,3/17/1966,17/3/1966,1966,24,UNC,https://www.basketball-reference.com/players/b/bucknst01.html,bucknst01,1966,24,0
Steve Burtt,Steve Burtt,1985,1993,G,2-Jun,185,11/5/1962,5/11/1962,1962,31,Iona College,https://www.basketball-reference.com/players/b/burttst01.html,burttst01,1962,31,8
Steve Chubin,Steve Chubin,1968,1970,G,2-Jun,200,2/8/1944,8/2/1944,1944,26,Rhode Island,https://www.basketball-reference.com/players/c/chubist01.html,chubist01,1944,26,2
Steve Colter,Steve Colter,1985,1995,G,3-Jun,165,7/24/1962,24/7/1962,1962,33,New Mexico State,https://www.basketball-reference.com/players/c/coltest01.html,coltest01,1962,33,10
Steve Courtin,Steve Courtin,1965,1965,G,1-Jun,188,9/21/1942,21/9/1942,1942,23,Saint Joseph's,https://www.basketball-reference.com/players/c/courtst01.html,courtst01,1942,23,0
Steve Downing,Steve Downing,1974,1975,C,8-Jun,225,9/9/1950,9/9/1950,1950,25,Indiana,https://www.basketball-reference.com/players/d/downist01.html,downist01,1950,25,1
Steve Francis,Steve Francis,2000,2008,G,3-Jun,195,2/21/1977,21/2/1977,1977,31,"San Jacinto College, Allegany College of Maryland, Maryland",https://www.basketball-reference.com/players/f/francst01.html,francst01,1977,31,8
Steve Goodrich,Steve Goodrich,2001,2002,F,10-Jun,220,3/18/1976,18/3/1976,1976,26,Princeton,https://www.basketball-reference.com/players/g/goodrst01.html,goodrst01,1976,26,1
Steve Green,Steve Green,1976,1979,F,7-Jun,220,10/4/1953,4/10/1953,1953,26,Indiana,https://www.basketball-reference.com/players/g/greenst01.html,greenst01,1953,26,3
Steve Hamer,Steve Hamer,1997,1997,C,Jul-00,245,11/13/1973,13/11/1973,1973,24,Tennessee,https://www.basketball-reference.com/players/h/hamerst01.html,hamerst01,1973,24,0
Steve Hamilton,Steve Hamilton,1959,1960,F-C,6-Jun,190,11/30/1934,30/11/1934,1934,26,"Purdue, Morehead State University",https://www.basketball-reference.com/players/h/hamilst01.html,hamilst01,1934,26,1
Steve Harris,Steve Harris,1986,1990,G,5-Jun,195,10/15/1963,15/10/1963,1963,27,Tulsa,https://www.basketball-reference.com/players/h/harrist01.html,harrist01,1963,27,4
Mack Calvin,Mack Calvin,1970,1981,G,Jun-00,165,7/27/1947,27/7/1947,1947,34,"Long Beach City College, USC",https://www.basketball-reference.com/players/c/calvima01.html,calvima01,1947,34,11
Steve Hayes,Steve Hayes,1982,1986,C,Jul-00,205,8/2/1955,2/8/1955,1955,31,Idaho State University,https://www.basketball-reference.com/players/h/hayesst01.html,hayesst01,1955,31,4
Steve Henson,Steve Henson,1991,1999,G,11-May,177,2/2/1968,2/2/1968,1968,31,Kansas State,https://www.basketball-reference.com/players/h/hensost01.html,hensost01,1968,31,8
Marco Belinelli,Marco Belinelli,2008,2020,G-F,5-Jun,220,3/25/1986,25/3/1986,1986,34,,https://www.basketball-reference.com/players/b/belinma01.html,belinma01,1986,34,12
Mark Blount,Mark Blount,2001,2009,C,Jul-00,230,11/30/1975,30/11/1975,1975,34,Pitt,https://www.basketball-reference.com/players/b/blounma01.html,blounma01,1975,34,8
Mark Price,Mark Price,1987,1998,G,Jun-00,170,2/15/1964,15/2/1964,1964,34,Georgia Tech,https://www.basketball-reference.com/players/p/pricema01.html,pricema01,1964,34,11
Steve Kramer,Steve Kramer,1968,1970,G-F,5-Jun,200,1/1/1945,1/1/1945,1945,25,BYU,https://www.basketball-reference.com/players/k/kramest01.html,kramest01,1945,25,2
Steve Kuberski,Steve Kuberski,1970,1978,F-C,8-Jun,215,11/6/1947,6/11/1947,1947,31,Bradley,https://www.basketball-reference.com/players/k/kuberst01.html,kuberst01,1947,31,8
Steve Lingenfelter,Steve Lingenfelter,1983,1984,F,9-Jun,225,6/10/1958,10/6/1958,1958,26,"Minnesota, South Dakota State",https://www.basketball-reference.com/players/l/lingest01.html,lingest01,1958,26,1
Steve Malovic,Steve Malovic,1980,1980,F,10-Jun,230,7/21/1956,21/7/1956,1956,24,"USC, San Diego State",https://www.basketball-reference.com/players/m/malovst01.html,malovst01,1956,24,0
Marques Johnson,Marques Johnson,1978,1990,F-G,7-Jun,218,2/8/1956,8/2/1956,1956,34,UCLA,https://www.basketball-reference.com/players/j/johnsma01.html,johnsma01,1956,34,12
Marvin Williams,Marvin Williams,2006,2020,F,8-Jun,237,6/19/1986,19/6/1986,1986,34,UNC,https://www.basketball-reference.com/players/w/willima02.html,willima02,1986,34,14
Maurice Evans,Maurice Evans,2002,2012,G,5-Jun,220,11/8/1978,8/11/1978,1978,34,"Wichita State, Texas",https://www.basketball-reference.com/players/e/evansma01.html,evansma01,1978,34,10
Steve Patterson,Steve Patterson,1972,1976,C,9-Jun,225,6/24/1948,24/6/1948,1948,28,UCLA,https://www.basketball-reference.com/players/p/pattest01.html,pattest01,1948,28,4
Steve Previs,Steve Previs,1973,1973,G,3-Jun,183,2/9/1950,9/2/1950,1950,23,UNC,https://www.basketball-reference.com/players/p/previst01.html,previst01,1950,23,0
Steve Scheffler,Steve Scheffler,1991,1997,C-F,9-Jun,250,9/3/1967,3/9/1967,1967,30,Purdue,https://www.basketball-reference.com/players/s/schefst01.html,schefst01,1967,30,6
Steve Sheppard,Steve Sheppard,1978,1979,F,6-Jun,215,3/21/1954,21/3/1954,1954,25,Maryland,https://www.basketball-reference.com/players/s/sheppst01.html,sheppst01,1954,25,1
Michael Cooper*,Michael Cooper,1979,1990,G-F,7-Jun,170,4/15/1956,15/4/1956,1956,34,New Mexico,https://www.basketball-reference.com/players/c/coopemi01.html,coopemi01,1956,34,11
Steve Stipanovich,Steve Stipanovich,1984,1988,C,11-Jun,245,11/17/1960,17/11/1960,1960,28,Missouri,https://www.basketball-reference.com/players/s/stipast01.html,stipast01,1960,28,4
Steve Vacendak,Steve Vacendak,1968,1970,G,1-Jun,185,8/15/1944,15/8/1944,1944,26,Duke,https://www.basketball-reference.com/players/v/vacenst01.html,vacenst01,1944,26,2
Steve Wilson,Steve Wilson,1971,1972,G,5-Jun,185,10/16/1948,16/10/1948,1948,24,Hanover College,https://www.basketball-reference.com/players/w/wilsost01.html,wilsost01,1948,24,1
Steven Adams,Steven Adams,2014,2025,C,11-Jun,265,7/20/1993,20/7/1993,1993,32,Pitt,https://www.basketball-reference.com/players/a/adamsst01.html,adamsst01,1993,32,11
Steven Hill,Steven Hill,2009,2009,C,Jul-00,248,11/14/1985,14/11/1985,1985,24,Arkansas,https://www.basketball-reference.com/players/h/hillst01.html,hillst01,1985,24,0
Steven Hunter,Steven Hunter,2002,2010,C,Jul-00,220,10/31/1981,31/10/1981,1981,29,DePaul,https://www.basketball-reference.com/players/h/huntest01.html,huntest01,1981,29,8
Steven Smith,Steven Smith,2007,2007,F,8-Jun,235,4/12/1983,12/4/1983,1983,24,La Salle,https://www.basketball-reference.com/players/s/smithst03.html,smithst03,1983,24,0
Stevin Smith,Stevin Smith,1997,1997,G,2-Jun,208,1/24/1972,24/1/1972,1972,25,Arizona State,https://www.basketball-reference.com/players/s/smithst02.html,smithst02,1972,25,0
Stew Johnson,Stew Johnson,1968,1976,F-C,8-Jun,220,8/19/1944,19/8/1944,1944,32,Murray State,https://www.basketball-reference.com/players/j/johnsst01.html,johnsst01,1944,32,8
Stewart Granger,Stewart Granger,1984,1987,G,3-Jun,190,10/27/1961,27/10/1961,1961,26,Villanova,https://www.basketball-reference.com/players/g/grangst01.html,grangst01,1961,26,3
Mickey Johnson,Mickey Johnson,1975,1986,F,10-Jun,190,8/31/1952,31/8/1952,1952,34,Aurora University,https://www.basketball-reference.com/players/j/johnsmi01.html,johnsmi01,1952,34,11
Stromile Swift,Stromile Swift,2001,2009,F,9-Jun,225,11/21/1979,21/11/1979,1979,30,LSU,https://www.basketball-reference.com/players/s/swiftst01.html,swiftst01,1979,30,8
Stu Lantz,Stu Lantz,1969,1976,G,3-Jun,175,7/13/1946,13/7/1946,1946,30,Nebraska,https://www.basketball-reference.com/players/l/lantzst01.html,lantzst01,1946,30,7
Stuart Gray,Stuart Gray,1985,1991,C-F,Jul-00,235,5/27/1963,27/5/1963,1963,28,UCLA,https://www.basketball-reference.com/players/g/grayst01.html,grayst01,1963,28,6
Sun Yue,Sun Yue,2009,2009,G,9-Jun,205,11/6/1985,6/11/1985,1985,24,,https://www.basketball-reference.com/players/y/yuesu01.html,yuesu01,1985,24,0
Sundiata Gaines,Sundiata Gaines,2010,2012,G,1-Jun,185,4/18/1986,18/4/1986,1986,26,Georgia,https://www.basketball-reference.com/players/g/gainesu01.html,gainesu01,1986,26,2
Svi Mykhailiuk,Svi Mykhailiuk,2019,2025,G-F,7-Jun,205,6/10/1997,10/6/1997,1997,28,Kansas,https://www.basketball-reference.com/players/m/mykhasv01.html,mykhasv01,1997,28,6
Swede Halbrook,Swede Halbrook,1961,1962,C,3-Jul,235,1/30/1933,30/1/1933,1933,29,Oregon State,https://www.basketball-reference.com/players/h/halbrsw01.html,halbrsw01,1933,29,1
Mike Bibby,Mike Bibby,1999,2012,G,1-Jun,190,5/13/1978,13/5/1978,1978,34,Arizona,https://www.basketball-reference.com/players/b/bibbymi01.html,bibbymi01,1978,34,13
Sylvester Gray,Sylvester Gray,1989,1989,F,6-Jun,230,7/8/1967,8/7/1967,1967,22,Memphis,https://www.basketball-reference.com/players/g/graysy01.html,graysy01,1967,22,0
Sylvester Norris,Sylvester Norris,1980,1980,C,11-Jun,220,2/18/1957,18/2/1957,1957,23,Jackson State University,https://www.basketball-reference.com/players/n/norrisy01.html,norrisy01,1957,23,0
T.J. Ford,T.J. Ford,2004,2012,G,Jun-00,165,3/24/1983,24/3/1983,1983,29,Texas,https://www.basketball-reference.com/players/f/fordtj01.html,fordtj01,1983,29,8
T.J. Leaf,T.J. Leaf,2018,2021,F,10-Jun,222,4/30/1997,30/4/1997,1997,24,UCLA,https://www.basketball-reference.com/players/l/leaftj01.html,leaftj01,1997,24,3
T.J. McConnell,T.J. McConnell,2016,2025,G,1-Jun,190,3/25/1992,25/3/1992,1992,33,"Duquesne, Arizona",https://www.basketball-reference.com/players/m/mccontj01.html,mccontj01,1992,33,9
T.J. Warren,T.J. Warren,2015,2024,F,8-Jun,220,9/5/1993,5/9/1993,1993,31,NC State,https://www.basketball-reference.com/players/w/warretj01.html,warretj01,1993,31,9
Mike Brown,Mike Brown,1987,1997,C-F,9-Jun,257,7/19/1963,19/7/1963,1963,34,George Washington,https://www.basketball-reference.com/players/b/brownmi01.html,brownmi01,1963,34,10
Tacko Fall,Tacko Fall,2020,2022,C,6-Jul,311,12/10/1995,10/12/1995,1995,27,Central Florida,https://www.basketball-reference.com/players/f/fallta01.html,fallta01,1995,27,2
Tahjere McCall,Tahjere McCall,2019,2019,G,5-Jun,195,8/17/1994,17/8/1994,1994,25,Tennessee State,https://www.basketball-reference.com/players/m/mccalta01.html,mccalta01,1994,25,0
Mitchell Butler,Mitchell Butler,1994,2004,G-F,5-Jun,210,12/15/1970,15/12/1970,1970,34,UCLA,https://www.basketball-reference.com/players/b/butlemi02.html,butlemi02,1970,34,10
Tal Skinner,Tal Skinner,1975,1976,F-G,5-Jun,195,9/10/1952,10/9/1952,1952,24,University of Maryland Eastern Shore,https://www.basketball-reference.com/players/s/skinnta01.html,skinnta01,1952,24,1
Talen Horton-Tucker,Talen Horton-Tucker,2020,2025,G-F,4-Jun,234,11/25/2000,25/11/2000,2000,25,Iowa State,https://www.basketball-reference.com/players/h/hortota01.html,hortota01,2000,25,5
Tamar Slay,Tamar Slay,2003,2005,G,8-Jun,215,4/2/1980,2/4/1980,1980,25,Marshall,https://www.basketball-reference.com/players/s/slayta01.html,slayta01,1980,25,2
Tang Hamilton,Tang Hamilton,2002,2002,F,8-Jun,220,5/26/1978,26/5/1978,1978,24,Mississippi State,https://www.basketball-reference.com/players/h/hamilta01.html,hamilta01,1978,24,0
Tarence Kinsey,Tarence Kinsey,2007,2009,G,6-Jun,185,3/21/1984,21/3/1984,1984,25,South Carolina,https://www.basketball-reference.com/players/k/kinseta01.html,kinseta01,1984,25,2
Tari Eason,Tari Eason,2023,2025,F,8-Jun,216,5/10/2001,10/5/2001,2001,24,"Cincinnati, LSU",https://www.basketball-reference.com/players/e/easonta01.html,easonta01,2001,24,2
Tarik Black,Tarik Black,2015,2018,C-F,9-Jun,250,11/22/1991,22/11/1991,1991,27,"Memphis, Kansas",https://www.basketball-reference.com/players/b/blackta01.html,blackta01,1991,27,3
Tariq Abdul-Wahad,Tariq Abdul-Wahad,1998,2003,F,6-Jun,223,11/3/1974,3/11/1974,1974,29,"Michigan, San Jose State",https://www.basketball-reference.com/players/a/abdulta01.html,abdulta01,1974,29,5
Tariq Owens,Tariq Owens,2020,2020,F,10-Jun,205,6/30/1995,30/6/1995,1995,25,"Tennessee, St. John's, Texas Tech",https://www.basketball-reference.com/players/o/owensta01.html,owensta01,1995,25,0
Tate Armstrong,Tate Armstrong,1978,1979,G,3-Jun,175,10/5/1955,5/10/1955,1955,24,Duke,https://www.basketball-reference.com/players/a/armstta01.html,armstta01,1955,24,1
Tate George,Tate George,1991,1995,G,5-Jun,190,5/29/1968,29/5/1968,1968,27,UConn,https://www.basketball-reference.com/players/g/georgta01.html,georgta01,1968,27,4
Taurean Green,Taurean Green,2008,2008,G,Jun-00,177,11/28/1986,28/11/1986,1986,22,Florida,https://www.basketball-reference.com/players/g/greenta01.html,greenta01,1986,22,0
Taurean Prince,Taurean Prince,2017,2025,F,6-Jun,218,3/22/1994,22/3/1994,1994,31,Baylor,https://www.basketball-reference.com/players/p/princta02.html,princta02,1994,31,8
Taylor Griffin,Taylor Griffin,2010,2010,F,7-Jun,238,4/18/1986,18/4/1986,1986,24,Oklahoma,https://www.basketball-reference.com/players/g/griffta01.html,griffta01,1986,24,0
Taylor Hendricks,Taylor Hendricks,2024,2025,F,9-Jun,210,11/22/2003,22/11/2003,2003,22,Central Florida,https://www.basketball-reference.com/players/h/hendrta01.html,hendrta01,2003,22,1
Mo Williams,Mo Williams,2004,2016,G,1-Jun,198,12/19/1982,19/12/1982,1982,34,Alabama,https://www.basketball-reference.com/players/w/willima01.html,willima01,1982,34,12
Taze Moore,Taze Moore,2024,2025,G,5-Jun,195,6/29/1998,29/6/1998,1998,27,"Cal State-Bakersfield, Houston",https://www.basketball-reference.com/players/m/mooreta02.html,mooreta02,1998,27,1
Ted Luckenbill,Ted Luckenbill,1962,1963,F,6-Jun,205,7/27/1939,27/7/1939,1939,24,Houston,https://www.basketball-reference.com/players/l/luckete01.html,luckete01,1939,24,1
Ted Manakas,Ted Manakas,1974,1974,G,2-Jun,180,2/22/1951,22/2/1951,1951,23,Princeton,https://www.basketball-reference.com/players/m/manakte01.html,manakte01,1951,23,0
Ted McClain,Ted McClain,1972,1979,G,1-Jun,180,8/30/1946,30/8/1946,1946,33,Tennessee State,https://www.basketball-reference.com/players/m/mcclate01.html,mcclate01,1946,33,7
Tellis Frank,Tellis Frank,1988,1994,F-C,10-Jun,225,4/26/1965,26/4/1965,1965,29,Western Kentucky,https://www.basketball-reference.com/players/f/frankte01.html,frankte01,1965,29,6
Terance Mann,Terance Mann,2020,2025,G-F,5-Jun,215,10/18/1996,18/10/1996,1996,29,Florida State,https://www.basketball-reference.com/players/m/mannte01.html,mannte01,1996,29,5
Terence Davis,Terence Davis,2020,2023,G,4-Jun,201,5/16/1997,16/5/1997,1997,26,Ole Miss,https://www.basketball-reference.com/players/d/daviste02.html,daviste02,1997,26,3
Terence Morris,Terence Morris,2002,2006,F,9-Jun,221,1/11/1979,11/1/1979,1979,27,Maryland,https://www.basketball-reference.com/players/m/morrite01.html,morrite01,1979,27,4
Terence Stansbury,Terence Stansbury,1985,1987,G,5-Jun,170,2/27/1961,27/2/1961,1961,26,Temple,https://www.basketball-reference.com/players/s/stanste01.html,stanste01,1961,26,2
Terquavion Smith,Terquavion Smith,2024,2024,G,4-Jun,165,12/31/2002,31/12/2002,2002,22,NC State,https://www.basketball-reference.com/players/s/smithte01.html,smithte01,2002,22,0
Terrance Ferguson,Terrance Ferguson,2018,2021,G-F,6-Jun,190,5/17/1998,17/5/1998,1998,23,,https://www.basketball-reference.com/players/f/fergute01.html,fergute01,1998,23,3
Terrance Roberson,Terrance Roberson,2001,2001,F,7-Jun,215,12/30/1976,30/12/1976,1976,25,Fresno State,https://www.basketball-reference.com/players/r/roberte01.html,roberte01,1976,25,0
Terrel Harris,Terrel Harris,2012,2013,G,5-Jun,190,8/10/1987,10/8/1987,1987,26,Oklahoma State,https://www.basketball-reference.com/players/h/harrite01.html,harrite01,1987,26,1
Terrell Brandon,Terrell Brandon,1992,2002,G,11-May,180,5/20/1970,20/5/1970,1970,32,Oregon,https://www.basketball-reference.com/players/b/brandte01.html,brandte01,1970,32,10
Terrence Jones,Terrence Jones,2013,2019,F,9-Jun,252,1/9/1992,9/1/1992,1992,27,Kentucky,https://www.basketball-reference.com/players/j/joneste01.html,joneste01,1992,27,6
Terrence Rencher,Terrence Rencher,1996,1996,G,3-Jun,185,2/19/1973,19/2/1973,1973,23,Texas,https://www.basketball-reference.com/players/r/renchte01.html,renchte01,1973,23,0
Terrence Ross,Terrence Ross,2013,2023,F-G,6-Jun,206,2/5/1991,5/2/1991,1991,32,Washington,https://www.basketball-reference.com/players/r/rosste01.html,rosste01,1991,32,10
Terrence Shannon Jr.,Terrence Shannon Jr.,2025,2025,G,6-Jun,215,7/30/2000,30/7/2000,2000,25,"Texas Tech, Illinois",,shannte01,2000,25,0
Terrence Williams,Terrence Williams,2010,2013,F,6-Jun,220,6/28/1987,28/6/1987,1987,26,Louisville,https://www.basketball-reference.com/players/w/willite01.html,willite01,1987,26,3
Terry Catledge,Terry Catledge,1986,1993,F,8-Jun,220,8/22/1963,22/8/1963,1963,30,University of South Alabama,https://www.basketball-reference.com/players/c/catlete01.html,catlete01,1963,30,7
Terry Crosby,Terry Crosby,1980,1980,G,4-Jun,195,1/4/1957,4/1/1957,1957,23,Tennessee,https://www.basketball-reference.com/players/c/crosbte01.html,crosbte01,1957,23,0
Morris Peterson,Morris Peterson,2001,2011,F,7-Jun,218,8/26/1977,26/8/1977,1977,34,Michigan State,https://www.basketball-reference.com/players/p/petermo01.html,petermo01,1977,34,10
Nate McMillan,Nate McMillan,1987,1998,G-F,5-Jun,195,8/3/1964,3/8/1964,1964,34,NC State,https://www.basketball-reference.com/players/m/mcmilna01.html,mcmilna01,1964,34,11
Terry Dehere,Terry Dehere,1994,1999,G,2-Jun,190,9/12/1971,12/9/1971,1971,28,Seton Hall,https://www.basketball-reference.com/players/d/deherte01.html,deherte01,1971,28,5
Terry Dischinger,Terry Dischinger,1963,1973,F-G,7-Jun,189,11/21/1940,21/11/1940,1940,33,Purdue,https://www.basketball-reference.com/players/d/dischte01.html,dischte01,1940,33,10
Terry Dozier,Terry Dozier,1990,1990,F,9-Jun,210,6/29/1966,29/6/1966,1966,24,South Carolina,https://www.basketball-reference.com/players/d/doziete01.html,doziete01,1966,24,0
Terry Driscoll,Terry Driscoll,1971,1975,F,7-Jun,215,8/28/1947,28/8/1947,1947,28,Boston College,https://www.basketball-reference.com/players/d/driscte01.html,driscte01,1947,28,4
Terry Duerod,Terry Duerod,1980,1983,G,2-Jun,180,7/29/1956,29/7/1956,1956,27,Detroit Mercy,https://www.basketball-reference.com/players/d/duerote01.html,duerote01,1956,27,3
Terry Furlow,Terry Furlow,1977,1980,G-F,4-Jun,190,10/18/1954,18/10/1954,1954,26,Michigan State,https://www.basketball-reference.com/players/f/furlote01.html,furlote01,1954,26,3
Terry Kunze,Terry Kunze,1968,1968,G-F,4-Jun,210,3/11/1943,11/3/1943,1943,25,Minnesota,https://www.basketball-reference.com/players/k/kunzete01.html,kunzete01,1943,25,0
Nemanja Bjelica,Nemanja Bjelica,2016,2022,F,10-Jun,234,5/9/1988,9/5/1988,1988,34,,https://www.basketball-reference.com/players/b/bjeline01.html,bjeline01,1988,34,6
Nick Anderson,Nick Anderson,1990,2002,F-G,6-Jun,205,1/20/1968,20/1/1968,1968,34,Illinois,https://www.basketball-reference.com/players/a/anderni01.html,anderni01,1968,34,12
Terry Rozier,Terry Rozier,2016,2025,G,1-Jun,190,3/17/1994,17/3/1994,1994,31,Louisville,https://www.basketball-reference.com/players/r/roziete01.html,roziete01,1994,31,9
Terry Taylor,Terry Taylor,2022,2024,G-F,5-Jun,230,9/23/1999,23/9/1999,1999,25,Austin Peay State University,https://www.basketball-reference.com/players/t/taylote01.html,taylote01,1999,25,2
Terry Teagle,Terry Teagle,1983,1993,F-G,5-Jun,195,4/10/1960,10/4/1960,1960,33,Baylor,https://www.basketball-reference.com/players/t/teaglte01.html,teaglte01,1960,33,10
Terry Thomas,Terry Thomas,1976,1976,F,8-Jun,220,8/20/1953,20/8/1953,1953,23,Detroit Mercy,https://www.basketball-reference.com/players/t/thomate01.html,thomate01,1953,23,0
Terry Tyler,Terry Tyler,1979,1989,F-G,7-Jun,215,10/30/1956,30/10/1956,1956,33,Detroit Mercy,https://www.basketball-reference.com/players/t/tylerte01.html,tylerte01,1956,33,10
Tex Ritter,Tex Ritter,1949,1951,G-F,2-Jun,185,2/26/1924,26/2/1924,1924,27,Eastern Kentucky University,https://www.basketball-reference.com/players/r/rittete01.html,rittete01,1924,27,2
Théo Maledon,Théo Maledon,2021,2024,G,4-Jun,175,6/12/2001,12/6/2001,2001,23,,https://www.basketball-reference.com/players/m/maledth01.html,maledth01,2001,23,3
Nick Young,Nick Young,2008,2019,G-F,7-Jun,210,6/1/1985,1/6/1985,1985,34,USC,https://www.basketball-reference.com/players/y/youngni01.html,youngni01,1985,34,11
Norm Nixon,Norm Nixon,1978,1989,G,2-Jun,170,10/11/1955,11/10/1955,1955,34,Duquesne,https://www.basketball-reference.com/players/n/nixonno01.html,nixonno01,1955,34,11
Thales McReynolds,Thales McReynolds,1966,1966,G,3-Jun,185,6/8/1943,8/6/1943,1943,23,Miles College,https://www.basketball-reference.com/players/m/mcreyth01.html,mcreyth01,1943,23,0
Thanasis Antetokounmpo,Thanasis Antetokounmpo,2016,2024,F,7-Jun,219,7/18/1992,18/7/1992,1992,32,,https://www.basketball-reference.com/players/a/antetth01.html,antetth01,1992,32,8
Tharon Mayes,Tharon Mayes,1992,1992,G,3-Jun,175,9/9/1968,9/9/1968,1968,24,Florida State,https://www.basketball-reference.com/players/m/mayesth01.html,mayesth01,1968,24,0
Theo Pinson,Theo Pinson,2019,2023,G,5-Jun,212,11/5/1995,5/11/1995,1995,28,UNC,https://www.basketball-reference.com/players/p/pinsoth01.html,pinsoth01,1995,28,4
Oliver Miller,Oliver Miller,1993,2004,C,9-Jun,280,4/6/1970,6/4/1970,1970,34,Arkansas,https://www.basketball-reference.com/players/m/milleol01.html,milleol01,1970,34,11
Theron Smith,Theron Smith,2004,2005,F,8-Jun,225,10/3/1980,3/10/1980,1980,25,Ball State University,https://www.basketball-reference.com/players/s/smithth01.html,smithth01,1980,25,1
Thomas Bryant,Thomas Bryant,2018,2025,C,10-Jun,248,7/31/1997,31/7/1997,1997,28,Indiana,https://www.basketball-reference.com/players/b/bryanth01.html,bryanth01,1997,28,7
Thomas Gardner,Thomas Gardner,2008,2009,G,5-Jun,225,2/8/1985,8/2/1985,1985,24,Missouri,https://www.basketball-reference.com/players/g/gardnth01.html,gardnth01,1985,24,1
Thomas Hamilton,Thomas Hamilton,1996,2000,C,2-Jul,330,4/3/1975,3/4/1975,1975,25,Pitt,https://www.basketball-reference.com/players/h/hamilth01.html,hamilth01,1975,25,4
Thomas Jordan,Thomas Jordan,1993,1993,F-C,10-Jun,220,5/23/1968,23/5/1968,1968,25,Oklahoma State,https://www.basketball-reference.com/players/j/jordath01.html,jordath01,1968,25,0
Thomas Robinson,Thomas Robinson,2013,2017,F,10-Jun,237,3/17/1991,17/3/1991,1991,26,Kansas,https://www.basketball-reference.com/players/r/robinth01.html,robinth01,1991,26,4
Thomas Welsh,Thomas Welsh,2019,2019,C,Jul-00,255,2/3/1996,3/2/1996,1996,23,UCLA,https://www.basketball-reference.com/players/w/welshth01.html,welshth01,1996,23,0
Thon Maker,Thon Maker,2017,2021,F-C,Jul-00,221,2/25/1997,25/2/1997,1997,24,,https://www.basketball-reference.com/players/m/makerth01.html,makerth01,1997,24,4
Othella Harrington,Othella Harrington,1997,2008,F-C,9-Jun,235,1/31/1974,31/1/1974,1974,34,Georgetown,https://www.basketball-reference.com/players/h/harriot01.html,harriot01,1974,34,11
Tiago Splitter,Tiago Splitter,2011,2017,F-C,11-Jun,245,1/1/1985,1/1/1985,1985,32,,https://www.basketball-reference.com/players/s/splitti01.html,splitti01,1985,32,6
Tibor Pleiß,Tibor Pleiß,2016,2016,C,3-Jul,256,11/2/1989,2/11/1989,1989,27,,https://www.basketball-reference.com/players/p/pleisti01.html,pleisti01,1989,27,0
Ticky Burden,Ticky Burden,1976,1978,G,2-Jun,185,2/28/1953,28/2/1953,1953,25,Utah,https://www.basketball-reference.com/players/b/burdeti01.html,burdeti01,1953,25,2
Tidjane Salaün,Tidjane Salaün,2025,2025,F,9-Jun,207,8/10/2005,10/8/2005,2005,20,,https://www.basketball-reference.com/players/s/salauti01.html,salauti01,2005,20,0
Tierre Brown,Tierre Brown,2002,2005,G,2-Jun,189,6/3/1979,3/6/1979,1979,26,McNeese State University,https://www.basketball-reference.com/players/b/brownti01.html,brownti01,1979,26,3
Tim Bassett,Tim Bassett,1974,1980,F-C,8-Jun,225,4/1/1951,1/4/1951,1951,29,"College of Southern Idaho, Georgia",https://www.basketball-reference.com/players/b/basseti01.html,basseti01,1951,29,6
Tim Breaux,Tim Breaux,1995,1998,F,7-Jun,215,9/19/1970,19/9/1970,1970,28,Wyoming,https://www.basketball-reference.com/players/b/breauti01.html,breauti01,1970,28,3
Otis Birdsong,Otis Birdsong,1978,1989,G,3-Jun,190,12/9/1955,9/12/1955,1955,34,Houston,https://www.basketball-reference.com/players/b/birdsot01.html,birdsot01,1955,34,11
Tim Frazier,Tim Frazier,2015,2022,G,Jun-00,170,11/1/1990,1/11/1990,1990,32,Penn State,https://www.basketball-reference.com/players/f/fraziti01.html,fraziti01,1990,32,7
Tim Hardaway Jr.,Tim Hardaway Jr.,2014,2025,G,5-Jun,205,3/16/1992,16/3/1992,1992,33,Michigan,https://www.basketball-reference.com/players/h/hardati02.html,hardati02,1992,33,11
Pat Burke,Pat Burke,2003,2007,C-F,11-Jun,250,12/14/1973,14/12/1973,1973,34,Auburn,https://www.basketball-reference.com/players/b/burkepa01.html,burkepa01,1973,34,4
Tim James,Tim James,2000,2002,F,7-Jun,212,12/26/1976,26/12/1976,1976,26,Miami (FL),https://www.basketball-reference.com/players/j/jamesti01.html,jamesti01,1976,26,2
Paul Arizin*,Paul Arizin,1951,1962,F-G,4-Jun,190,4/9/1928,9/4/1928,1928,34,Villanova,https://www.basketball-reference.com/players/a/arizipa01.html,arizipa01,1928,34,11
Paul Mokeski,Paul Mokeski,1980,1991,C-F,Jul-00,250,1/3/1957,3/1/1957,1957,34,Kansas,https://www.basketball-reference.com/players/m/mokespa01.html,mokespa01,1957,34,11
Tim McCormick,Tim McCormick,1985,1992,C,11-Jun,240,3/10/1962,10/3/1962,1962,30,Michigan,https://www.basketball-reference.com/players/m/mccorti01.html,mccorti01,1962,30,7
Tim Ohlbrecht,Tim Ohlbrecht,2013,2013,C,11-Jun,255,8/30/1988,30/8/1988,1988,25,,https://www.basketball-reference.com/players/o/ohlbrti01.html,ohlbrti01,1988,25,0
Tim Perry,Tim Perry,1989,1996,F-C,9-Jun,200,6/4/1965,4/6/1965,1965,31,Temple,https://www.basketball-reference.com/players/p/perryti01.html,perryti01,1965,31,7
Tim Quarterman,Tim Quarterman,2017,2018,G,6-Jun,195,10/27/1994,27/10/1994,1994,24,LSU,https://www.basketball-reference.com/players/q/quartti01.html,quartti01,1994,24,1
Tim Thomas,Tim Thomas,1998,2010,F,10-Jun,230,2/26/1977,26/2/1977,1977,33,Villanova,https://www.basketball-reference.com/players/t/thomati01.html,thomati01,1977,33,12
Tim Young,Tim Young,2000,2000,C,Jul-00,220,2/6/1976,6/2/1976,1976,24,Stanford,https://www.basketball-reference.com/players/y/youngti01.html,youngti01,1976,24,0
Timmy Allen,Timmy Allen,2024,2024,F,6-Jun,210,1/9/2000,9/1/2000,2000,24,"Utah, Texas",https://www.basketball-reference.com/players/a/allenti01.html,allenti01,2000,24,0
Timofey Mozgov,Timofey Mozgov,2011,2018,C,1-Jul,275,7/16/1986,16/7/1986,1986,32,,https://www.basketball-reference.com/players/m/mozgoti01.html,mozgoti01,1986,32,7
Timothé Luwawu-Cabarrot,Timothé Luwawu-Cabarrot,2017,2022,F,7-Jun,220,5/9/1995,9/5/1995,1995,27,,https://www.basketball-reference.com/players/l/luwawti01.html,luwawti01,1995,27,5
Paul Westphal*,Paul Westphal,1973,1984,G,4-Jun,195,11/30/1950,30/11/1950,1950,34,USC,https://www.basketball-reference.com/players/w/westppa01.html,westppa01,1950,34,11
Tito Horford,Tito Horford,1989,1994,C,1-Jul,245,1/19/1966,19/1/1966,1966,28,Miami (FL),https://www.basketball-reference.com/players/h/horfoti01.html,horfoti01,1966,28,5
Tito Maddox,Tito Maddox,2003,2003,G,4-Jun,190,6/7/1981,7/6/1981,1981,22,Fresno State,https://www.basketball-reference.com/players/m/maddoti01.html,maddoti01,1981,22,0
Tobias Harris,Tobias Harris,2012,2025,F,8-Jun,226,7/15/1992,15/7/1992,1992,33,Tennessee,https://www.basketball-reference.com/players/h/harrito02.html,harrito02,1992,33,13
Toby Bailey,Toby Bailey,1999,2000,G,6-Jun,213,11/19/1975,19/11/1975,1975,25,UCLA,https://www.basketball-reference.com/players/b/baileto01.html,baileto01,1975,25,1
Toby Kimball,Toby Kimball,1967,1975,F-C,6-Jun,220,9/7/1942,7/9/1942,1942,33,UConn,https://www.basketball-reference.com/players/k/kimbato01.html,kimbato01,1942,33,8
Toby Knight,Toby Knight,1978,1982,F,9-Jun,210,5/3/1955,3/5/1955,1955,27,Notre Dame,https://www.basketball-reference.com/players/k/knighto01.html,knighto01,1955,27,4
Tod Murphy,Tod Murphy,1988,1994,C-F,9-Jun,220,12/24/1963,24/12/1963,1963,31,"University of California, Irvine",https://www.basketball-reference.com/players/m/murphto01.html,murphto01,1963,31,6
Todd Day,Todd Day,1993,2001,G-F,6-Jun,188,1/7/1970,7/1/1970,1970,31,Arkansas,https://www.basketball-reference.com/players/d/dayto01.html,dayto01,1970,31,8
Todd Fuller,Todd Fuller,1997,2001,C,11-Jun,255,7/25/1974,25/7/1974,1974,27,NC State,https://www.basketball-reference.com/players/f/fulleto02.html,fulleto02,1974,27,4
Todd Lichti,Todd Lichti,1990,1994,G-F,4-Jun,205,1/8/1967,8/1/1967,1967,27,Stanford,https://www.basketball-reference.com/players/l/lichtto01.html,lichtto01,1967,27,4
Todd MacCulloch,Todd MacCulloch,2000,2003,C,Jul-00,280,1/27/1976,27/1/1976,1976,27,Washington,https://www.basketball-reference.com/players/m/maccuto01.html,maccuto01,1976,27,3
Todd Mitchell,Todd Mitchell,1989,1989,F,7-Jun,205,7/26/1966,26/7/1966,1966,23,Purdue,https://www.basketball-reference.com/players/m/mitchto01.html,mitchto01,1966,23,0
Todd Mundt,Todd Mundt,1996,1996,C,Jul-00,250,5/17/1970,17/5/1970,1970,26,"Memphis, Delta State University",https://www.basketball-reference.com/players/m/mundtto01.html,mundtto01,1970,26,0
Togo Palazzi,Togo Palazzi,1955,1960,F-G,4-Jun,205,8/8/1932,8/8/1932,1932,28,Holy Cross,https://www.basketball-reference.com/players/p/palazto01.html,palazto01,1932,28,5
Tom Abernethy,Tom Abernethy,1977,1981,F,7-Jun,220,5/6/1954,6/5/1954,1954,27,Indiana,https://www.basketball-reference.com/players/a/abernto01.html,abernto01,1954,27,4
Tom Barker,Tom Barker,1977,1979,C-F,11-Jun,225,3/11/1955,11/3/1955,1955,24,"Minnesota, College of Southern Idaho, Hawaii",https://www.basketball-reference.com/players/b/barketo01.html,barketo01,1955,24,2
Tom Black,Tom Black,1971,1971,C,10-Jun,220,7/9/1941,9/7/1941,1941,30,South Dakota State,https://www.basketball-reference.com/players/b/blackto01.html,blackto01,1941,30,0
Tom Boerwinkle,Tom Boerwinkle,1969,1978,C,Jul-00,265,8/23/1945,23/8/1945,1945,33,Tennessee,https://www.basketball-reference.com/players/b/boerwto01.html,boerwto01,1945,33,9
Tom Boswell,Tom Boswell,1976,1984,F-C,9-Jun,220,10/2/1953,2/10/1953,1953,31,"South Carolina State, South Carolina",https://www.basketball-reference.com/players/b/bosweto01.html,bosweto01,1953,31,8
Tom Brennan,Tom Brennan,1955,1955,F,3-Jun,195,8/6/1930,6/8/1930,1930,25,Villanova,https://www.basketball-reference.com/players/b/brennto01.html,brennto01,1930,25,0
Tom Burleson,Tom Burleson,1975,1981,C,2-Jul,225,2/24/1952,24/2/1952,1952,29,NC State,https://www.basketball-reference.com/players/b/burleto01.html,burleto01,1952,29,6
Tom Callahan,Tom Callahan,1947,1947,G,1-Jun,180,6/2/1921,2/6/1921,1921,26,Rockhurst University,https://www.basketball-reference.com/players/c/callato01.html,callato01,1921,26,0
Peja Stojaković,Peja Stojaković,1999,2011,F,10-Jun,229,6/9/1977,9/6/1977,1977,34,,https://www.basketball-reference.com/players/s/stojape01.html,stojape01,1977,34,12
Tom Copa,Tom Copa,1992,1992,C,10-Jun,275,10/30/1964,30/10/1964,1964,28,Marquette,https://www.basketball-reference.com/players/c/copato01.html,copato01,1964,28,0
Tom Garrick,Tom Garrick,1989,1992,G,2-Jun,185,7/7/1966,7/7/1966,1966,26,Rhode Island,https://www.basketball-reference.com/players/g/garrito01.html,garrito01,1966,26,3
Tom Gola*,Tom Gola,1956,1966,G-F,6-Jun,205,1/13/1933,13/1/1933,1933,33,La Salle,https://www.basketball-reference.com/players/g/golato01.html,golato01,1933,33,10
Pervis Ellison,Pervis Ellison,1990,2001,F-C,9-Jun,210,4/3/1967,3/4/1967,1967,34,Louisville,https://www.basketball-reference.com/players/e/ellispe01.html,ellispe01,1967,34,11
Tom Hagan,Tom Hagan,1970,1971,G,3-Jun,185,1/29/1947,29/1/1947,1947,24,Vanderbilt,https://www.basketball-reference.com/players/h/haganto01.html,haganto01,1947,24,1
Popeye Jones,Popeye Jones,1994,2004,F,8-Jun,250,6/17/1970,17/6/1970,1970,34,Murray State,https://www.basketball-reference.com/players/j/jonespo01.html,jonespo01,1970,34,10
Tom Hawkins,Tom Hawkins,1960,1969,F,5-Jun,210,12/22/1936,22/12/1936,1936,33,Notre Dame,https://www.basketball-reference.com/players/h/hawkito01.html,hawkito01,1936,33,9
Tom Heinsohn*,Tom Heinsohn,1957,1965,F-C,7-Jun,218,8/26/1934,26/8/1934,1934,31,Holy Cross,https://www.basketball-reference.com/players/h/heinsto01.html,heinsto01,1934,31,8
Tom Henderson,Tom Henderson,1975,1983,G,3-Jun,190,1/26/1952,26/1/1952,1952,31,Hawaii,https://www.basketball-reference.com/players/h/hendeto01.html,hendeto01,1952,31,8
Tom Hoover,Tom Hoover,1964,1969,C,9-Jun,230,1/23/1941,23/1/1941,1941,28,Villanova,https://www.basketball-reference.com/players/h/hooveto01.html,hooveto01,1941,28,5
Tom Hovasse,Tom Hovasse,1995,1995,F,8-Jun,205,1/31/1967,31/1/1967,1967,28,Penn State,https://www.basketball-reference.com/players/h/hovasto01.html,hovasto01,1967,28,0
Tom Ingelsby,Tom Ingelsby,1974,1976,G,3-Jun,180,2/12/1951,12/2/1951,1951,25,Villanova,https://www.basketball-reference.com/players/i/ingelto01.html,ingelto01,1951,25,2
Tom Kelly,Tom Kelly,1949,1949,G,Jun-00,170,3/5/1924,5/3/1924,1924,25,NYU,https://www.basketball-reference.com/players/k/kellyto01.html,kellyto01,1924,25,0
Tom Kerwin,Tom Kerwin,1968,1968,F,7-Jun,210,7/19/1944,19/7/1944,1944,24,Centenary (LA),https://www.basketball-reference.com/players/k/kerwito01.html,kerwito01,1944,24,0
Tom King,Tom King,1947,1947,G,Jun-00,165,3/9/1924,9/3/1924,1924,23,Michigan,https://www.basketball-reference.com/players/k/kingto01.html,kingto01,1924,23,0
Tom Kondla,Tom Kondla,1969,1969,C,8-Jun,225,11/30/1946,30/11/1946,1946,23,Minnesota,https://www.basketball-reference.com/players/k/kondlto01.html,kondlto01,1946,23,0
Tom Kozelko,Tom Kozelko,1974,1976,F,8-Jun,220,7/1/1951,1/7/1951,1951,25,Toledo,https://www.basketball-reference.com/players/k/kozelto01.html,kozelto01,1951,25,2
Tom Kropp,Tom Kropp,1976,1977,G,3-Jun,205,2/12/1953,12/2/1953,1953,24,University of Nebraska at Kearney,https://www.basketball-reference.com/players/k/kroppto01.html,kroppto01,1953,24,1
Tom LaGarde,Tom LaGarde,1978,1985,C-F,10-Jun,220,2/10/1955,10/2/1955,1955,30,UNC,https://www.basketball-reference.com/players/l/lagarto01.html,lagarto01,1955,30,7
Tom Marshall,Tom Marshall,1955,1959,F-G,4-Jun,215,1/6/1931,6/1/1931,1931,28,Western Kentucky,https://www.basketball-reference.com/players/m/marshto01.html,marshto01,1931,28,4
Rafer Alston,Rafer Alston,2000,2010,G,2-Jun,171,7/24/1976,24/7/1976,1976,34,Fresno State,https://www.basketball-reference.com/players/a/alstora01.html,alstora01,1976,34,10
Tom Meschery,Tom Meschery,1962,1971,F,6-Jun,215,10/26/1938,26/10/1938,1938,33,Saint Mary's,https://www.basketball-reference.com/players/m/meschto01.html,meschto01,1938,33,9
Randy Breuer,Randy Breuer,1984,1994,C,3-Jul,230,10/11/1960,11/10/1960,1960,34,Minnesota,https://www.basketball-reference.com/players/b/breuera01.html,breuera01,1960,34,10
Tom Patterson,Tom Patterson,1973,1974,F,6-Jun,220,10/15/1948,15/10/1948,1948,26,Ouachita Baptist University,https://www.basketball-reference.com/players/p/patteto01.html,patteto01,1948,26,1
Tom Payne,Tom Payne,1972,1972,C,2-Jul,240,11/19/1950,19/11/1950,1950,22,Kentucky,https://www.basketball-reference.com/players/p/payneto01.html,payneto01,1950,22,0
Tom Piotrowski,Tom Piotrowski,1984,1984,C,1-Jul,240,10/17/1960,17/10/1960,1960,24,La Salle,https://www.basketball-reference.com/players/p/piotrto01.html,piotrto01,1960,24,0
Tom Riker,Tom Riker,1973,1975,C-F,10-Jun,225,2/28/1950,28/2/1950,1950,25,South Carolina,https://www.basketball-reference.com/players/r/rikerto01.html,rikerto01,1950,25,2
Randy Foye,Randy Foye,2007,2017,G,4-Jun,213,9/24/1983,24/9/1983,1983,34,Villanova,https://www.basketball-reference.com/players/f/foyera01.html,foyera01,1983,34,10
Tom Scheffler,Tom Scheffler,1985,1985,C,11-Jun,240,10/27/1954,27/10/1954,1954,31,Purdue,https://www.basketball-reference.com/players/s/schefto01.html,schefto01,1954,31,0
Tom Sewell,Tom Sewell,1985,1985,G,5-Jun,185,3/11/1962,11/3/1962,1962,23,Lamar,https://www.basketball-reference.com/players/s/sewelto01.html,sewelto01,1962,23,0
Tom Sluby,Tom Sluby,1985,1985,G,4-Jun,200,2/18/1962,18/2/1962,1962,23,Notre Dame,https://www.basketball-reference.com/players/s/slubyto01.html,slubyto01,1962,23,0
Tom Stith,Tom Stith,1963,1963,F,5-Jun,210,1/21/1939,21/1/1939,1939,24,St. Bonaventure,https://www.basketball-reference.com/players/s/stithto01.html,stithto01,1939,24,0
Tom Thacker,Tom Thacker,1964,1971,G-F,2-Jun,170,11/2/1939,2/11/1939,1939,32,Cincinnati,https://www.basketball-reference.com/players/t/thackto01.html,thackto01,1939,32,7
Tom Tolbert,Tom Tolbert,1989,1995,F-C,7-Jun,235,10/16/1965,16/10/1965,1965,30,"University of California, Irvine, Arizona",https://www.basketball-reference.com/players/t/tolbeto01.html,tolbeto01,1965,30,6
Rasho Nesterović,Rasho Nesterović,1999,2010,C,Jul-00,248,5/30/1976,30/5/1976,1976,34,,https://www.basketball-reference.com/players/n/nestera01.html,nestera01,1976,34,11
Tom Workman,Tom Workman,1968,1971,F-C,7-Jun,218,11/14/1944,14/11/1944,1944,27,Seattle University,https://www.basketball-reference.com/players/w/workmto01.html,workmto01,1944,27,3
Tomáš Satoranský,Tomáš Satoranský,2017,2022,G,7-Jun,210,10/30/1991,30/10/1991,1991,31,,https://www.basketball-reference.com/players/s/satorto01.html,satorto01,1991,31,5
Tommie Bowens,Tommie Bowens,1968,1970,F-C,8-Jun,220,7/7/1940,7/7/1940,1940,30,Grambling State University,https://www.basketball-reference.com/players/b/bowento01.html,bowento01,1940,30,2
Tommie Green,Tommie Green,1979,1979,G,2-Jun,185,4/8/1956,8/4/1956,1956,23,Southern University and A&M College,https://www.basketball-reference.com/players/g/greento01.html,greento01,1956,23,0
Tommy Byrnes,Tommy Byrnes,1947,1951,F-G,3-Jun,175,2/19/1923,19/2/1923,1923,28,Seton Hall,https://www.basketball-reference.com/players/b/byrneto01.html,byrneto01,1923,28,4
Tommy Kearns,Tommy Kearns,1959,1959,G,11-May,185,10/6/1936,6/10/1936,1936,23,UNC,https://www.basketball-reference.com/players/k/kearnto01.html,kearnto01,1936,23,0
Tommy Kron,Tommy Kron,1967,1970,G,5-Jun,200,2/28/1943,28/2/1943,1943,27,Kentucky,https://www.basketball-reference.com/players/k/kronto01.html,kronto01,1943,27,3
Tommy O'Keefe,Tommy O'Keefe,1951,1951,G,2-Jun,185,6/3/1928,3/6/1928,1928,23,Georgetown,https://www.basketball-reference.com/players/o/okeefto01.html,okeefto01,1928,23,0
Tommy Woods,Tommy Woods,1968,1968,F,7-Jun,210,6/10/1943,10/6/1943,1943,25,East Tennessee State University,https://www.basketball-reference.com/players/w/woodsto01.html,woodsto01,1943,25,0
Toney Douglas,Toney Douglas,2010,2017,G,2-Jun,195,3/16/1986,16/3/1986,1986,31,"Auburn, Florida State",https://www.basketball-reference.com/players/d/douglto01.html,douglto01,1986,31,7
Ray Scott,Ray Scott,1962,1972,F-C,9-Jun,215,7/12/1938,12/7/1938,1938,34,"New York City College of Technology, University of Portland",https://www.basketball-reference.com/players/s/scottra01.html,scottra01,1938,34,10
Red Holzman*,Red Holzman,1949,1954,G,10-May,175,8/10/1920,10/8/1920,1920,34,City College of New York,https://www.basketball-reference.com/players/h/holzmre01.html,holzmre01,1920,34,5
Red Kerr,Red Kerr,1955,1966,C-F,9-Jun,230,7/17/1932,17/7/1932,1932,34,Illinois,https://www.basketball-reference.com/players/k/kerrre01.html,kerrre01,1932,34,11
Tony Bennett,Tony Bennett,1993,1995,G,Jun-00,175,6/1/1969,1/6/1969,1969,26,Green Bay,https://www.basketball-reference.com/players/b/benneto01.html,benneto01,1969,26,2
Tony Bobbitt,Tony Bobbitt,2005,2005,G,4-Jun,190,10/22/1979,22/10/1979,1979,26,Cincinnati,https://www.basketball-reference.com/players/b/bobbito01.html,bobbito01,1979,26,0
Tony Bradley,Tony Bradley,2018,2023,F-C,10-Jun,248,1/8/1998,8/1/1998,1998,25,UNC,https://www.basketball-reference.com/players/b/bradlto01.html,bradlto01,1998,25,5
Tony Brown,Tony Brown,1985,1992,F-G,6-Jun,185,7/29/1960,29/7/1960,1960,32,Arkansas,https://www.basketball-reference.com/players/b/brownto01.html,brownto01,1960,32,7
Tony Campbell,Tony Campbell,1985,1995,F-G,7-Jun,215,5/7/1962,7/5/1962,1962,33,Ohio State,https://www.basketball-reference.com/players/c/campbto01.html,campbto01,1962,33,10
Tony Dawson,Tony Dawson,1991,1995,F,7-Jun,215,8/25/1967,25/8/1967,1967,28,Florida State,https://www.basketball-reference.com/players/d/dawsoto01.html,dawsoto01,1967,28,4
Tony Delk,Tony Delk,1997,2006,G,1-Jun,189,1/28/1974,28/1/1974,1974,32,Kentucky,https://www.basketball-reference.com/players/d/delkto01.html,delkto01,1974,32,9
Tony Dumas,Tony Dumas,1995,1998,G,6-Jun,190,8/25/1972,25/8/1972,1972,26,Missouri-Kansas City,https://www.basketball-reference.com/players/d/dumasto01.html,dumasto01,1972,26,3
Tony Farmer,Tony Farmer,1998,2000,F,9-Jun,244,1/3/1970,3/1/1970,1970,30,"San Jose State, Nebraska",https://www.basketball-reference.com/players/f/farmeto01.html,farmeto01,1970,30,2
Tony Fuller,Tony Fuller,1981,1981,G,4-Jun,180,9/4/1958,4/9/1958,1958,23,"Vincennes University, Pepperdine",https://www.basketball-reference.com/players/f/fulleto01.html,fulleto01,1958,23,0
Tony Harris,Tony Harris,1991,1995,G,3-Jun,190,5/13/1967,13/5/1967,1967,28,"Lamar, New Orleans",https://www.basketball-reference.com/players/h/harrito01.html,harrito01,1967,28,4
Tony Jackson,Tony Jackson,1981,1981,G,Jun-00,170,1/17/1958,17/1/1958,1958,23,Florida State,https://www.basketball-reference.com/players/j/jacksto02.html,jacksto02,1958,23,0
Tony Jackson,Tony Jackson,1968,1969,F-G,4-Jun,200,11/7/1942,7/11/1942,1942,27,St. John's,https://www.basketball-reference.com/players/j/jacksto01.html,jacksto01,1942,27,1
Tony Jaros,Tony Jaros,1947,1951,F-G,3-Jun,185,2/22/1920,22/2/1920,1920,31,Minnesota,https://www.basketball-reference.com/players/j/jarosto01.html,jarosto01,1920,31,4
Tony Kappen,Tony Kappen,1947,1947,G,10-May,165,4/13/1919,13/4/1919,1919,28,,https://www.basketball-reference.com/players/k/kappeto01.html,kappeto01,1919,28,0
Tony Koski,Tony Koski,1969,1969,F,8-Jun,215,6/26/1946,26/6/1946,1946,23,Providence,https://www.basketball-reference.com/players/k/koskito01.html,koskito01,1946,23,0
Tony Lavelli,Tony Lavelli,1950,1951,F,3-Jun,185,7/11/1926,11/7/1926,1926,25,Yale,https://www.basketball-reference.com/players/l/lavelto01.html,lavelto01,1926,25,1
Red Rocha,Red Rocha,1948,1957,C-F,9-Jun,185,9/18/1923,18/9/1923,1923,34,Oregon State,https://www.basketball-reference.com/players/r/rochare01.html,rochare01,1923,34,9
Tony Mitchell,Tony Mitchell,2014,2014,F,8-Jun,235,4/7/1992,7/4/1992,1992,22,University of North Texas,https://www.basketball-reference.com/players/m/mitchto02.html,mitchto02,1992,22,0
Tony Mitchell,Tony Mitchell,2014,2014,F,6-Jun,216,8/7/1989,7/8/1989,1989,25,Alabama,https://www.basketball-reference.com/players/m/mitchto03.html,mitchto03,1989,25,0
Reggie Theus,Reggie Theus,1979,1991,G,6-Jun,190,10/13/1957,13/10/1957,1957,34,UNLV,https://www.basketball-reference.com/players/t/theusre01.html,theusre01,1957,34,12
Tony Price,Tony Price,1981,1981,G,6-Jun,190,1/5/1957,5/1/1957,1957,24,Penn,https://www.basketball-reference.com/players/p/priceto01.html,priceto01,1957,24,0
Tony Robertson,Tony Robertson,1978,1979,G,4-Jun,195,1/1/1956,1/1/1956,1956,23,West Virginia,https://www.basketball-reference.com/players/r/roberto01.html,roberto01,1956,23,1
Tony Smith,Tony Smith,1991,2001,G,3-Jun,185,6/14/1968,14/6/1968,1968,33,Marquette,https://www.basketball-reference.com/players/s/smithto02.html,smithto02,1968,33,10
Tony Snell,Tony Snell,2014,2022,G-F,6-Jun,213,11/10/1991,10/11/1991,1991,31,New Mexico,https://www.basketball-reference.com/players/s/snellto01.html,snellto01,1991,31,8
Tony White,Tony White,1988,1988,G,2-Jun,170,2/15/1965,15/2/1965,1965,23,Tennessee,https://www.basketball-reference.com/players/w/whiteto01.html,whiteto01,1965,23,0
Tony Windis,Tony Windis,1960,1960,G,1-Jun,160,1/27/1933,27/1/1933,1933,27,Wyoming,https://www.basketball-reference.com/players/w/windito01.html,windito01,1933,27,0
Tony Wroten,Tony Wroten,2013,2016,G,6-Jun,205,4/13/1993,13/4/1993,1993,23,Washington,https://www.basketball-reference.com/players/w/wroteto01.html,wroteto01,1993,23,3
Tony Zeno,Tony Zeno,1980,1980,F,8-Jun,210,10/1/1957,1/10/1957,1957,23,Arizona State,https://www.basketball-reference.com/players/z/zenoto01.html,zenoto01,1957,23,0
Torgeir Bryn,Torgeir Bryn,1990,1990,C,9-Jun,250,8/8/1964,8/8/1964,1964,26,Texas State University,https://www.basketball-reference.com/players/b/brynto01.html,brynto01,1964,26,0
Tornike Shengelia,Tornike Shengelia,2013,2014,F,9-Jun,217,10/5/1991,5/10/1991,1991,23,,https://www.basketball-reference.com/players/s/shengto01.html,shengto01,1991,23,1
Torraye Braggs,Torraye Braggs,2004,2005,F,8-Jun,245,5/15/1976,15/5/1976,1976,29,Xavier,https://www.basketball-reference.com/players/b/braggto01.html,braggto01,1976,29,1
Rick Brunson,Rick Brunson,1998,2006,G,4-Jun,190,6/14/1972,14/6/1972,1972,34,Temple,https://www.basketball-reference.com/players/b/brunsri01.html,brunsri01,1972,34,8
Tosan Evbuomwan,Tosan Evbuomwan,2024,2025,F,8-Jun,219,2/16/2001,16/2/2001,2001,24,Princeton,https://www.basketball-reference.com/players/e/evbuoto01.html,evbuoto01,2001,24,1
Toumani Camara,Toumani Camara,2024,2025,F,8-Jun,220,5/8/2000,8/5/2000,2000,25,Dayton,https://www.basketball-reference.com/players/c/camarto01.html,camarto01,2000,25,1
Toure' Murry,Toure' Murry,2014,2015,G-F,5-Jun,195,11/8/1989,8/11/1989,1989,26,Wichita State,https://www.basketball-reference.com/players/m/murryto01.html,murryto01,1989,26,1
Tracy Jackson,Tracy Jackson,1982,1984,G-F,6-Jun,205,4/21/1959,21/4/1959,1959,25,Notre Dame,https://www.basketball-reference.com/players/j/jackstr01.html,jackstr01,1959,25,2
Tracy McGrady*,Tracy McGrady,1998,2012,G-F,8-Jun,210,5/24/1979,24/5/1979,1979,33,,https://www.basketball-reference.com/players/m/mcgratr01.html,mcgratr01,1979,33,14
Tracy Moore,Tracy Moore,1992,1997,G-F,4-Jun,200,12/28/1965,28/12/1965,1965,32,Tulsa,https://www.basketball-reference.com/players/m/mooretr01.html,mooretr01,1965,32,5
Tracy Murray,Tracy Murray,1993,2004,F,7-Jun,225,7/25/1971,25/7/1971,1971,33,UCLA,https://www.basketball-reference.com/players/m/murratr01.html,murratr01,1971,33,11
Trae Young,Trae Young,2019,2025,G,1-Jun,164,9/19/1998,19/9/1998,1998,27,Oklahoma,https://www.basketball-reference.com/players/y/youngtr01.html,youngtr01,1998,27,6
Trajan Langdon,Trajan Langdon,2000,2002,G,3-Jun,197,5/13/1976,13/5/1976,1976,26,Duke,https://www.basketball-reference.com/players/l/langdtr01.html,langdtr01,1976,26,2
Travis Best,Travis Best,1996,2005,G,11-May,182,7/12/1972,12/7/1972,1972,33,Georgia Tech,https://www.basketball-reference.com/players/b/besttr01.html,besttr01,1972,33,9
Travis Diener,Travis Diener,2006,2010,G,1-Jun,175,3/1/1982,1/3/1982,1982,28,Marquette,https://www.basketball-reference.com/players/d/dienetr01.html,dienetr01,1982,28,4
Travis Grant,Travis Grant,1973,1976,F,7-Jun,215,1/1/1950,1/1/1950,1950,26,Kentucky State University,https://www.basketball-reference.com/players/g/granttr01.html,granttr01,1950,26,3
Travis Hansen,Travis Hansen,2004,2004,G,6-Jun,205,4/15/1978,15/4/1978,1978,26,"Utah Valley, BYU",https://www.basketball-reference.com/players/h/hansetr01.html,hansetr01,1978,26,0
Travis Knight,Travis Knight,1997,2003,C,Jul-00,235,9/13/1974,13/9/1974,1974,29,UConn,https://www.basketball-reference.com/players/k/knightr01.html,knightr01,1974,29,6
Travis Leslie,Travis Leslie,2012,2012,G,4-Jun,205,3/29/1990,29/3/1990,1990,22,Georgia,https://www.basketball-reference.com/players/l/leslitr01.html,leslitr01,1990,22,0
Travis Mays,Travis Mays,1991,1993,G,2-Jun,190,6/19/1968,19/6/1968,1968,25,Texas,https://www.basketball-reference.com/players/m/maystr01.html,maystr01,1968,25,2
Travis Outlaw,Travis Outlaw,2004,2014,F,9-Jun,210,9/18/1984,18/9/1984,1984,30,,https://www.basketball-reference.com/players/o/outlatr01.html,outlatr01,1984,30,10
Travis Wear,Travis Wear,2015,2018,F,10-Jun,230,9/21/1990,21/9/1990,1990,28,"UNC, UCLA",https://www.basketball-reference.com/players/w/weartr01.html,weartr01,1990,28,3
Travis Williams,Travis Williams,1998,1999,F,6-Jun,215,5/27/1969,27/5/1969,1969,30,South Carolina State,https://www.basketball-reference.com/players/w/willitr01.html,willitr01,1969,30,1
Trayce Jackson-Davis,Trayce Jackson-Davis,2024,2025,F,9-Jun,245,2/22/2000,22/2/2000,2000,25,Indiana,https://www.basketball-reference.com/players/j/jackstr02.html,jackstr02,2000,25,1
Trayvon Palmer,Trayvon Palmer,2022,2022,G,6-Jun,200,11/13/1994,13/11/1994,1994,28,"North Dakota State College of Science, Chicago State",https://www.basketball-reference.com/players/p/palmetr01.html,palmetr01,1994,28,0
Tre Jones,Tre Jones,2021,2025,G,1-Jun,185,1/8/2000,8/1/2000,2000,25,Duke,https://www.basketball-reference.com/players/j/jonestr01.html,jonestr01,2000,25,4
Tre Mann,Tre Mann,2022,2025,G,3-Jun,178,2/3/2001,3/2/2001,2001,24,Florida,https://www.basketball-reference.com/players/m/manntr01.html,manntr01,2001,24,3
Tre Scott,Tre Scott,2022,2022,F,8-Jun,225,11/25/1996,25/11/1996,1996,26,Cincinnati,https://www.basketball-reference.com/players/s/scotttr01.html,scotttr01,1996,26,0
Rik Smits,Rik Smits,1989,2000,C,4-Jul,250,8/23/1966,23/8/1966,1966,34,Marist College,https://www.basketball-reference.com/players/s/smitsri01.html,smitsri01,1966,34,11
Tremaine Fowlkes,Tremaine Fowlkes,2002,2005,F,8-Jun,220,4/11/1976,11/4/1976,1976,29,"California, Fresno State",https://www.basketball-reference.com/players/f/fowlktr01.html,fowlktr01,1976,29,3
Tremont Waters,Tremont Waters,2020,2022,G,10-May,175,1/10/1998,10/1/1998,1998,24,LSU,https://www.basketball-reference.com/players/w/watertr01.html,watertr01,1998,24,2
Trendon Watford,Trendon Watford,2022,2025,F,9-Jun,240,11/9/2000,9/11/2000,2000,25,LSU,https://www.basketball-reference.com/players/w/watfotr01.html,watfotr01,2000,25,3
Trent Forrest,Trent Forrest,2021,2024,G,4-Jun,210,6/12/1998,12/6/1998,1998,26,Florida State,https://www.basketball-reference.com/players/f/forretr01.html,forretr01,1998,26,3
Robert Covington,Robert Covington,2014,2024,F-C,7-Jun,209,12/14/1990,14/12/1990,1990,34,Tennessee State,https://www.basketball-reference.com/players/c/covinro01.html,covinro01,1990,34,10
Trenton Hassell,Trenton Hassell,2002,2010,G,5-Jun,200,3/4/1979,4/3/1979,1979,31,Austin Peay State University,https://www.basketball-reference.com/players/h/hassetr01.html,hassetr01,1979,31,8
Trentyn Flowers,Trentyn Flowers,2025,2025,G-F,7-Jun,185,3/8/2005,8/3/2005,2005,20,,https://www.basketball-reference.com/players/f/flowetr01.html,flowetr01,2005,20,0
Trevelin Queen,Trevelin Queen,2022,2025,G,6-Jun,190,2/25/1997,25/2/1997,1997,28,"College of Marin, New Mexico Military Institute, New Mexico State",https://www.basketball-reference.com/players/q/queentr01.html,queentr01,1997,28,3
Treveon Graham,Treveon Graham,2017,2020,G,5-Jun,219,10/28/1993,28/10/1993,1993,27,VCU,https://www.basketball-reference.com/players/g/grahatr01.html,grahatr01,1993,27,3
Trevon Duval,Trevon Duval,2019,2019,G,2-Jun,189,8/3/1998,3/8/1998,1998,21,Duke,https://www.basketball-reference.com/players/d/duvaltr01.html,duvaltr01,1998,21,0
Rodney Rogers,Rodney Rogers,1994,2005,F,7-Jun,235,6/20/1971,20/6/1971,1971,34,Wake Forest,https://www.basketball-reference.com/players/r/rogerro01.html,rogerro01,1971,34,11
Trevor Booker,Trevor Booker,2011,2018,F,8-Jun,228,11/25/1987,25/11/1987,1987,31,Clemson,https://www.basketball-reference.com/players/b/booketr01.html,booketr01,1987,31,7
Trevor Hudgins,Trevor Hudgins,2023,2023,G,Jun-00,180,3/23/1999,23/3/1999,1999,24,Northwest Missouri State University,https://www.basketball-reference.com/players/h/hudgitr01.html,hudgitr01,1999,24,0
Trevor Keels,Trevor Keels,2023,2023,G,5-Jun,221,8/26/2003,26/8/2003,2003,20,Duke,https://www.basketball-reference.com/players/k/keelstr01.html,keelstr01,2003,20,0
Trevor Ruffin,Trevor Ruffin,1995,1996,G,1-Jun,185,9/26/1970,26/9/1970,1970,26,Hawaii,https://www.basketball-reference.com/players/r/ruffitr01.html,ruffitr01,1970,26,1
Trevor Wilson,Trevor Wilson,1991,1996,F,7-Jun,210,3/16/1968,16/3/1968,1968,28,UCLA,https://www.basketball-reference.com/players/w/wilsotr01.html,wilsotr01,1968,28,5
Trevor Winter,Trevor Winter,1999,1999,C,Jul-00,275,1/7/1974,7/1/1974,1974,25,Minnesota,https://www.basketball-reference.com/players/w/wintetr01.html,wintetr01,1974,25,0
Trey Alexander,Trey Alexander,2025,2025,G,4-Jun,185,5/2/2003,2/5/2003,2003,22,Creighton,https://www.basketball-reference.com/players/a/alexatr01.html,alexatr01,2003,22,0
Trey Burke,Trey Burke,2014,2022,G,Jun-00,185,11/12/1992,12/11/1992,1992,30,Michigan,https://www.basketball-reference.com/players/b/burketr01.html,burketr01,1992,30,8
Trey Gilder,Trey Gilder,2010,2010,F,9-Jun,185,1/24/1985,24/1/1985,1985,25,"McNeese State University, Northwestern State University",https://www.basketball-reference.com/players/g/gildetr01.html,gildetr01,1985,25,0
Trey Jemison,Trey Jemison,2024,2025,C,11-Jun,260,11/28/1999,28/11/1999,1999,26,"Clemson, UAB",https://www.basketball-reference.com/players/j/jemistr01.html,jemistr01,1999,26,1
Trey Johnson,Trey Johnson,2009,2012,G,5-Jun,218,8/30/1984,30/8/1984,1984,28,"Alcorn State, Jackson State University",https://www.basketball-reference.com/players/j/johnstr01.html,johnstr01,1984,28,3
Trey Lyles,Trey Lyles,2016,2025,F,9-Jun,234,11/5/1995,5/11/1995,1995,30,Kentucky,https://www.basketball-reference.com/players/l/lylestr01.html,lylestr01,1995,30,9
Trey McKinney-Jones,Trey McKinney-Jones,2018,2018,G,5-Jun,214,8/27/1990,27/8/1990,1990,28,"Missouri-Kansas City, Miami (FL)",https://www.basketball-reference.com/players/m/mckintr01.html,mckintr01,1990,28,0
Trey Murphy III,Trey Murphy III,2022,2025,F,8-Jun,206,6/18/2000,18/6/2000,2000,25,"Rice University, Virginia",https://www.basketball-reference.com/players/m/murphtr02.html,murphtr02,2000,25,3
Trey Thompkins,Trey Thompkins,2012,2012,F,10-Jun,245,5/20/1990,20/5/1990,1990,22,Georgia,https://www.basketball-reference.com/players/t/thomptr02.html,thomptr02,1990,22,0
Tristan Da Silva,Tristan Da Silva,2025,2025,F,8-Jun,217,5/15/2001,15/5/2001,2001,24,Colorado,https://www.basketball-reference.com/players/d/dasiltr01.html,dasiltr01,2001,24,0
Roger Mason,Roger Mason,2003,2014,G,5-Jun,200,9/10/1980,10/9/1980,1980,34,Virginia,https://www.basketball-reference.com/players/m/masonro01.html,masonro01,1980,34,11
Tristan Vukcevic,Tristan Vukcevic,2024,2025,F-C,10-Jun,223,3/11/2003,11/3/2003,2003,22,,https://www.basketball-reference.com/players/v/vukcetr01.html,vukcetr01,2003,22,1
Tristen Newton,Tristen Newton,2025,2025,G,5-Jun,190,4/26/2001,26/4/2001,2001,24,"East Carolina University, UConn",https://www.basketball-reference.com/players/n/newtotr01.html,newtotr01,2001,24,0
Trooper Washington,Trooper Washington,1968,1973,F-C,7-Jun,215,4/21/1944,21/4/1944,1944,29,Cheyney (PA),https://www.basketball-reference.com/players/w/washitr01.html,washitr01,1944,29,5
Troy Bell,Troy Bell,2004,2004,G,1-Jun,180,11/10/1980,10/11/1980,1980,24,Boston College,https://www.basketball-reference.com/players/b/belltr01.html,belltr01,1980,24,0
Troy Brown Jr.,Troy Brown Jr.,2019,2024,G-F,6-Jun,215,7/28/1999,28/7/1999,1999,25,Oregon,https://www.basketball-reference.com/players/b/browntr01.html,browntr01,1999,25,5
Troy Caupain,Troy Caupain,2019,2019,G,4-Jun,210,11/29/1995,29/11/1995,1995,24,Cincinnati,https://www.basketball-reference.com/players/c/caupatr01.html,caupatr01,1995,24,0
Troy Daniels,Troy Daniels,2014,2020,G,4-Jun,200,7/15/1991,15/7/1991,1991,29,VCU,https://www.basketball-reference.com/players/d/danietr01.html,danietr01,1991,29,6
Troy Hudson,Troy Hudson,1998,2008,G,1-Jun,170,3/13/1976,13/3/1976,1976,32,"Missouri, Southern Illinois",https://www.basketball-reference.com/players/h/hudsotr01.html,hudsotr01,1976,32,10
Troy Murphy,Troy Murphy,2002,2013,F-C,11-Jun,245,5/2/1980,2/5/1980,1980,33,Notre Dame,https://www.basketball-reference.com/players/m/murphtr01.html,murphtr01,1980,33,11
Troy Williams,Troy Williams,2017,2019,F,7-Jun,218,12/30/1994,30/12/1994,1994,25,Indiana,https://www.basketball-reference.com/players/w/willitr02.html,willitr02,1994,25,2
Ronnie Price,Ronnie Price,2006,2017,G,2-Jun,190,6/21/1983,21/6/1983,1983,34,"Nicholls State, Utah Valley",https://www.basketball-reference.com/players/p/pricero01.html,pricero01,1983,34,11
Ty Jerome,Ty Jerome,2020,2025,G,5-Jun,195,7/8/1997,8/7/1997,1997,28,Virginia,https://www.basketball-reference.com/players/j/jeromty01.html,jeromty01,1997,28,5
Ty Lawson,Ty Lawson,2010,2017,G,11-May,195,11/3/1987,3/11/1987,1987,30,UNC,https://www.basketball-reference.com/players/l/lawsoty01.html,lawsoty01,1987,30,7
Tyler Bey,Tyler Bey,2021,2021,F,7-Jun,215,2/10/1998,10/2/1998,1998,23,Colorado,https://www.basketball-reference.com/players/b/beyty01.html,beyty01,1998,23,0
Tyler Cavanaugh,Tyler Cavanaugh,2018,2019,F,9-Jun,238,2/9/1994,9/2/1994,1994,25,George Washington,https://www.basketball-reference.com/players/c/cavanty01.html,cavanty01,1994,25,1
Tyler Cook,Tyler Cook,2020,2022,F,8-Jun,255,9/23/1997,23/9/1997,1997,25,Iowa,https://www.basketball-reference.com/players/c/cookty01.html,cookty01,1997,25,2
Tyler Davis,Tyler Davis,2019,2019,C,10-Jun,266,5/22/1997,22/5/1997,1997,22,Texas A&M,https://www.basketball-reference.com/players/d/davisty01.html,davisty01,1997,22,0
Tyler Dorsey,Tyler Dorsey,2018,2023,G,5-Jun,183,2/18/1996,18/2/1996,1996,27,Oregon,https://www.basketball-reference.com/players/d/dorsety01.html,dorsety01,1996,27,5
Tyler Ennis,Tyler Ennis,2015,2018,G,3-Jun,194,8/24/1994,24/8/1994,1994,24,Syracuse,https://www.basketball-reference.com/players/e/ennisty01.html,ennisty01,1994,24,3
Tyler Hall,Tyler Hall,2022,2022,G,5-Jun,209,3/25/1997,25/3/1997,1997,25,Montana State,https://www.basketball-reference.com/players/h/hallty01.html,hallty01,1997,25,0
Tyler Hansbrough,Tyler Hansbrough,2010,2016,F,9-Jun,250,11/3/1985,3/11/1985,1985,31,UNC,https://www.basketball-reference.com/players/h/hansbty01.html,hansbty01,1985,31,6
Tyler Herro,Tyler Herro,2020,2025,G,5-Jun,195,1/20/2000,20/1/2000,2000,25,Kentucky,https://www.basketball-reference.com/players/h/herroty01.html,herroty01,2000,25,5
Tyler Honeycutt,Tyler Honeycutt,2012,2013,F,8-Jun,188,7/15/1990,15/7/1990,1990,23,UCLA,https://www.basketball-reference.com/players/h/honeyty01.html,honeyty01,1990,23,1
Tyler Johnson,Tyler Johnson,2015,2022,G,3-Jun,186,5/7/1992,7/5/1992,1992,30,Fresno State,https://www.basketball-reference.com/players/j/johnsty01.html,johnsty01,1992,30,7
Tyler Kolek,Tyler Kolek,2025,2025,G,1-Jun,195,3/27/2001,27/3/2001,2001,24,"George Mason, Marquette",https://www.basketball-reference.com/players/k/kolekty01.html,kolekty01,2001,24,0
Tyler Lydon,Tyler Lydon,2018,2019,F,10-Jun,225,4/9/1996,9/4/1996,1996,23,Syracuse,https://www.basketball-reference.com/players/l/lydonty01.html,lydonty01,1996,23,1
Tyler Smith,Tyler Smith,2025,2025,F,11-Jun,224,11/2/2004,2/11/2004,2004,21,,https://www.basketball-reference.com/players/s/smithty02.html,smithty02,2004,21,0
Tyler Ulis,Tyler Ulis,2017,2019,G,10-May,160,1/5/1996,5/1/1996,1996,23,Kentucky,https://www.basketball-reference.com/players/u/ulisty01.html,ulisty01,1996,23,2
Tyler Zeller,Tyler Zeller,2013,2020,F-C,Jul-00,253,1/17/1990,17/1/1990,1990,30,UNC,https://www.basketball-reference.com/players/z/zellety01.html,zellety01,1990,30,7
Tyreke Evans,Tyreke Evans,2010,2019,G-F,6-Jun,220,9/19/1989,19/9/1989,1989,30,Memphis,https://www.basketball-reference.com/players/e/evansty01.html,evansty01,1989,30,9
Tyrell Terry,Tyrell Terry,2021,2022,G,2-Jun,160,9/28/2000,28/9/2000,2000,22,Stanford,https://www.basketball-reference.com/players/t/terryty01.html,terryty01,2000,22,1
Tyrese Haliburton,Tyrese Haliburton,2021,2025,G,5-Jun,185,2/29/2000,29/2/2000,2000,25,Iowa State,https://www.basketball-reference.com/players/h/halibty01.html,halibty01,2000,25,4
Tyrese Martin,Tyrese Martin,2023,2025,G,6-Jun,215,3/7/1999,7/3/1999,1999,26,"Rhode Island, UConn",https://www.basketball-reference.com/players/m/martity01.html,martity01,1999,26,2
Tyrese Maxey,Tyrese Maxey,2021,2025,G,2-Jun,200,11/4/2000,4/11/2000,2000,25,Kentucky,https://www.basketball-reference.com/players/m/maxeyty01.html,maxeyty01,2000,25,4
Tyrone Britt,Tyrone Britt,1968,1968,G,4-Jun,190,4/18/1944,18/4/1944,1944,24,Johnson C. Smith University,https://www.basketball-reference.com/players/b/brittty01.html,brittty01,1944,24,0
Rony Seikaly,Rony Seikaly,1989,1999,C,11-Jun,230,5/10/1965,10/5/1965,1965,34,Syracuse,https://www.basketball-reference.com/players/s/seikaro01.html,seikaro01,1965,34,10
Rory Sparrow,Rory Sparrow,1981,1992,G,2-Jun,175,6/12/1958,12/6/1958,1958,34,Villanova,https://www.basketball-reference.com/players/s/sparrro01.html,sparrro01,1958,34,11
Tyrone Nesby,Tyrone Nesby,1999,2002,F,6-Jun,225,1/31/1976,31/1/1976,1976,26,"Vincennes University, UNLV",https://www.basketball-reference.com/players/n/nesbyty01.html,nesbyty01,1976,26,3
Tyrone Wallace,Tyrone Wallace,2018,2022,G,5-Jun,198,6/10/1994,10/6/1994,1994,28,California,https://www.basketball-reference.com/players/w/wallaty01.html,wallaty01,1994,28,4
Tyronn Lue,Tyronn Lue,1999,2009,G,Jun-00,175,5/3/1977,3/5/1977,1977,32,Nebraska,https://www.basketball-reference.com/players/l/luety01.html,luety01,1977,32,10
Tyrus Thomas,Tyrus Thomas,2007,2015,F,9-Jun,215,8/17/1986,17/8/1986,1986,29,LSU,https://www.basketball-reference.com/players/t/thomaty01.html,thomaty01,1986,29,8
Tyshawn Taylor,Tyshawn Taylor,2013,2014,G,3-Jun,185,4/12/1990,12/4/1990,1990,24,Kansas,https://www.basketball-reference.com/players/t/tayloty01.html,tayloty01,1990,24,1
Ty-Shon Alexander,Ty-Shon Alexander,2021,2021,G,3-Jun,195,7/16/1998,16/7/1998,1998,23,Creighton,https://www.basketball-reference.com/players/a/alexaty01.html,alexaty01,1998,23,0
Sam Bowie,Sam Bowie,1985,1995,C-F,1-Jul,235,3/17/1961,17/3/1961,1961,34,Kentucky,https://www.basketball-reference.com/players/b/bowiesa01.html,bowiesa01,1961,34,10
Tyson Wheeler,Tyson Wheeler,1999,1999,G,10-May,165,10/8/1975,8/10/1975,1975,24,Rhode Island,https://www.basketball-reference.com/players/w/wheelty01.html,wheelty01,1975,24,0
TyTy Washington Jr.,TyTy Washington Jr.,2023,2025,G,3-Jun,197,11/15/2001,15/11/2001,2001,24,Kentucky,https://www.basketball-reference.com/players/w/washity02.html,washity02,2001,24,2
Tyus Edney,Tyus Edney,1996,2001,G,10-May,152,2/14/1973,14/2/1973,1973,28,UCLA,https://www.basketball-reference.com/players/e/edneyty01.html,edneyty01,1973,28,5
Tyus Jones,Tyus Jones,2016,2025,G,1-Jun,196,5/10/1996,10/5/1996,1996,29,Duke,https://www.basketball-reference.com/players/j/jonesty01.html,jonesty01,1996,29,9
Udoka Azubuike,Udoka Azubuike,2021,2024,C,10-Jun,280,9/17/1999,17/9/1999,1999,25,Kansas,https://www.basketball-reference.com/players/a/azubuud01.html,azubuud01,1999,25,3
Samuel Dalembert,Samuel Dalembert,2002,2015,C,11-Jun,255,5/10/1981,10/5/1981,1981,34,Seton Hall,https://www.basketball-reference.com/players/d/dalemsa01.html,dalemsa01,1981,34,13
Ulrich Chomche,Ulrich Chomche,2025,2025,F-C,10-Jun,235,12/30/2005,30/12/2005,2005,20,,https://www.basketball-reference.com/players/c/chomcul01.html,chomcul01,2005,20,0
Uroš Slokar,Uroš Slokar,2007,2007,F,10-Jun,238,5/14/1983,14/5/1983,1983,24,,https://www.basketball-reference.com/players/s/slokaur01.html,slokaur01,1983,24,0
Usman Garuba,Usman Garuba,2022,2024,F,8-Jun,220,3/9/2002,9/3/2002,2002,22,,https://www.basketball-reference.com/players/g/garubus01.html,garubus01,2002,22,2
Uwe Blab,Uwe Blab,1986,1990,C,1-Jul,252,3/26/1962,26/3/1962,1962,28,Indiana,https://www.basketball-reference.com/players/b/blabuw01.html,blabuw01,1962,28,4
Vander Blue,Vander Blue,2014,2018,G,4-Jun,200,7/17/1992,17/7/1992,1992,26,Marquette,https://www.basketball-reference.com/players/b/blueva01.html,blueva01,1992,26,4
Vann Williford,Vann Williford,1971,1971,F,6-Jun,195,1/26/1948,26/1/1948,1948,23,NC State,https://www.basketball-reference.com/players/w/williva01.html,williva01,1948,23,0
Vasilije Micić,Vasilije Micić,2024,2025,G,5-Jun,200,1/13/1994,13/1/1994,1994,31,,https://www.basketball-reference.com/players/m/micicva01.html,micicva01,1994,31,1
Vassilis Spanoulis,Vassilis Spanoulis,2007,2007,G,4-Jun,195,8/7/1982,7/8/1982,1982,25,,https://www.basketball-reference.com/players/s/spanova01.html,spanova01,1982,25,0
Vítor Luiz Faverani,Vítor Luiz Faverani,2014,2014,C,11-Jun,260,5/5/1988,5/5/1988,1988,26,,https://www.basketball-reference.com/players/f/favervi01.html,favervi01,1988,26,0
Serge Ibaka,Serge Ibaka,2010,2023,F-C,11-Jun,235,9/18/1989,18/9/1989,1989,34,,https://www.basketball-reference.com/players/i/ibakase01.html,ibakase01,1989,34,13
Vern Gardner,Vern Gardner,1950,1952,F-C,5-Jun,200,5/14/1925,14/5/1925,1925,27,Utah,https://www.basketball-reference.com/players/g/gardnve01.html,gardnve01,1925,27,2
Vern Hatton,Vern Hatton,1959,1962,G,3-Jun,195,1/13/1936,13/1/1936,1936,26,Kentucky,https://www.basketball-reference.com/players/h/hattove01.html,hattove01,1936,26,3
Vern Mikkelsen*,Vern Mikkelsen,1950,1959,F-C,7-Jun,230,10/21/1928,21/10/1928,1928,31,Hamline University,https://www.basketball-reference.com/players/m/mikkeve01.html,mikkeve01,1928,31,9
Vernon Carey Jr.,Vernon Carey Jr.,2021,2023,C,9-Jun,270,2/25/2001,25/2/2001,2001,22,Duke,https://www.basketball-reference.com/players/c/careyve01.html,careyve01,2001,22,2
Vernon Macklin,Vernon Macklin,2012,2012,F,10-Jun,227,9/20/1986,20/9/1986,1986,26,"Georgetown, Florida",https://www.basketball-reference.com/players/m/macklve01.html,macklve01,1986,26,0
Shane Heal,Shane Heal,1997,2004,G,Jun-00,180,9/6/1970,6/9/1970,1970,34,,https://www.basketball-reference.com/players/h/healsh01.html,healsh01,1970,34,7
Vester Marshall,Vester Marshall,1974,1974,F,7-Jun,200,12/22/1948,22/12/1948,1948,26,Oklahoma,https://www.basketball-reference.com/players/m/marshve01.html,marshve01,1948,26,0
Viacheslav Kravtsov,Viacheslav Kravtsov,2013,2014,C,Jul-00,260,8/25/1987,25/8/1987,1987,27,,https://www.basketball-reference.com/players/k/kravtvi01.html,kravtvi01,1987,27,1
Vic Bartolome,Vic Bartolome,1972,1972,C,Jul-00,230,9/29/1948,29/9/1948,1948,24,Oregon State,https://www.basketball-reference.com/players/b/bartovi01.html,bartovi01,1948,24,0
Vic Law,Vic Law,2020,2020,F,7-Jun,200,12/19/1995,19/12/1995,1995,25,Northwestern,https://www.basketball-reference.com/players/l/lawvi01.html,lawvi01,1995,25,0
Victor Alexander,Victor Alexander,1992,2002,C-F,9-Jun,265,8/31/1969,31/8/1969,1969,33,Iowa State,https://www.basketball-reference.com/players/a/alexavi01.html,alexavi01,1969,33,10
Victor Claver,Victor Claver,2013,2015,F,9-Jun,224,8/30/1988,30/8/1988,1988,27,,https://www.basketball-reference.com/players/c/clavevi01.html,clavevi01,1988,27,2
Victor Oladipo,Victor Oladipo,2014,2023,G,3-Jun,213,5/4/1992,4/5/1992,1992,31,Indiana,https://www.basketball-reference.com/players/o/oladivi01.html,oladivi01,1992,31,9
Victor Wembanyama,Victor Wembanyama,2024,2025,C-F,3-Jul,235,1/4/2004,4/1/2004,2004,21,,https://www.basketball-reference.com/players/w/wembavi01.html,wembavi01,2004,21,1
Viktor Khryapa,Viktor Khryapa,2005,2008,F,9-Jun,210,8/3/1982,3/8/1982,1982,26,,https://www.basketball-reference.com/players/k/khryavi01.html,khryavi01,1982,26,3
Shaun Livingston,Shaun Livingston,2005,2019,G,7-Jun,192,9/11/1985,11/9/1985,1985,34,,https://www.basketball-reference.com/players/l/livinsh01.html,livinsh01,1985,34,14
Vince Boryla,Vince Boryla,1950,1954,F,5-Jun,210,3/11/1927,11/3/1927,1927,27,"Notre Dame, Denver",https://www.basketball-reference.com/players/b/borylvi01.html,borylvi01,1927,27,4
Shawn Kemp,Shawn Kemp,1990,2003,F-C,10-Jun,230,11/26/1969,26/11/1969,1969,34,"Trinity Valley CC, Kentucky",https://www.basketball-reference.com/players/k/kempsh01.html,kempsh01,1969,34,13
Vince Edwards,Vince Edwards,2019,2019,F,8-Jun,225,4/5/1996,5/4/1996,1996,23,Purdue,https://www.basketball-reference.com/players/e/edwarvi01.html,edwarvi01,1996,23,0
Vince Hunter,Vince Hunter,2018,2018,F,8-Jun,208,8/5/1994,5/8/1994,1994,24,Texas-El Paso,https://www.basketball-reference.com/players/h/huntevi01.html,huntevi01,1994,24,0
Vince Taylor,Vince Taylor,1983,1983,G-F,5-Jun,180,9/11/1960,11/9/1960,1960,23,Duke,https://www.basketball-reference.com/players/t/taylovi01.html,taylovi01,1960,23,0
Vince Williams Jr.,Vince Williams Jr.,2023,2025,F,4-Jun,205,8/30/2000,30/8/2000,2000,25,VCU,https://www.basketball-reference.com/players/w/willivi01.html,willivi01,2000,25,2
Vincent Askew,Vincent Askew,1988,1998,G-F,6-Jun,210,2/28/1966,28/2/1966,1966,32,Memphis,https://www.basketball-reference.com/players/a/askewvi01.html,askewvi01,1966,32,10
Vincent Poirier,Vincent Poirier,2020,2021,C,Jul-00,235,10/17/1993,17/10/1993,1993,28,,https://www.basketball-reference.com/players/p/poirivi01.html,poirivi01,1993,28,1
Vincent Yarbrough,Vincent Yarbrough,2003,2003,G-F,7-Jun,210,3/21/1981,21/3/1981,1981,22,Tennessee,https://www.basketball-reference.com/players/y/yarbrvi01.html,yarbrvi01,1981,22,0
Vincenzo Esposito,Vincenzo Esposito,1996,1996,G,3-Jun,198,3/1/1969,1/3/1969,1969,27,,https://www.basketball-reference.com/players/e/esposvi01.html,esposvi01,1969,27,0
Sidney Moncrief*,Sidney Moncrief,1980,1991,G,4-Jun,180,9/21/1957,21/9/1957,1957,34,Arkansas,https://www.basketball-reference.com/players/m/moncrsi01.html,moncrsi01,1957,34,11
Spencer Haywood*,Spencer Haywood,1970,1983,F-C,8-Jun,225,4/22/1949,22/4/1949,1949,34,"Trinidad State Junior College, Detroit Mercy",https://www.basketball-reference.com/players/h/haywosp01.html,haywosp01,1949,34,13
Virgil Vaughn,Virgil Vaughn,1947,1947,F-C,4-Jun,205,5/15/1918,15/5/1918,1918,29,Western Kentucky,https://www.basketball-reference.com/players/v/vaughvi01.html,vaughvi01,1918,29,0
Vit Krejci,Vit Krejci,2022,2025,G,8-Jun,195,6/19/2000,19/6/2000,2000,25,,https://www.basketball-reference.com/players/k/krejcvi01.html,krejcvi01,2000,25,3
Vitaly Potapenko,Vitaly Potapenko,1997,2007,C,10-Jun,280,3/21/1975,21/3/1975,1975,32,Wright State University,https://www.basketball-reference.com/players/p/potapvi01.html,potapvi01,1975,32,10
Steve Hawes,Steve Hawes,1975,1984,C-F,9-Jun,220,5/26/1950,26/5/1950,1950,34,Washington,https://www.basketball-reference.com/players/h/hawesst01.html,hawesst01,1950,34,9
Vladimir Radmanović,Vladimir Radmanović,2002,2013,F,10-Jun,227,11/19/1980,19/11/1980,1980,33,,https://www.basketball-reference.com/players/r/radmavl01.html,radmavl01,1980,33,11
Vladimir Stepania,Vladimir Stepania,1999,2004,C,Jul-00,236,5/8/1976,8/5/1976,1976,28,,https://www.basketball-reference.com/players/s/stepavl01.html,stepavl01,1976,28,5
Vlatko Čančar,Vlatko Čančar,2020,2025,F,8-Jun,236,4/10/1997,10/4/1997,1997,28,,https://www.basketball-reference.com/players/c/cancavl01.html,cancavl01,1997,28,5
Voise Winters,Voise Winters,1986,1986,F,8-Jun,200,10/12/1962,12/10/1962,1962,24,Bradley,https://www.basketball-reference.com/players/w/wintevo01.html,wintevo01,1962,24,0
Von Wafer,Von Wafer,2006,2012,G,5-Jun,210,7/21/1985,21/7/1985,1985,27,Florida State,https://www.basketball-reference.com/players/w/wafervo01.html,wafervo01,1985,27,6
Vonteego Cummings,Vonteego Cummings,2000,2002,G,3-Jun,185,2/29/1976,29/2/1976,1976,26,Pitt,https://www.basketball-reference.com/players/c/cummivo01.html,cummivo01,1976,26,2
Voshon Lenard,Voshon Lenard,1996,2006,G,4-Jun,205,5/14/1973,14/5/1973,1973,33,Minnesota,https://www.basketball-reference.com/players/l/lenarvo01.html,lenarvo01,1973,33,10
Wade Baldwin,Wade Baldwin,2017,2019,G,4-Jun,200,3/29/1996,29/3/1996,1996,23,Vanderbilt,https://www.basketball-reference.com/players/b/baldwwa01.html,baldwwa01,1996,23,2
Wah Wah Jones,Wah Wah Jones,1950,1952,F,4-Jun,225,7/14/1926,14/7/1926,1926,26,Kentucky,https://www.basketball-reference.com/players/j/joneswa01.html,joneswa01,1926,26,2
Steve Johnson,Steve Johnson,1982,1991,C-F,10-Jun,235,11/3/1957,3/11/1957,1957,34,Oregon State,https://www.basketball-reference.com/players/j/johnsst03.html,johnsst03,1957,34,9
Walker Banks,Walker Banks,1971,1971,C,10-Jun,205,8/26/1947,26/8/1947,1947,24,Western Kentucky,https://www.basketball-reference.com/players/b/bankswa01.html,bankswa01,1947,24,0
Walker Kessler,Walker Kessler,2023,2025,C,Jul-00,245,7/26/2001,26/7/2001,2001,24,"UNC, Auburn",https://www.basketball-reference.com/players/k/kesslwa01.html,kesslwa01,2001,24,2
Walker Russell,Walker Russell,1983,1988,G,5-Jun,195,10/26/1960,26/10/1960,1960,28,"Houston, Western Michigan",https://www.basketball-reference.com/players/r/russewa01.html,russewa01,1960,28,5
Walker Russell,Walker Russell,2012,2012,G,Jun-00,170,10/6/1982,6/10/1982,1982,30,Jacksonville State University,https://www.basketball-reference.com/players/r/russewa02.html,russewa02,1982,30,0
Wallace Bryant,Wallace Bryant,1984,1986,C,Jul-00,245,7/14/1959,14/7/1959,1959,27,San Francisco,https://www.basketball-reference.com/players/b/bryanwa01.html,bryanwa01,1959,27,2
Wally Anderzunas,Wally Anderzunas,1970,1970,C-F,7-Jun,220,1/11/1946,11/1/1946,1946,24,Creighton,https://www.basketball-reference.com/players/a/anderwa01.html,anderwa01,1946,24,0
Wally Osterkorn,Wally Osterkorn,1952,1955,F-C,5-Jun,215,7/6/1928,6/7/1928,1928,27,Illinois,https://www.basketball-reference.com/players/o/osterwa01.html,osterwa01,1928,27,3
Wally Rank,Wally Rank,1981,1981,F-G,6-Jun,220,3/1/1958,1/3/1958,1958,23,San Jose State,https://www.basketball-reference.com/players/r/rankwa01.html,rankwa01,1958,23,0
Wally Szczerbiak,Wally Szczerbiak,2000,2009,F,7-Jun,244,3/5/1977,5/3/1977,1977,32,Miami University,https://www.basketball-reference.com/players/s/szczewa02.html,szczewa02,1977,32,9
Wally Walker,Wally Walker,1977,1984,F,7-Jun,190,7/18/1954,18/7/1954,1954,30,Virginia,https://www.basketball-reference.com/players/w/walkewa01.html,walkewa01,1954,30,7
Steve Jones,Steve Jones,1968,1976,G-F,5-Jun,205,10/17/1942,17/10/1942,1942,34,Oregon,https://www.basketball-reference.com/players/j/jonesst01.html,jonesst01,1942,34,8
Walt Budko,Walt Budko,1949,1952,F-C,5-Jun,220,7/30/1925,30/7/1925,1925,27,Columbia University,https://www.basketball-reference.com/players/b/budkowa01.html,budkowa01,1925,27,3
Walt Byrd,Walt Byrd,1970,1970,F,7-Jun,205,NA,NA,#VALUE!,#VALUE!,Temple,https://www.basketball-reference.com/players/b/byrdwa01.html,byrdwa01,NA,#VALUE!,0
Walt Davis,Walt Davis,1954,1958,C-F,8-Jun,205,1/5/1931,5/1/1931,1931,27,Texas A&M,https://www.basketball-reference.com/players/d/daviswa01.html,daviswa01,1931,27,4
Steve Novak,Steve Novak,2007,2017,F,10-Jun,225,6/13/1983,13/6/1983,1983,34,Marquette,https://www.basketball-reference.com/players/n/novakst01.html,novakst01,1983,34,10
Walt Gilmore,Walt Gilmore,1971,1971,F,6-Jun,225,2/27/1947,27/2/1947,1947,24,Fort Valley State University,https://www.basketball-reference.com/players/g/gilmowa01.html,gilmowa01,1947,24,0
Walt Hazzard,Walt Hazzard,1965,1974,G,2-Jun,185,4/15/1942,15/4/1942,1942,32,UCLA,https://www.basketball-reference.com/players/a/abdulma01.html,abdulma01,1942,32,9
Walt Kirk,Walt Kirk,1949,1952,G-F,3-Jun,173,9/3/1924,3/9/1924,1924,28,Illinois,https://www.basketball-reference.com/players/k/kirkwa01.html,kirkwa01,1924,28,3
Walt Lautenbach,Walt Lautenbach,1950,1950,G-F,2-Jun,185,11/17/1922,17/11/1922,1922,28,Wisconsin,https://www.basketball-reference.com/players/l/lautewa01.html,lautewa01,1922,28,0
Walt Lemon Jr.,Walt Lemon Jr.,2018,2019,G,3-Jun,180,7/26/1992,26/7/1992,1992,27,Bradley,https://www.basketball-reference.com/players/l/lemonwa01.html,lemonwa01,1992,27,1
Walt Miller,Walt Miller,1947,1947,F,2-Jun,190,7/20/1915,20/7/1915,1915,32,Duquesne,https://www.basketball-reference.com/players/m/millewa01.html,millewa01,1915,32,0
Walt Piatkowski,Walt Piatkowski,1969,1972,F,8-Jun,220,6/11/1945,11/6/1945,1945,27,Bowling Green,https://www.basketball-reference.com/players/p/piatkwa01.html,piatkwa01,1945,27,3
Swen Nater,Swen Nater,1974,1984,C,11-Jun,240,1/14/1950,14/1/1950,1950,34,"Cypress College, UCLA",https://www.basketball-reference.com/players/n/natersw01.html,natersw01,1950,34,10
Walt Szczerbiak,Walt Szczerbiak,1972,1972,F,6-Jun,210,8/21/1949,21/8/1949,1949,23,George Washington,https://www.basketball-reference.com/players/s/szczewa01.html,szczewa01,1949,23,0
Walt Wesley,Walt Wesley,1967,1976,C,11-Jun,220,1/25/1945,25/1/1945,1945,31,Kansas,https://www.basketball-reference.com/players/w/weslewa01.html,weslewa01,1945,31,9
Walt Williams,Walt Williams,1993,2003,F-G,8-Jun,219,4/16/1970,16/4/1970,1970,33,Maryland,https://www.basketball-reference.com/players/w/williwa02.html,williwa02,1970,33,10
Walter Berry,Walter Berry,1987,1989,F,8-Jun,215,5/14/1964,14/5/1964,1964,25,St. John's,https://www.basketball-reference.com/players/b/berrywa01.html,berrywa01,1964,25,2
Walter Bond,Walter Bond,1993,1995,G,5-Jun,200,2/1/1969,1/2/1969,1969,26,Minnesota,https://www.basketball-reference.com/players/b/bondwa01.html,bondwa01,1969,26,2
Terry Davis,Terry Davis,1990,2001,F-C,9-Jun,225,6/17/1967,17/6/1967,1967,34,Virginia Union University,https://www.basketball-reference.com/players/d/daviste01.html,daviste01,1967,34,11
Walter Dukes,Walter Dukes,1956,1963,C,Jul-00,220,6/23/1930,23/6/1930,1930,33,Seton Hall,https://www.basketball-reference.com/players/d/dukeswa01.html,dukeswa01,1930,33,7
Walter Herrmann,Walter Herrmann,2007,2009,F,9-Jun,225,6/26/1979,26/6/1979,1979,30,,https://www.basketball-reference.com/players/h/herrmwa01.html,herrmwa01,1979,30,2
Walter Jordan,Walter Jordan,1981,1981,F,7-Jun,198,2/19/1956,19/2/1956,1956,25,Purdue,https://www.basketball-reference.com/players/j/jordawa01.html,jordawa01,1956,25,0
Walter McCarty,Walter McCarty,1997,2006,F,10-Jun,230,2/1/1974,1/2/1974,1974,32,Kentucky,https://www.basketball-reference.com/players/m/mccarwa01.html,mccarwa01,1974,32,9
Walter Palmer,Walter Palmer,1991,1993,C-F,1-Jul,215,10/23/1968,23/10/1968,1968,25,Dartmouth College,https://www.basketball-reference.com/players/p/palmewa01.html,palmewa01,1968,25,2
Walter Sharpe,Walter Sharpe,2009,2009,F,9-Jun,245,7/18/1986,18/7/1986,1986,23,"Mississippi State, UAB",https://www.basketball-reference.com/players/s/sharpwa01.html,sharpwa01,1986,23,0
Wang Zhizhi,Wang Zhizhi,2001,2005,C,Jul-00,255,7/8/1977,8/7/1977,1977,28,,https://www.basketball-reference.com/players/z/zhizhwa01.html,zhizhwa01,1977,28,4
Ward Williams,Ward Williams,1949,1949,F,4-Jun,195,6/26/1923,26/6/1923,1923,26,Indiana,https://www.basketball-reference.com/players/w/williwa01.html,williwa01,1923,26,0
Wardell Jackson,Wardell Jackson,1975,1975,F,7-Jun,200,7/18/1951,18/7/1951,1951,24,Ohio State,https://www.basketball-reference.com/players/j/jackswa01.html,jackswa01,1951,24,0
Warren Davis,Warren Davis,1968,1973,F-C,6-Jun,212,6/30/1943,30/6/1943,1943,30,North Carolina A&T,https://www.basketball-reference.com/players/d/daviswa02.html,daviswa02,1943,30,5
Warren Fenley,Warren Fenley,1947,1947,F,3-Jun,190,2/8/1922,8/2/1922,1922,25,Manhattan College,https://www.basketball-reference.com/players/f/fenlewa01.html,fenlewa01,1922,25,0
Warren Jabali,Warren Jabali,1969,1975,G-F,2-Jun,200,8/29/1946,29/8/1946,1946,29,Wichita State,https://www.basketball-reference.com/players/j/jabalwa01.html,jabalwa01,1946,29,6
Warren Kidd,Warren Kidd,1994,1994,F,9-Jun,235,9/9/1970,9/9/1970,1970,24,Middle Tennessee,https://www.basketball-reference.com/players/k/kiddwa01.html,kiddwa01,1970,24,0
Warren Perkins,Warren Perkins,1950,1951,G-F,3-Jun,190,2/2/1922,2/2/1922,1922,29,Tulane,https://www.basketball-reference.com/players/p/perkiwa01.html,perkiwa01,1922,29,1
Wat Misaka,Wat Misaka,1948,1948,G,7-May,150,12/21/1923,21/12/1923,1923,25,"Weber State, Utah",https://www.basketball-reference.com/players/m/misakwa01.html,misakwa01,1923,25,0
Wayman Britt,Wayman Britt,1978,1978,G,2-Jun,185,8/31/1952,31/8/1952,1952,26,Michigan,https://www.basketball-reference.com/players/b/brittwa01.html,brittwa01,1952,26,0
Wayman Tisdale,Wayman Tisdale,1986,1997,F-C,9-Jun,240,6/9/1964,9/6/1964,1964,33,Oklahoma,https://www.basketball-reference.com/players/t/tisdawa01.html,tisdawa01,1964,33,11
Wayne Chapman,Wayne Chapman,1969,1972,G-F,6-Jun,190,6/15/1945,15/6/1945,1945,27,Western Kentucky,https://www.basketball-reference.com/players/c/chapmwa01.html,chapmwa01,1945,27,3
Terry Mills,Terry Mills,1991,2001,F,10-Jun,230,12/21/1967,21/12/1967,1967,34,Michigan,https://www.basketball-reference.com/players/m/millste01.html,millste01,1967,34,10
Tim Kempton,Tim Kempton,1987,1998,F-C,10-Jun,245,1/25/1964,25/1/1964,1964,34,Notre Dame,https://www.basketball-reference.com/players/k/kemptti01.html,kemptti01,1964,34,11
Wayne Embry*,Wayne Embry,1959,1969,C-F,8-Jun,240,3/26/1937,26/3/1937,1937,32,Miami University,https://www.basketball-reference.com/players/e/embrywa01.html,embrywa01,1937,32,10
Wayne Engelstad,Wayne Engelstad,1989,1989,F,8-Jun,245,12/6/1965,6/12/1965,1965,24,"University of California, Irvine",https://www.basketball-reference.com/players/e/englewa01.html,englewa01,1965,24,0
Wayne Hightower,Wayne Hightower,1963,1972,F-C,8-Jun,192,1/14/1940,14/1/1940,1940,32,Kansas,https://www.basketball-reference.com/players/h/hightwa01.html,hightwa01,1940,32,9
Wayne Kreklow,Wayne Kreklow,1981,1981,G,4-Jun,175,1/4/1957,4/1/1957,1957,24,Drake University,https://www.basketball-reference.com/players/k/kreklwa01.html,kreklwa01,1957,24,0
Wayne Molis,Wayne Molis,1967,1968,F,8-Jun,230,4/17/1943,17/4/1943,1943,25,"Chicago State, Lewis (IL)",https://www.basketball-reference.com/players/m/moliswa01.html,moliswa01,1943,25,1
Wayne Pack,Wayne Pack,1975,1975,G,Jun-00,165,7/5/1950,5/7/1950,1950,25,Tennessee Technological University,https://www.basketball-reference.com/players/p/packwa01.html,packwa01,1950,25,0
Wayne Radford,Wayne Radford,1979,1979,G,3-Jun,205,5/29/1956,29/5/1956,1956,23,Indiana,https://www.basketball-reference.com/players/r/radfowa01.html,radfowa01,1956,23,0
Wayne Robinson,Wayne Robinson,1981,1981,F,8-Jun,217,4/19/1958,19/4/1958,1958,23,Virginia Tech,https://www.basketball-reference.com/players/r/robinwa01.html,robinwa01,1958,23,0
Wayne Sappleton,Wayne Sappleton,1985,1985,F,9-Jun,215,11/17/1960,17/11/1960,1960,25,Loyola Chicago,https://www.basketball-reference.com/players/s/sapplwa01.html,sapplwa01,1960,25,0
Wayne See,Wayne See,1950,1950,G,3-Jun,190,11/3/1923,3/11/1923,1923,27,Northern Arizona University,https://www.basketball-reference.com/players/s/seewa01.html,seewa01,1923,27,0
Wayne Selden,Wayne Selden,2017,2022,G-F,5-Jun,230,9/30/1994,30/9/1994,1994,28,Kansas,https://www.basketball-reference.com/players/s/seldewa01.html,seldewa01,1994,28,5
Wayne Simien,Wayne Simien,2006,2007,F,9-Jun,255,3/9/1983,9/3/1983,1983,24,Kansas,https://www.basketball-reference.com/players/s/simiewa01.html,simiewa01,1983,24,1
Wayne Stevens,Wayne Stevens,1960,1960,F,3-Jun,185,6/19/1936,19/6/1936,1936,24,Cincinnati,https://www.basketball-reference.com/players/s/stevewa01.html,stevewa01,1936,24,0
Wayne Turner,Wayne Turner,2000,2000,G,2-Jun,190,3/22/1976,22/3/1976,1976,24,Kentucky,https://www.basketball-reference.com/players/t/turnewa01.html,turnewa01,1976,24,0
Wayne Yates,Wayne Yates,1962,1962,C,8-Jun,235,11/7/1937,7/11/1937,1937,25,Memphis,https://www.basketball-reference.com/players/y/yateswa01.html,yateswa01,1937,25,0
Wendell Carter Jr.,Wendell Carter Jr.,2019,2025,C,10-Jun,270,4/16/1999,16/4/1999,1999,26,Duke,https://www.basketball-reference.com/players/c/cartewe01.html,cartewe01,1999,26,6
Wendell Ladner,Wendell Ladner,1971,1975,F,5-Jun,220,10/6/1948,6/10/1948,1948,27,Southern Miss,https://www.basketball-reference.com/players/l/ladnewe01.html,ladnewe01,1948,27,4
Wendell Moore Jr.,Wendell Moore Jr.,2023,2025,G-F,5-Jun,213,9/18/2001,18/9/2001,2001,24,Duke,https://www.basketball-reference.com/players/m/moorewe01.html,moorewe01,2001,24,2
Wenyen Gabriel,Wenyen Gabriel,2020,2024,F,9-Jun,205,3/26/1997,26/3/1997,1997,27,Kentucky,https://www.basketball-reference.com/players/g/gabriwe01.html,gabriwe01,1997,27,4
Wes Bialosuknia,Wes Bialosuknia,1968,1968,G,2-Jun,185,6/8/1945,8/6/1945,1945,23,UConn,https://www.basketball-reference.com/players/b/bialowe01.html,bialowe01,1945,23,0
Wes Iwundu,Wes Iwundu,2018,2022,F,6-Jun,195,12/20/1994,20/12/1994,1994,28,Kansas State,https://www.basketball-reference.com/players/i/iwundwe01.html,iwundwe01,1994,28,4
Wes Matthews,Wes Matthews,1981,1990,G,1-Jun,170,8/24/1959,24/8/1959,1959,31,Wisconsin,https://www.basketball-reference.com/players/m/matthwe01.html,matthwe01,1959,31,9
Tim Legler,Tim Legler,1990,2000,G,4-Jun,200,12/26/1966,26/12/1966,1966,34,La Salle,https://www.basketball-reference.com/players/l/legleti01.html,legleti01,1966,34,10
Wesley Cox,Wesley Cox,1978,1979,F,6-Jun,215,1/27/1955,27/1/1955,1955,24,Louisville,https://www.basketball-reference.com/players/c/coxwe01.html,coxwe01,1955,24,1
Wesley Johnson,Wesley Johnson,2011,2019,F-G,7-Jun,215,7/11/1987,11/7/1987,1987,32,"Iowa State, Syracuse",https://www.basketball-reference.com/players/j/johnswe01.html,johnswe01,1987,32,8
Tom Hammonds,Tom Hammonds,1990,2001,F,9-Jun,215,3/27/1967,27/3/1967,1967,34,Georgia Tech,https://www.basketball-reference.com/players/h/hammoto01.html,hammoto01,1967,34,11
Tom McMillen,Tom McMillen,1976,1986,F-C,11-Jun,215,5/26/1952,26/5/1952,1952,34,Maryland,https://www.basketball-reference.com/players/m/mcmilto01.html,mcmilto01,1952,34,10
Whitey Bell,Whitey Bell,1960,1961,G,Jun-00,180,9/13/1932,13/9/1932,1932,29,NC State,https://www.basketball-reference.com/players/b/bellwh01.html,bellwh01,1932,29,1
Whitey Kachan,Whitey Kachan,1949,1949,G,2-Jun,175,9/15/1925,15/9/1925,1925,24,DePaul,https://www.basketball-reference.com/players/k/kachawh01.html,kachawh01,1925,24,0
Whitey Martin,Whitey Martin,1962,1962,G,2-Jun,185,4/11/1939,11/4/1939,1939,23,St. Bonaventure,https://www.basketball-reference.com/players/m/martiwh01.html,martiwh01,1939,23,0
Whitey Skoog,Whitey Skoog,1952,1957,G,11-May,180,11/2/1926,2/11/1926,1926,31,Minnesota,https://www.basketball-reference.com/players/s/skoogwh01.html,skoogwh01,1926,31,5
Whitey Von Nieda,Whitey Von Nieda,1950,1950,G-F,1-Jun,170,6/19/1922,19/6/1922,1922,28,Penn State,https://www.basketball-reference.com/players/v/vonniwh01.html,vonniwh01,1922,28,0
Wil Jones,Wil Jones,1970,1978,F,8-Jun,205,2/27/1947,27/2/1947,1947,31,Albany State University,https://www.basketball-reference.com/players/j/joneswi02.html,joneswi02,1947,31,8
Wil Robinson,Wil Robinson,1974,1974,G,2-Jun,175,12/25/1949,25/12/1949,1949,25,West Virginia,https://www.basketball-reference.com/players/r/robinwi01.html,robinwi01,1949,25,0
Wilbert Kautz,Wilbert Kautz,1947,1947,G-F,Jun-00,180,9/7/1915,7/9/1915,1915,32,Loyola Chicago,https://www.basketball-reference.com/players/k/kautzwi01.html,kautzwi01,1915,32,0
Wilbur Holland,Wilbur Holland,1976,1979,G,Jun-00,175,11/8/1951,8/11/1951,1951,28,New Orleans,https://www.basketball-reference.com/players/h/hollawi01.html,hollawi01,1951,28,3
Wilbur Kirkland,Wilbur Kirkland,1970,1970,F,7-Jun,190,NA,NA,#VALUE!,#VALUE!,Cheyney (PA),https://www.basketball-reference.com/players/k/kirklwi01.html,kirklwi01,NA,#VALUE!,0
Wiley Peck,Wiley Peck,1980,1980,G,7-Jun,220,9/15/1957,15/9/1957,1957,23,Mississippi State,https://www.basketball-reference.com/players/p/peckwi01.html,peckwi01,1957,23,0
Will Barton,Will Barton,2013,2023,G,5-Jun,181,1/6/1991,6/1/1991,1991,32,Memphis,https://www.basketball-reference.com/players/b/bartowi01.html,bartowi01,1991,32,10
Will Blalock,Will Blalock,2007,2007,G,Jun-00,205,9/8/1983,8/9/1983,1983,24,Iowa State,https://www.basketball-reference.com/players/b/blalowi01.html,blalowi01,1983,24,0
Will Bynum,Will Bynum,2006,2015,G,Jun-00,185,1/4/1983,4/1/1983,1983,32,"Arizona, Georgia Tech",https://www.basketball-reference.com/players/b/bynumwi01.html,bynumwi01,1983,32,9
Will Cherry,Will Cherry,2015,2015,G,Jun-00,185,2/8/1991,8/2/1991,1991,24,Montana,https://www.basketball-reference.com/players/c/cherrwi01.html,cherrwi01,1991,24,0
Will Conroy,Will Conroy,2007,2013,G,2-Jun,195,12/8/1982,8/12/1982,1982,31,Washington,https://www.basketball-reference.com/players/c/conrowi01.html,conrowi01,1982,31,6
Will Frazier,Will Frazier,1966,1969,C-F,7-Jun,210,8/25/1942,25/8/1942,1942,27,Grambling State University,https://www.basketball-reference.com/players/f/fraziwi01.html,fraziwi01,1942,27,3
Will Magnay,Will Magnay,2021,2021,C,10-Jun,234,6/10/1998,10/6/1998,1998,23,Tulsa,https://www.basketball-reference.com/players/m/magnawi01.html,magnawi01,1998,23,0
Tom Owens,Tom Owens,1972,1983,C-F,10-Jun,215,6/28/1949,28/6/1949,1949,34,South Carolina,https://www.basketball-reference.com/players/o/owensto01.html,owensto01,1949,34,11
Will Solomon,Will Solomon,2002,2009,G,1-Jun,185,7/20/1978,20/7/1978,1978,31,Clemson,https://www.basketball-reference.com/players/s/solomwi01.html,solomwi01,1978,31,7
William Avery,William Avery,2000,2002,G,2-Jun,197,8/8/1979,8/8/1979,1979,23,Duke,https://www.basketball-reference.com/players/a/averywi01.html,averywi01,1979,23,2
William Bedford,William Bedford,1987,1993,C,Jul-00,225,12/14/1963,14/12/1963,1963,30,Memphis,https://www.basketball-reference.com/players/b/bedfowi01.html,bedfowi01,1963,30,6
William Cunningham,William Cunningham,1998,1999,C,11-Jun,250,3/25/1974,25/3/1974,1974,25,Temple,https://www.basketball-reference.com/players/c/cunniwi01.html,cunniwi01,1974,25,1
William Howard,William Howard,2020,2020,F,8-Jun,207,10/25/1993,25/10/1993,1993,27,,https://www.basketball-reference.com/players/h/howarwi01.html,howarwi01,1993,27,0
William Smith,William Smith,1972,1973,C,Jul-00,220,2/14/1949,14/2/1949,1949,24,Syracuse,https://www.basketball-reference.com/players/s/smithwi01.html,smithwi01,1949,24,1
Willie Allen,Willie Allen,1972,1972,F,6-Jun,230,2/8/1949,8/2/1949,1949,23,Miami (FL),https://www.basketball-reference.com/players/a/allenwi01.html,allenwi01,1949,23,0
Willie Anderson,Willie Anderson,1989,1997,G-F,7-Jun,190,1/8/1967,8/1/1967,1967,30,Georgia,https://www.basketball-reference.com/players/a/anderwi01.html,anderwi01,1967,30,8
Willie Burton,Willie Burton,1991,1999,F-G,8-Jun,210,5/26/1968,26/5/1968,1968,31,Minnesota,https://www.basketball-reference.com/players/b/burtowi01.html,burtowi01,1968,31,8
Willie Cauley-Stein,Willie Cauley-Stein,2016,2022,F-C,Jul-00,240,8/18/1993,18/8/1993,1993,29,Kentucky,https://www.basketball-reference.com/players/c/caulewi01.html,caulewi01,1993,29,6
Willie Davis,Willie Davis,1971,1971,C,8-Jun,234,8/9/1945,9/8/1945,1945,26,University of North Texas,https://www.basketball-reference.com/players/d/daviswi01.html,daviswi01,1945,26,0
Tom Van Arsdale,Tom Van Arsdale,1966,1977,F-G,5-Jun,202,2/22/1943,22/2/1943,1943,34,Indiana,https://www.basketball-reference.com/players/v/vanarto01.html,vanarto01,1943,34,11
Willie Iverson,Willie Iverson,1969,1969,G,Jun-00,180,10/8/1945,8/10/1945,1945,24,Central Michigan University,https://www.basketball-reference.com/players/i/iverswi01.html,iverswi01,1945,24,0
Willie Jones,Willie Jones,1961,1965,G,3-Jun,185,6/29/1936,29/6/1936,1936,29,Northwestern,https://www.basketball-reference.com/players/j/joneswi01.html,joneswi01,1936,29,4
Willie Long,Willie Long,1972,1974,F-C,8-Jun,225,3/1/1950,1/3/1950,1950,24,New Mexico,https://www.basketball-reference.com/players/l/longwi01.html,longwi01,1950,24,2
Willie McCarter,Willie McCarter,1970,1972,G,3-Jun,175,7/26/1946,26/7/1946,1946,26,Drake University,https://www.basketball-reference.com/players/m/mccarwi01.html,mccarwi01,1946,26,2
Willie Murrell,Willie Murrell,1968,1970,F,6-Jun,225,9/13/1941,13/9/1941,1941,29,"Eastern Oklahoma State College, Kansas State",https://www.basketball-reference.com/players/m/murrewi01.html,murrewi01,1941,29,2
Willie Naulls,Willie Naulls,1957,1966,F-C,6-Jun,225,10/7/1934,7/10/1934,1934,32,UCLA,https://www.basketball-reference.com/players/n/naullwi01.html,naullwi01,1934,32,9
Willie Norwood,Willie Norwood,1972,1978,F,7-Jun,220,8/8/1947,8/8/1947,1947,31,Alcorn State,https://www.basketball-reference.com/players/n/norwowi01.html,norwowi01,1947,31,6
Willie Porter,Willie Porter,1968,1969,F,7-Jun,205,7/3/1941,3/7/1941,1941,28,Tennessee State,https://www.basketball-reference.com/players/p/portewi01.html,portewi01,1941,28,1
Willie Reed,Willie Reed,2016,2018,F-C,10-Jun,220,5/16/1990,16/5/1990,1990,28,Saint Louis,https://www.basketball-reference.com/players/r/reedwi02.html,reedwi02,1990,28,2
Willie Rogers,Willie Rogers,1969,1969,G-F,3-Jun,185,9/11/1945,11/9/1945,1945,24,Oklahoma,https://www.basketball-reference.com/players/r/rogerwi01.html,rogerwi01,1945,24,0
Willie Scott,Willie Scott,1970,1970,F,5-Jun,210,5/22/1947,22/5/1947,1947,23,Alabama State University,https://www.basketball-reference.com/players/s/scottwi01.html,scottwi01,1947,23,0
Willie Smith,Willie Smith,1977,1980,G,2-Jun,170,10/26/1953,26/10/1953,1953,27,Missouri,https://www.basketball-reference.com/players/s/smithwi02.html,smithwi02,1953,27,3
Willie Sojourner,Willie Sojourner,1972,1975,C-F,8-Jun,225,9/10/1948,10/9/1948,1948,27,Weber State,https://www.basketball-reference.com/players/s/sojouwi01.html,sojouwi01,1948,27,3
Willie Somerset,Willie Somerset,1966,1969,G,8-May,170,3/17/1942,17/3/1942,1942,27,Duquesne,https://www.basketball-reference.com/players/s/somerwi01.html,somerwi01,1942,27,3
Willie Warren,Willie Warren,2011,2011,G,4-Jun,203,10/22/1989,22/10/1989,1989,22,Oklahoma,https://www.basketball-reference.com/players/w/warrewi01.html,warrewi01,1989,22,0
Willie White,Willie White,1985,1986,G,3-Jun,195,8/20/1962,20/8/1962,1962,24,Chattanooga,https://www.basketball-reference.com/players/w/whitewi01.html,whitewi01,1962,24,1
Willie Williams,Willie Williams,1971,1971,F,7-Jun,200,7/28/1946,28/7/1946,1946,25,Florida State,https://www.basketball-reference.com/players/w/williwi01.html,williwi01,1946,25,0
Willie Wise,Willie Wise,1970,1978,F,5-Jun,210,3/3/1947,3/3/1947,1947,31,"City College of San Francisco, Drake University",https://www.basketball-reference.com/players/w/wisewi01.html,wisewi01,1947,31,8
Willie Worsley,Willie Worsley,1969,1969,G,9-May,175,11/13/1945,13/11/1945,1945,24,Texas-El Paso,https://www.basketball-reference.com/players/w/worslwi01.html,worslwi01,1945,24,0
Willis Reed*,Willis Reed,1965,1974,C-F,10-Jun,235,6/25/1942,25/6/1942,1942,32,Grambling State University,https://www.basketball-reference.com/players/r/reedwi01.html,reedwi01,1942,32,9
Willis Thomas,Willis Thomas,1968,1968,G,2-Jun,185,NA,NA,#VALUE!,#VALUE!,Harbor College,https://www.basketball-reference.com/players/t/thomawi01.html,thomawi01,NA,#VALUE!,0
Willy Hernangómez,Willy Hernangómez,2017,2023,C,11-Jun,250,5/27/1994,27/5/1994,1994,29,,https://www.basketball-reference.com/players/h/hernawi01.html,hernawi01,1994,29,6
Wilson Chandler,Wilson Chandler,2008,2020,F,8-Jun,235,5/10/1987,10/5/1987,1987,33,DePaul,https://www.basketball-reference.com/players/c/chandwi01.html,chandwi01,1987,33,12
Wilson Washington,Wilson Washington,1978,1979,F-C,9-Jun,227,8/3/1955,3/8/1955,1955,24,Old Dominion,https://www.basketball-reference.com/players/w/washiwi01.html,washiwi01,1955,24,1
Trent Tucker,Trent Tucker,1983,1993,G,5-Jun,193,12/20/1959,20/12/1959,1959,34,Minnesota,https://www.basketball-reference.com/players/t/tucketr01.html,tucketr01,1959,34,10
Win Wilfong,Win Wilfong,1958,1961,G-F,2-Jun,185,3/18/1933,18/3/1933,1933,28,Memphis,https://www.basketball-reference.com/players/w/wilfowi01.html,wilfowi01,1933,28,3
Winford Boynes,Winford Boynes,1979,1981,G-F,6-Jun,185,5/17/1957,17/5/1957,1957,24,San Francisco,https://www.basketball-reference.com/players/b/boynewi01.html,boynewi01,1957,24,2
Winston Bennett,Winston Bennett,1990,1992,F,7-Jun,210,2/9/1965,9/2/1965,1965,27,Kentucky,https://www.basketball-reference.com/players/b/bennewi01.html,bennewi01,1965,27,2
Winston Crite,Winston Crite,1988,1989,F,7-Jun,233,6/20/1965,20/6/1965,1965,24,Texas A&M,https://www.basketball-reference.com/players/c/critewi01.html,critewi01,1965,24,1
Winston Garland,Winston Garland,1988,1995,G,2-Jun,170,12/19/1964,19/12/1964,1964,31,Missouri State,https://www.basketball-reference.com/players/g/garlawi01.html,garlawi01,1964,31,7
Woody Grimshaw,Woody Grimshaw,1947,1947,G,1-Jun,185,9/24/1919,24/9/1919,1919,28,Brown University,https://www.basketball-reference.com/players/g/grimswo01.html,grimswo01,1919,28,0
Woody Sauldsberry,Woody Sauldsberry,1958,1966,F-C,7-Jun,220,7/11/1934,11/7/1934,1934,32,Texas Southern,https://www.basketball-reference.com/players/s/sauldwo01.html,sauldwo01,1934,32,8
Tristan Thompson,Tristan Thompson,2012,2025,F-C,9-Jun,254,3/13/1991,13/3/1991,1991,34,Texas,https://www.basketball-reference.com/players/t/thomptr01.html,thomptr01,1991,34,13
Worthy Patterson,Worthy Patterson,1958,1958,G,2-Jun,175,6/17/1931,17/6/1931,1931,27,UConn,https://www.basketball-reference.com/players/p/pattewo01.html,pattewo01,1931,27,0
Wyndol Gray,Wyndol Gray,1947,1948,G-F,1-Jun,175,3/20/1922,20/3/1922,1922,26,Harvard University,https://www.basketball-reference.com/players/g/graywy01.html,graywy01,1922,26,1
Xavier Cooks,Xavier Cooks,2023,2023,F,8-Jun,183,8/19/1995,19/8/1995,1995,28,Winthrop University,https://www.basketball-reference.com/players/c/cooksxa01.html,cooksxa01,1995,28,0
Xavier Henry,Xavier Henry,2011,2015,G,6-Jun,220,3/15/1991,15/3/1991,1991,24,Kansas,https://www.basketball-reference.com/players/h/henryxa01.html,henryxa01,1991,24,4
Truck Robinson,Truck Robinson,1975,1985,F-C,7-Jun,225,10/4/1951,4/10/1951,1951,34,Tennessee State,https://www.basketball-reference.com/players/r/robintr01.html,robintr01,1951,34,10
Xavier Moon,Xavier Moon,2022,2024,G,2-Jun,165,1/2/1995,2/1/1995,1995,29,"Northwest Florida State College, Morehead State University",https://www.basketball-reference.com/players/m/moonxa01.html,moonxa01,1995,29,2
Xavier Munford,Xavier Munford,2016,2018,G,2-Jun,180,6/1/1992,1/6/1992,1992,26,Rhode Island,https://www.basketball-reference.com/players/m/munfoxa02.html,munfoxa02,1992,26,2
Xavier Rathan-Mayes,Xavier Rathan-Mayes,2018,2018,G,4-Jun,208,4/29/1994,29/4/1994,1994,24,Florida State,https://www.basketball-reference.com/players/r/rathaxa01.html,rathaxa01,1994,24,0
Xavier Silas,Xavier Silas,2012,2018,G,5-Jun,205,1/22/1988,22/1/1988,1988,30,"Colorado, Northern Illinois",https://www.basketball-reference.com/players/s/silasxa01.html,silasxa01,1988,30,6
Xavier Sneed,Xavier Sneed,2022,2023,F,5-Jun,215,12/21/1997,21/12/1997,1997,26,Kansas State,https://www.basketball-reference.com/players/s/sneedxa01.html,sneedxa01,1997,26,1
Xavier Tillman Sr.,Xavier Tillman Sr.,2021,2025,F,8-Jun,245,1/12/1999,12/1/1999,1999,26,Michigan State,https://www.basketball-reference.com/players/t/tillmxa01.html,tillmxa01,1999,26,4
Yakhouba Diawara,Yakhouba Diawara,2007,2010,G-F,7-Jun,225,8/29/1982,29/8/1982,1982,28,Pepperdine,https://www.basketball-reference.com/players/d/diawaya01.html,diawaya01,1982,28,3
Yante Maten,Yante Maten,2019,2019,F,8-Jun,240,8/14/1996,14/8/1996,1996,23,Georgia,https://www.basketball-reference.com/players/m/matenya01.html,matenya01,1996,23,0
Yao Ming*,Yao Ming,2003,2011,C,6-Jul,310,9/12/1980,12/9/1980,1980,31,,https://www.basketball-reference.com/players/m/mingya01.html,mingya01,1980,31,8
Yaroslav Korolev,Yaroslav Korolev,2006,2007,F,9-Jun,203,5/7/1987,7/5/1987,1987,20,,https://www.basketball-reference.com/players/k/korolya01.html,korolya01,1987,20,1
Yi Jianlian,Yi Jianlian,2008,2012,F,Jul-00,240,10/27/1987,27/10/1987,1987,25,,https://www.basketball-reference.com/players/j/jianlyi01.html,jianlyi01,1987,25,4
Yinka Dare,Yinka Dare,1995,1998,C,Jul-00,265,10/10/1972,10/10/1972,1972,26,George Washington,https://www.basketball-reference.com/players/d/dareyi01.html,dareyi01,1972,26,3
Yogi Ferrell,Yogi Ferrell,2017,2021,G,Jun-00,178,5/9/1993,9/5/1993,1993,28,Indiana,https://www.basketball-reference.com/players/f/ferreyo01.html,ferreyo01,1993,28,4
York Larese,York Larese,1962,1962,G,4-Jun,183,7/18/1938,18/7/1938,1938,24,UNC,https://www.basketball-reference.com/players/l/laresyo01.html,laresyo01,1938,24,0
Yuki Kawamura,Yuki Kawamura,2025,2025,G,8-May,159,5/2/2001,2/5/2001,2001,24,,https://www.basketball-reference.com/players/k/kawamyu01.html,kawamyu01,2001,24,0
Yuta Tabuse,Yuta Tabuse,2005,2005,G,9-May,165,10/5/1980,5/10/1980,1980,25,Brigham Young University Hawaii,https://www.basketball-reference.com/players/t/tabusyu01.html,tabusyu01,1980,25,0
Yuta Watanabe,Yuta Watanabe,2019,2024,F,9-Jun,215,10/13/1994,13/10/1994,1994,30,George Washington,https://www.basketball-reference.com/players/w/watanyu01.html,watanyu01,1994,30,5
Yves Missi,Yves Missi,2025,2025,C,11-Jun,235,5/14/2004,14/5/2004,2004,21,Baylor,https://www.basketball-reference.com/players/m/missiyv01.html,missiyv01,2004,21,0
Yves Pons,Yves Pons,2022,2022,F,6-Jun,215,5/7/1999,7/5/1999,1999,23,Tennessee,https://www.basketball-reference.com/players/p/ponsyv01.html,ponsyv01,1999,23,0
Yvon Joseph,Yvon Joseph,1986,1986,C,11-Jun,245,10/31/1957,31/10/1957,1957,29,Georgia Tech,https://www.basketball-reference.com/players/j/josepyv01.html,josepyv01,1957,29,0
Zabian Dowdell,Zabian Dowdell,2011,2011,G,3-Jun,191,9/10/1984,10/9/1984,1984,27,Virginia Tech,https://www.basketball-reference.com/players/d/dowdeza01.html,dowdeza01,1984,27,0
Zaccharie Risacher,Zaccharie Risacher,2025,2025,F,8-Jun,200,4/8/2005,8/4/2005,2005,20,,https://www.basketball-reference.com/players/r/risacza01.html,risacza01,2005,20,0
Zach Collins,Zach Collins,2018,2025,C-F,11-Jun,250,11/19/1997,19/11/1997,1997,28,Gonzaga,https://www.basketball-reference.com/players/c/colliza01.html,colliza01,1997,28,7
Zach Edey,Zach Edey,2025,2025,C,4-Jul,305,5/14/2002,14/5/2002,2002,23,Purdue,https://www.basketball-reference.com/players/e/edeyza01.html,edeyza01,2002,23,0
Zach LaVine,Zach LaVine,2015,2025,G-F,5-Jun,200,3/10/1995,10/3/1995,1995,30,UCLA,https://www.basketball-reference.com/players/l/lavinza01.html,lavinza01,1995,30,10
Zach Lofton,Zach Lofton,2019,2019,G,4-Jun,180,11/18/1992,18/11/1992,1992,27,"Illinois State, Texas Southern, New Mexico State",https://www.basketball-reference.com/players/l/loftoza01.html,loftoza01,1992,27,0
Zach Norvell,Zach Norvell,2020,2020,G,5-Jun,206,12/9/1997,9/12/1997,1997,23,Gonzaga,https://www.basketball-reference.com/players/n/norveza01.html,norveza01,1997,23,0
Vern Fleming,Vern Fleming,1985,1996,G,5-Jun,185,2/4/1962,4/2/1962,1962,34,Georgia,https://www.basketball-reference.com/players/f/flemive01.html,flemive01,1962,34,11
Zaid Abdul-Aziz,Zaid Abdul-Aziz,1969,1978,C-F,9-Jun,235,4/7/1946,7/4/1946,1946,32,Iowa State,https://www.basketball-reference.com/players/a/abdulza01.html,abdulza01,1946,32,9
Zavier Simpson,Zavier Simpson,2022,2024,G,Jun-00,190,2/11/1997,11/2/1997,1997,27,Michigan,https://www.basketball-reference.com/players/s/simpsza01.html,simpsza01,1997,27,2
Wali Jones,Wali Jones,1965,1976,G,2-Jun,180,2/14/1942,14/2/1942,1942,34,Villanova,https://www.basketball-reference.com/players/j/joneswa02.html,joneswa02,1942,34,11
Zeke Nnaji,Zeke Nnaji,2021,2025,F,9-Jun,240,1/9/2001,9/1/2001,2001,24,Arizona,https://www.basketball-reference.com/players/n/nnajize01.html,nnajize01,2001,24,4
Zeke Sinicola,Zeke Sinicola,1952,1954,G,10-May,165,1/25/1929,25/1/1929,1929,25,Niagara University,https://www.basketball-reference.com/players/s/sinicze01.html,sinicze01,1929,25,2
Zeke Zawoluk,Zeke Zawoluk,1953,1955,F-C,7-Jun,215,10/13/1930,13/10/1930,1930,25,St. John's,https://www.basketball-reference.com/players/z/zawolze01.html,zawolze01,1930,25,2
Wesley Person,Wesley Person,1995,2005,G,6-Jun,195,3/28/1971,28/3/1971,1971,34,Auburn,https://www.basketball-reference.com/players/p/persowe01.html,persowe01,1971,34,10
Zendon Hamilton,Zendon Hamilton,2001,2006,C-F,11-Jun,250,4/27/1975,27/4/1975,1975,31,St. John's,https://www.basketball-reference.com/players/h/hamilze01.html,hamilze01,1975,31,5
Zhaire Smith,Zhaire Smith,2019,2020,G,3-Jun,205,6/4/1999,4/6/1999,1999,21,Texas Tech,https://www.basketball-reference.com/players/s/smithzh01.html,smithzh01,1999,21,1
Zhou Qi,Zhou Qi,2018,2019,F-C,1-Jul,210,1/16/1996,16/1/1996,1996,23,,https://www.basketball-reference.com/players/q/qizh01.html,qizh01,1996,23,1
Ziaire Williams,Ziaire Williams,2022,2025,F,9-Jun,215,9/12/2001,12/9/2001,2001,24,Stanford,https://www.basketball-reference.com/players/w/willizi02.html,willizi02,2001,24,3
Zion Williamson,Zion Williamson,2020,2025,F-C,6-Jun,284,7/6/2000,6/7/2000,2000,25,Duke,https://www.basketball-reference.com/players/w/willizi01.html,willizi01,2000,25,5
Zoran Dragić,Zoran Dragić,2015,2015,G-F,5-Jun,200,6/22/1989,22/6/1989,1989,26,,https://www.basketball-reference.com/players/d/dragizo01.html,dragizo01,1989,26,0
Zoran Planinić,Zoran Planinić,2004,2006,G,7-Jun,195,9/12/1982,12/9/1982,1982,24,,https://www.basketball-reference.com/players/p/planizo01.html,planizo01,1982,24,2
Willie Green,Willie Green,2004,2015,G,4-Jun,200,7/28/1981,28/7/1981,1981,34,Detroit Mercy,https://www.basketball-reference.com/players/g/greenwi01.html,greenwi01,1981,34,11
Zylan Cheatham,Zylan Cheatham,2020,2022,F,5-Jun,220,11/17/1995,17/11/1995,1995,27,"San Diego State, Arizona State",https://www.basketball-reference.com/players/c/cheatzy01.html,cheatzy01,1995,27,2
