Player Name,Clean Name,From,To,Pos,Ht,Wt,Birth Date,Birth Date(TextToColumn),Birth_Year,RetireAge,Colleges,URL,player_id,birthday year,retire age,career length
Šarūnas Marčiulionis*,Šarūnas Marčiulionis,1990,1997,G,5-Jun,200.0,6/13/1964,13/6/1964,1964,33.0,,https://www.basketball-reference.com/players/m/marcisa01.html,marcisa01,1964.0,33,7
Kevin Willis,Kevin Willis,1985,2007,F-C,Jul-00,220.0,9/6/1962,6/9/1962,1962,45.0,Michigan State,https://www.basketball-reference.com/players/w/willike02.html,willike02,1962.0,45,22
Žan Tabak,Žan Tabak,1995,2001,C,Jul-00,245.0,6/15/1970,15/6/1970,1970,31.0,,https://www.basketball-reference.com/players/t/tabakza01.html,tabakza01,1970.0,31,6
Robert Parish*,Robert Parish,1977,1997,C,1-Jul,230.0,8/30/1953,30/8/1953,1953,44.0,Centenary (LA),https://www.basketball-reference.com/players/p/parisro01.html,parisro01,1953.0,44,20
Aaron Brooks,Aaron Brooks,2008,2018,G,Jun-00,161.0,1/14/1985,14/1/1985,1985,33.0,Oregon,https://www.basketball-reference.com/players/b/brookaa01.html,brookaa01,1985.0,33,10
Aaron Gordon,Aaron Gordon,2015,2025,F,8-Jun,235.0,9/16/1995,16/9/1995,1995,30.0,Arizona,https://www.basketball-reference.com/players/g/gordoaa01.html,gordoaa01,1995.0,30,10
Aaron Gray,Aaron Gray,2008,2014,C,Jul-00,270.0,12/7/1984,7/12/1984,1984,30.0,Pitt,https://www.basketball-reference.com/players/g/grayaa01.html,grayaa01,1984.0,30,6
Dikembe Mutombo*,Dikembe Mutombo,1992,2009,C,2-Jul,245.0,6/25/1966,25/6/1966,1966,43.0,Georgetown,https://www.basketball-reference.com/players/m/mutomdi01.html,mutomdi01,1966.0,43,17
Udonis Haslem,Udonis Haslem,2004,2023,F-C,8-Jun,235.0,6/9/1980,9/6/1980,1980,43.0,Florida,https://www.basketball-reference.com/players/h/hasleud01.html,hasleud01,1980.0,43,19
Adam Keefe,Adam Keefe,1993,2001,F,9-Jun,230.0,2/22/1970,22/2/1970,1970,31.0,Stanford,https://www.basketball-reference.com/players/k/keefead01.html,keefead01,1970.0,31,8
Vince Carter*,Vince Carter,1999,2020,G-F,6-Jun,220.0,1/26/1977,26/1/1977,1977,43.0,UNC,https://www.basketball-reference.com/players/c/cartevi01.html,cartevi01,1977.0,43,21
Adrian Caldwell,Adrian Caldwell,1990,1998,F-C,8-Jun,265.0,7/4/1966,4/7/1966,1966,32.0,"SMU, Lamar",https://www.basketball-reference.com/players/c/caldwad01.html,caldwad01,1966.0,32,8
Bob Cousy*,Bob Cousy,1951,1970,G,1-Jun,175.0,8/9/1928,9/8/1928,1928,42.0,Holy Cross,https://www.basketball-reference.com/players/c/cousybo01.html,cousybo01,1928.0,42,19
Kareem Abdul-Jabbar*,Kareem Abdul-Jabbar,1970,1989,C,2-Jul,225.0,4/16/1947,16/4/1947,1947,42.0,UCLA,https://www.basketball-reference.com/players/a/abdulka01.html,abdulka01,1947.0,42,19
Charles Jones,Charles Jones,1984,1998,F-C,9-Jun,215.0,4/3/1957,3/4/1957,1957,41.0,Albany State University,https://www.basketball-reference.com/players/j/jonesch01.html,jonesch01,1957.0,41,14
Charles Oakley,Charles Oakley,1986,2004,F-C,9-Jun,225.0,12/18/1963,18/12/1963,1963,41.0,Virginia Union University,https://www.basketball-reference.com/players/o/oaklech01.html,oaklech01,1963.0,41,18
Clifford Robinson,Clifford Robinson,1990,2007,F-C,10-Jun,225.0,12/16/1966,16/12/1966,1966,41.0,UConn,https://www.basketball-reference.com/players/r/robincl02.html,robincl02,1966.0,41,17
Dirk Nowitzki*,Dirk Nowitzki,1999,2019,F-C,Jul-00,245.0,6/19/1978,19/6/1978,1978,41.0,,https://www.basketball-reference.com/players/n/nowitdi01.html,nowitdi01,1978.0,41,20
Al Ferrari,Al Ferrari,1956,1963,G-F,4-Jun,190.0,7/6/1933,6/7/1933,1933,30.0,Michigan State,https://www.basketball-reference.com/players/f/ferraal01.html,ferraal01,1933.0,30,7
Grant Hill*,Grant Hill,1995,2013,F-G,8-Jun,225.0,10/5/1972,5/10/1972,1972,41.0,Duke,https://www.basketball-reference.com/players/h/hillgr01.html,hillgr01,1972.0,41,18
Herb Williams,Herb Williams,1982,1999,C-F,10-Jun,242.0,2/16/1958,16/2/1958,1958,41.0,Ohio State,https://www.basketball-reference.com/players/w/willihe01.html,willihe01,1958.0,41,17
Al Jefferson,Al Jefferson,2005,2018,C-F,10-Jun,289.0,1/4/1985,4/1/1985,1985,33.0,,https://www.basketball-reference.com/players/j/jeffeal01.html,jeffeal01,1985.0,33,13
James Edwards,James Edwards,1978,1996,C-F,Jul-00,225.0,11/22/1955,22/11/1955,1955,41.0,Washington,https://www.basketball-reference.com/players/e/edwarja01.html,edwarja01,1955.0,41,18
Jason Terry,Jason Terry,2000,2018,G,2-Jun,185.0,9/15/1977,15/9/1977,1977,41.0,Arizona,https://www.basketball-reference.com/players/t/terryja01.html,terryja01,1977.0,41,18
Albert King,Albert King,1982,1992,F-G,6-Jun,190.0,12/17/1959,17/12/1959,1959,33.0,Maryland,https://www.basketball-reference.com/players/k/kingal01.html,kingal01,1959.0,33,10
Joe Johnson,Joe Johnson,2002,2022,G-F,7-Jun,240.0,6/29/1981,29/6/1981,1981,41.0,Arkansas,https://www.basketball-reference.com/players/j/johnsjo02.html,johnsjo02,1981.0,41,20
Alex Caruso,Alex Caruso,2018,2025,G,5-Jun,186.0,2/28/1994,28/2/1994,1994,31.0,Texas A&M,https://www.basketball-reference.com/players/c/carusal01.html,carusal01,1994.0,31,7
John Long,John Long,1979,1997,G-F,5-Jun,195.0,8/28/1956,28/8/1956,1956,41.0,Detroit Mercy,https://www.basketball-reference.com/players/l/longjo01.html,longjo01,1956.0,41,18
John Stockton*,John Stockton,1985,2003,G,1-Jun,170.0,3/26/1962,26/3/1962,1962,41.0,Gonzaga,https://www.basketball-reference.com/players/s/stockjo01.html,stockjo01,1962.0,41,18
Alex Len,Alex Len,2014,2025,C,Jul-00,250.0,6/16/1993,16/6/1993,1993,32.0,Maryland,https://www.basketball-reference.com/players/l/lenal01.html,lenal01,1993.0,32,11
Alex Stivrins,Alex Stivrins,1986,1993,F,8-Jun,220.0,11/29/1962,29/11/1962,1962,31.0,"Creighton, Colorado",https://www.basketball-reference.com/players/s/stivral01.html,stivral01,1962.0,31,7
Al-Farouq Aminu,Al-Farouq Aminu,2011,2021,F,8-Jun,220.0,9/21/1990,21/9/1990,1990,31.0,Wake Forest,https://www.basketball-reference.com/players/a/aminual01.html,aminual01,1990.0,31,10
Alfonzo McKinnie,Alfonzo McKinnie,2018,2022,F,7-Jun,215.0,9/17/1992,17/9/1992,1992,30.0,Green Bay,https://www.basketball-reference.com/players/m/mckinal01.html,mckinal01,1992.0,30,4
Allan Bristow,Allan Bristow,1974,1983,F-G,7-Jun,210.0,8/23/1951,23/8/1951,1951,32.0,Virginia Tech,https://www.basketball-reference.com/players/b/bristal01.html,bristal01,1951.0,32,9
Karl Malone*,Karl Malone,1986,2004,F,9-Jun,250.0,7/24/1963,24/7/1963,1963,41.0,Louisiana Tech,https://www.basketball-reference.com/players/m/malonka01.html,malonka01,1963.0,41,18
Kurt Thomas,Kurt Thomas,1996,2013,F,9-Jun,230.0,10/4/1972,4/10/1972,1972,41.0,TCU,https://www.basketball-reference.com/players/t/thomaku01.html,thomaku01,1972.0,41,17
Allen Leavell,Allen Leavell,1980,1989,G,1-Jun,170.0,5/27/1957,27/5/1957,1957,32.0,Oklahoma City University,https://www.basketball-reference.com/players/l/leaveal01.html,leaveal01,1957.0,32,9
Alonzo Gee,Alonzo Gee,2010,2017,G,6-Jun,225.0,5/29/1987,29/5/1987,1987,30.0,Alabama,https://www.basketball-reference.com/players/g/geeal01.html,geeal01,1987.0,30,7
LeBron James,LeBron James,2004,2025,F-G,9-Jun,250.0,12/30/1984,30/12/1984,1984,41.0,,https://www.basketball-reference.com/players/j/jamesle01.html,jamesle01,1984.0,41,21
Manu Ginóbili*,Manu Ginóbili,2003,2018,G,6-Jun,205.0,7/28/1977,28/7/1977,1977,41.0,,https://www.basketball-reference.com/players/g/ginobma01.html,ginobma01,1977.0,41,15
Rick Mahorn,Rick Mahorn,1981,1999,C-F,10-Jun,240.0,9/21/1958,21/9/1958,1958,41.0,Hampton,https://www.basketball-reference.com/players/m/mahorri01.html,mahorri01,1958.0,41,18
Alton Lister,Alton Lister,1982,1998,C-F,Jul-00,240.0,10/1/1958,1/10/1958,1958,40.0,Arizona State,https://www.basketball-reference.com/players/l/listeal01.html,listeal01,1958.0,40,16
Alvin Scott,Alvin Scott,1978,1985,F-G,7-Jun,185.0,9/14/1955,14/9/1955,1955,30.0,Oral Roberts,https://www.basketball-reference.com/players/s/scottal01.html,scottal01,1955.0,30,7
Alvin Williams,Alvin Williams,1998,2007,G,5-Jun,185.0,8/6/1974,6/8/1974,1974,33.0,Villanova,https://www.basketball-reference.com/players/w/willial02.html,willial02,1974.0,33,9
Amal McCaskill,Amal McCaskill,1997,2004,F-C,11-Jun,235.0,10/28/1973,28/10/1973,1973,31.0,Marquette,https://www.basketball-reference.com/players/m/mccasam01.html,mccasam01,1973.0,31,7
Andre Miller,Andre Miller,2000,2016,G,3-Jun,200.0,3/19/1976,19/3/1976,1976,40.0,Utah,https://www.basketball-reference.com/players/m/millean02.html,millean02,1976.0,40,16
Ömer Aşık,Ömer Aşık,2011,2018,C,Jul-00,255.0,7/4/1986,4/7/1986,1986,32.0,,https://www.basketball-reference.com/players/a/asikom01.html,asikom01,1986.0,32,7
Amir Johnson,Amir Johnson,2006,2019,F-C,9-Jun,240.0,5/1/1987,1/5/1987,1987,32.0,,https://www.basketball-reference.com/players/j/johnsam01.html,johnsam01,1987.0,32,13
Caldwell Jones,Caldwell Jones,1974,1990,C-F,11-Jun,217.0,8/4/1950,4/8/1950,1950,40.0,Albany State University,https://www.basketball-reference.com/players/j/jonesca01.html,jonesca01,1950.0,40,16
Andrés Nocioni,Andrés Nocioni,2005,2012,F,7-Jun,225.0,11/30/1979,30/11/1979,1979,33.0,,https://www.basketball-reference.com/players/n/nocioan01.html,nocioan01,1979.0,33,7
Andre Drummond,Andre Drummond,2013,2025,C,11-Jun,279.0,8/10/1993,10/8/1993,1993,32.0,UConn,https://www.basketball-reference.com/players/d/drumman01.html,drumman01,1993.0,32,12
Andre Emmett,Andre Emmett,2005,2012,F,5-Jun,230.0,8/27/1982,27/8/1982,1982,30.0,Texas Tech,https://www.basketball-reference.com/players/e/emmetan01.html,emmetan01,1982.0,30,7
Chris Paul,Chris Paul,2006,2025,G,Jun-00,175.0,5/6/1985,6/5/1985,1985,40.0,Wake Forest,https://www.basketball-reference.com/players/p/paulch01.html,paulch01,1985.0,40,19
Dale Ellis,Dale Ellis,1984,2000,G-F,7-Jun,205.0,8/6/1960,6/8/1960,1960,40.0,Tennessee,https://www.basketball-reference.com/players/e/ellisda01.html,ellisda01,1960.0,40,16
Andre Roberson,Andre Roberson,2014,2021,G-F,7-Jun,210.0,12/4/1991,4/12/1991,1991,30.0,Colorado,https://www.basketball-reference.com/players/r/roberan03.html,roberan03,1991.0,30,7
Andrea Bargnani,Andrea Bargnani,2007,2016,F-C,Jul-00,245.0,10/26/1985,26/10/1985,1985,31.0,,https://www.basketball-reference.com/players/b/bargnan01.html,bargnan01,1985.0,31,9
Danny Schayes,Danny Schayes,1982,1999,C-F,11-Jun,235.0,5/10/1959,10/5/1959,1959,40.0,Syracuse,https://www.basketball-reference.com/players/s/schayda01.html,schayda01,1959.0,40,17
Darrell Armstrong,Darrell Armstrong,1995,2008,G,Jun-00,170.0,6/22/1968,22/6/1968,1968,40.0,Fayetteville State University,https://www.basketball-reference.com/players/a/armstda01.html,armstda01,1968.0,40,13
Andrew DeClercq,Andrew DeClercq,1996,2005,F-C,10-Jun,230.0,2/1/1973,1/2/1973,1973,32.0,Florida,https://www.basketball-reference.com/players/d/declean01.html,declean01,1973.0,32,9
Derek Fisher,Derek Fisher,1997,2014,G,1-Jun,200.0,8/9/1974,9/8/1974,1974,40.0,Little Rock,https://www.basketball-reference.com/players/f/fishede01.html,fishede01,1974.0,40,17
Earl Cureton,Earl Cureton,1981,1997,F-C,9-Jun,210.0,9/3/1957,3/9/1957,1957,40.0,"Robert Morris University (PA), Detroit Mercy",https://www.basketball-reference.com/players/c/curetea01.html,curetea01,1957.0,40,16
Andrew Levane,Andrew Levane,1949,1953,F-G,2-Jun,190.0,4/11/1920,11/4/1920,1920,33.0,St. John's,https://www.basketball-reference.com/players/l/levanan01.html,levanan01,1920.0,33,4
Andrew Toney,Andrew Toney,1981,1988,G,3-Jun,178.0,11/23/1957,23/11/1957,1957,31.0,Louisiana,https://www.basketball-reference.com/players/t/toneyan01.html,toneyan01,1957.0,31,7
Andrew Wiggins,Andrew Wiggins,2015,2025,F-G,7-Jun,197.0,2/23/1995,23/2/1995,1995,30.0,Kansas,https://www.basketball-reference.com/players/w/wiggian01.html,wiggian01,1995.0,30,10
Andy Johnson,Andy Johnson,1959,1962,F-G,5-Jun,215.0,11/8/1932,8/11/1932,1932,30.0,University of Portland,https://www.basketball-reference.com/players/j/johnsan01.html,johnsan01,1932.0,30,3
Eddie Johnson,Eddie Johnson,1982,1999,F-G,7-Jun,215.0,5/1/1959,1/5/1959,1959,40.0,Illinois,https://www.basketball-reference.com/players/j/johnsed03.html,johnsed03,1959.0,40,17
Andy Toolson,Andy Toolson,1991,1996,G-F,6-Jun,210.0,1/19/1966,19/1/1966,1966,30.0,BYU,https://www.basketball-reference.com/players/t/toolsan01.html,toolsan01,1966.0,30,5
Jamal Crawford,Jamal Crawford,2001,2020,G,5-Jun,185.0,3/20/1980,20/3/1980,1980,40.0,Michigan,https://www.basketball-reference.com/players/c/crawfja01.html,crawfja01,1980.0,40,19
Jason Kidd*,Jason Kidd,1995,2013,G,4-Jun,205.0,3/23/1973,23/3/1973,1973,40.0,California,https://www.basketball-reference.com/players/k/kiddja01.html,kiddja01,1973.0,40,18
Anthony Avent,Anthony Avent,1993,2000,F,9-Jun,235.0,10/18/1969,18/10/1969,1969,31.0,Seton Hall,https://www.basketball-reference.com/players/a/aventan01.html,aventan01,1969.0,31,7
Johnny Green,Johnny Green,1960,1973,F-C,5-Jun,200.0,12/8/1933,8/12/1933,1933,40.0,Michigan State,https://www.basketball-reference.com/players/g/greenjo01.html,greenjo01,1933.0,40,13
Juwan Howard,Juwan Howard,1995,2013,F-C,9-Jun,240.0,2/7/1973,7/2/1973,1973,40.0,Michigan,https://www.basketball-reference.com/players/h/howarju01.html,howarju01,1973.0,40,18
Anthony Davis,Anthony Davis,2013,2025,F-C,10-Jun,253.0,3/11/1993,11/3/1993,1993,32.0,Kentucky,https://www.basketball-reference.com/players/d/davisan02.html,davisan02,1993.0,32,12
Anthony Gill,Anthony Gill,2021,2025,F,7-Jun,230.0,10/17/1992,17/10/1992,1992,33.0,"South Carolina, Virginia",https://www.basketball-reference.com/players/g/gillan01.html,gillan01,1992.0,33,4
Kevin Garnett*,Kevin Garnett,1996,2016,F-C,11-Jun,240.0,5/19/1976,19/5/1976,1976,40.0,,https://www.basketball-reference.com/players/g/garneke01.html,garneke01,1976.0,40,20
Lindsey Hunter,Lindsey Hunter,1994,2010,G,2-Jun,170.0,12/3/1970,3/12/1970,1970,40.0,"Alcorn State, Jackson State University",https://www.basketball-reference.com/players/h/hunteli01.html,hunteli01,1970.0,40,16
Mark West,Mark West,1984,2000,C-F,10-Jun,230.0,11/5/1960,5/11/1960,1960,40.0,Old Dominion,https://www.basketball-reference.com/players/w/westma01.html,westma01,1960.0,40,16
Michael Jordan*,Michael Jordan,1985,2003,G-F,6-Jun,198.0,2/17/1963,17/2/1963,1963,40.0,UNC,https://www.basketball-reference.com/players/j/jordami01.html,jordami01,1963.0,40,18
Anthony Morrow,Anthony Morrow,2009,2017,G,5-Jun,210.0,9/27/1985,27/9/1985,1985,32.0,Georgia Tech,https://www.basketball-reference.com/players/m/morroan01.html,morroan01,1985.0,32,8
Moses Malone*,Moses Malone,1975,1995,C-F,10-Jun,215.0,3/23/1955,23/3/1955,1955,40.0,,https://www.basketball-reference.com/players/m/malonmo01.html,malonmo01,1955.0,40,20
Olden Polynice,Olden Polynice,1988,2004,C-F,11-Jun,220.0,11/21/1964,21/11/1964,1964,40.0,Virginia,https://www.basketball-reference.com/players/p/polynol01.html,polynol01,1964.0,40,16
Patrick Ewing*,Patrick Ewing,1986,2002,C-F,Jul-00,240.0,8/5/1962,5/8/1962,1962,40.0,Georgetown,https://www.basketball-reference.com/players/e/ewingpa01.html,ewingpa01,1962.0,40,16
Paul Pierce*,Paul Pierce,1999,2017,F-G,7-Jun,235.0,10/13/1977,13/10/1977,1977,40.0,Kansas,https://www.basketball-reference.com/players/p/piercpa01.html,piercpa01,1977.0,40,18
Antoine Walker,Antoine Walker,1997,2008,F,9-Jun,224.0,8/12/1976,12/8/1976,1976,32.0,Kentucky,https://www.basketball-reference.com/players/w/walkean02.html,walkean02,1976.0,32,11
Reggie Miller*,Reggie Miller,1988,2005,G-F,7-Jun,185.0,8/24/1965,24/8/1965,1965,40.0,UCLA,https://www.basketball-reference.com/players/m/millere01.html,millere01,1965.0,40,17
Sam Perkins,Sam Perkins,1985,2001,F-C,9-Jun,235.0,6/14/1961,14/6/1961,1961,40.0,UNC,https://www.basketball-reference.com/players/p/perkisa01.html,perkisa01,1961.0,40,16
Antonio Harvey,Antonio Harvey,1994,2003,F-C,11-Jun,225.0,7/6/1970,6/7/1970,1970,33.0,"Southern Illinois, Georgia, Pfeiffer University",https://www.basketball-reference.com/players/h/harvean01.html,harvean01,1970.0,33,9
Steve Nash*,Steve Nash,1997,2014,G,3-Jun,195.0,2/7/1974,7/2/1974,1974,40.0,Santa Clara,https://www.basketball-reference.com/players/n/nashst01.html,nashst01,1974.0,40,17
Taj Gibson,Taj Gibson,2010,2025,F-C,9-Jun,232.0,6/24/1985,24/6/1985,1985,40.0,USC,https://www.basketball-reference.com/players/g/gibsota01.html,gibsota01,1985.0,40,15
Arinze Onuaku,Arinze Onuaku,2014,2017,C,9-Jun,255.0,7/13/1987,13/7/1987,1987,30.0,Syracuse,https://www.basketball-reference.com/players/o/onuakar01.html,onuakar01,1987.0,30,3
Tim Duncan*,Tim Duncan,1998,2016,F-C,11-Jun,250.0,4/25/1976,25/4/1976,1976,40.0,Wake Forest,https://www.basketball-reference.com/players/d/duncati01.html,duncati01,1976.0,40,18
Armond Hill,Armond Hill,1977,1984,G,4-Jun,190.0,3/31/1953,31/3/1953,1953,31.0,Princeton,https://www.basketball-reference.com/players/h/hillar01.html,hillar01,1953.0,31,7
Arnie Johnson,Arnie Johnson,1949,1953,F-C,5-Jun,236.0,5/16/1920,16/5/1920,1920,33.0,Bemidji State University,https://www.basketball-reference.com/players/j/johnsar01.html,johnsar01,1920.0,33,4
Tree Rollins,Tree Rollins,1978,1995,C,1-Jul,235.0,6/16/1955,16/6/1955,1955,40.0,Clemson,https://www.basketball-reference.com/players/r/rollitr01.html,rollitr01,1955.0,40,17
Al Horford,Al Horford,2008,2025,C-F,9-Jun,240.0,6/3/1986,3/6/1986,1986,39.0,Florida,https://www.basketball-reference.com/players/h/horfoal01.html,horfoal01,1986.0,39,17
Arron Afflalo,Arron Afflalo,2008,2018,G-F,5-Jun,210.0,10/15/1985,15/10/1985,1985,33.0,UCLA,https://www.basketball-reference.com/players/a/afflaar01.html,afflaar01,1985.0,33,10
Art Becker,Art Becker,1968,1973,F,7-Jun,205.0,1/12/1942,12/1/1942,1942,31.0,Arizona State,https://www.basketball-reference.com/players/b/beckear01.html,beckear01,1942.0,31,5
Art Spector,Art Spector,1947,1950,F,4-Jun,200.0,10/17/1918,17/10/1918,1918,32.0,Villanova,https://www.basketball-reference.com/players/s/spectar01.html,spectar01,1918.0,32,3
Anderson Varejão,Anderson Varejão,2005,2021,F-C,11-Jun,273.0,9/28/1982,28/9/1982,1982,39.0,,https://www.basketball-reference.com/players/v/varejan01.html,varejan01,1982.0,39,16
Andre Iguodala,Andre Iguodala,2005,2023,F-G,6-Jun,215.0,1/28/1984,28/1/1984,1984,39.0,Arizona,https://www.basketball-reference.com/players/i/iguodan01.html,iguodan01,1984.0,39,18
Antoine Carr,Antoine Carr,1985,2000,F-C,9-Jun,225.0,7/23/1961,23/7/1961,1961,39.0,Wichita State,https://www.basketball-reference.com/players/c/carran01.html,carran01,1961.0,39,15
Austin Carr,Austin Carr,1972,1981,G,4-Jun,200.0,3/10/1948,10/3/1948,1948,33.0,Notre Dame,https://www.basketball-reference.com/players/c/carrau01.html,carrau01,1948.0,33,9
Artis Gilmore*,Artis Gilmore,1972,1988,C,2-Jul,240.0,9/21/1949,21/9/1949,1949,39.0,"Gardner-Webb University, Jacksonville University",https://www.basketball-reference.com/players/g/gilmoar01.html,gilmoar01,1949.0,39,16
Austin Rivers,Austin Rivers,2013,2023,G,4-Jun,200.0,8/1/1992,1/8/1992,1992,31.0,Duke,https://www.basketball-reference.com/players/r/riverau01.html,riverau01,1992.0,31,10
Avery Bradley,Avery Bradley,2011,2022,G,3-Jun,180.0,11/26/1990,26/11/1990,1990,32.0,Texas,https://www.basketball-reference.com/players/b/bradlav01.html,bradlav01,1990.0,32,11
Arvydas Sabonis*,Arvydas Sabonis,1996,2003,C,3-Jul,279.0,12/19/1964,19/12/1964,1964,39.0,,https://www.basketball-reference.com/players/s/sabonar01.html,sabonar01,1964.0,39,7
Awvee Storey,Awvee Storey,2005,2008,G-F,6-Jun,222.0,4/18/1977,18/4/1977,1977,31.0,"Illinois, Arizona State",https://www.basketball-reference.com/players/s/storeaw01.html,storeaw01,1977.0,31,3
B.J. Armstrong,B.J. Armstrong,1990,2000,G,2-Jun,175.0,9/9/1967,9/9/1967,1967,33.0,Iowa,https://www.basketball-reference.com/players/a/armstbj01.html,armstbj01,1967.0,33,10
Avery Johnson,Avery Johnson,1989,2004,G,10-May,175.0,3/25/1965,25/3/1965,1965,39.0,"Cameron University, Southern University and A&M College",https://www.basketball-reference.com/players/j/johnsav01.html,johnsav01,1965.0,39,15
Baron Davis,Baron Davis,2000,2012,G,3-Jun,209.0,4/13/1979,13/4/1979,1979,33.0,UCLA,https://www.basketball-reference.com/players/d/davisba01.html,davisba01,1979.0,33,12
Barry Clemens,Barry Clemens,1966,1976,F,6-Jun,210.0,5/1/1943,1/5/1943,1943,33.0,Ohio Wesleyan University,https://www.basketball-reference.com/players/c/clemeba01.html,clemeba01,1943.0,33,10
Chris Andersen,Chris Andersen,2002,2017,C-F,10-Jun,245.0,7/7/1978,7/7/1978,1978,39.0,Blinn College,https://www.basketball-reference.com/players/a/anderch01.html,anderch01,1978.0,39,15
Ben Coleman,Ben Coleman,1987,1994,F,9-Jun,235.0,11/14/1961,14/11/1961,1961,33.0,"Minnesota, Maryland",https://www.basketball-reference.com/players/c/colembe01.html,colembe01,1961.0,33,7
Ben Gordon,Ben Gordon,2005,2015,G,3-Jun,200.0,4/4/1983,4/4/1983,1983,32.0,UConn,https://www.basketball-reference.com/players/g/gordobe01.html,gordobe01,1983.0,32,10
Ben Poquette,Ben Poquette,1978,1987,F-C,9-Jun,235.0,5/7/1955,7/5/1955,1955,32.0,Central Michigan University,https://www.basketball-reference.com/players/p/poquebe01.html,poquebe01,1955.0,32,9
Cliff Hagan*,Cliff Hagan,1957,1970,F-G,4-Jun,210.0,12/9/1931,9/12/1931,1931,39.0,Kentucky,https://www.basketball-reference.com/players/h/hagancl01.html,hagancl01,1931.0,39,13
Dennis Rodman*,Dennis Rodman,1987,2000,F,7-Jun,210.0,5/13/1961,13/5/1961,1961,39.0,"North Central Texas College, Southeastern Oklahoma State University",https://www.basketball-reference.com/players/r/rodmade01.html,rodmade01,1961.0,39,13
Dominique Wilkins*,Dominique Wilkins,1983,1999,F-G,8-Jun,215.0,1/12/1960,12/1/1960,1960,39.0,Georgia,https://www.basketball-reference.com/players/w/wilkido01.html,wilkido01,1960.0,39,16
Elvin Hayes*,Elvin Hayes,1969,1984,F-C,9-Jun,235.0,11/17/1945,17/11/1945,1945,39.0,Houston,https://www.basketball-reference.com/players/h/hayesel01.html,hayesel01,1945.0,39,15
Ervin Johnson,Ervin Johnson,1994,2006,C,11-Jun,245.0,12/21/1967,21/12/1967,1967,39.0,New Orleans,https://www.basketball-reference.com/players/j/johnser02.html,johnser02,1967.0,39,12
Garrett Temple,Garrett Temple,2010,2025,G,5-Jun,195.0,5/8/1986,8/5/1986,1986,39.0,LSU,https://www.basketball-reference.com/players/t/templga01.html,templga01,1986.0,39,15
Gary Payton*,Gary Payton,1991,2007,G,4-Jun,180.0,7/23/1968,23/7/1968,1968,39.0,Oregon State,https://www.basketball-reference.com/players/p/paytoga01.html,paytoga01,1968.0,39,16
Hakeem Olajuwon*,Hakeem Olajuwon,1985,2002,C,Jul-00,255.0,1/21/1963,21/1/1963,1963,39.0,Houston,https://www.basketball-reference.com/players/o/olajuha01.html,olajuha01,1963.0,39,17
Bill Gabor,Bill Gabor,1950,1955,G-F,11-May,170.0,5/13/1922,13/5/1922,1922,33.0,Syracuse,https://www.basketball-reference.com/players/g/gaborbi01.html,gaborbi01,1922.0,33,5
Bill Hanzlik,Bill Hanzlik,1981,1990,G-F,7-Jun,185.0,12/6/1957,6/12/1957,1957,33.0,Notre Dame,https://www.basketball-reference.com/players/h/hanzlbi01.html,hanzlbi01,1957.0,33,9
Bill Hewitt,Bill Hewitt,1969,1975,F,7-Jun,210.0,8/8/1944,8/8/1944,1944,31.0,USC,https://www.basketball-reference.com/players/h/hewitbi01.html,hewitbi01,1944.0,31,6
Horace Grant,Horace Grant,1988,2004,F-C,10-Jun,215.0,7/4/1965,4/7/1965,1965,39.0,Clemson,https://www.basketball-reference.com/players/g/grantho01.html,grantho01,1965.0,39,16
Bill Melchionni,Bill Melchionni,1967,1976,G,1-Jun,165.0,10/19/1944,19/10/1944,1944,32.0,Villanova,https://www.basketball-reference.com/players/m/melchbi01.html,melchbi01,1944.0,32,9
Jeff Green,Jeff Green,2008,2025,F,8-Jun,235.0,8/28/1986,28/8/1986,1986,39.0,Georgetown,https://www.basketball-reference.com/players/g/greenje02.html,greenje02,1986.0,39,17
Jerome Kersey,Jerome Kersey,1985,2001,F,7-Jun,215.0,6/26/1962,26/6/1962,1962,39.0,Longwood University,https://www.basketball-reference.com/players/k/kerseje01.html,kerseje01,1962.0,39,16
Jerry Stackhouse,Jerry Stackhouse,1996,2013,G-F,6-Jun,218.0,11/5/1974,5/11/1974,1974,39.0,UNC,https://www.basketball-reference.com/players/s/stackje01.html,stackje01,1974.0,39,17
Johnny Newman,Johnny Newman,1987,2002,F-G,7-Jun,190.0,11/28/1963,28/11/1963,1963,39.0,Richmond,https://www.basketball-reference.com/players/n/newmajo01.html,newmajo01,1963.0,39,15
Billy Cunningham*,Billy Cunningham,1966,1976,F-C,6-Jun,210.0,6/3/1943,3/6/1943,1943,33.0,UNC,https://www.basketball-reference.com/players/c/cunnibi01.html,cunnibi01,1943.0,33,10
Billy Kenville,Billy Kenville,1954,1960,G-F,2-Jun,187.0,12/1/1930,1/12/1930,1930,30.0,St. Bonaventure,https://www.basketball-reference.com/players/k/kenvibi01.html,kenvibi01,1930.0,30,6
Billy Knight,Billy Knight,1975,1985,G-F,6-Jun,195.0,6/9/1952,9/6/1952,1952,33.0,Pitt,https://www.basketball-reference.com/players/k/knighbi01.html,knighbi01,1952.0,33,10
Billy McGill,Billy McGill,1963,1970,C-F,9-Jun,225.0,9/16/1939,16/9/1939,1939,31.0,Utah,https://www.basketball-reference.com/players/m/mcgilbi01.html,mcgilbi01,1939.0,31,7
Billy McKinney,Billy McKinney,1979,1986,G,Jun-00,160.0,6/5/1955,5/6/1955,1955,31.0,Northwestern,https://www.basketball-reference.com/players/m/mckinbi01.html,mckinbi01,1955.0,31,7
Billy Owens,Billy Owens,1992,2001,F-G,8-Jun,220.0,5/1/1969,1/5/1969,1969,32.0,Syracuse,https://www.basketball-reference.com/players/o/owensbi01.html,owensbi01,1969.0,32,9
Kyle Korver,Kyle Korver,2004,2020,G-F,7-Jun,212.0,3/17/1981,17/3/1981,1981,39.0,Creighton,https://www.basketball-reference.com/players/k/korveky01.html,korveky01,1981.0,39,16
Billy Thomas,Billy Thomas,2005,2008,G,4-Jun,208.0,12/23/1975,23/12/1975,1975,33.0,Kansas,https://www.basketball-reference.com/players/t/thomabi01.html,thomabi01,1975.0,33,3
Kyle Lowry,Kyle Lowry,2007,2025,G,Jun-00,196.0,3/25/1986,25/3/1986,1986,39.0,Villanova,https://www.basketball-reference.com/players/l/lowryky01.html,lowryky01,1986.0,39,18
Marcus Camby,Marcus Camby,1997,2013,C-F,11-Jun,220.0,3/22/1974,22/3/1974,1974,39.0,UMass,https://www.basketball-reference.com/players/c/cambyma01.html,cambyma01,1974.0,39,16
Bismack Biyombo,Bismack Biyombo,2012,2024,C-F,8-Jun,255.0,8/28/1992,28/8/1992,1992,32.0,,https://www.basketball-reference.com/players/b/biyombi01.html,biyombi01,1992.0,32,12
Bison Dele,Bison Dele,1992,1999,F-C,9-Jun,235.0,4/6/1969,6/4/1969,1969,30.0,"Maryland, Arizona",https://www.basketball-reference.com/players/d/delebi01.html,delebi01,1969.0,30,7
Blair Rasmussen,Blair Rasmussen,1986,1993,C,Jul-00,250.0,11/13/1962,13/11/1962,1962,31.0,Oregon,https://www.basketball-reference.com/players/r/rasmubl01.html,rasmubl01,1962.0,31,7
Mark Jackson,Mark Jackson,1988,2004,G,1-Jun,180.0,4/1/1965,1/4/1965,1965,39.0,St. John's,https://www.basketball-reference.com/players/j/jacksma01.html,jacksma01,1965.0,39,16
Mike James,Mike James,2002,2014,G,2-Jun,188.0,6/23/1975,23/6/1975,1975,39.0,Duquesne,https://www.basketball-reference.com/players/j/jamesmi01.html,jamesmi01,1975.0,39,12
Mike Novak,Mike Novak,1949,1954,C-F,9-Jun,219.0,4/23/1915,23/4/1915,1915,39.0,Loyola Chicago,https://www.basketball-reference.com/players/n/novakmi01.html,novakmi01,1915.0,39,5
Nazr Mohammed,Nazr Mohammed,1999,2016,C,10-Jun,221.0,9/5/1977,5/9/1977,1977,39.0,Kentucky,https://www.basketball-reference.com/players/m/mohamna01.html,mohamna01,1977.0,39,17
Otis Thorpe,Otis Thorpe,1985,2001,F-C,10-Jun,248.0,8/5/1962,5/8/1962,1962,39.0,Providence,https://www.basketball-reference.com/players/t/thorpot01.html,thorpot01,1962.0,39,16
P.J. Brown,P.J. Brown,1994,2008,F-C,11-Jun,225.0,10/14/1969,14/10/1969,1969,39.0,Louisiana Tech,https://www.basketball-reference.com/players/b/brownpj01.html,brownpj01,1969.0,39,14
P.J. Tucker,P.J. Tucker,2007,2024,F,5-Jun,245.0,5/5/1985,5/5/1985,1985,39.0,Texas,https://www.basketball-reference.com/players/t/tuckepj01.html,tuckepj01,1985.0,39,17
Bob Doll,Bob Doll,1947,1950,F-C,5-Jun,195.0,8/10/1919,10/8/1919,1919,31.0,Colorado,https://www.basketball-reference.com/players/d/dollbo01.html,dollbo01,1919.0,31,3
Bob Feerick,Bob Feerick,1947,1950,F-G,3-Jun,190.0,1/2/1920,2/1/1920,1920,30.0,Santa Clara,https://www.basketball-reference.com/players/f/feeribo01.html,feeribo01,1920.0,30,3
Bob Ferry,Bob Ferry,1960,1969,C-F,8-Jun,230.0,5/31/1937,31/5/1937,1937,32.0,Saint Louis,https://www.basketball-reference.com/players/f/ferrybo01.html,ferrybo01,1937.0,32,9
Bob Gross,Bob Gross,1976,1983,F-G,6-Jun,200.0,8/3/1953,3/8/1953,1953,30.0,"Seattle University, Cal State Long Beach",https://www.basketball-reference.com/players/g/grossbo01.html,grossbo01,1953.0,30,7
Bob Hansen,Bob Hansen,1984,1992,G,6-Jun,190.0,1/18/1961,18/1/1961,1961,31.0,Iowa,https://www.basketball-reference.com/players/h/hansebo01.html,hansebo01,1961.0,31,8
Bob Harrison,Bob Harrison,1950,1958,G,1-Jun,190.0,8/12/1927,12/8/1927,1927,31.0,Michigan,https://www.basketball-reference.com/players/h/harribo02.html,harribo02,1927.0,31,8
Pablo Prigioni,Pablo Prigioni,2013,2016,G,3-Jun,185.0,5/17/1977,17/5/1977,1977,39.0,,https://www.basketball-reference.com/players/p/prigipa01.html,prigipa01,1977.0,39,3
Pau Gasol*,Pau Gasol,2002,2019,C-F,Jul-00,250.0,7/6/1980,6/7/1980,1980,39.0,,https://www.basketball-reference.com/players/g/gasolpa01.html,gasolpa01,1980.0,39,17
Rasheed Wallace,Rasheed Wallace,1996,2013,F-C,11-Jun,225.0,9/17/1974,17/9/1974,1974,39.0,UNC,https://www.basketball-reference.com/players/w/wallara01.html,wallara01,1974.0,39,17
Ray Allen*,Ray Allen,1997,2014,G,5-Jun,205.0,7/20/1975,20/7/1975,1975,39.0,UConn,https://www.basketball-reference.com/players/a/allenra02.html,allenra02,1975.0,39,17
Ricky Pierce,Ricky Pierce,1983,1998,G,4-Jun,205.0,8/19/1959,19/8/1959,1959,39.0,"Walla Walla Community College, Rice University",https://www.basketball-reference.com/players/p/piercri01.html,piercri01,1959.0,39,15
Bob Pettit*,Bob Pettit,1955,1965,F-C,9-Jun,205.0,12/12/1932,12/12/1932,1932,33.0,LSU,https://www.basketball-reference.com/players/p/pettibo01.html,pettibo01,1932.0,33,10
Bob Rule,Bob Rule,1968,1975,C-F,9-Jun,220.0,6/29/1944,29/6/1944,1944,31.0,"Riverside Community College, Colorado State",https://www.basketball-reference.com/players/r/rulebo01.html,rulebo01,1944.0,31,7
Bob Sims,Bob Sims,1962,1968,G-F,5-Jun,220.0,10/9/1938,9/10/1938,1938,30.0,Pepperdine,https://www.basketball-reference.com/players/s/simsbo01.html,simsbo01,1938.0,30,6
Bob Sura,Bob Sura,1996,2005,G,5-Jun,200.0,3/25/1973,25/3/1973,1973,32.0,Florida State,https://www.basketball-reference.com/players/s/surabo01.html,surabo01,1973.0,32,9
Rod Strickland,Rod Strickland,1989,2005,G,3-Jun,175.0,7/11/1966,11/7/1966,1966,39.0,DePaul,https://www.basketball-reference.com/players/s/stricro02.html,stricro02,1966.0,39,16
Bob Warren,Bob Warren,1969,1976,G,5-Jun,190.0,7/17/1946,17/7/1946,1946,30.0,Vanderbilt,https://www.basketball-reference.com/players/w/warrebo01.html,warrebo01,1946.0,30,7
Sam Cassell,Sam Cassell,1994,2008,G,3-Jun,185.0,11/18/1969,18/11/1969,1969,39.0,Florida State,https://www.basketball-reference.com/players/c/cassesa01.html,cassesa01,1969.0,39,14
Sam Mitchell,Sam Mitchell,1990,2002,F,6-Jun,210.0,9/2/1963,2/9/1963,1963,39.0,Mercer University,https://www.basketball-reference.com/players/m/mitchsa01.html,mitchsa01,1963.0,39,12
Scottie Pippen*,Scottie Pippen,1988,2004,F-G,8-Jun,210.0,9/25/1965,25/9/1965,1965,39.0,University of Central Arkansas,https://www.basketball-reference.com/players/p/pippesc01.html,pippesc01,1965.0,39,16
Shaquille O'Neal*,Shaquille O'Neal,1993,2011,C,1-Jul,325.0,3/6/1972,6/3/1972,1972,39.0,LSU,https://www.basketball-reference.com/players/o/onealsh01.html,onealsh01,1972.0,39,18
Terry Cummings,Terry Cummings,1983,2000,F,9-Jun,220.0,3/15/1961,15/3/1961,1961,39.0,DePaul,https://www.basketball-reference.com/players/c/cummite01.html,cummite01,1961.0,39,17
Bobby Phills,Bobby Phills,1992,2000,G,5-Jun,210.0,12/20/1969,20/12/1969,1969,31.0,Southern University and A&M College,https://www.basketball-reference.com/players/p/phillbo01.html,phillbo01,1969.0,31,8
Bobby Portis,Bobby Portis,2016,2025,F,10-Jun,250.0,2/10/1995,10/2/1995,1995,30.0,Arkansas,https://www.basketball-reference.com/players/p/portibo01.html,portibo01,1995.0,30,9
Bobby Simmons,Bobby Simmons,2002,2012,G-F,7-Jun,210.0,6/2/1980,2/6/1980,1980,32.0,DePaul,https://www.basketball-reference.com/players/s/simmobo01.html,simmobo01,1980.0,32,10
Terry Porter,Terry Porter,1986,2002,G,3-Jun,195.0,4/8/1963,8/4/1963,1963,39.0,University of Wisconsin-Stevens Point,https://www.basketball-reference.com/players/p/portete01.html,portete01,1963.0,39,16
Bogdan Bogdanović,Bogdan Bogdanović,2018,2025,G,5-Jun,220.0,8/18/1992,18/8/1992,1992,33.0,,https://www.basketball-reference.com/players/b/bogdabo01.html,bogdabo01,1992.0,33,7
Tom Chambers,Tom Chambers,1982,1998,F-C,10-Jun,220.0,6/21/1959,21/6/1959,1959,39.0,Utah,https://www.basketball-reference.com/players/c/chambto01.html,chambto01,1959.0,39,16
Bones McKinney,Bones McKinney,1947,1952,F-C,6-Jun,185.0,1/1/1919,1/1/1919,1919,33.0,UNC,https://www.basketball-reference.com/players/m/mckinbo01.html,mckinbo01,1919.0,33,5
Bonzi Wells,Bonzi Wells,1999,2008,G-F,5-Jun,210.0,9/28/1976,28/9/1976,1976,32.0,Ball State University,https://www.basketball-reference.com/players/w/wellsbo01.html,wellsbo01,1976.0,32,9
Tyrone Corbin,Tyrone Corbin,1986,2001,G-F,6-Jun,210.0,12/31/1962,31/12/1962,1962,39.0,DePaul,https://www.basketball-reference.com/players/c/corbity01.html,corbity01,1962.0,39,15
A.C. Green,A.C. Green,1986,2001,F-C,9-Jun,220.0,10/4/1963,4/10/1963,1963,38.0,Oregon State,https://www.basketball-reference.com/players/g/greenac01.html,greenac01,1963.0,38,15
Alonzo Mourning*,Alonzo Mourning,1993,2008,C-F,10-Jun,240.0,2/8/1970,8/2/1970,1970,38.0,Georgetown,https://www.basketball-reference.com/players/m/mournal01.html,mournal01,1970.0,38,15
Antawn Jamison,Antawn Jamison,1999,2014,F,9-Jun,223.0,6/12/1976,12/6/1976,1976,38.0,UNC,https://www.basketball-reference.com/players/j/jamisan01.html,jamisan01,1976.0,38,15
Brad Sellers,Brad Sellers,1987,1993,C-F,Jul-00,210.0,12/17/1962,17/12/1962,1962,31.0,"Wisconsin, Ohio State",https://www.basketball-reference.com/players/s/sellebr01.html,sellebr01,1962.0,31,6
Brad Wanamaker,Brad Wanamaker,2019,2022,G,3-Jun,210.0,7/25/1989,25/7/1989,1989,33.0,Pitt,https://www.basketball-reference.com/players/w/wanambr01.html,wanambr01,1989.0,33,3
Bradley Beal,Bradley Beal,2013,2025,G,4-Jun,207.0,6/28/1993,28/6/1993,1993,32.0,Florida,https://www.basketball-reference.com/players/b/bealbr01.html,bealbr01,1993.0,32,12
Brady Walker,Brady Walker,1949,1952,F-C,6-Jun,205.0,3/15/1921,15/3/1921,1921,31.0,BYU,https://www.basketball-reference.com/players/w/walkebr01.html,walkebr01,1921.0,31,3
Brandan Wright,Brandan Wright,2008,2018,F-C,10-Jun,210.0,10/5/1987,5/10/1987,1987,31.0,UNC,https://www.basketball-reference.com/players/w/wrighbr03.html,wrighbr03,1987.0,31,10
Brandon Bass,Brandon Bass,2006,2017,F,8-Jun,250.0,4/30/1985,30/4/1985,1985,32.0,LSU,https://www.basketball-reference.com/players/b/bassbr01.html,bassbr01,1985.0,32,11
Brandon Knight,Brandon Knight,2012,2022,G,2-Jun,182.0,12/2/1991,2/12/1991,1991,31.0,Kentucky,https://www.basketball-reference.com/players/k/knighbr03.html,knighbr03,1991.0,31,10
Brandon Rush,Brandon Rush,2009,2017,G-F,6-Jun,220.0,7/7/1985,7/7/1985,1985,32.0,Kansas,https://www.basketball-reference.com/players/r/rushbr01.html,rushbr01,1985.0,32,8
Antonio Davis,Antonio Davis,1994,2006,F-C,9-Jun,215.0,10/31/1968,31/10/1968,1968,38.0,Texas-El Paso,https://www.basketball-reference.com/players/d/davisan01.html,davisan01,1968.0,38,12
Ben Wallace*,Ben Wallace,1997,2012,F-C,9-Jun,240.0,9/10/1974,10/9/1974,1974,38.0,"Cuyahoga Community College, Virginia Union University",https://www.basketball-reference.com/players/w/wallabe01.html,wallabe01,1974.0,38,15
Bill Cartwright,Bill Cartwright,1980,1995,C,1-Jul,245.0,7/30/1957,30/7/1957,1957,38.0,San Francisco,https://www.basketball-reference.com/players/c/cartwbi01.html,cartwbi01,1957.0,38,15
Brent Barry,Brent Barry,1996,2009,G,6-Jun,185.0,12/31/1971,31/12/1971,1971,38.0,Oregon State,https://www.basketball-reference.com/players/b/barrybr01.html,barrybr01,1971.0,38,13
Bruce Bowen,Bruce Bowen,1997,2009,F,7-Jun,185.0,6/14/1971,14/6/1971,1971,38.0,Cal State Fullerton,https://www.basketball-reference.com/players/b/bowenbr01.html,bowenbr01,1971.0,38,12
Brian Cook,Brian Cook,2004,2012,F,9-Jun,234.0,12/4/1980,4/12/1980,1980,32.0,Illinois,https://www.basketball-reference.com/players/c/cookbr01.html,cookbr01,1980.0,32,8
Buck Williams,Buck Williams,1982,1998,F-C,8-Jun,215.0,3/8/1960,8/3/1960,1960,38.0,Maryland,https://www.basketball-reference.com/players/w/willibu01.html,willibu01,1960.0,38,16
Brian Oliver,Brian Oliver,1991,1998,G,4-Jun,210.0,6/1/1968,1/6/1968,1968,30.0,Georgia Tech,https://www.basketball-reference.com/players/o/olivebr01.html,olivebr01,1968.0,30,7
Brian Roberts,Brian Roberts,2013,2017,G,1-Jun,173.0,12/3/1985,3/12/1985,1985,32.0,Dayton,https://www.basketball-reference.com/players/r/roberbr01.html,roberbr01,1985.0,32,4
Carmelo Anthony,Carmelo Anthony,2004,2022,F,7-Jun,238.0,5/29/1984,29/5/1984,1984,38.0,Syracuse,https://www.basketball-reference.com/players/a/anthoca01.html,anthoca01,1984.0,38,18
Chauncey Billups*,Chauncey Billups,1998,2014,G,3-Jun,202.0,9/25/1976,25/9/1976,1976,38.0,Colorado,https://www.basketball-reference.com/players/b/billuch01.html,billuch01,1976.0,38,16
Chris Dudley,Chris Dudley,1988,2003,C,11-Jun,235.0,2/22/1965,22/2/1965,1965,38.0,Yale,https://www.basketball-reference.com/players/d/dudlech02.html,dudlech02,1965.0,38,15
Brian Taylor,Brian Taylor,1973,1982,G,2-Jun,185.0,6/9/1951,9/6/1951,1951,31.0,Princeton,https://www.basketball-reference.com/players/t/taylobr01.html,taylobr01,1951.0,31,9
Brian Winters,Brian Winters,1975,1983,G-F,4-Jun,185.0,3/1/1952,1/3/1952,1952,31.0,South Carolina,https://www.basketball-reference.com/players/w/wintebr01.html,wintebr01,1952.0,31,8
Chris Mullin*,Chris Mullin,1986,2001,F-G,7-Jun,215.0,7/30/1963,30/7/1963,1963,38.0,St. John's,https://www.basketball-reference.com/players/m/mullich01.html,mullich01,1963.0,38,15
Brook Steppe,Brook Steppe,1983,1989,G-F,5-Jun,195.0,11/7/1959,7/11/1959,1959,30.0,Georgia Tech,https://www.basketball-reference.com/players/s/steppbr01.html,steppbr01,1959.0,30,6
Dale Davis,Dale Davis,1992,2007,F-C,11-Jun,230.0,3/25/1969,25/3/1969,1969,38.0,Clemson,https://www.basketball-reference.com/players/d/davisda01.html,davisda01,1969.0,38,15
Bryant Stith,Bryant Stith,1993,2002,G,5-Jun,208.0,12/10/1970,10/12/1970,1970,32.0,Virginia,https://www.basketball-reference.com/players/s/stithbr01.html,stithbr01,1970.0,32,9
Bryce Drew,Bryce Drew,1999,2004,G,2-Jun,185.0,9/21/1974,21/9/1974,1974,30.0,Valparaiso,https://www.basketball-reference.com/players/d/drewbr01.html,drewbr01,1974.0,30,5
Bryn Forbes,Bryn Forbes,2017,2023,G,2-Jun,205.0,7/23/1993,23/7/1993,1993,30.0,Michigan State,https://www.basketball-reference.com/players/f/forbebr01.html,forbebr01,1993.0,30,6
Damien Wilkins,Damien Wilkins,2005,2018,F-G,6-Jun,225.0,1/11/1980,11/1/1980,1980,38.0,"NC State, Georgia",https://www.basketball-reference.com/players/w/wilkida02.html,wilkida02,1980.0,38,13
David Robinson*,David Robinson,1990,2003,C,1-Jul,235.0,8/6/1965,6/8/1965,1965,38.0,United States Naval Academy,https://www.basketball-reference.com/players/r/robinda01.html,robinda01,1965.0,38,13
Bucky Bockhorn,Bucky Bockhorn,1959,1965,G,4-Jun,200.0,7/8/1933,8/7/1933,1933,32.0,Dayton,https://www.basketball-reference.com/players/b/bockhbu01.html,bockhbu01,1933.0,32,6
Bud Olsen,Bud Olsen,1963,1970,F-C,8-Jun,220.0,7/25/1940,25/7/1940,1940,30.0,Louisville,https://www.basketball-reference.com/players/o/olsenbu01.html,olsenbu01,1940.0,30,7
Buddy Hield,Buddy Hield,2017,2025,G-F,4-Jun,220.0,12/17/1992,17/12/1992,1992,33.0,Oklahoma,https://www.basketball-reference.com/players/h/hieldbu01.html,hieldbu01,1992.0,33,8
Butch Beard,Butch Beard,1970,1979,G,3-Jun,185.0,5/4/1947,4/5/1947,1947,32.0,Louisville,https://www.basketball-reference.com/players/b/beardbu01.html,beardbu01,1947.0,32,9
Byron Beck,Byron Beck,1968,1977,C-F,9-Jun,225.0,1/25/1945,25/1/1945,1945,32.0,"Columbia Basin College, Denver",https://www.basketball-reference.com/players/b/beckby01.html,beckby01,1945.0,32,9
David West,David West,2004,2018,F-C,9-Jun,250.0,8/29/1980,29/8/1980,1980,38.0,Xavier,https://www.basketball-reference.com/players/w/westda01.html,westda01,1980.0,38,14
David Wingate,David Wingate,1987,2001,G-F,5-Jun,185.0,12/15/1963,15/12/1963,1963,38.0,Georgetown,https://www.basketball-reference.com/players/w/wingada01.html,wingada01,1963.0,38,14
C.J. Watson,C.J. Watson,2008,2017,G,2-Jun,175.0,4/17/1984,17/4/1984,1984,33.0,Tennessee,https://www.basketball-reference.com/players/w/watsocj01.html,watsocj01,1984.0,33,9
Dell Curry,Dell Curry,1987,2002,G,4-Jun,190.0,6/25/1964,25/6/1964,1964,38.0,Virginia Tech,https://www.basketball-reference.com/players/c/curryde01.html,curryde01,1964.0,38,15
Derek Harper,Derek Harper,1984,1999,G,4-Jun,185.0,10/13/1961,13/10/1961,1961,38.0,Illinois,https://www.basketball-reference.com/players/h/harpede01.html,harpede01,1961.0,38,15
Caleb Martin,Caleb Martin,2020,2025,F,5-Jun,205.0,9/28/1995,28/9/1995,1995,30.0,"NC State, Nevada",https://www.basketball-reference.com/players/m/martica02.html,martica02,1995.0,30,5
Calvin Booth,Calvin Booth,2000,2009,C,11-Jun,230.0,5/7/1976,7/5/1976,1976,33.0,Penn State,https://www.basketball-reference.com/players/b/boothca01.html,boothca01,1976.0,33,9
Derrick Coleman,Derrick Coleman,1991,2005,F-C,10-Jun,230.0,6/21/1967,21/6/1967,1967,38.0,Syracuse,https://www.basketball-reference.com/players/c/colemde01.html,colemde01,1967.0,38,14
Calvin Natt,Calvin Natt,1980,1990,F,6-Jun,220.0,1/8/1957,8/1/1957,1957,33.0,Louisiana-Monroe,https://www.basketball-reference.com/players/n/nattca01.html,nattca01,1957.0,33,10
Cameron Payne,Cameron Payne,2016,2025,G,3-Jun,183.0,8/8/1994,8/8/1994,1994,31.0,Murray State,https://www.basketball-reference.com/players/p/payneca01.html,payneca01,1994.0,31,9
Campy Russell,Campy Russell,1975,1985,F,8-Jun,215.0,1/12/1952,12/1/1952,1952,33.0,Michigan,https://www.basketball-reference.com/players/r/russeca02.html,russeca02,1952.0,33,10
Caris LeVert,Caris LeVert,2017,2025,G-F,6-Jun,205.0,8/25/1994,25/8/1994,1994,31.0,Michigan,https://www.basketball-reference.com/players/l/leverca01.html,leverca01,1994.0,31,8
Detlef Schrempf,Detlef Schrempf,1986,2001,F-C,10-Jun,235.0,1/21/1963,21/1/1963,1963,38.0,Washington,https://www.basketball-reference.com/players/s/schrede01.html,schrede01,1963.0,38,15
Carl Herrera,Carl Herrera,1992,1999,F,9-Jun,215.0,12/14/1966,14/12/1966,1966,33.0,"Jacksonville College, Houston",https://www.basketball-reference.com/players/h/herreca01.html,herreca01,1966.0,33,7
Carl Landry,Carl Landry,2008,2016,F,9-Jun,248.0,9/19/1983,19/9/1983,1983,33.0,"Vincennes University, Purdue",https://www.basketball-reference.com/players/l/landrca01.html,landrca01,1983.0,33,8
Carlos Arroyo,Carlos Arroyo,2002,2011,G,2-Jun,202.0,7/30/1979,30/7/1979,1979,32.0,Florida International University,https://www.basketball-reference.com/players/a/arroyca01.html,arroyca01,1979.0,32,9
Dick Barnett*,Dick Barnett,1960,1974,G-F,4-Jun,190.0,10/2/1936,2/10/1936,1936,38.0,Tennessee State,https://www.basketball-reference.com/players/b/barnedi01.html,barnedi01,1936.0,38,14
Carlos Delfino,Carlos Delfino,2005,2013,G,6-Jun,230.0,8/29/1982,29/8/1982,1982,31.0,,https://www.basketball-reference.com/players/d/delfica01.html,delfica01,1982.0,31,8
Carlos Rogers,Carlos Rogers,1995,2002,C-F,11-Jun,220.0,2/6/1971,6/2/1971,1971,31.0,"Little Rock, Tennessee State",https://www.basketball-reference.com/players/r/rogerca01.html,rogerca01,1971.0,31,7
Elgin Baylor*,Elgin Baylor,1959,1972,F,5-Jun,225.0,9/16/1934,16/9/1934,1934,38.0,"College of Idaho, Seattle University",https://www.basketball-reference.com/players/b/bayloel01.html,bayloel01,1934.0,38,13
Eric Piatkowski,Eric Piatkowski,1995,2008,G-F,7-Jun,215.0,9/30/1970,30/9/1970,1970,38.0,Nebraska,https://www.basketball-reference.com/players/p/piatker01.html,piatker01,1970.0,38,13
Cartier Martin,Cartier Martin,2009,2015,F,7-Jun,220.0,11/20/1984,20/11/1984,1984,31.0,Kansas State,https://www.basketball-reference.com/players/m/martica01.html,martica01,1984.0,31,6
Frank Brickowski,Frank Brickowski,1985,1997,F-C,9-Jun,240.0,8/14/1959,14/8/1959,1959,38.0,Penn State,https://www.basketball-reference.com/players/b/brickfr01.html,brickfr01,1959.0,38,12
Cedric Ceballos,Cedric Ceballos,1991,2001,F,7-Jun,220.0,8/2/1969,2/8/1969,1969,32.0,Cal State Fullerton,https://www.basketball-reference.com/players/c/cebalce01.html,cebalce01,1969.0,32,10
Cedric Maxwell,Cedric Maxwell,1978,1988,F,8-Jun,205.0,11/21/1955,21/11/1955,1955,33.0,UNC Charlotte,https://www.basketball-reference.com/players/m/maxwece01.html,maxwece01,1955.0,33,10
Chandler Parsons,Chandler Parsons,2012,2020,F,9-Jun,230.0,10/25/1988,25/10/1988,1988,32.0,Florida,https://www.basketball-reference.com/players/p/parsoch01.html,parsoch01,1988.0,32,8
George Johnson,George Johnson,1973,1986,C-F,11-Jun,205.0,12/18/1948,18/12/1948,1948,38.0,Dillard University,https://www.basketball-reference.com/players/j/johnsge02.html,johnsge02,1948.0,38,13
James Donaldson,James Donaldson,1981,1995,C,2-Jul,275.0,8/16/1957,16/8/1957,1957,38.0,Washington State,https://www.basketball-reference.com/players/d/donalja01.html,donalja01,1957.0,38,14
Charles Davis,Charles Davis,1982,1990,F,7-Jun,215.0,10/5/1958,5/10/1958,1958,32.0,Vanderbilt,https://www.basketball-reference.com/players/d/davisch02.html,davisch02,1958.0,32,8
Charles Johnson,Charles Johnson,1973,1979,G,Jun-00,170.0,3/31/1949,31/3/1949,1949,30.0,California,https://www.basketball-reference.com/players/j/johnsch01.html,johnsch01,1949.0,30,6
James Johnson,James Johnson,2010,2025,F,7-Jun,240.0,2/20/1987,20/2/1987,1987,38.0,Wake Forest,https://www.basketball-reference.com/players/j/johnsja01.html,johnsja01,1987.0,38,15
Joe Ingles,Joe Ingles,2015,2025,F-G,8-Jun,220.0,10/2/1987,2/10/1987,1987,38.0,,https://www.basketball-reference.com/players/i/inglejo01.html,inglejo01,1987.0,38,10
Charles Shackleford,Charles Shackleford,1989,1999,F-C,10-Jun,225.0,4/22/1966,22/4/1966,1966,33.0,NC State,https://www.basketball-reference.com/players/s/shackch01.html,shackch01,1966.0,33,10
Charles Smith,Charles Smith,1998,2006,G,4-Jun,194.0,8/22/1975,22/8/1975,1975,31.0,New Mexico,https://www.basketball-reference.com/players/s/smithch04.html,smithch04,1975.0,31,8
Charles Smith,Charles Smith,1989,1997,F-C,10-Jun,230.0,7/16/1965,16/7/1965,1965,32.0,Pitt,https://www.basketball-reference.com/players/s/smithch01.html,smithch01,1965.0,32,8
Charlie Bell,Charlie Bell,2002,2011,G,3-Jun,200.0,3/12/1979,12/3/1979,1979,32.0,Michigan State,https://www.basketball-reference.com/players/b/bellch01.html,bellch01,1979.0,32,9
Charlie Black,Charlie Black,1949,1952,F-C,5-Jun,200.0,6/15/1921,15/6/1921,1921,31.0,Kansas,https://www.basketball-reference.com/players/b/blackch01.html,blackch01,1921.0,31,3
Joe Kleine,Joe Kleine,1986,2000,C,11-Jun,255.0,1/4/1962,4/1/1962,1962,38.0,"Notre Dame, Arkansas",https://www.basketball-reference.com/players/k/kleinjo01.html,kleinjo01,1962.0,38,14
Charlie Scott*,Charlie Scott,1971,1980,G-F,5-Jun,175.0,12/15/1948,15/12/1948,1948,32.0,UNC,https://www.basketball-reference.com/players/s/scottch01.html,scottch01,1948.0,32,9
Charlie Villanueva,Charlie Villanueva,2006,2016,F,11-Jun,232.0,8/24/1984,24/8/1984,1984,32.0,UConn,https://www.basketball-reference.com/players/v/villach01.html,villach01,1984.0,32,10
John Havlicek*,John Havlicek,1963,1978,F-G,5-Jun,203.0,4/8/1940,8/4/1940,1940,38.0,Ohio State,https://www.basketball-reference.com/players/h/havlijo01.html,havlijo01,1940.0,38,15
Charlie Williams,Charlie Williams,1968,1973,G,Jun-00,165.0,9/5/1943,5/9/1943,1943,30.0,Seattle University,https://www.basketball-reference.com/players/w/willich01.html,willich01,1943.0,30,5
José Calderón,José Calderón,2006,2019,G,3-Jun,200.0,9/28/1981,28/9/1981,1981,38.0,,https://www.basketball-reference.com/players/c/caldejo01.html,caldejo01,1981.0,38,13
Cherokee Parks,Cherokee Parks,1996,2004,C-F,11-Jun,235.0,10/11/1972,11/10/1972,1972,32.0,Duke,https://www.basketball-reference.com/players/p/parksch02.html,parksch02,1972.0,32,8
Kenyon Martin,Kenyon Martin,2001,2015,F,9-Jun,234.0,12/30/1977,30/12/1977,1977,38.0,Cincinnati,https://www.basketball-reference.com/players/m/martike01.html,martike01,1977.0,38,14
Chick Halbert,Chick Halbert,1947,1951,C,9-Jun,225.0,2/27/1919,27/2/1919,1919,32.0,West Texas A&M University,https://www.basketball-reference.com/players/h/halbech01.html,halbech01,1919.0,32,4
Chico Vaughn,Chico Vaughn,1963,1970,G,2-Jun,190.0,2/19/1940,19/2/1940,1940,30.0,Southern Illinois,https://www.basketball-reference.com/players/v/vaughch01.html,vaughch01,1940.0,30,7
Kevin Ollie,Kevin Ollie,1998,2010,G,4-Jun,195.0,12/27/1972,27/12/1972,1972,38.0,UConn,https://www.basketball-reference.com/players/o/ollieke01.html,ollieke01,1972.0,38,12
Chris Bosh*,Chris Bosh,2004,2016,F-C,11-Jun,235.0,3/24/1984,24/3/1984,1984,32.0,Georgia Tech,https://www.basketball-reference.com/players/b/boshch01.html,boshch01,1984.0,32,12
Chris Boucher,Chris Boucher,2018,2025,F,9-Jun,200.0,1/11/1993,11/1/1993,1993,32.0,"New Mexico Junior College, Northwest College, Oregon",https://www.basketball-reference.com/players/b/bouchch01.html,bouchch01,1993.0,32,7
Kobe Bryant*,Kobe Bryant,1997,2016,G-F,6-Jun,212.0,8/23/1978,23/8/1978,1978,38.0,,https://www.basketball-reference.com/players/b/bryanko01.html,bryanko01,1978.0,38,19
Chris Copeland,Chris Copeland,2013,2016,F,9-Jun,239.0,3/17/1984,17/3/1984,1984,32.0,Colorado,https://www.basketball-reference.com/players/c/copelch01.html,copelch01,1984.0,32,3
Lenny Wilkens*,Lenny Wilkens,1961,1975,G,1-Jun,180.0,10/28/1937,28/10/1937,1937,38.0,Providence,https://www.basketball-reference.com/players/w/wilkele01.html,wilkele01,1937.0,38,14
Chris Duhon,Chris Duhon,2005,2013,G,1-Jun,185.0,8/31/1982,31/8/1982,1982,31.0,Duke,https://www.basketball-reference.com/players/d/duhonch01.html,duhonch01,1982.0,31,8
Chris Ford,Chris Ford,1973,1982,G-F,5-Jun,190.0,1/11/1949,11/1/1949,1949,33.0,Villanova,https://www.basketball-reference.com/players/f/fordch01.html,fordch01,1949.0,33,9
Mario Elie,Mario Elie,1991,2001,G-F,5-Jun,210.0,11/26/1963,26/11/1963,1963,38.0,American International College,https://www.basketball-reference.com/players/e/eliema01.html,eliema01,1963.0,38,10
Mark Bryant,Mark Bryant,1989,2003,F-C,9-Jun,245.0,4/25/1965,25/4/1965,1965,38.0,Seton Hall,https://www.basketball-reference.com/players/b/bryanma01.html,bryanma01,1965.0,38,14
Chris King,Chris King,1994,1999,F,8-Jun,215.0,7/24/1969,24/7/1969,1969,30.0,Wake Forest,https://www.basketball-reference.com/players/k/kingch01.html,kingch01,1969.0,30,5
Chris Mihm,Chris Mihm,2001,2009,C-F,Jul-00,265.0,7/16/1979,16/7/1979,1979,30.0,Texas,https://www.basketball-reference.com/players/m/mihmch01.html,mihmch01,1979.0,30,8
Chris Mills,Chris Mills,1994,2003,F,6-Jun,215.0,1/25/1970,25/1/1970,1970,33.0,"Kentucky, Arizona",https://www.basketball-reference.com/players/m/millsch01.html,millsch01,1970.0,33,9
Chris Morris,Chris Morris,1989,1999,F,8-Jun,210.0,1/20/1966,20/1/1966,1966,33.0,Auburn,https://www.basketball-reference.com/players/m/morrich01.html,morrich01,1966.0,33,10
Metta World Peace,Metta World Peace,2000,2017,F,7-Jun,260.0,11/13/1979,13/11/1979,1979,38.0,St. John's,https://www.basketball-reference.com/players/a/artesro01.html,artesro01,1979.0,38,17
Michael Cage,Michael Cage,1985,2000,F-C,9-Jun,224.0,1/28/1962,28/1/1962,1962,38.0,San Diego State,https://www.basketball-reference.com/players/c/cagemi01.html,cagemi01,1962.0,38,15
Chris Quinn,Chris Quinn,2007,2013,G,2-Jun,185.0,9/27/1983,27/9/1983,1983,30.0,Notre Dame,https://www.basketball-reference.com/players/q/quinnch01.html,quinnch01,1983.0,30,6
Mike Conley,Mike Conley,2008,2025,G,Jun-00,175.0,10/11/1987,11/10/1987,1987,38.0,Ohio State,https://www.basketball-reference.com/players/c/conlemi01.html,conlemi01,1987.0,38,17
Chris Whitney,Chris Whitney,1994,2004,G,Jun-00,168.0,10/5/1971,5/10/1971,1971,33.0,Clemson,https://www.basketball-reference.com/players/w/whitnch01.html,whitnch01,1971.0,33,10
Chris Wilcox,Chris Wilcox,2003,2013,F,10-Jun,221.0,9/3/1982,3/9/1982,1982,31.0,Maryland,https://www.basketball-reference.com/players/w/wilcoch01.html,wilcoch01,1982.0,31,10
Nick Collison,Nick Collison,2005,2018,F,10-Jun,255.0,10/26/1980,26/10/1980,1980,38.0,Kansas,https://www.basketball-reference.com/players/c/collini01.html,collini01,1980.0,38,13
Chuck Cooper*,Chuck Cooper,1951,1956,F,5-Jun,210.0,9/29/1926,29/9/1926,1926,30.0,Duquesne,https://www.basketball-reference.com/players/c/coopech01.html,coopech01,1926.0,30,5
Chuck Hayes,Chuck Hayes,2006,2016,F-C,6-Jun,240.0,6/11/1983,11/6/1983,1983,33.0,Kentucky,https://www.basketball-reference.com/players/h/hayesch01.html,hayesch01,1983.0,33,10
Richard Jefferson,Richard Jefferson,2002,2018,F,7-Jun,233.0,6/21/1980,21/6/1980,1980,38.0,Arizona,https://www.basketball-reference.com/players/j/jefferi01.html,jefferi01,1980.0,38,16
Chuck Noble,Chuck Noble,1956,1962,G,4-Jun,190.0,7/24/1931,24/7/1931,1931,31.0,Louisville,https://www.basketball-reference.com/players/n/noblech01.html,noblech01,1931.0,31,6
Richie Guerin*,Richie Guerin,1957,1970,G,4-Jun,195.0,5/29/1932,29/5/1932,1932,38.0,Iona College,https://www.basketball-reference.com/players/g/gueriri01.html,gueriri01,1932.0,38,13
Chuck Share,Chuck Share,1952,1960,C,11-Jun,235.0,3/14/1927,14/3/1927,1927,33.0,Bowling Green,https://www.basketball-reference.com/players/s/sharech01.html,sharech01,1927.0,33,8
Chuck Williams,Chuck Williams,1971,1978,G,2-Jun,175.0,6/6/1946,6/6/1946,1946,32.0,Colorado,https://www.basketball-reference.com/players/w/willich02.html,willich02,1946.0,32,7
Rickey Green,Rickey Green,1978,1992,G,Jun-00,170.0,8/18/1954,18/8/1954,1954,38.0,"Vincennes University, Michigan",https://www.basketball-reference.com/players/g/greenri01.html,greenri01,1954.0,38,14
Robert Horry,Robert Horry,1993,2008,F,10-Jun,240.0,8/25/1970,25/8/1970,1970,38.0,Alabama,https://www.basketball-reference.com/players/h/horryro01.html,horryro01,1970.0,38,15
Cincy Powell,Cincy Powell,1968,1975,F-C,7-Jun,220.0,2/25/1942,25/2/1942,1942,33.0,University of Portland,https://www.basketball-reference.com/players/p/powelci01.html,powelci01,1942.0,33,7
Stacey Augmon,Stacey Augmon,1992,2006,F-G,8-Jun,205.0,8/1/1968,1/8/1968,1968,38.0,UNLV,https://www.basketball-reference.com/players/a/augmost01.html,augmost01,1968.0,38,14
Steve Kerr,Steve Kerr,1989,2003,G,3-Jun,175.0,9/27/1965,27/9/1965,1965,38.0,Arizona,https://www.basketball-reference.com/players/k/kerrst01.html,kerrst01,1965.0,38,14
Clem Haskins,Clem Haskins,1968,1976,G,3-Jun,195.0,7/11/1943,11/7/1943,1943,33.0,Western Kentucky,https://www.basketball-reference.com/players/h/haskicl01.html,haskicl01,1943.0,33,8
Clemon Johnson,Clemon Johnson,1979,1988,C-F,10-Jun,240.0,9/12/1956,12/9/1956,1956,32.0,Florida A&M,https://www.basketball-reference.com/players/j/johnscl01.html,johnscl01,1956.0,32,9
Theo Ratliff,Theo Ratliff,1996,2011,C-F,10-Jun,225.0,4/17/1973,17/4/1973,1973,38.0,Wyoming,https://www.basketball-reference.com/players/r/ratlith01.html,ratlith01,1973.0,38,15
Thurl Bailey,Thurl Bailey,1984,1999,F-C,11-Jun,215.0,4/7/1961,7/4/1961,1961,38.0,NC State,https://www.basketball-reference.com/players/b/baileth01.html,baileth01,1961.0,38,15
Cliff Robinson,Cliff Robinson,1980,1992,F,9-Jun,220.0,3/13/1960,13/3/1960,1960,32.0,USC,https://www.basketball-reference.com/players/r/robincl01.html,robincl01,1960.0,32,12
Clifford Ray,Clifford Ray,1972,1981,C,9-Jun,230.0,1/21/1949,21/1/1949,1949,32.0,Oklahoma,https://www.basketball-reference.com/players/r/raycl01.html,raycl01,1949.0,32,9
Toni Kukoč*,Toni Kukoč,1994,2006,F,10-Jun,192.0,9/18/1968,18/9/1968,1968,38.0,,https://www.basketball-reference.com/players/k/kukocto01.html,kukocto01,1968.0,38,12
Clint Capela,Clint Capela,2015,2025,C,10-Jun,240.0,5/18/1994,18/5/1994,1994,31.0,,https://www.basketball-reference.com/players/c/capelca01.html,capelca01,1994.0,31,10
Clint Richardson,Clint Richardson,1980,1987,G,3-Jun,195.0,8/7/1956,7/8/1956,1956,31.0,Seattle University,https://www.basketball-reference.com/players/r/richacl01.html,richacl01,1956.0,31,7
Tony Massenburg,Tony Massenburg,1991,2005,F,9-Jun,220.0,7/31/1967,31/7/1967,1967,38.0,Maryland,https://www.basketball-reference.com/players/m/masseto01.html,masseto01,1967.0,38,14
Clyde Lee,Clyde Lee,1967,1976,F-C,10-Jun,205.0,3/14/1944,14/3/1944,1944,32.0,Vanderbilt,https://www.basketball-reference.com/players/l/leecl01.html,leecl01,1944.0,32,9
Tyson Chandler,Tyson Chandler,2002,2020,C,Jul-00,235.0,10/2/1982,2/10/1982,1982,38.0,,https://www.basketball-reference.com/players/c/chandty01.html,chandty01,1982.0,38,18
Walter Davis*,Walter Davis,1978,1992,G-F,6-Jun,193.0,9/9/1954,9/9/1954,1954,38.0,UNC,https://www.basketball-reference.com/players/d/daviswa03.html,daviswa03,1954.0,38,14
Cody Martin,Cody Martin,2020,2025,G-F,5-Jun,205.0,9/28/1995,28/9/1995,1995,30.0,"NC State, Nevada",https://www.basketball-reference.com/players/m/martico01.html,martico01,1995.0,30,5
Cody Zeller,Cody Zeller,2014,2024,C-F,11-Jun,240.0,10/5/1992,5/10/1992,1992,32.0,Indiana,https://www.basketball-reference.com/players/z/zelleco01.html,zelleco01,1992.0,32,10
Cole Aldrich,Cole Aldrich,2011,2018,C,11-Jun,250.0,10/31/1988,31/10/1988,1988,30.0,Kansas,https://www.basketball-reference.com/players/a/aldrico01.html,aldrico01,1988.0,30,7
Wesley Matthews,Wesley Matthews,2010,2024,G,5-Jun,220.0,10/14/1986,14/10/1986,1986,38.0,Marquette,https://www.basketball-reference.com/players/m/matthwe02.html,matthwe02,1986.0,38,14
Aaron Williams,Aaron Williams,1994,2008,F-C,9-Jun,220.0,10/2/1971,2/10/1971,1971,37.0,Xavier,https://www.basketball-reference.com/players/w/williaa01.html,williaa01,1971.0,37,14
Connie Simmons,Connie Simmons,1947,1956,C-F,8-Jun,222.0,3/15/1925,15/3/1925,1925,31.0,,https://www.basketball-reference.com/players/s/simmoco01.html,simmoco01,1925.0,31,9
Alex English*,Alex English,1977,1991,F,8-Jun,190.0,1/5/1954,5/1/1954,1954,37.0,South Carolina,https://www.basketball-reference.com/players/e/englial01.html,englial01,1954.0,37,14
Corey Gaines,Corey Gaines,1989,1995,G,3-Jun,195.0,6/1/1965,1/6/1965,1965,30.0,"UCLA, Loyola Marymount",https://www.basketball-reference.com/players/g/gaineco01.html,gaineco01,1965.0,30,6
Anfernee Hardaway,Anfernee Hardaway,1994,2008,G-F,7-Jun,195.0,7/18/1971,18/7/1971,1971,37.0,Memphis,https://www.basketball-reference.com/players/h/hardaan01.html,hardaan01,1971.0,37,14
Anthony Carter,Anthony Carter,2000,2012,G,1-Jun,190.0,6/16/1975,16/6/1975,1975,37.0,Hawaii,https://www.basketball-reference.com/players/c/cartean01.html,cartean01,1975.0,37,12
Corky Calhoun,Corky Calhoun,1973,1980,F,7-Jun,210.0,11/1/1950,1/11/1950,1950,30.0,Penn,https://www.basketball-reference.com/players/c/calhoco01.html,calhoco01,1950.0,30,7
Anthony Mason,Anthony Mason,1990,2003,F,8-Jun,250.0,12/14/1966,14/12/1966,1966,37.0,Tennessee State,https://www.basketball-reference.com/players/m/masonan01.html,masonan01,1966.0,37,13
Cory Alexander,Cory Alexander,1996,2005,G,1-Jun,185.0,6/22/1973,22/6/1973,1973,32.0,Virginia,https://www.basketball-reference.com/players/a/alexaco01.html,alexaco01,1973.0,32,9
Anthony Parker,Anthony Parker,1998,2012,G,6-Jun,215.0,6/19/1975,19/6/1975,1975,37.0,Bradley,https://www.basketball-reference.com/players/p/parkean01.html,parkean01,1975.0,37,14
Antonio McDyess,Antonio McDyess,1996,2011,F-C,9-Jun,220.0,9/7/1974,7/9/1974,1974,37.0,Alabama,https://www.basketball-reference.com/players/m/mcdyean01.html,mcdyean01,1974.0,37,15
Bernard King*,Bernard King,1978,1993,F,7-Jun,205.0,12/4/1956,4/12/1956,1956,37.0,Tennessee,https://www.basketball-reference.com/players/k/kingbe01.html,kingbe01,1956.0,37,15
Craig Hodges,Craig Hodges,1983,1992,G,2-Jun,190.0,6/27/1960,27/6/1960,1960,32.0,Cal State Long Beach,https://www.basketball-reference.com/players/h/hodgecr01.html,hodgecr01,1960.0,32,9
Curtis Perry,Curtis Perry,1971,1978,F,7-Jun,220.0,9/13/1948,13/9/1948,1948,30.0,Missouri State,https://www.basketball-reference.com/players/p/perrycu01.html,perrycu01,1948.0,30,7
Curtis Rowe,Curtis Rowe,1972,1979,F,7-Jun,225.0,7/2/1949,2/7/1949,1949,30.0,UCLA,https://www.basketball-reference.com/players/r/rowecu01.html,rowecu01,1949.0,30,7
Bill Laimbeer,Bill Laimbeer,1981,1994,C,11-Jun,245.0,5/19/1957,19/5/1957,1957,37.0,Notre Dame,https://www.basketball-reference.com/players/l/laimbbi01.html,laimbbi01,1957.0,37,13
Bill Wennington,Bill Wennington,1986,2000,C,Jul-00,245.0,4/26/1963,26/4/1963,1963,37.0,St. John's,https://www.basketball-reference.com/players/w/wennibi01.html,wennibi01,1963.0,37,14
D.J. Mbenga,D.J. Mbenga,2005,2011,C,Jul-00,245.0,12/30/1980,30/12/1980,1980,31.0,,https://www.basketball-reference.com/players/m/mbengdj01.html,mbengdj01,1980.0,31,6
Dāvis Bertāns,Dāvis Bertāns,2017,2024,F,10-Jun,225.0,11/12/1992,12/11/1992,1992,32.0,,https://www.basketball-reference.com/players/b/bertada01.html,bertada01,1992.0,32,7
Billy Paultz,Billy Paultz,1971,1985,C-F,11-Jun,235.0,7/30/1948,30/7/1948,1948,37.0,"Cameron University, St. John's",https://www.basketball-reference.com/players/p/paultbi01.html,paultbi01,1948.0,37,14
Bo Outlaw,Bo Outlaw,1994,2008,F,8-Jun,210.0,4/13/1971,13/4/1971,1971,37.0,"South Plains College, Houston",https://www.basketball-reference.com/players/o/outlabo01.html,outlabo01,1971.0,37,14
Brad Davis,Brad Davis,1978,1992,G,3-Jun,180.0,12/17/1955,17/12/1955,1955,37.0,Maryland,https://www.basketball-reference.com/players/d/davisbr01.html,davisbr01,1955.0,37,14
Dale Schlueter,Dale Schlueter,1969,1978,C,10-Jun,225.0,11/12/1945,12/11/1945,1945,33.0,Colorado State,https://www.basketball-reference.com/players/s/schluda01.html,schluda01,1945.0,33,9
Brian Shaw,Brian Shaw,1989,2003,G,6-Jun,190.0,3/22/1966,22/3/1966,1966,37.0,"Saint Mary's, UC Santa Barbara",https://www.basketball-reference.com/players/s/shawbr01.html,shawbr01,1966.0,37,14
Brook Lopez,Brook Lopez,2009,2025,C,1-Jul,282.0,4/1/1988,1/4/1988,1988,37.0,Stanford,https://www.basketball-reference.com/players/l/lopezbr01.html,lopezbr01,1988.0,37,16
Damion Lee,Damion Lee,2018,2025,G,5-Jun,210.0,10/21/1992,21/10/1992,1992,33.0,"Drexel, Louisville",https://www.basketball-reference.com/players/l/leeda03.html,leeda03,1992.0,33,7
Damon Jones,Damon Jones,1999,2009,G,3-Jun,185.0,8/25/1976,25/8/1976,1976,33.0,Houston,https://www.basketball-reference.com/players/j/jonesda01.html,jonesda01,1976.0,33,10
Charles Barkley*,Charles Barkley,1985,2000,F,6-Jun,252.0,2/20/1963,20/2/1963,1963,37.0,Auburn,https://www.basketball-reference.com/players/b/barklch01.html,barklch01,1963.0,37,15
Dan Dickau,Dan Dickau,2003,2008,G,Jun-00,190.0,9/16/1978,16/9/1978,1978,30.0,"Washington, Gonzaga",https://www.basketball-reference.com/players/d/dickada01.html,dickada01,1978.0,30,5
Charlie Criss,Charlie Criss,1978,1985,G,8-May,165.0,11/6/1948,6/11/1948,1948,37.0,New Mexico State,https://www.basketball-reference.com/players/c/crissch01.html,crissch01,1948.0,37,7
Dahntay Jones,Dahntay Jones,2004,2017,G-F,6-Jun,225.0,12/27/1980,27/12/1980,1980,37.0,"Rutgers University, Duke",https://www.basketball-reference.com/players/j/jonesda02.html,jonesda02,1980.0,37,13
Dan Issel*,Dan Issel,1971,1985,C-F,9-Jun,235.0,10/25/1948,25/10/1948,1948,37.0,Kentucky,https://www.basketball-reference.com/players/i/isselda01.html,isselda01,1948.0,37,14
Dan Majerle,Dan Majerle,1989,2002,G-F,6-Jun,215.0,9/9/1965,9/9/1965,1965,37.0,Central Michigan University,https://www.basketball-reference.com/players/m/majerda01.html,majerda01,1965.0,37,13
Dana Barros,Dana Barros,1990,2004,G,11-May,163.0,4/13/1967,13/4/1967,1967,37.0,Boston College,https://www.basketball-reference.com/players/b/barroda01.html,barroda01,1967.0,37,14
Daniel Theis,Daniel Theis,2018,2025,C,8-Jun,245.0,4/4/1992,4/4/1992,1992,33.0,,https://www.basketball-reference.com/players/t/theisda01.html,theisda01,1992.0,33,7
Danny Ferry,Danny Ferry,1991,2003,F,10-Jun,230.0,10/17/1966,17/10/1966,1966,37.0,Duke,https://www.basketball-reference.com/players/f/ferryda01.html,ferryda01,1966.0,37,12
Danny Green,Danny Green,2010,2024,G-F,6-Jun,215.0,6/22/1987,22/6/1987,1987,37.0,UNC,https://www.basketball-reference.com/players/g/greenda02.html,greenda02,1987.0,37,14
Danny Manning,Danny Manning,1989,2003,F-C,10-Jun,230.0,5/17/1966,17/5/1966,1966,37.0,Kansas,https://www.basketball-reference.com/players/m/mannida01.html,mannida01,1966.0,37,14
Danny Fortson,Danny Fortson,1998,2007,F,7-Jun,260.0,3/27/1976,27/3/1976,1976,31.0,Cincinnati,https://www.basketball-reference.com/players/f/fortsda01.html,fortsda01,1976.0,31,9
Danny Granger,Danny Granger,2006,2015,F,9-Jun,222.0,4/20/1983,20/4/1983,1983,32.0,"Bradley, New Mexico",https://www.basketball-reference.com/players/g/grangda01.html,grangda01,1983.0,32,9
Darrick Martin,Darrick Martin,1995,2008,G,11-May,170.0,3/6/1971,6/3/1971,1971,37.0,UCLA,https://www.basketball-reference.com/players/m/martida01.html,martida01,1971.0,37,13
David Wesley,David Wesley,1994,2007,G,Jun-00,190.0,11/14/1970,14/11/1970,1970,37.0,Baylor,https://www.basketball-reference.com/players/w/wesleda01.html,wesleda01,1970.0,37,13
DeAndre Jordan,DeAndre Jordan,2009,2025,C,11-Jun,265.0,7/21/1988,21/7/1988,1988,37.0,Texas A&M,https://www.basketball-reference.com/players/j/jordade01.html,jordade01,1988.0,37,16
Danny Vranes,Danny Vranes,1982,1988,F,7-Jun,210.0,10/29/1958,29/10/1958,1958,30.0,Utah,https://www.basketball-reference.com/players/v/vraneda01.html,vraneda01,1958.0,30,6
Danny Young,Danny Young,1985,1995,G,3-Jun,175.0,7/26/1962,26/7/1962,1962,33.0,Wake Forest,https://www.basketball-reference.com/players/y/youngda01.html,youngda01,1962.0,33,10
Dante Cunningham,Dante Cunningham,2010,2019,F,8-Jun,230.0,4/22/1987,22/4/1987,1987,32.0,Villanova,https://www.basketball-reference.com/players/c/cunnida01.html,cunnida01,1987.0,32,9
Danuel House Jr.,Danuel House Jr.,2017,2024,G,6-Jun,220.0,6/7/1993,7/6/1993,1993,31.0,Texas A&M,https://www.basketball-reference.com/players/h/houseda01.html,houseda01,1993.0,31,7
Darel Carrier,Darel Carrier,1968,1973,G,3-Jun,185.0,10/26/1940,26/10/1940,1940,33.0,Western Kentucky,https://www.basketball-reference.com/players/c/carrida01.html,carrida01,1940.0,33,5
Dario Šarić,Dario Šarić,2017,2025,F-C,10-Jun,225.0,4/8/1994,8/4/1994,1994,31.0,,https://www.basketball-reference.com/players/s/saricda01.html,saricda01,1994.0,31,8
Darius Miller,Darius Miller,2013,2021,F,6-Jun,225.0,3/21/1990,21/3/1990,1990,31.0,Kentucky,https://www.basketball-reference.com/players/m/milleda01.html,milleda01,1990.0,31,8
Darius Songaila,Darius Songaila,2004,2011,F,9-Jun,248.0,2/14/1978,14/2/1978,1978,33.0,Wake Forest,https://www.basketball-reference.com/players/s/songada01.html,songada01,1978.0,33,7
Darnell Hillman,Darnell Hillman,1972,1980,F-C,9-Jun,215.0,8/29/1949,29/8/1949,1949,31.0,San Jose State,https://www.basketball-reference.com/players/h/hillmda01.html,hillmda01,1949.0,31,8
Darnell Valentine,Darnell Valentine,1982,1991,G,1-Jun,183.0,2/3/1959,3/2/1959,1959,32.0,Kansas,https://www.basketball-reference.com/players/v/valenda01.html,valenda01,1959.0,32,9
Doug Christie,Doug Christie,1993,2007,G-F,6-Jun,200.0,5/9/1970,9/5/1970,1970,37.0,Pepperdine,https://www.basketball-reference.com/players/c/chrisdo01.html,chrisdo01,1970.0,37,14
Dwight Howard,Dwight Howard,2005,2022,C,10-Jun,265.0,12/8/1985,8/12/1985,1985,37.0,,https://www.basketball-reference.com/players/h/howardw01.html,howardw01,1985.0,37,17
Darrell Arthur,Darrell Arthur,2009,2018,F,9-Jun,235.0,3/25/1988,25/3/1988,1988,30.0,Kansas,https://www.basketball-reference.com/players/a/arthuda01.html,arthuda01,1988.0,30,9
Darrell Griffith,Darrell Griffith,1981,1991,G,4-Jun,190.0,6/16/1958,16/6/1958,1958,33.0,Louisville,https://www.basketball-reference.com/players/g/griffda01.html,griffda01,1958.0,33,10
Darrell Walker,Darrell Walker,1984,1993,G,4-Jun,180.0,3/9/1961,9/3/1961,1961,32.0,Arkansas,https://www.basketball-reference.com/players/w/walkeda01.html,walkeda01,1961.0,32,9
Dwyane Wade*,Dwyane Wade,2004,2019,G,4-Jun,220.0,1/17/1982,17/1/1982,1982,37.0,Marquette,https://www.basketball-reference.com/players/w/wadedw01.html,wadedw01,1982.0,37,15
Eddie Jones,Eddie Jones,1995,2008,G-F,6-Jun,190.0,10/20/1971,20/10/1971,1971,37.0,Temple,https://www.basketball-reference.com/players/j/jonesed02.html,jonesed02,1971.0,37,13
Darryl Dawkins,Darryl Dawkins,1976,1989,C,11-Jun,251.0,1/11/1957,11/1/1957,1957,32.0,,https://www.basketball-reference.com/players/d/dawkida01.html,dawkida01,1957.0,32,13
Darvin Ham,Darvin Ham,1997,2005,F,7-Jun,220.0,7/23/1973,23/7/1973,1973,32.0,Texas Tech,https://www.basketball-reference.com/players/h/hamda01.html,hamda01,1973.0,32,8
Darwin Cook,Darwin Cook,1981,1989,G,3-Jun,184.0,8/6/1958,6/8/1958,1958,31.0,University of Portland,https://www.basketball-reference.com/players/c/cookda01.html,cookda01,1958.0,31,8
Elden Campbell,Elden Campbell,1991,2005,C,11-Jun,215.0,7/23/1968,23/7/1968,1968,37.0,Clemson,https://www.basketball-reference.com/players/c/campbel01.html,campbel01,1968.0,37,14
Elton Brand,Elton Brand,2000,2016,F-C,9-Jun,275.0,3/11/1979,11/3/1979,1979,37.0,Duke,https://www.basketball-reference.com/players/b/brandel01.html,brandel01,1979.0,37,16
Eric Gordon,Eric Gordon,2009,2025,G-F,3-Jun,215.0,12/25/1988,25/12/1988,1988,37.0,Indiana,https://www.basketball-reference.com/players/g/gordoer01.html,gordoer01,1988.0,37,16
Erick Dampier,Erick Dampier,1997,2012,C,11-Jun,265.0,7/14/1975,14/7/1975,1975,37.0,Mississippi State,https://www.basketball-reference.com/players/d/dampier01.html,dampier01,1975.0,37,15
Dave Feitl,Dave Feitl,1987,1992,C,11-Jun,235.0,6/8/1962,8/6/1962,1962,30.0,Texas-El Paso,https://www.basketball-reference.com/players/f/feitlda01.html,feitlda01,1962.0,30,5
Dave Gambee,Dave Gambee,1959,1970,F,6-Jun,215.0,4/16/1937,16/4/1937,1937,33.0,Oregon State,https://www.basketball-reference.com/players/g/gambeda01.html,gambeda01,1937.0,33,11
Fred Roberts,Fred Roberts,1984,1997,F-C,10-Jun,218.0,8/14/1960,14/8/1960,1960,37.0,BYU,https://www.basketball-reference.com/players/r/roberfr01.html,roberfr01,1960.0,37,13
Dave Lattin,Dave Lattin,1968,1973,F-C,6-Jun,225.0,12/23/1943,23/12/1943,1943,30.0,Texas-El Paso,https://www.basketball-reference.com/players/l/lattida01.html,lattida01,1943.0,30,5
George Hill,George Hill,2009,2023,G,4-Jun,188.0,5/4/1986,4/5/1986,1986,37.0,IUPUI,https://www.basketball-reference.com/players/h/hillge01.html,hillge01,1986.0,37,14
Glen Rice,Glen Rice,1990,2004,F,8-Jun,215.0,5/28/1967,28/5/1967,1967,37.0,Michigan,https://www.basketball-reference.com/players/r/ricegl01.html,ricegl01,1967.0,37,14
Dave Twardzik,Dave Twardzik,1973,1980,G,1-Jun,175.0,9/20/1950,20/9/1950,1950,30.0,Old Dominion,https://www.basketball-reference.com/players/t/twardda01.html,twardda01,1950.0,30,7
David Benoit,David Benoit,1992,2001,F,8-Jun,220.0,5/9/1968,9/5/1968,1968,33.0,Alabama,https://www.basketball-reference.com/players/b/benoida01.html,benoida01,1968.0,33,9
Goran Dragić,Goran Dragić,2009,2023,G,4-Jun,190.0,5/6/1986,6/5/1986,1986,37.0,,https://www.basketball-reference.com/players/d/dragigo01.html,dragigo01,1986.0,37,14
Grant Long,Grant Long,1989,2003,F,8-Jun,225.0,3/12/1966,12/3/1966,1966,37.0,Eastern Michigan,https://www.basketball-reference.com/players/l/longgr01.html,longgr01,1966.0,37,14
David Thompson*,David Thompson,1976,1984,G-F,4-Jun,195.0,7/13/1954,13/7/1954,1954,30.0,NC State,https://www.basketball-reference.com/players/t/thompda01.html,thompda01,1954.0,30,8
Hal Greer*,Hal Greer,1959,1973,G-F,2-Jun,175.0,6/26/1936,26/6/1936,1936,37.0,Marshall,https://www.basketball-reference.com/players/g/greerha01.html,greerha01,1936.0,37,14
Hot Rod Williams,Hot Rod Williams,1987,1999,F-C,11-Jun,215.0,8/9/1962,9/8/1962,1962,37.0,Tulane,https://www.basketball-reference.com/players/w/williho01.html,williho01,1962.0,37,12
James Jones,James Jones,2004,2017,F-G,8-Jun,218.0,10/4/1980,4/10/1980,1980,37.0,Miami (FL),https://www.basketball-reference.com/players/j/jonesja02.html,jonesja02,1980.0,37,13
David Wood,David Wood,1989,1997,F,9-Jun,227.0,11/30/1964,30/11/1964,1964,33.0,Nevada,https://www.basketball-reference.com/players/w/woodda01.html,woodda01,1964.0,33,8
Jeff Hornacek,Jeff Hornacek,1987,2000,G,4-Jun,190.0,5/3/1963,3/5/1963,1963,37.0,Iowa State,https://www.basketball-reference.com/players/h/hornaje01.html,hornaje01,1963.0,37,13
JJ Redick,JJ Redick,2007,2021,G,3-Jun,200.0,6/24/1984,24/6/1984,1984,37.0,Duke,https://www.basketball-reference.com/players/r/redicjj01.html,redicjj01,1984.0,37,14
DeAndre Liggins,DeAndre Liggins,2012,2018,G,6-Jun,209.0,3/31/1988,31/3/1988,1988,30.0,Kentucky,https://www.basketball-reference.com/players/l/liggide01.html,liggide01,1988.0,30,6
John Lucas,John Lucas,1977,1990,G,3-Jun,175.0,10/31/1953,31/10/1953,1953,37.0,Maryland,https://www.basketball-reference.com/players/l/lucasjo01.html,lucasjo01,1953.0,37,13
Delaney Rudd,Delaney Rudd,1990,1993,G,2-Jun,180.0,11/8/1962,8/11/1962,1962,31.0,Wake Forest,https://www.basketball-reference.com/players/r/ruddde01.html,ruddde01,1962.0,31,3
John Starks,John Starks,1989,2002,G,5-Jun,180.0,8/10/1965,10/8/1965,1965,37.0,"Northern Oklahoma College, Oklahoma Junior College, Oklahoma State",https://www.basketball-reference.com/players/s/starkjo01.html,starkjo01,1965.0,37,13
Delon Wright,Delon Wright,2016,2025,G,5-Jun,185.0,4/26/1992,26/4/1992,1992,33.0,Utah,https://www.basketball-reference.com/players/w/wrighde01.html,wrighde01,1992.0,33,9
Jon Barry,Jon Barry,1993,2006,G,4-Jun,195.0,7/25/1969,25/7/1969,1969,37.0,"University of the Pacific, Georgia Tech",https://www.basketball-reference.com/players/b/barryjo01.html,barryjo01,1969.0,37,13
DeMarcus Cousins,DeMarcus Cousins,2011,2022,C-F,10-Jun,270.0,8/13/1990,13/8/1990,1990,32.0,Kentucky,https://www.basketball-reference.com/players/c/couside01.html,couside01,1990.0,32,11
Julius Erving*,Julius Erving,1972,1987,F-G,7-Jun,210.0,2/22/1950,22/2/1950,1950,37.0,UMass,https://www.basketball-reference.com/players/e/ervinju01.html,ervinju01,1950.0,37,15
Kendall Gill,Kendall Gill,1991,2005,G,5-Jun,195.0,5/25/1968,25/5/1968,1968,37.0,Illinois,https://www.basketball-reference.com/players/g/gillke01.html,gillke01,1968.0,37,14
Kermit Washington,Kermit Washington,1974,1988,F-C,8-Jun,230.0,9/17/1951,17/9/1951,1951,37.0,American University,https://www.basketball-reference.com/players/w/washike01.html,washike01,1951.0,37,14
Kevin Durant,Kevin Durant,2008,2025,F-G,11-Jun,240.0,9/29/1988,29/9/1988,1988,37.0,Texas,https://www.basketball-reference.com/players/d/duranke01.html,duranke01,1988.0,37,17
Dennis Schröder,Dennis Schröder,2014,2025,G,1-Jun,172.0,9/15/1993,15/9/1993,1993,32.0,,https://www.basketball-reference.com/players/s/schrode01.html,schrode01,1993.0,32,11
Dennis Scott,Dennis Scott,1991,2000,F,8-Jun,229.0,9/5/1968,5/9/1968,1968,32.0,Georgia Tech,https://www.basketball-reference.com/players/s/scottde01.html,scottde01,1968.0,32,9
Kevin Love,Kevin Love,2009,2025,F-C,8-Jun,251.0,9/7/1988,7/9/1988,1988,37.0,UCLA,https://www.basketball-reference.com/players/l/loveke01.html,loveke01,1988.0,37,16
Kurt Rambis,Kurt Rambis,1982,1995,F,8-Jun,213.0,2/25/1958,25/2/1958,1958,37.0,Santa Clara,https://www.basketball-reference.com/players/r/rambiku01.html,rambiku01,1958.0,37,13
LaMarcus Aldridge,LaMarcus Aldridge,2007,2022,F-C,11-Jun,250.0,7/19/1985,19/7/1985,1985,37.0,Texas,https://www.basketball-reference.com/players/a/aldrila01.html,aldrila01,1985.0,37,15
Derek Smith,Derek Smith,1983,1991,G-F,6-Jun,205.0,11/1/1961,1/11/1961,1961,30.0,Louisville,https://www.basketball-reference.com/players/s/smithde02.html,smithde02,1961.0,30,8
Derek Strong,Derek Strong,1992,2001,F,8-Jun,220.0,2/9/1968,9/2/1968,1968,33.0,Xavier,https://www.basketball-reference.com/players/s/stronde01.html,stronde01,1968.0,33,9
Deron Williams,Deron Williams,2006,2017,G,3-Jun,200.0,6/26/1984,26/6/1984,1984,33.0,Illinois,https://www.basketball-reference.com/players/w/willide01.html,willide01,1984.0,33,11
Larry Costello*,Larry Costello,1955,1968,G,1-Jun,186.0,7/2/1931,2/7/1931,1931,37.0,Niagara University,https://www.basketball-reference.com/players/c/costela01.html,costela01,1931.0,37,13
Derrick Favors,Derrick Favors,2011,2022,F-C,9-Jun,265.0,7/15/1991,15/7/1991,1991,31.0,Georgia Tech,https://www.basketball-reference.com/players/f/favorde01.html,favorde01,1991.0,31,11
Luis Scola,Luis Scola,2008,2017,F,9-Jun,240.0,4/30/1980,30/4/1980,1980,37.0,,https://www.basketball-reference.com/players/s/scolalu01.html,scolalu01,1980.0,37,9
Magic Johnson*,Magic Johnson,1980,1996,G-F,9-Jun,215.0,8/14/1959,14/8/1959,1959,37.0,Michigan State,https://www.basketball-reference.com/players/j/johnsma02.html,johnsma02,1959.0,37,16
Derrick White,Derrick White,2018,2025,G,4-Jun,190.0,7/2/1994,2/7/1994,1994,31.0,"Colorado-Colorado Springs, Colorado",https://www.basketball-reference.com/players/w/whitede01.html,whitede01,1994.0,31,7
DeSagana Diop,DeSagana Diop,2002,2013,C,Jul-00,300.0,1/30/1982,30/1/1982,1982,31.0,,https://www.basketball-reference.com/players/d/diopde01.html,diopde01,1982.0,31,11
DeShawn Stevenson,DeShawn Stevenson,2001,2013,G,5-Jun,210.0,4/3/1981,3/4/1981,1981,32.0,,https://www.basketball-reference.com/players/s/stevede01.html,stevede01,1981.0,32,12
Desmond Mason,Desmond Mason,2001,2010,F,7-Jun,224.0,10/11/1977,11/10/1977,1977,33.0,Oklahoma State,https://www.basketball-reference.com/players/m/masonde01.html,masonde01,1977.0,33,9
Matt Barnes,Matt Barnes,2004,2017,F,7-Jun,226.0,3/9/1980,9/3/1980,1980,37.0,UCLA,https://www.basketball-reference.com/players/b/barnema02.html,barnema02,1980.0,37,13
Devean George,Devean George,2000,2010,G-F,8-Jun,220.0,8/29/1977,29/8/1977,1977,33.0,Augsburg College,https://www.basketball-reference.com/players/g/georgde01.html,georgde01,1977.0,33,10
Devin Brown,Devin Brown,2003,2010,G,5-Jun,220.0,12/30/1978,30/12/1978,1978,32.0,Texas-San Antonio,https://www.basketball-reference.com/players/b/brownde02.html,brownde02,1978.0,32,7
Maurice Cheeks*,Maurice Cheeks,1979,1993,G,1-Jun,180.0,9/8/1956,8/9/1956,1956,37.0,West Texas A&M University,https://www.basketball-reference.com/players/c/cheekma01.html,cheekma01,1956.0,37,14
Michael Curry,Michael Curry,1994,2005,F-G,5-Jun,210.0,8/22/1968,22/8/1968,1968,37.0,Georgia Southern University,https://www.basketball-reference.com/players/c/currymi01.html,currymi01,1968.0,37,11
Michael Finley,Michael Finley,1996,2010,G-F,7-Jun,215.0,3/6/1973,6/3/1973,1973,37.0,Wisconsin,https://www.basketball-reference.com/players/f/finlemi01.html,finlemi01,1973.0,37,14
Mike Dunleavy,Mike Dunleavy,2003,2017,F-G,9-Jun,230.0,9/15/1980,15/9/1980,1980,37.0,Duke,https://www.basketball-reference.com/players/d/dunlemi02.html,dunlemi02,1980.0,37,14
Dick Schnittker,Dick Schnittker,1951,1958,F,5-Jun,200.0,5/27/1928,27/5/1928,1928,30.0,Ohio State,https://www.basketball-reference.com/players/s/schnidi01.html,schnidi01,1928.0,30,7
Dick Schulz,Dick Schulz,1947,1950,F-G,2-Jun,192.0,1/3/1917,3/1/1917,1917,33.0,Wisconsin,https://www.basketball-reference.com/players/s/schuldi01.html,schuldi01,1917.0,33,3
Mike Miller,Mike Miller,2001,2017,F-G,8-Jun,218.0,2/19/1980,19/2/1980,1980,37.0,Florida,https://www.basketball-reference.com/players/m/millemi01.html,millemi01,1980.0,37,16
Mikki Moore,Mikki Moore,1999,2012,C-F,11-Jun,225.0,11/4/1975,4/11/1975,1975,37.0,Nebraska,https://www.basketball-reference.com/players/m/mooremi01.html,mooremi01,1975.0,37,13
Dickey Simpkins,Dickey Simpkins,1995,2002,F,9-Jun,248.0,4/6/1972,6/4/1972,1972,30.0,Providence,https://www.basketball-reference.com/players/s/simpkdi01.html,simpkdi01,1972.0,30,7
Dike Eddleman,Dike Eddleman,1950,1953,F-G,3-Jun,189.0,12/27/1922,27/12/1922,1922,31.0,Illinois,https://www.basketball-reference.com/players/e/eddledi01.html,eddledi01,1922.0,31,3
Mitch Richmond*,Mitch Richmond,1989,2002,G,5-Jun,215.0,6/30/1965,30/6/1965,1965,37.0,"Moberly Area Community College, Kansas State",https://www.basketball-reference.com/players/r/richmmi01.html,richmmi01,1965.0,37,13
Dino Radja*,Dino Radja,1994,1997,F-C,11-Jun,225.0,4/24/1967,24/4/1967,1967,30.0,,https://www.basketball-reference.com/players/r/radjadi01.html,radjadi01,1967.0,30,3
Nenê,Nenê,2003,2019,F-C,11-Jun,250.0,9/13/1982,13/9/1982,1982,37.0,,https://www.basketball-reference.com/players/h/hilarne01.html,hilarne01,1982.0,37,16
Nicolas Batum,Nicolas Batum,2009,2025,F-G,8-Jun,230.0,12/14/1988,14/12/1988,1988,37.0,,https://www.basketball-reference.com/players/b/batumni01.html,batumni01,1988.0,37,16
Patty Mills,Patty Mills,2010,2025,G,2-Jun,180.0,8/11/1988,11/8/1988,1988,37.0,Saint Mary's,https://www.basketball-reference.com/players/m/millspa02.html,millspa02,1988.0,37,15
Paul Millsap,Paul Millsap,2007,2022,F,7-Jun,257.0,2/10/1985,10/2/1985,1985,37.0,Louisiana Tech,https://www.basketball-reference.com/players/m/millspa01.html,millspa01,1985.0,37,15
Don Adams,Don Adams,1971,1977,F,6-Jun,210.0,11/27/1947,27/11/1947,1947,30.0,Northwestern,https://www.basketball-reference.com/players/a/adamsdo01.html,adamsdo01,1947.0,30,6
Don Barksdale*,Don Barksdale,1952,1955,F-C,6-Jun,200.0,3/31/1923,31/3/1923,1923,32.0,UCLA,https://www.basketball-reference.com/players/b/barksdo01.html,barksdo01,1923.0,32,3
Paul Silas,Paul Silas,1965,1980,F-C,7-Jun,220.0,7/12/1943,12/7/1943,1943,37.0,Creighton,https://www.basketball-reference.com/players/s/silaspa01.html,silaspa01,1943.0,37,15
Don Carlson,Don Carlson,1947,1951,G-F,Jun-00,170.0,3/22/1919,22/3/1919,1919,32.0,Minnesota,https://www.basketball-reference.com/players/c/carlsdo01.html,carlsdo01,1919.0,32,4
Rasual Butler,Rasual Butler,2003,2016,F-G,7-Jun,215.0,5/23/1979,23/5/1979,1979,37.0,La Salle,https://www.basketball-reference.com/players/b/butlera01.html,butlera01,1979.0,37,13
Don Ford,Don Ford,1976,1982,F,9-Jun,215.0,12/31/1952,31/12/1952,1952,30.0,"New Mexico, UC Santa Barbara",https://www.basketball-reference.com/players/f/forddo01.html,forddo01,1952.0,30,6
Ron Harper,Ron Harper,1987,2001,G-F,6-Jun,185.0,1/20/1964,20/1/1964,1964,37.0,Miami University,https://www.basketball-reference.com/players/h/harpero01.html,harpero01,1964.0,37,14
Don MacLean,Don MacLean,1993,2001,F,10-Jun,235.0,1/16/1970,16/1/1970,1970,31.0,UCLA,https://www.basketball-reference.com/players/m/macledo01.html,macledo01,1970.0,31,8
Rudy Gay,Rudy Gay,2007,2023,F,8-Jun,250.0,8/17/1986,17/8/1986,1986,37.0,UConn,https://www.basketball-reference.com/players/g/gayru01.html,gayru01,1986.0,37,16
Russell Westbrook,Russell Westbrook,2009,2025,G,4-Jun,200.0,11/12/1988,12/11/1988,1988,37.0,UCLA,https://www.basketball-reference.com/players/w/westbru01.html,westbru01,1988.0,37,16
Don Otten,Don Otten,1950,1953,C,11-Jun,240.0,4/18/1921,18/4/1921,1921,32.0,Bowling Green,https://www.basketball-reference.com/players/o/ottendo01.html,ottendo01,1921.0,32,3
Don Reid,Don Reid,1996,2003,F,8-Jun,250.0,12/30/1973,30/12/1973,1973,30.0,Georgetown,https://www.basketball-reference.com/players/r/reiddo01.html,reiddo01,1973.0,30,7
Donald Royal,Donald Royal,1990,1998,F,8-Jun,210.0,5/22/1966,22/5/1966,1966,32.0,Notre Dame,https://www.basketball-reference.com/players/r/royaldo01.html,royaldo01,1966.0,32,8
Donnie Butcher,Donnie Butcher,1962,1966,G,2-Jun,200.0,2/8/1936,8/2/1936,1936,30.0,Pikeville College,https://www.basketball-reference.com/players/b/butchdo01.html,butchdo01,1936.0,30,4
Donnie Freeman,Donnie Freeman,1968,1976,G,3-Jun,185.0,7/18/1944,18/7/1944,1944,32.0,Illinois,https://www.basketball-reference.com/players/f/freemdo01.html,freemdo01,1944.0,32,8
Donny Marshall,Donny Marshall,1996,2003,F,7-Jun,230.0,7/17/1972,17/7/1972,1972,31.0,UConn,https://www.basketball-reference.com/players/m/marshdo02.html,marshdo02,1972.0,31,7
Scott Williams,Scott Williams,1991,2005,F-C,10-Jun,230.0,3/21/1968,21/3/1968,1968,37.0,UNC,https://www.basketball-reference.com/players/w/willisc01.html,willisc01,1968.0,37,14
Dorell Wright,Dorell Wright,2005,2015,F-G,9-Jun,205.0,12/2/1985,2/12/1985,1985,30.0,,https://www.basketball-reference.com/players/w/wrighdo01.html,wrighdo01,1985.0,30,10
Dorian Finney-Smith,Dorian Finney-Smith,2017,2025,F,7-Jun,220.0,5/4/1993,4/5/1993,1993,32.0,Florida,https://www.basketball-reference.com/players/f/finnedo01.html,finnedo01,1993.0,32,8
Shawn Marion,Shawn Marion,2000,2015,F,7-Jun,220.0,5/7/1978,7/5/1978,1978,37.0,"Vincennes University, UNLV",https://www.basketball-reference.com/players/m/mariosh01.html,mariosh01,1978.0,37,15
Doug Collins*,Doug Collins,1974,1981,G-F,6-Jun,180.0,7/28/1951,28/7/1951,1951,30.0,Illinois State,https://www.basketball-reference.com/players/c/collido01.html,collido01,1951.0,30,7
Doug Lee,Doug Lee,1992,1995,G-F,5-Jun,200.0,10/24/1964,24/10/1964,1964,31.0,"Texas A&M, Purdue",https://www.basketball-reference.com/players/l/leedo01.html,leedo01,1964.0,31,3
Doug McDermott,Doug McDermott,2015,2025,F,6-Jun,225.0,1/3/1992,3/1/1992,1992,33.0,Creighton,https://www.basketball-reference.com/players/m/mcderdo01.html,mcderdo01,1992.0,33,10
Stephen Curry,Stephen Curry,2010,2025,G,2-Jun,185.0,3/14/1988,14/3/1988,1988,37.0,Davidson,https://www.basketball-reference.com/players/c/curryst01.html,curryst01,1988.0,37,15
Tim Hardaway*,Tim Hardaway,1990,2003,G,Jun-00,175.0,9/1/1966,1/9/1966,1966,37.0,Texas-El Paso,https://www.basketball-reference.com/players/h/hardati01.html,hardati01,1966.0,37,13
Tony Parker*,Tony Parker,2002,2019,G,2-Jun,185.0,5/17/1982,17/5/1982,1982,37.0,,https://www.basketball-reference.com/players/p/parketo01.html,parketo01,1982.0,37,17
Trevor Ariza,Trevor Ariza,2005,2022,F,8-Jun,215.0,6/30/1985,30/6/1985,1985,37.0,UCLA,https://www.basketball-reference.com/players/a/arizatr01.html,arizatr01,1985.0,37,17
Vlade Divac*,Vlade Divac,1990,2005,C,1-Jul,243.0,2/3/1968,3/2/1968,1968,37.0,,https://www.basketball-reference.com/players/d/divacvl01.html,divacvl01,1968.0,37,15
Duane Causwell,Duane Causwell,1991,2001,C,Jul-00,240.0,5/31/1968,31/5/1968,1968,33.0,Temple,https://www.basketball-reference.com/players/c/causwdu01.html,causwdu01,1968.0,33,10
Wilt Chamberlain*,Wilt Chamberlain,1960,1973,C,1-Jul,275.0,8/21/1936,21/8/1936,1936,37.0,Kansas,https://www.basketball-reference.com/players/c/chambwi01.html,chambwi01,1936.0,37,13
Dudley Bradley,Dudley Bradley,1980,1989,G-F,6-Jun,195.0,3/19/1957,19/3/1957,1957,32.0,UNC,https://www.basketball-reference.com/players/b/bradldu01.html,bradldu01,1957.0,32,9
Duncan Robinson,Duncan Robinson,2019,2025,G-F,7-Jun,215.0,4/22/1994,22/4/1994,1994,31.0,"Williams, Michigan",https://www.basketball-reference.com/players/r/robindu01.html,robindu01,1994.0,31,6
Dwayne Schintzius,Dwayne Schintzius,1991,1999,C,1-Jul,260.0,10/14/1968,14/10/1968,1968,31.0,Florida,https://www.basketball-reference.com/players/s/schindw01.html,schindw01,1968.0,31,8
Zach Randolph,Zach Randolph,2002,2018,F-C,9-Jun,250.0,7/16/1981,16/7/1981,1981,37.0,Michigan State,https://www.basketball-reference.com/players/r/randoza01.html,randoza01,1981.0,37,16
Dwight Jones,Dwight Jones,1974,1983,F-C,10-Jun,210.0,2/27/1952,27/2/1952,1952,31.0,Houston,https://www.basketball-reference.com/players/j/jonesdw01.html,jonesdw01,1952.0,31,9
Adrian Dantley*,Adrian Dantley,1977,1991,F-G,5-Jun,208.0,2/28/1955,28/2/1955,1955,36.0,Notre Dame,https://www.basketball-reference.com/players/d/dantlad01.html,dantlad01,1955.0,36,14
Adrian Smith,Adrian Smith,1962,1972,G,1-Jun,180.0,10/5/1936,5/10/1936,1936,36.0,"Northeast Mississippi Community College, Kentucky",https://www.basketball-reference.com/players/s/smithad01.html,smithad01,1936.0,36,10
Al Cervi*,Al Cervi,1950,1953,G-F,11-May,170.0,2/12/1917,12/2/1917,1917,36.0,,https://www.basketball-reference.com/players/c/cervial01.html,cervial01,1917.0,36,3
Andy Phillip*,Andy Phillip,1948,1958,G-F,2-Jun,195.0,3/7/1922,7/3/1922,1922,36.0,Illinois,https://www.basketball-reference.com/players/p/phillan01.html,phillan01,1922.0,36,10
Anthony Johnson,Anthony Johnson,1998,2010,G,3-Jun,190.0,10/2/1974,2/10/1974,1974,36.0,College of Charleston,https://www.basketball-reference.com/players/j/johnsan02.html,johnsan02,1974.0,36,12
Earl Lloyd*,Earl Lloyd,1951,1960,F-C,5-Jun,200.0,4/3/1928,3/4/1928,1928,32.0,West Virginia State University,https://www.basketball-reference.com/players/l/lloydea01.html,lloydea01,1928.0,32,9
Anthony Peeler,Anthony Peeler,1993,2005,G,4-Jun,208.0,11/25/1969,25/11/1969,1969,36.0,Missouri,https://www.basketball-reference.com/players/p/peelean01.html,peelean01,1969.0,36,12
Anthony Tolliver,Anthony Tolliver,2009,2021,F-C,8-Jun,240.0,6/1/1985,1/6/1985,1985,36.0,Creighton,https://www.basketball-reference.com/players/t/tollian01.html,tollian01,1985.0,36,12
Ed Davis,Ed Davis,2011,2022,F,9-Jun,218.0,6/5/1989,5/6/1989,1989,33.0,UNC,https://www.basketball-reference.com/players/d/davised01.html,davised01,1989.0,33,11
Ed Macauley*,Ed Macauley,1950,1959,C-F,8-Jun,185.0,3/22/1928,22/3/1928,1928,31.0,Saint Louis,https://www.basketball-reference.com/players/m/macaued01.html,macaued01,1928.0,31,9
Ed Manning,Ed Manning,1968,1976,F,7-Jun,210.0,1/2/1944,2/1/1944,1944,32.0,Jackson State University,https://www.basketball-reference.com/players/m/mannied01.html,mannied01,1944.0,32,8
Ed Nealy,Ed Nealy,1983,1993,F,7-Jun,238.0,2/19/1960,19/2/1960,1960,33.0,Kansas State,https://www.basketball-reference.com/players/n/nealyed01.html,nealyed01,1960.0,33,10
Antonio Daniels,Antonio Daniels,1998,2011,G,4-Jun,195.0,3/19/1975,19/3/1975,1975,36.0,Bowling Green,https://www.basketball-reference.com/players/d/daniean01.html,daniean01,1975.0,36,13
Armen Gilliam,Armen Gilliam,1988,2000,F-C,9-Jun,230.0,5/28/1964,28/5/1964,1964,36.0,UNLV,https://www.basketball-reference.com/players/g/gilliar01.html,gilliar01,1964.0,36,12
Eddie Gill,Eddie Gill,2001,2009,G,Jun-00,190.0,8/16/1978,16/8/1978,1978,31.0,Weber State,https://www.basketball-reference.com/players/g/gilled01.html,gilled01,1978.0,31,8
Eddie House,Eddie House,2001,2011,G,1-Jun,180.0,5/14/1978,14/5/1978,1978,33.0,Arizona State,https://www.basketball-reference.com/players/h/houseed01.html,houseed01,1978.0,33,10
Eddie Johnson,Eddie Johnson,1978,1987,G,2-Jun,180.0,2/24/1955,24/2/1955,1955,32.0,Auburn,https://www.basketball-reference.com/players/j/johnsed02.html,johnsed02,1955.0,32,9
Art Williams,Art Williams,1968,1975,G,1-Jun,180.0,9/29/1939,29/9/1939,1939,36.0,Cal Poly Pomona,https://www.basketball-reference.com/players/w/williar01.html,williar01,1939.0,36,7
Benoit Benjamin,Benoit Benjamin,1986,2000,C,Jul-00,250.0,11/22/1964,22/11/1964,1964,36.0,Creighton,https://www.basketball-reference.com/players/b/benjabe01.html,benjabe01,1964.0,36,14
Eddie Lee Wilkins,Eddie Lee Wilkins,1985,1993,F-C,10-Jun,220.0,5/7/1962,7/5/1962,1962,31.0,Gardner-Webb University,https://www.basketball-reference.com/players/w/wilkied01.html,wilkied01,1962.0,31,8
Eddie Miles,Eddie Miles,1964,1972,G-F,4-Jun,195.0,7/5/1940,5/7/1940,1940,32.0,Seattle University,https://www.basketball-reference.com/players/m/milesed01.html,milesed01,1940.0,32,8
Eddy Curry,Eddy Curry,2002,2013,C,Jul-00,295.0,12/5/1982,5/12/1982,1982,31.0,,https://www.basketball-reference.com/players/c/curryed01.html,curryed01,1982.0,31,11
Edgar Jones,Edgar Jones,1981,1986,F-C,10-Jun,225.0,6/17/1956,17/6/1956,1956,30.0,Nevada,https://www.basketball-reference.com/players/j/jonesed01.html,jonesed01,1956.0,30,5
Bill Bridges,Bill Bridges,1963,1975,F-C,6-Jun,228.0,4/4/1939,4/4/1939,1939,36.0,Kansas,https://www.basketball-reference.com/players/b/bridgbi01.html,bridgbi01,1939.0,36,12
Ekpe Udoh,Ekpe Udoh,2011,2019,C-F,10-Jun,245.0,5/20/1987,20/5/1987,1987,32.0,"Michigan, Baylor",https://www.basketball-reference.com/players/u/udohek01.html,udohek01,1987.0,32,8
Bimbo Coles,Bimbo Coles,1991,2004,G,1-Jun,180.0,4/22/1968,22/4/1968,1968,36.0,Virginia Tech,https://www.basketball-reference.com/players/c/colesbi01.html,colesbi01,1968.0,36,13
Bob Lanier*,Bob Lanier,1971,1984,C,11-Jun,250.0,9/10/1948,10/9/1948,1948,36.0,St. Bonaventure,https://www.basketball-reference.com/players/l/laniebo01.html,laniebo01,1948.0,36,13
Elfrid Payton,Elfrid Payton,2015,2025,G,3-Jun,195.0,2/22/1994,22/2/1994,1994,31.0,Louisiana,https://www.basketball-reference.com/players/p/paytoel01.html,paytoel01,1994.0,31,10
Boban Marjanović,Boban Marjanović,2016,2024,C,4-Jul,290.0,8/15/1988,15/8/1988,1988,36.0,,https://www.basketball-reference.com/players/m/marjabo01.html,marjabo01,1988.0,36,8
Elliot Perry,Elliot Perry,1992,2002,G,Jun-00,150.0,3/28/1969,28/3/1969,1969,33.0,Memphis,https://www.basketball-reference.com/players/p/perryel01.html,perryel01,1969.0,33,10
Elmore Smith,Elmore Smith,1972,1979,C,Jul-00,250.0,5/9/1949,9/5/1949,1949,30.0,Kentucky State University,https://www.basketball-reference.com/players/s/smithel01.html,smithel01,1949.0,30,7
Elston Turner,Elston Turner,1982,1989,G-F,5-Jun,190.0,6/10/1959,10/6/1959,1959,30.0,Ole Miss,https://www.basketball-reference.com/players/t/turneel01.html,turneel01,1959.0,30,7
Bobby Jackson,Bobby Jackson,1998,2009,G,1-Jun,185.0,3/13/1973,13/3/1973,1973,36.0,Minnesota,https://www.basketball-reference.com/players/j/jacksbo01.html,jacksbo01,1973.0,36,11
Bobby Wanzer*,Bobby Wanzer,1949,1957,G,Jun-00,170.0,6/4/1921,4/6/1921,1921,36.0,Seton Hall,https://www.basketball-reference.com/players/w/wanzebo01.html,wanzebo01,1921.0,36,8
Brad Miller,Brad Miller,1999,2012,C-F,11-Jun,244.0,4/12/1976,12/4/1976,1976,36.0,Purdue,https://www.basketball-reference.com/players/m/millebr01.html,millebr01,1976.0,36,13
Brendan Haywood,Brendan Haywood,2002,2015,C,Jul-00,268.0,11/27/1979,27/11/1979,1979,36.0,UNC,https://www.basketball-reference.com/players/h/haywobr01.html,haywobr01,1979.0,36,13
Brian Skinner,Brian Skinner,1999,2012,F,9-Jun,255.0,5/19/1976,19/5/1976,1976,36.0,Baylor,https://www.basketball-reference.com/players/s/skinnbr01.html,skinnbr01,1976.0,36,13
Enes Freedom,Enes Freedom,2012,2022,C,10-Jun,250.0,5/20/1992,20/5/1992,1992,30.0,Kentucky,https://www.basketball-reference.com/players/k/kanteen01.html,kanteen01,1992.0,30,10
Bryon Russell,Bryon Russell,1994,2006,F,7-Jun,225.0,12/31/1970,31/12/1970,1970,36.0,Cal State Long Beach,https://www.basketball-reference.com/players/r/russebr01.html,russebr01,1970.0,36,12
Eric Bledsoe,Eric Bledsoe,2011,2022,G,1-Jun,214.0,12/9/1989,9/12/1989,1989,33.0,Kentucky,https://www.basketball-reference.com/players/b/bledser01.html,bledser01,1989.0,33,11
Eric Fernsten,Eric Fernsten,1976,1984,C-F,10-Jun,205.0,11/1/1953,1/11/1953,1953,31.0,San Francisco,https://www.basketball-reference.com/players/f/fernser01.html,fernser01,1953.0,31,8
Byron Scott,Byron Scott,1984,1997,G,3-Jun,195.0,3/28/1961,28/3/1961,1961,36.0,Arizona State,https://www.basketball-reference.com/players/s/scottby01.html,scottby01,1961.0,36,13
Eric Leckner,Eric Leckner,1989,1997,C-F,11-Jun,265.0,5/27/1966,27/5/1966,1966,31.0,Wyoming,https://www.basketball-reference.com/players/l/leckner01.html,leckner01,1966.0,31,8
Eric Montross,Eric Montross,1995,2002,C,Jul-00,270.0,9/23/1971,23/9/1971,1971,31.0,UNC,https://www.basketball-reference.com/players/m/montrer01.html,montrer01,1971.0,31,7
Eric Murdock,Eric Murdock,1992,2000,G,1-Jun,190.0,6/14/1968,14/6/1968,1968,32.0,Providence,https://www.basketball-reference.com/players/m/murdoer01.html,murdoer01,1968.0,32,8
Caron Butler,Caron Butler,2003,2016,F,7-Jun,228.0,3/13/1980,13/3/1980,1980,36.0,UConn,https://www.basketball-reference.com/players/b/butleca01.html,butleca01,1980.0,36,13
Channing Frye,Channing Frye,2006,2019,C-F,Jul-00,255.0,5/17/1983,17/5/1983,1983,36.0,Arizona,https://www.basketball-reference.com/players/f/fryech01.html,fryech01,1983.0,36,13
Chris Childs,Chris Childs,1995,2003,G,3-Jun,195.0,11/20/1967,20/11/1967,1967,36.0,Boise State,https://www.basketball-reference.com/players/c/childch01.html,childch01,1967.0,36,8
Christian Laettner,Christian Laettner,1993,2005,F-C,11-Jun,235.0,8/17/1969,17/8/1969,1969,36.0,Duke,https://www.basketball-reference.com/players/l/laettch01.html,laettch01,1969.0,36,12
Erick Strickland,Erick Strickland,1997,2005,G,3-Jun,210.0,11/25/1973,25/11/1973,1973,32.0,Nebraska,https://www.basketball-reference.com/players/s/stricer01.html,stricer01,1973.0,32,8
Ernie Beck,Ernie Beck,1954,1961,G-F,4-Jun,190.0,12/11/1931,11/12/1931,1931,30.0,Penn,https://www.basketball-reference.com/players/b/becker01.html,becker01,1931.0,30,7
Ernie Grunfeld,Ernie Grunfeld,1978,1986,G-F,6-Jun,210.0,4/24/1955,24/4/1955,1955,31.0,Tennessee,https://www.basketball-reference.com/players/g/grunfer01.html,grunfer01,1955.0,31,8
Chuck Person,Chuck Person,1987,2000,F,8-Jun,220.0,6/27/1964,27/6/1964,1964,36.0,Auburn,https://www.basketball-reference.com/players/p/persoch01.html,persoch01,1964.0,36,13
Chucky Atkins,Chucky Atkins,2000,2010,G,11-May,160.0,8/14/1974,14/8/1974,1974,36.0,South Florida,https://www.basketball-reference.com/players/a/atkinch01.html,atkinch01,1974.0,36,10
Erwin Mueller,Erwin Mueller,1967,1974,C-F,8-Jun,230.0,3/12/1944,12/3/1944,1944,30.0,San Francisco,https://www.basketball-reference.com/players/m/mueller01.html,mueller01,1944.0,30,7
Etan Thomas,Etan Thomas,2002,2011,F,9-Jun,256.0,4/1/1978,1/4/1978,1978,33.0,Syracuse,https://www.basketball-reference.com/players/t/thomaet01.html,thomaet01,1978.0,33,9
E'Twaun Moore,E'Twaun Moore,2012,2021,G-F,3-Jun,191.0,2/25/1989,25/2/1989,1989,32.0,Purdue,https://www.basketball-reference.com/players/m/mooreet01.html,mooreet01,1989.0,32,9
Evan Fournier,Evan Fournier,2013,2024,G-F,6-Jun,205.0,10/29/1992,29/10/1992,1992,32.0,,https://www.basketball-reference.com/players/f/fournev01.html,fournev01,1992.0,32,11
Evan Turner,Evan Turner,2011,2020,G,6-Jun,220.0,10/27/1988,27/10/1988,1988,32.0,Ohio State,https://www.basketball-reference.com/players/t/turneev01.html,turneev01,1988.0,32,9
Clyde Drexler*,Clyde Drexler,1984,1998,G,7-Jun,210.0,6/22/1962,22/6/1962,1962,36.0,Houston,https://www.basketball-reference.com/players/d/drexlcl01.html,drexlcl01,1962.0,36,14
Craig Ehlo,Craig Ehlo,1984,1997,G-F,6-Jun,180.0,8/11/1961,11/8/1961,1961,36.0,"Odessa College, Washington State",https://www.basketball-reference.com/players/e/ehlocr01.html,ehlocr01,1961.0,36,13
Fatty Taylor,Fatty Taylor,1970,1977,G,Jun-00,175.0,3/13/1946,13/3/1946,1946,31.0,"Dodge City Community College, La Salle",https://www.basketball-reference.com/players/t/taylofa01.html,taylofa01,1946.0,31,7
Danilo Gallinari,Danilo Gallinari,2009,2024,F,10-Jun,233.0,8/8/1988,8/8/1988,1988,36.0,,https://www.basketball-reference.com/players/g/gallida01.html,gallida01,1988.0,36,15
Flynn Robinson,Flynn Robinson,1967,1974,G,1-Jun,185.0,4/28/1941,28/4/1941,1941,33.0,"Southern Illinois, Casper College, Wyoming",https://www.basketball-reference.com/players/r/robinfl01.html,robinfl01,1941.0,33,7
Foots Walker,Foots Walker,1975,1984,G,Jun-00,184.0,5/21/1951,21/5/1951,1951,33.0,"Vincennes University, West Georgia",https://www.basketball-reference.com/players/w/walkefo01.html,walkefo01,1951.0,33,9
Danny Ainge,Danny Ainge,1982,1995,G,5-Jun,185.0,3/17/1959,17/3/1959,1959,36.0,BYU,https://www.basketball-reference.com/players/a/aingeda01.html,aingeda01,1959.0,36,13
Dean Garrett,Dean Garrett,1997,2002,C,10-Jun,225.0,11/27/1966,27/11/1966,1966,36.0,Indiana,https://www.basketball-reference.com/players/g/garrede01.html,garrede01,1966.0,36,5
DeMar DeRozan,DeMar DeRozan,2010,2025,G-F,6-Jun,220.0,8/7/1989,7/8/1989,1989,36.0,USC,https://www.basketball-reference.com/players/d/derozde01.html,derozde01,1989.0,36,15
Dennis Johnson*,Dennis Johnson,1977,1990,G,4-Jun,185.0,9/18/1954,18/9/1954,1954,36.0,"Harbor College, Pepperdine",https://www.basketball-reference.com/players/j/johnsde01.html,johnsde01,1954.0,36,13
Frank Kaminsky,Frank Kaminsky,2016,2023,F-C,Jul-00,240.0,4/4/1993,4/4/1993,1993,30.0,Wisconsin,https://www.basketball-reference.com/players/k/kaminfr01.html,kaminfr01,1993.0,30,7
Frank Ramsey*,Frank Ramsey,1955,1964,F-G,3-Jun,190.0,7/13/1931,13/7/1931,1931,33.0,Kentucky,https://www.basketball-reference.com/players/r/ramsefr01.html,ramsefr01,1931.0,33,9
Frank Selvy,Frank Selvy,1955,1964,G-F,3-Jun,180.0,11/9/1932,9/11/1932,1932,32.0,Furman University,https://www.basketball-reference.com/players/s/selvyfr01.html,selvyfr01,1932.0,32,9
Frankie Brian,Frankie Brian,1950,1956,G,1-Jun,180.0,5/1/1923,1/5/1923,1923,33.0,LSU,https://www.basketball-reference.com/players/b/brianfr01.html,brianfr01,1923.0,33,6
Derrick McKey,Derrick McKey,1988,2002,F-C,9-Jun,205.0,10/10/1966,10/10/1966,1966,36.0,Alabama,https://www.basketball-reference.com/players/m/mckeyde01.html,mckeyde01,1966.0,36,14
Fred Carter,Fred Carter,1970,1977,G-F,3-Jun,185.0,2/14/1945,14/2/1945,1945,32.0,Mount St. Mary's University,https://www.basketball-reference.com/players/c/cartefr01.html,cartefr01,1945.0,32,7
Fred Foster,Fred Foster,1969,1977,F,5-Jun,210.0,3/18/1946,18/3/1946,1946,31.0,Miami University,https://www.basketball-reference.com/players/f/fostefr01.html,fostefr01,1946.0,31,8
Fred Hoiberg,Fred Hoiberg,1996,2005,G,4-Jun,203.0,10/15/1972,15/10/1972,1972,33.0,Iowa State,https://www.basketball-reference.com/players/h/hoibefr01.html,hoibefr01,1972.0,33,9
Fred Jones,Fred Jones,2003,2009,G-F,4-Jun,210.0,3/11/1979,11/3/1979,1979,30.0,Oregon,https://www.basketball-reference.com/players/j/jonesfr01.html,jonesfr01,1979.0,30,6
Derrick Rose,Derrick Rose,2009,2024,G,3-Jun,200.0,10/4/1988,4/10/1988,1988,36.0,Memphis,https://www.basketball-reference.com/players/r/rosede01.html,rosede01,1988.0,36,15
Fred Scolari,Fred Scolari,1947,1955,G,10-May,180.0,3/1/1922,1/3/1922,1922,33.0,San Francisco,https://www.basketball-reference.com/players/s/scolafr01.html,scolafr01,1922.0,33,8
Fred VanVleet,Fred VanVleet,2017,2025,G,Jun-00,197.0,2/25/1994,25/2/1994,1994,31.0,Wichita State,https://www.basketball-reference.com/players/v/vanvlfr01.html,vanvlfr01,1994.0,31,8
Freddie Crawford,Freddie Crawford,1967,1971,G-F,4-Jun,189.0,12/23/1941,23/12/1941,1941,30.0,St. Bonaventure,https://www.basketball-reference.com/players/c/crawffr01.html,crawffr01,1941.0,30,4
Devin Harris,Devin Harris,2005,2019,G,3-Jun,185.0,2/27/1983,27/2/1983,1983,36.0,Wisconsin,https://www.basketball-reference.com/players/h/harride01.html,harride01,1983.0,36,14
Freeman Williams,Freeman Williams,1979,1986,G-F,4-Jun,190.0,5/15/1956,15/5/1956,1956,30.0,Portland State,https://www.basketball-reference.com/players/w/willifr01.html,willifr01,1956.0,30,7
Dolph Schayes*,Dolph Schayes,1950,1964,F-C,8-Jun,220.0,5/19/1928,19/5/1928,1928,36.0,NYU,https://www.basketball-reference.com/players/s/schaydo01.html,schaydo01,1928.0,36,14
Gar Heard,Gar Heard,1971,1981,F,6-Jun,219.0,5/3/1948,3/5/1948,1948,33.0,Oklahoma,https://www.basketball-reference.com/players/h/heardga01.html,heardga01,1948.0,33,10
Don Kojis,Don Kojis,1964,1975,F,5-Jun,215.0,1/15/1939,15/1/1939,1939,36.0,Marquette,https://www.basketball-reference.com/players/k/kojisdo01.html,kojisdo01,1939.0,36,11
Don Nelson*,Don Nelson,1963,1976,F,6-Jun,210.0,5/15/1940,15/5/1940,1940,36.0,Iowa,https://www.basketball-reference.com/players/n/nelsodo01.html,nelsodo01,1940.0,36,13
Gary Harris,Gary Harris,2015,2025,G,4-Jun,210.0,9/14/1994,14/9/1994,1994,31.0,Michigan State,https://www.basketball-reference.com/players/h/harriga01.html,harriga01,1994.0,31,10
Gary Neal,Gary Neal,2011,2017,G,4-Jun,210.0,10/3/1984,3/10/1984,1984,33.0,"La Salle, Towson University",https://www.basketball-reference.com/players/n/nealga01.html,nealga01,1984.0,33,6
Gary Payton II,Gary Payton II,2017,2025,G,2-Jun,190.0,12/1/1992,1/12/1992,1992,33.0,Oregon State,https://www.basketball-reference.com/players/p/paytoga02.html,paytoga02,1992.0,33,8
Donyell Marshall,Donyell Marshall,1995,2009,F,9-Jun,218.0,5/18/1973,18/5/1973,1973,36.0,UConn,https://www.basketball-reference.com/players/m/marshdo01.html,marshdo01,1973.0,36,14
Gary Plummer,Gary Plummer,1985,1993,F-C,9-Jun,215.0,2/21/1962,21/2/1962,1962,31.0,Boston University,https://www.basketball-reference.com/players/p/plummga01.html,plummga01,1962.0,31,8
Gary Trent,Gary Trent,1996,2004,F,8-Jun,250.0,9/22/1974,22/9/1974,1974,30.0,Ohio University,https://www.basketball-reference.com/players/t/trentga01.html,trentga01,1974.0,30,8
Earl Boykins,Earl Boykins,1999,2012,G,5-May,135.0,6/2/1976,2/6/1976,1976,36.0,Eastern Michigan,https://www.basketball-reference.com/players/b/boykiea01.html,boykiea01,1976.0,36,13
Gene Littles,Gene Littles,1970,1975,G,Jun-00,160.0,6/29/1943,29/6/1943,1943,32.0,High Point University,https://www.basketball-reference.com/players/l/littlge01.html,littlge01,1943.0,32,5
Gene Moore,Gene Moore,1969,1975,C-F,9-Jun,225.0,7/29/1945,29/7/1945,1945,30.0,Saint Louis,https://www.basketball-reference.com/players/m/moorege01.html,moorege01,1945.0,30,6
Gene Shue,Gene Shue,1955,1964,G,2-Jun,170.0,12/18/1931,18/12/1931,1931,33.0,Maryland,https://www.basketball-reference.com/players/s/shuege01.html,shuege01,1931.0,33,9
Gene Tormohlen,Gene Tormohlen,1963,1970,C-F,8-Jun,230.0,5/12/1937,12/5/1937,1937,33.0,Tennessee,https://www.basketball-reference.com/players/t/tormobu01.html,tormobu01,1937.0,33,7
Gene Wiley,Gene Wiley,1963,1968,C,10-Jun,210.0,11/12/1937,12/11/1937,1937,31.0,Wichita State,https://www.basketball-reference.com/players/w/wileyge01.html,wileyge01,1937.0,31,5
Geoff Huston,Geoff Huston,1980,1987,G,2-Jun,175.0,11/8/1957,8/11/1957,1957,30.0,Texas Tech,https://www.basketball-reference.com/players/h/hustoge01.html,hustoge01,1957.0,30,7
George Carter,George Carter,1968,1976,F-G,4-Jun,210.0,1/10/1944,10/1/1944,1944,32.0,St. Bonaventure,https://www.basketball-reference.com/players/c/cartege01.html,cartege01,1944.0,32,8
George Dempsey,George Dempsey,1955,1959,G,2-Jun,190.0,7/19/1929,19/7/1929,1929,30.0,King's College,https://www.basketball-reference.com/players/d/dempsge01.html,dempsge01,1929.0,30,4
Earl Monroe*,Earl Monroe,1968,1980,G,3-Jun,185.0,11/21/1944,21/11/1944,1944,36.0,Winston-Salem State,https://www.basketball-reference.com/players/m/monroea01.html,monroea01,1944.0,36,12
Eduardo Nájera,Eduardo Nájera,2001,2012,F,8-Jun,240.0,7/11/1976,11/7/1976,1976,36.0,Oklahoma,https://www.basketball-reference.com/players/n/najered01.html,najered01,1976.0,36,11
George Johnson,George Johnson,1979,1986,F-C,7-Jun,210.0,12/8/1956,8/12/1956,1956,30.0,St. John's,https://www.basketball-reference.com/players/j/johnsge03.html,johnsge03,1956.0,30,7
Emeka Okafor,Emeka Okafor,2005,2018,C-F,10-Jun,252.0,9/28/1982,28/9/1982,1982,36.0,UConn,https://www.basketball-reference.com/players/o/okafoem01.html,okafoem01,1982.0,36,13
George King,George King,1952,1958,G,Jun-00,175.0,8/16/1928,16/8/1928,1928,30.0,University of Charleston,https://www.basketball-reference.com/players/k/kingge01.html,kingge01,1928.0,30,6
George Lee,George Lee,1961,1968,F-G,4-Jun,200.0,11/23/1936,23/11/1936,1936,32.0,Michigan,https://www.basketball-reference.com/players/l/leege01.html,leege01,1936.0,32,7
George Lehmann,George Lehmann,1968,1974,G,Jun-00,180.0,5/1/1941,1/5/1941,1941,33.0,Campbell,https://www.basketball-reference.com/players/l/lehmage01.html,lehmage01,1941.0,33,6
Fabricio Oberto,Fabricio Oberto,2006,2011,C-F,10-Jun,245.0,3/21/1975,21/3/1975,1975,36.0,,https://www.basketball-reference.com/players/o/obertfa01.html,obertfa01,1975.0,36,5
Francisco Elson,Francisco Elson,2004,2012,C,Jul-00,235.0,2/28/1976,28/2/1976,1976,36.0,California,https://www.basketball-reference.com/players/e/elsonfr01.html,elsonfr01,1976.0,36,8
George McGinnis*,George McGinnis,1972,1982,F-C,8-Jun,235.0,8/12/1950,12/8/1950,1950,32.0,Indiana,https://www.basketball-reference.com/players/m/mcginge01.html,mcginge01,1950.0,32,10
George Mikan*,George Mikan,1949,1956,C,10-Jun,245.0,6/18/1924,18/6/1924,1924,32.0,DePaul,https://www.basketball-reference.com/players/m/mikange01.html,mikange01,1924.0,32,7
George Peeples,George Peeples,1968,1973,C-F,7-Jun,190.0,10/30/1943,30/10/1943,1943,30.0,Iowa,https://www.basketball-reference.com/players/p/peeplge01.html,peeplge01,1943.0,30,5
George Ratkovicz,George Ratkovicz,1950,1955,C-F,6-Jun,220.0,11/13/1922,13/11/1922,1922,33.0,,https://www.basketball-reference.com/players/r/ratkoge01.html,ratkoge01,1922.0,33,5
George Senesky,George Senesky,1947,1954,G,2-Jun,179.0,4/4/1922,4/4/1922,1922,32.0,Saint Joseph's,https://www.basketball-reference.com/players/s/senesge01.html,senesge01,1922.0,32,7
George Yardley*,George Yardley,1954,1960,F-G,5-Jun,190.0,11/3/1928,3/11/1928,1928,32.0,Stanford,https://www.basketball-reference.com/players/y/yardlge01.html,yardlge01,1928.0,32,6
Georges Niang,Georges Niang,2017,2025,F,7-Jun,230.0,6/17/1993,17/6/1993,1993,32.0,Iowa State,https://www.basketball-reference.com/players/n/niangge01.html,niangge01,1993.0,32,8
Frank Johnson,Frank Johnson,1982,1994,G,1-Jun,185.0,11/23/1958,23/11/1958,1958,36.0,Wake Forest,https://www.basketball-reference.com/players/j/johnsfr01.html,johnsfr01,1958.0,36,12
Gerald Green,Gerald Green,2006,2019,G-F,6-Jun,205.0,1/26/1986,26/1/1986,1986,33.0,,https://www.basketball-reference.com/players/g/greenge01.html,greenge01,1986.0,33,13
Gerald Henderson,Gerald Henderson,2010,2017,G,5-Jun,215.0,12/9/1987,9/12/1987,1987,30.0,Duke,https://www.basketball-reference.com/players/h/hendege02.html,hendege02,1987.0,30,7
Fred Brown,Fred Brown,1972,1984,G,3-Jun,182.0,8/7/1948,7/8/1948,1948,36.0,"Southeastern Iowa Community College, West Burlington Campus, Iowa",https://www.basketball-reference.com/players/b/brownfr01.html,brownfr01,1948.0,36,12
Gerald Wallace,Gerald Wallace,2002,2015,F,7-Jun,215.0,7/23/1982,23/7/1982,1982,33.0,Alabama,https://www.basketball-reference.com/players/w/wallage01.html,wallage01,1982.0,33,13
Gail Goodrich*,Gail Goodrich,1966,1979,G,1-Jun,170.0,4/23/1943,23/4/1943,1943,36.0,UCLA,https://www.basketball-reference.com/players/g/goodrga01.html,goodrga01,1943.0,36,13
Giannis Antetokounmpo,Giannis Antetokounmpo,2014,2025,F-G,11-Jun,242.0,12/6/1994,6/12/1994,1994,31.0,,https://www.basketball-reference.com/players/a/antetgi01.html,antetgi01,1994.0,31,11
Gilbert Arenas,Gilbert Arenas,2002,2012,G,4-Jun,191.0,1/6/1982,6/1/1982,1982,30.0,Arizona,https://www.basketball-reference.com/players/a/arenagi01.html,arenagi01,1982.0,30,10
Gary Grant,Gary Grant,1989,2001,G,3-Jun,185.0,4/21/1965,21/4/1965,1965,36.0,Michigan,https://www.basketball-reference.com/players/g/grantga01.html,grantga01,1965.0,36,12
Glenn Robinson,Glenn Robinson,1995,2005,F,7-Jun,225.0,1/10/1973,10/1/1973,1973,32.0,Purdue,https://www.basketball-reference.com/players/r/robingl01.html,robingl01,1973.0,32,10
Goose Ligon,Goose Ligon,1968,1974,F-C,7-Jun,210.0,2/22/1944,22/2/1944,1944,30.0,,https://www.basketball-reference.com/players/l/ligongo01.html,ligongo01,1944.0,30,6
Gerald Henderson,Gerald Henderson,1980,1992,G,2-Jun,175.0,1/16/1956,16/1/1956,1956,36.0,VCU,https://www.basketball-reference.com/players/h/hendege01.html,hendege01,1956.0,36,12
Gordan Giriček,Gordan Giriček,2003,2008,G-F,6-Jun,210.0,6/20/1977,20/6/1977,1977,31.0,,https://www.basketball-reference.com/players/g/giricgo01.html,giricgo01,1977.0,31,5
Gerald Wilkins,Gerald Wilkins,1986,1999,G-F,6-Jun,185.0,9/11/1963,11/9/1963,1963,36.0,Chattanooga,https://www.basketball-reference.com/players/w/wilkige01.html,wilkige01,1963.0,36,13
Gorgui Dieng,Gorgui Dieng,2014,2023,C,10-Jun,252.0,1/18/1990,18/1/1990,1990,33.0,Louisville,https://www.basketball-reference.com/players/d/dienggo01.html,dienggo01,1990.0,33,9
Hedo Türkoğlu,Hedo Türkoğlu,2001,2015,F,10-Jun,220.0,3/19/1979,19/3/1979,1979,36.0,,https://www.basketball-reference.com/players/t/turkohe01.html,turkohe01,1979.0,36,14
Ish Smith,Ish Smith,2011,2024,G,Jun-00,175.0,7/5/1988,5/7/1988,1988,36.0,Wake Forest,https://www.basketball-reference.com/players/s/smithis01.html,smithis01,1988.0,36,13
Grayson Allen,Grayson Allen,2019,2025,G,4-Jun,198.0,10/8/1995,8/10/1995,1995,30.0,Duke,https://www.basketball-reference.com/players/a/allengr01.html,allengr01,1995.0,30,6
J.J. Barea,J.J. Barea,2007,2020,G,10-May,180.0,6/26/1984,26/6/1984,1984,36.0,Northeastern University,https://www.basketball-reference.com/players/b/bareajo01.html,bareajo01,1984.0,36,13
Jack Sikma*,Jack Sikma,1978,1991,C-F,11-Jun,230.0,11/14/1955,14/11/1955,1955,36.0,Illinois Wesleyan University,https://www.basketball-reference.com/players/s/sikmaja01.html,sikmaja01,1955.0,36,13
Jamaal Tinsley,Jamaal Tinsley,2002,2014,G,3-Jun,195.0,2/28/1978,28/2/1978,1978,36.0,Iowa State,https://www.basketball-reference.com/players/t/tinslja01.html,tinslja01,1978.0,36,12
Greg Buckner,Greg Buckner,2000,2009,G,4-Jun,210.0,9/16/1976,16/9/1976,1976,33.0,Clemson,https://www.basketball-reference.com/players/b/buckngr01.html,buckngr01,1976.0,33,9
Jameer Nelson,Jameer Nelson,2005,2018,G,Jun-00,190.0,2/9/1982,9/2/1982,1982,36.0,Saint Joseph's,https://www.basketball-reference.com/players/n/nelsoja01.html,nelsoja01,1982.0,36,13
James Harden,James Harden,2010,2025,G,5-Jun,220.0,8/26/1989,26/8/1989,1989,36.0,Arizona State,https://www.basketball-reference.com/players/h/hardeja01.html,hardeja01,1989.0,36,15
Greg Grant,Greg Grant,1990,1996,G,7-May,140.0,8/29/1966,29/8/1966,1966,30.0,Trenton State University,https://www.basketball-reference.com/players/g/grantgr01.html,grantgr01,1966.0,30,6
Jannero Pargo,Jannero Pargo,2003,2015,G,1-Jun,175.0,10/22/1979,22/10/1979,1979,36.0,Arkansas,https://www.basketball-reference.com/players/p/pargoja01.html,pargoja01,1979.0,36,12
Greg Monroe,Greg Monroe,2011,2022,C-F,11-Jun,265.0,6/4/1990,4/6/1990,1990,32.0,Georgetown,https://www.basketball-reference.com/players/m/monrogr01.html,monrogr01,1990.0,32,11
Greg Ostertag,Greg Ostertag,1996,2006,C,2-Jul,280.0,3/6/1973,6/3/1973,1973,33.0,Kansas,https://www.basketball-reference.com/players/o/ostergr01.html,ostergr01,1973.0,33,10
Greg Stiemsma,Greg Stiemsma,2012,2015,C,11-Jun,260.0,9/26/1985,26/9/1985,1985,30.0,Wisconsin,https://www.basketball-reference.com/players/s/stiemgr01.html,stiemgr01,1985.0,30,3
Greivis Vásquez,Greivis Vásquez,2011,2017,G,6-Jun,217.0,1/16/1987,16/1/1987,1987,30.0,Maryland,https://www.basketball-reference.com/players/v/vasqugr01.html,vasqugr01,1987.0,30,6
Guerschon Yabusele,Guerschon Yabusele,2018,2025,F-C,8-Jun,260.0,12/17/1995,17/12/1995,1995,30.0,,https://www.basketball-reference.com/players/y/yabusgu01.html,yabusgu01,1995.0,30,7
Jared Dudley,Jared Dudley,2008,2021,F-G,6-Jun,237.0,7/10/1985,10/7/1985,1985,36.0,Boston College,https://www.basketball-reference.com/players/d/dudleja01.html,dudleja01,1985.0,36,13
Jason Collins,Jason Collins,2002,2014,C,Jul-00,255.0,12/2/1978,2/12/1978,1978,36.0,Stanford,https://www.basketball-reference.com/players/c/collija04.html,collija04,1978.0,36,12
Jason Williams,Jason Williams,1999,2011,G,1-Jun,190.0,11/18/1975,18/11/1975,1975,36.0,"Marshall, Florida",https://www.basketball-reference.com/players/w/willija02.html,willija02,1975.0,36,12
JaVale McGee,JaVale McGee,2009,2024,C,Jul-00,270.0,1/19/1988,19/1/1988,1988,36.0,Nevada,https://www.basketball-reference.com/players/m/mcgeeja01.html,mcgeeja01,1988.0,36,15
Hakim Warrick,Hakim Warrick,2006,2013,F,9-Jun,219.0,7/8/1982,8/7/1982,1982,31.0,Syracuse,https://www.basketball-reference.com/players/w/warriha01.html,warriha01,1982.0,31,7
Jermaine O'Neal,Jermaine O'Neal,1997,2014,C-F,11-Jun,226.0,10/13/1978,13/10/1978,1978,36.0,,https://www.basketball-reference.com/players/o/onealje01.html,onealje01,1978.0,36,17
Hank Finkel,Hank Finkel,1967,1975,C,Jul-00,240.0,4/20/1942,20/4/1942,1942,33.0,Dayton,https://www.basketball-reference.com/players/f/finkeha01.html,finkeha01,1942.0,33,8
Happy Hairston,Happy Hairston,1965,1975,F,7-Jun,225.0,5/31/1942,31/5/1942,1942,33.0,NYU,https://www.basketball-reference.com/players/h/hairsha01.html,hairsha01,1942.0,33,10
Harrison Barnes,Harrison Barnes,2013,2025,F,8-Jun,225.0,5/30/1992,30/5/1992,1992,33.0,UNC,https://www.basketball-reference.com/players/b/barneha02.html,barneha02,1992.0,33,12
Harry Gallatin*,Harry Gallatin,1949,1958,F-C,6-Jun,210.0,4/26/1927,26/4/1927,1927,31.0,Truman State University,https://www.basketball-reference.com/players/g/gallaha01.html,gallaha01,1927.0,31,9
Jerry West*,Jerry West,1961,1974,G,3-Jun,175.0,5/28/1938,28/5/1938,1938,36.0,West Virginia,https://www.basketball-reference.com/players/w/westje01.html,westje01,1938.0,36,13
Jim Jackson,Jim Jackson,1993,2006,G,6-Jun,220.0,10/14/1970,14/10/1970,1970,36.0,Ohio State,https://www.basketball-reference.com/players/j/jacksji01.html,jacksji01,1970.0,36,13
Hassan Whiteside,Hassan Whiteside,2011,2022,C,Jul-00,265.0,6/13/1989,13/6/1989,1989,33.0,Marshall,https://www.basketball-reference.com/players/w/whiteha01.html,whiteha01,1989.0,33,11
Jimmy Butler,Jimmy Butler,2012,2025,F-G,7-Jun,230.0,9/14/1989,14/9/1989,1989,36.0,"Tyler Junior College, Marquette",https://www.basketball-reference.com/players/b/butleji01.html,butleji01,1989.0,36,13
Joe Dumars*,Joe Dumars,1986,1999,G,3-Jun,190.0,5/24/1963,24/5/1963,1963,36.0,McNeese State University,https://www.basketball-reference.com/players/d/dumarjo01.html,dumarjo01,1963.0,36,13
Henry Bibby,Henry Bibby,1973,1981,G,1-Jun,185.0,11/24/1949,24/11/1949,1949,32.0,UCLA,https://www.basketball-reference.com/players/b/bibbyhe01.html,bibbyhe01,1949.0,32,8
Henry James,Henry James,1991,1998,F,8-Jun,220.0,7/29/1965,29/7/1965,1965,33.0,"South Plains College, St. Mary's University",https://www.basketball-reference.com/players/j/jameshe01.html,jameshe01,1965.0,33,7
Joe Smith,Joe Smith,1996,2011,F,10-Jun,225.0,7/26/1975,26/7/1975,1975,36.0,Maryland,https://www.basketball-reference.com/players/s/smithjo02.html,smithjo02,1975.0,36,15
Herm Gilliam,Herm Gilliam,1970,1977,G-F,3-Jun,190.0,5/5/1946,5/5/1946,1946,31.0,Purdue,https://www.basketball-reference.com/players/g/gillihe01.html,gillihe01,1946.0,31,7
John Salley,John Salley,1987,2000,F-C,11-Jun,230.0,5/16/1964,16/5/1964,1964,36.0,Georgia Tech,https://www.basketball-reference.com/players/s/sallejo01.html,sallejo01,1964.0,36,13
Hilton Armstrong,Hilton Armstrong,2007,2014,F-C,11-Jun,235.0,11/11/1984,11/11/1984,1984,30.0,UConn,https://www.basketball-reference.com/players/a/armsthi01.html,armsthi01,1984.0,30,7
John Salmons,John Salmons,2003,2015,G,7-Jun,210.0,12/12/1979,12/12/1979,1979,36.0,Miami (FL),https://www.basketball-reference.com/players/s/salmojo01.html,salmojo01,1979.0,36,12
Kevin Edwards,Kevin Edwards,1989,2001,G,3-Jun,190.0,10/30/1965,30/10/1965,1965,36.0,DePaul,https://www.basketball-reference.com/players/e/edwarke01.html,edwarke01,1965.0,36,12
Kevin McHale*,Kevin McHale,1981,1993,F-C,10-Jun,210.0,12/19/1957,19/12/1957,1957,36.0,Minnesota,https://www.basketball-reference.com/players/m/mchalke01.html,mchalke01,1957.0,36,12
Howard Komives,Howard Komives,1965,1974,G,1-Jun,185.0,5/9/1941,9/5/1941,1941,33.0,Bowling Green,https://www.basketball-reference.com/players/k/komivho01.html,komivho01,1941.0,33,9
Howard Porter,Howard Porter,1972,1978,F-C,8-Jun,220.0,8/31/1948,31/8/1948,1948,30.0,Villanova,https://www.basketball-reference.com/players/p/porteho01.html,porteho01,1948.0,30,6
Howie Schultz,Howie Schultz,1950,1953,C-F,6-Jun,200.0,7/3/1922,3/7/1922,1922,31.0,Hamline University,https://www.basketball-reference.com/players/s/schulho01.html,schulho01,1922.0,31,3
Larry Bird*,Larry Bird,1980,1992,F,9-Jun,220.0,12/7/1956,7/12/1956,1956,36.0,Indiana State University,https://www.basketball-reference.com/players/b/birdla01.html,birdla01,1956.0,36,12
Hubie White,Hubie White,1963,1971,G-F,4-Jun,205.0,1/26/1940,26/1/1940,1940,31.0,Villanova,https://www.basketball-reference.com/players/w/whitehu01.html,whitehu01,1940.0,31,8
LaSalle Thompson,LaSalle Thompson,1983,1997,C-F,10-Jun,245.0,6/23/1961,23/6/1961,1961,36.0,Texas,https://www.basketball-reference.com/players/t/thompla01.html,thompla01,1961.0,36,14
Iman Shumpert,Iman Shumpert,2012,2021,G,5-Jun,215.0,6/26/1990,26/6/1990,1990,31.0,Georgia Tech,https://www.basketball-reference.com/players/s/shumpim01.html,shumpim01,1990.0,31,9
Leroy Ellis,Leroy Ellis,1963,1976,C-F,10-Jun,210.0,3/10/1940,10/3/1940,1940,36.0,St. John's,https://www.basketball-reference.com/players/e/ellisle01.html,ellisle01,1940.0,36,13
Ira Harge,Ira Harge,1968,1973,C,9-Jun,225.0,3/14/1941,14/3/1941,1941,32.0,"Southeastern Iowa Community College, West Burlington Campus, New Mexico",https://www.basketball-reference.com/players/h/hargeir01.html,hargeir01,1941.0,32,5
Ira Newble,Ira Newble,2001,2008,F,7-Jun,220.0,1/20/1975,20/1/1975,1975,33.0,Miami University,https://www.basketball-reference.com/players/n/newblir01.html,newblir01,1975.0,33,7
Isaac Austin,Isaac Austin,1992,2002,C,10-Jun,255.0,8/18/1969,18/8/1969,1969,33.0,Arizona State,https://www.basketball-reference.com/players/a/austiis01.html,austiis01,1969.0,33,10
Isaiah Rider,Isaiah Rider,1994,2002,G,5-Jun,215.0,3/12/1971,12/3/1971,1971,31.0,UNLV,https://www.basketball-reference.com/players/r/rideris01.html,rideris01,1971.0,31,8
Lester Conner,Lester Conner,1983,1995,G,4-Jun,180.0,9/17/1959,17/9/1959,1959,36.0,Oregon State,https://www.basketball-reference.com/players/c/connele01.html,connele01,1959.0,36,12
Lou Williams,Lou Williams,2006,2022,G,2-Jun,175.0,10/27/1986,27/10/1986,1986,36.0,,https://www.basketball-reference.com/players/w/willilo02.html,willilo02,1986.0,36,16
Isiah Thomas*,Isiah Thomas,1982,1994,G,1-Jun,180.0,4/30/1961,30/4/1961,1961,33.0,Indiana,https://www.basketball-reference.com/players/t/thomais01.html,thomais01,1961.0,33,12
Marc Gasol,Marc Gasol,2009,2021,C,11-Jun,255.0,1/29/1985,29/1/1985,1985,36.0,,https://www.basketball-reference.com/players/g/gasolma01.html,gasolma01,1985.0,36,12
J.R. Reid,J.R. Reid,1990,2001,F,9-Jun,247.0,3/31/1968,31/3/1968,1968,33.0,UNC,https://www.basketball-reference.com/players/r/reidjr01.html,reidjr01,1968.0,33,11
Mark Eaton,Mark Eaton,1983,1993,C,4-Jul,275.0,1/24/1957,24/1/1957,1957,36.0,"Cypress College, UCLA",https://www.basketball-reference.com/players/e/eatonma01.html,eatonma01,1957.0,36,10
Markieff Morris,Markieff Morris,2012,2025,F,9-Jun,245.0,9/2/1989,2/9/1989,1989,36.0,Kansas,https://www.basketball-reference.com/players/m/morrima02.html,morrima02,1989.0,36,13
Jack George,Jack George,1954,1961,G,2-Jun,190.0,11/13/1928,13/11/1928,1928,33.0,La Salle,https://www.basketball-reference.com/players/g/georgja01.html,georgja01,1928.0,33,7
Matt Bonner,Matt Bonner,2005,2016,F,10-Jun,235.0,4/5/1980,5/4/1980,1980,36.0,Florida,https://www.basketball-reference.com/players/b/bonnema01.html,bonnema01,1980.0,36,11
Jack Marin,Jack Marin,1967,1977,F-G,7-Jun,200.0,10/12/1944,12/10/1944,1944,33.0,Duke,https://www.basketball-reference.com/players/m/marinja01.html,marinja01,1944.0,33,10
Jack McMahon,Jack McMahon,1953,1960,G,1-Jun,185.0,12/3/1928,3/12/1928,1928,32.0,St. John's,https://www.basketball-reference.com/players/m/mcmahja01.html,mcmahja01,1928.0,32,7
Jack Nichols,Jack Nichols,1949,1958,C-F,7-Jun,222.0,4/9/1926,9/4/1926,1926,32.0,Washington,https://www.basketball-reference.com/players/n/nichoja01.html,nichoja01,1926.0,32,9
Maurice Lucas,Maurice Lucas,1975,1988,F-C,9-Jun,215.0,2/18/1952,18/2/1952,1952,36.0,Marquette,https://www.basketball-reference.com/players/l/lucasma01.html,lucasma01,1952.0,36,13
Jack Twyman*,Jack Twyman,1956,1966,F-G,6-Jun,210.0,5/11/1934,11/5/1934,1934,32.0,Cincinnati,https://www.basketball-reference.com/players/t/twymaja01.html,twymaja01,1934.0,32,10
Jackie Moreland,Jackie Moreland,1961,1970,F-G,7-Jun,215.0,3/11/1938,11/3/1938,1938,32.0,Louisiana Tech,https://www.basketball-reference.com/players/m/morelja01.html,morelja01,1938.0,32,9
Melvin Ely,Melvin Ely,2003,2014,C,10-Jun,260.0,5/2/1978,2/5/1978,1978,36.0,Fresno State,https://www.basketball-reference.com/players/e/elyme01.html,elyme01,1978.0,36,11
Mike Dunleavy,Mike Dunleavy,1977,1990,G,3-Jun,180.0,3/21/1954,21/3/1954,1954,36.0,South Carolina,https://www.basketball-reference.com/players/d/dunlemi01.html,dunlemi01,1954.0,36,13
Jae'Sean Tate,Jae'Sean Tate,2021,2025,F,4-Jun,230.0,10/28/1995,28/10/1995,1995,30.0,Ohio State,https://www.basketball-reference.com/players/t/tateja01.html,tateja01,1995.0,30,4
Jake Voskuhl,Jake Voskuhl,2001,2009,C,11-Jun,245.0,11/1/1977,1/11/1977,1977,32.0,UConn,https://www.basketball-reference.com/players/v/voskuja01.html,voskuja01,1977.0,32,8
Jakob Poeltl,Jakob Poeltl,2017,2025,C,Jul-00,245.0,10/15/1995,15/10/1995,1995,30.0,Utah,https://www.basketball-reference.com/players/p/poeltja01.html,poeltja01,1995.0,30,8
Muggsy Bogues,Muggsy Bogues,1988,2001,G,3-May,136.0,1/9/1965,9/1/1965,1965,36.0,Wake Forest,https://www.basketball-reference.com/players/b/boguemu01.html,boguemu01,1965.0,36,13
Mychal Thompson,Mychal Thompson,1979,1991,C-F,10-Jun,226.0,1/30/1955,30/1/1955,1955,36.0,Minnesota,https://www.basketball-reference.com/players/t/thompmy01.html,thompmy01,1955.0,36,12
Nat Clifton*,Nat Clifton,1951,1958,C-F,6-Jun,220.0,10/13/1922,13/10/1922,1922,36.0,Xavier University of Louisiana,https://www.basketball-reference.com/players/c/cliftna01.html,cliftna01,1922.0,36,7
Jamaal Wilkes*,Jamaal Wilkes,1975,1986,F-G,6-Jun,190.0,5/2/1953,2/5/1953,1953,33.0,UCLA,https://www.basketball-reference.com/players/w/wilkeja01.html,wilkeja01,1953.0,33,11
Nate Thurmond*,Nate Thurmond,1964,1977,C-F,11-Jun,225.0,7/25/1941,25/7/1941,1941,36.0,Bowling Green,https://www.basketball-reference.com/players/t/thurmna01.html,thurmna01,1941.0,36,13
Jamal Mashburn,Jamal Mashburn,1994,2004,F,8-Jun,240.0,11/29/1972,29/11/1972,1972,32.0,Kentucky,https://www.basketball-reference.com/players/m/mashbja01.html,mashbja01,1972.0,32,10
Jamario Moon,Jamario Moon,2008,2012,F,8-Jun,205.0,6/13/1980,13/6/1980,1980,32.0,Meridian Community College,https://www.basketball-reference.com/players/m/moonja01.html,moonja01,1980.0,32,4
Oscar Robertson*,Oscar Robertson,1961,1974,G-F,5-Jun,205.0,11/24/1938,24/11/1938,1938,36.0,Cincinnati,https://www.basketball-reference.com/players/r/roberos01.html,roberos01,1938.0,36,13
James Bailey,James Bailey,1980,1988,F-C,9-Jun,220.0,5/21/1957,21/5/1957,1957,31.0,Rutgers University,https://www.basketball-reference.com/players/b/baileja01.html,baileja01,1957.0,31,8
Patrick Beverley,Patrick Beverley,2013,2024,G,2-Jun,180.0,7/12/1988,12/7/1988,1988,36.0,Arkansas,https://www.basketball-reference.com/players/b/beverpa01.html,beverpa01,1988.0,36,11
Raja Bell,Raja Bell,2001,2012,G,5-Jun,204.0,9/19/1976,19/9/1976,1976,36.0,"Boston University, Florida International University",https://www.basketball-reference.com/players/b/bellra01.html,bellra01,1976.0,36,11
James Ennis III,James Ennis III,2015,2022,F,6-Jun,215.0,7/1/1990,1/7/1990,1990,32.0,Cal State Long Beach,https://www.basketball-reference.com/players/e/ennisja01.html,ennisja01,1990.0,32,7
Rajon Rondo,Rajon Rondo,2007,2022,G,1-Jun,180.0,2/22/1986,22/2/1986,1986,36.0,Kentucky,https://www.basketball-reference.com/players/r/rondora01.html,rondora01,1986.0,36,15
Rick Barry*,Rick Barry,1966,1980,F,7-Jun,205.0,3/28/1944,28/3/1944,1944,36.0,Miami (FL),https://www.basketball-reference.com/players/b/barryri01.html,barryri01,1944.0,36,14
Robert Reid,Robert Reid,1978,1991,F-G,8-Jun,205.0,8/30/1955,30/8/1955,1955,36.0,St. Mary's University,https://www.basketball-reference.com/players/r/reidro01.html,reidro01,1955.0,36,13
James Nunnally,James Nunnally,2014,2021,F,7-Jun,208.0,7/14/1990,14/7/1990,1990,31.0,UC Santa Barbara,https://www.basketball-reference.com/players/n/nunnaja01.html,nunnaja01,1990.0,31,7
Robin Lopez,Robin Lopez,2009,2024,C,1-Jul,281.0,4/1/1988,1/4/1988,1988,36.0,Stanford,https://www.basketball-reference.com/players/l/lopezro01.html,lopezro01,1988.0,36,15
James Robinson,James Robinson,1994,2001,G,2-Jun,180.0,8/31/1970,31/8/1970,1970,31.0,Alabama,https://www.basketball-reference.com/players/r/robinja02.html,robinja02,1970.0,31,7
James Silas,James Silas,1973,1982,G,1-Jun,180.0,2/11/1949,11/2/1949,1949,33.0,Stephen F. Austin,https://www.basketball-reference.com/players/s/silasja01.html,silasja01,1949.0,33,9
James Singleton,James Singleton,2006,2012,F,8-Jun,216.0,7/20/1981,20/7/1981,1981,31.0,Murray State,https://www.basketball-reference.com/players/s/singlja01.html,singlja01,1981.0,31,6
James White,James White,2007,2013,G-F,7-Jun,200.0,10/21/1982,21/10/1982,1982,31.0,"Florida, Cincinnati",https://www.basketball-reference.com/players/w/whiteja02.html,whiteja02,1982.0,31,6
James Worthy*,James Worthy,1983,1994,F,9-Jun,225.0,2/27/1961,27/2/1961,1961,33.0,UNC,https://www.basketball-reference.com/players/w/worthja01.html,worthja01,1961.0,33,11
JaMychal Green,JaMychal Green,2015,2023,F,8-Jun,227.0,6/21/1990,21/6/1990,1990,33.0,Alabama,https://www.basketball-reference.com/players/g/greenja01.html,greenja01,1990.0,33,8
Jan van Breda Kolff,Jan van Breda Kolff,1975,1983,F-G,7-Jun,195.0,12/16/1951,16/12/1951,1951,32.0,Vanderbilt,https://www.basketball-reference.com/players/v/vanbrja01.html,vanbrja01,1951.0,32,8
Ron Anderson,Ron Anderson,1985,1994,F-G,7-Jun,215.0,10/15/1958,15/10/1958,1958,36.0,Fresno State,https://www.basketball-reference.com/players/a/anderro01.html,anderro01,1958.0,36,9
Sam Jones*,Sam Jones,1958,1969,G-F,4-Jun,198.0,6/24/1933,24/6/1933,1933,36.0,NC Central,https://www.basketball-reference.com/players/j/jonessa01.html,jonessa01,1933.0,36,11
Jared Jeffries,Jared Jeffries,2003,2013,F,11-Jun,230.0,11/25/1981,25/11/1981,1981,32.0,Indiana,https://www.basketball-reference.com/players/j/jeffrja01.html,jeffrja01,1981.0,32,10
Sean Marks,Sean Marks,1999,2011,F-C,10-Jun,250.0,8/23/1975,23/8/1975,1975,36.0,California,https://www.basketball-reference.com/players/m/marksse01.html,marksse01,1975.0,36,12
Sedale Threatt,Sedale Threatt,1984,1997,G,2-Jun,175.0,9/10/1961,10/9/1961,1961,36.0,West Virginia Tech,https://www.basketball-reference.com/players/t/threase01.html,threase01,1961.0,36,13
Jarron Collins,Jarron Collins,2002,2011,F-C,11-Jun,255.0,12/2/1978,2/12/1978,1978,33.0,Stanford,https://www.basketball-reference.com/players/c/collija03.html,collija03,1978.0,33,9
Jason Caffey,Jason Caffey,1996,2003,F,8-Jun,255.0,6/12/1973,12/6/1973,1973,30.0,Alabama,https://www.basketball-reference.com/players/c/caffeja01.html,caffeja01,1973.0,30,7
Shane Battier,Shane Battier,2002,2014,F,8-Jun,220.0,9/9/1978,9/9/1978,1978,36.0,Duke,https://www.basketball-reference.com/players/b/battish01.html,battish01,1978.0,36,12
Jason Hart,Jason Hart,2001,2010,G,3-Jun,185.0,4/29/1978,29/4/1978,1978,32.0,Syracuse,https://www.basketball-reference.com/players/h/hartja01.html,hartja01,1978.0,32,9
Jason Kapono,Jason Kapono,2004,2012,F,8-Jun,213.0,2/4/1981,4/2/1981,1981,31.0,UCLA,https://www.basketball-reference.com/players/k/kaponja01.html,kaponja01,1981.0,31,8
Stephen Jackson,Stephen Jackson,2001,2014,F-G,8-Jun,218.0,4/5/1978,5/4/1978,1978,36.0,Butler County Community College,https://www.basketball-reference.com/players/j/jacksst02.html,jacksst02,1978.0,36,13
Jason Maxiell,Jason Maxiell,2006,2015,F-C,7-Jun,260.0,2/18/1983,18/2/1983,1983,32.0,Cincinnati,https://www.basketball-reference.com/players/m/maxieja01.html,maxieja01,1983.0,32,9
Steve Blake,Steve Blake,2004,2016,G,3-Jun,172.0,2/26/1980,26/2/1980,1980,36.0,Maryland,https://www.basketball-reference.com/players/b/blakest01.html,blakest01,1980.0,36,12
Jason Smith,Jason Smith,2008,2019,F-C,Jul-00,240.0,3/2/1986,2/3/1986,1986,33.0,Colorado State,https://www.basketball-reference.com/players/s/smithja02.html,smithja02,1986.0,33,11
Steve Mix,Steve Mix,1970,1983,F,7-Jun,215.0,12/30/1947,30/12/1947,1947,36.0,Toledo,https://www.basketball-reference.com/players/m/mixst01.html,mixst01,1947.0,36,13
Jason Thompson,Jason Thompson,2009,2016,F-C,11-Jun,250.0,7/21/1986,21/7/1986,1986,30.0,Rider University,https://www.basketball-reference.com/players/t/thompja02.html,thompja02,1986.0,30,7
Steve Smith,Steve Smith,1992,2005,G,8-Jun,200.0,3/31/1969,31/3/1969,1969,36.0,Michigan State,https://www.basketball-reference.com/players/s/smithst01.html,smithst01,1969.0,36,13
T.R. Dunn,T.R. Dunn,1978,1991,G-F,4-Jun,192.0,2/1/1955,1/2/1955,1955,36.0,Alabama,https://www.basketball-reference.com/players/d/dunntr01.html,dunntr01,1955.0,36,13
Javonte Green,Javonte Green,2020,2025,F,4-Jun,205.0,7/23/1993,23/7/1993,1993,32.0,Radford,https://www.basketball-reference.com/players/g/greenja02.html,greenja02,1993.0,32,5
Tayshaun Prince,Tayshaun Prince,2003,2016,F,9-Jun,212.0,2/28/1980,28/2/1980,1980,36.0,Kentucky,https://www.basketball-reference.com/players/p/princta01.html,princta01,1980.0,36,13
Jay Humphries,Jay Humphries,1985,1995,G,3-Jun,185.0,10/17/1962,17/10/1962,1962,33.0,Colorado,https://www.basketball-reference.com/players/h/humphja01.html,humphja01,1962.0,33,10
Jay Vincent,Jay Vincent,1982,1990,F,7-Jun,220.0,6/10/1959,10/6/1959,1959,31.0,Michigan State,https://www.basketball-reference.com/players/v/vinceja01.html,vinceja01,1959.0,31,8
Jayson Williams,Jayson Williams,1991,1999,F-C,9-Jun,240.0,2/22/1968,22/2/1968,1968,31.0,St. John's,https://www.basketball-reference.com/players/w/willija01.html,willija01,1968.0,31,8
Jeff Cook,Jeff Cook,1980,1988,F-C,10-Jun,215.0,10/21/1956,21/10/1956,1956,32.0,Idaho State University,https://www.basketball-reference.com/players/c/cookje01.html,cookje01,1956.0,32,8
Thabo Sefolosha,Thabo Sefolosha,2007,2020,G-F,6-Jun,215.0,5/2/1984,2/5/1984,1984,36.0,,https://www.basketball-reference.com/players/s/sefolth01.html,sefolth01,1984.0,36,13
Jeff Grayer,Jeff Grayer,1989,1998,F-G,5-Jun,200.0,12/17/1965,17/12/1965,1965,33.0,Iowa State,https://www.basketball-reference.com/players/g/grayeje01.html,grayeje01,1965.0,33,9
Thaddeus Young,Thaddeus Young,2008,2024,F,8-Jun,235.0,6/21/1988,21/6/1988,1988,36.0,Georgia Tech,https://www.basketball-reference.com/players/y/youngth01.html,youngth01,1988.0,36,16
Tiny Archibald*,Tiny Archibald,1971,1984,G,1-Jun,150.0,9/2/1948,2/9/1948,1948,36.0,"Arizona Western College, Texas-El Paso",https://www.basketball-reference.com/players/a/architi01.html,architi01,1948.0,36,13
Jeff Lamp,Jeff Lamp,1982,1989,F-G,6-Jun,195.0,3/9/1959,9/3/1959,1959,30.0,Virginia,https://www.basketball-reference.com/players/l/lampje01.html,lampje01,1959.0,30,7
Tom Gugliotta,Tom Gugliotta,1993,2005,F,10-Jun,240.0,12/19/1969,19/12/1969,1969,36.0,NC State,https://www.basketball-reference.com/players/g/guglito01.html,guglito01,1969.0,36,12
Tony Allen,Tony Allen,2005,2018,G-F,4-Jun,213.0,1/11/1982,11/1/1982,1982,36.0,"Butler County Community College, Oklahoma State",https://www.basketball-reference.com/players/a/allento01.html,allento01,1982.0,36,13
Tony Battie,Tony Battie,1998,2012,C-F,11-Jun,230.0,2/11/1976,11/2/1976,1976,36.0,Texas Tech,https://www.basketball-reference.com/players/b/battito01.html,battito01,1976.0,36,14
Tyrone Hill,Tyrone Hill,1991,2004,F,9-Jun,240.0,3/19/1968,19/3/1968,1968,36.0,Xavier,https://www.basketball-reference.com/players/h/hillty01.html,hillty01,1968.0,36,13
Jeff Teague,Jeff Teague,2010,2021,G,3-Jun,195.0,6/10/1988,10/6/1988,1988,33.0,Wake Forest,https://www.basketball-reference.com/players/t/teaguje01.html,teaguje01,1988.0,33,11
Vernon Maxwell,Vernon Maxwell,1989,2001,G,4-Jun,180.0,9/12/1965,12/9/1965,1965,36.0,Florida,https://www.basketball-reference.com/players/m/maxweve01.html,maxweve01,1965.0,36,12
Jeff Wilkins,Jeff Wilkins,1981,1986,C-F,11-Jun,230.0,3/9/1955,9/3/1955,1955,31.0,Illinois State,https://www.basketball-reference.com/players/w/wilkije01.html,wilkije01,1955.0,31,5
Jelani McCoy,Jelani McCoy,1999,2008,C,10-Jun,245.0,12/6/1977,6/12/1977,1977,31.0,UCLA,https://www.basketball-reference.com/players/m/mccoyje01.html,mccoyje01,1977.0,31,9
Jerami Grant,Jerami Grant,2015,2025,F,7-Jun,210.0,3/12/1994,12/3/1994,1994,31.0,Syracuse,https://www.basketball-reference.com/players/g/grantje01.html,grantje01,1994.0,31,10
Jeremy Evans,Jeremy Evans,2011,2018,F,9-Jun,200.0,10/24/1987,24/10/1987,1987,31.0,Western Kentucky,https://www.basketball-reference.com/players/e/evansje01.html,evansje01,1987.0,31,7
Jeremy Lamb,Jeremy Lamb,2013,2022,G-F,5-Jun,180.0,5/30/1992,30/5/1992,1992,30.0,UConn,https://www.basketball-reference.com/players/l/lambje01.html,lambje01,1992.0,30,9
Jeremy Lin,Jeremy Lin,2011,2019,G,3-Jun,200.0,8/23/1988,23/8/1988,1988,31.0,Harvard University,https://www.basketball-reference.com/players/l/linje01.html,linje01,1988.0,31,8
Vinnie Johnson,Vinnie Johnson,1980,1992,G,2-Jun,200.0,9/1/1956,1/9/1956,1956,36.0,Baylor,https://www.basketball-reference.com/players/j/johnsvi01.html,johnsvi01,1956.0,36,12
Jermaine Jackson,Jermaine Jackson,2000,2006,G,4-Jun,204.0,6/7/1976,7/6/1976,1976,30.0,Detroit Mercy,https://www.basketball-reference.com/players/j/jacksje01.html,jacksje01,1976.0,30,6
Vinny Del Negro,Vinny Del Negro,1989,2002,G,4-Jun,185.0,8/9/1966,9/8/1966,1966,36.0,NC State,https://www.basketball-reference.com/players/d/delnevi01.html,delnevi01,1966.0,36,13
Walt Bellamy*,Walt Bellamy,1962,1975,C,11-Jun,225.0,7/24/1939,24/7/1939,1939,36.0,Indiana,https://www.basketball-reference.com/players/b/bellawa01.html,bellawa01,1939.0,36,13
Wayne Cooper,Wayne Cooper,1979,1992,C-F,10-Jun,220.0,11/16/1956,16/11/1956,1956,36.0,New Orleans,https://www.basketball-reference.com/players/c/coopewa01.html,coopewa01,1956.0,36,13
Jerome Whitehead,Jerome Whitehead,1979,1989,C-F,10-Jun,220.0,9/30/1956,30/9/1956,1956,33.0,Marquette,https://www.basketball-reference.com/players/w/whiteje01.html,whiteje01,1956.0,33,10
Jerome Williams,Jerome Williams,1997,2005,F,9-Jun,206.0,5/10/1973,10/5/1973,1973,32.0,Georgetown,https://www.basketball-reference.com/players/w/willije01.html,willije01,1973.0,32,8
Jerry Chambers,Jerry Chambers,1967,1974,F,5-Jun,185.0,7/18/1943,18/7/1943,1943,31.0,"Trinidad State Junior College, Utah",https://www.basketball-reference.com/players/c/chambje01.html,chambje01,1943.0,31,7
Jerry Fleishman,Jerry Fleishman,1947,1953,G-F,2-Jun,190.0,2/14/1922,14/2/1922,1922,31.0,NYU,https://www.basketball-reference.com/players/f/fleisje01.html,fleisje01,1922.0,31,6
Will Perdue,Will Perdue,1989,2001,C,Jul-00,240.0,8/29/1965,29/8/1965,1965,36.0,Vanderbilt,https://www.basketball-reference.com/players/p/perduwi01.html,perduwi01,1965.0,36,12
Zelmo Beaty*,Zelmo Beaty,1963,1975,C,9-Jun,225.0,10/25/1939,25/10/1939,1939,36.0,Prairie View A&M University,https://www.basketball-reference.com/players/b/beatyze01.html,beatyze01,1939.0,36,12
Zydrunas Ilgauskas,Zydrunas Ilgauskas,1998,2011,C,3-Jul,238.0,6/5/1975,5/6/1975,1975,36.0,,https://www.basketball-reference.com/players/i/ilgauzy01.html,ilgauzy01,1975.0,36,13
Aaron McKie,Aaron McKie,1995,2007,G-F,5-Jun,209.0,10/2/1972,2/10/1972,1972,35.0,Temple,https://www.basketball-reference.com/players/m/mckieaa01.html,mckieaa01,1972.0,35,12
Al Attles*,Al Attles,1961,1971,G,Jun-00,175.0,11/7/1936,7/11/1936,1936,35.0,North Carolina A&T,https://www.basketball-reference.com/players/a/attleal01.html,attleal01,1936.0,35,10
Alan Anderson,Alan Anderson,2006,2017,G-F,6-Jun,220.0,10/16/1982,16/10/1982,1982,35.0,Michigan State,https://www.basketball-reference.com/players/a/anderal01.html,anderal01,1982.0,35,11
Jerryd Bayless,Jerryd Bayless,2009,2019,G,3-Jun,200.0,8/20/1988,20/8/1988,1988,31.0,Arizona,https://www.basketball-reference.com/players/b/bayleje01.html,bayleje01,1988.0,31,10
Jevon Carter,Jevon Carter,2019,2025,G,1-Jun,200.0,9/14/1995,14/9/1995,1995,30.0,West Virginia,https://www.basketball-reference.com/players/c/carteje01.html,carteje01,1995.0,30,6
Jim Ard,Jim Ard,1971,1978,F-C,8-Jun,215.0,9/19/1948,19/9/1948,1948,30.0,Cincinnati,https://www.basketball-reference.com/players/a/ardji01.html,ardji01,1948.0,30,7
Jim Baechtold,Jim Baechtold,1953,1957,F-G,4-Jun,205.0,12/9/1927,9/12/1927,1927,30.0,Eastern Kentucky University,https://www.basketball-reference.com/players/b/baechji01.html,baechji01,1927.0,30,4
Jim Barnes,Jim Barnes,1965,1971,C-F,8-Jun,210.0,4/13/1941,13/4/1941,1941,30.0,Texas-El Paso,https://www.basketball-reference.com/players/b/barneji01.html,barneji01,1941.0,30,6
Jim Barnett,Jim Barnett,1967,1977,G-F,4-Jun,170.0,7/7/1944,7/7/1944,1944,33.0,Oregon,https://www.basketball-reference.com/players/b/barneji02.html,barneji02,1944.0,33,10
Jim Brewer,Jim Brewer,1974,1982,F-C,9-Jun,210.0,12/3/1951,3/12/1951,1951,31.0,Minnesota,https://www.basketball-reference.com/players/b/breweji01.html,breweji01,1951.0,31,8
Jim Chones,Jim Chones,1973,1982,C-F,11-Jun,220.0,11/30/1949,30/11/1949,1949,33.0,Marquette,https://www.basketball-reference.com/players/c/choneji01.html,choneji01,1949.0,33,9
Jim Cleamons,Jim Cleamons,1972,1980,G,3-Jun,185.0,9/13/1949,13/9/1949,1949,31.0,Ohio State,https://www.basketball-reference.com/players/c/cleamji01.html,cleamji01,1949.0,31,8
Alan Henderson,Alan Henderson,1996,2007,F,9-Jun,235.0,12/2/1972,2/12/1972,1972,35.0,Indiana,https://www.basketball-reference.com/players/h/hendeal01.html,hendeal01,1972.0,35,11
Jim Eakins,Jim Eakins,1969,1978,C,11-Jun,215.0,5/24/1946,24/5/1946,1946,32.0,BYU,https://www.basketball-reference.com/players/e/eakinji01.html,eakinji01,1946.0,32,9
Jim Farmer,Jim Farmer,1988,1994,G,4-Jun,190.0,9/23/1964,23/9/1964,1964,30.0,Alabama,https://www.basketball-reference.com/players/f/farmeji01.html,farmeji01,1964.0,30,6
Allen Iverson*,Allen Iverson,1997,2010,G,Jun-00,165.0,6/7/1975,7/6/1975,1975,35.0,Georgetown,https://www.basketball-reference.com/players/i/iversal01.html,iversal01,1975.0,35,13
Andrew Bogut,Andrew Bogut,2006,2019,C,Jul-00,260.0,11/28/1984,28/11/1984,1984,35.0,Utah,https://www.basketball-reference.com/players/b/bogutan01.html,bogutan01,1984.0,35,13
Jim King,Jim King,1964,1973,G,2-Jun,175.0,2/7/1941,7/2/1941,1941,32.0,Tulsa,https://www.basketball-reference.com/players/k/kingji01.html,kingji01,1941.0,32,9
Jim Les,Jim Les,1989,1995,G,11-May,165.0,8/18/1963,18/8/1963,1963,32.0,"Cleveland State University, Bradley",https://www.basketball-reference.com/players/l/lesji01.html,lesji01,1963.0,32,6
Anthony Bowie,Anthony Bowie,1989,1998,G-F,6-Jun,190.0,11/9/1963,9/11/1963,1963,35.0,Oklahoma,https://www.basketball-reference.com/players/b/bowiean01.html,bowiean01,1963.0,35,9
Jim McDaniels,Jim McDaniels,1972,1978,C-F,11-Jun,228.0,4/2/1948,2/4/1948,1948,30.0,Western Kentucky,https://www.basketball-reference.com/players/m/mcdanji01.html,mcdanji01,1948.0,30,6
Jim McMillian,Jim McMillian,1971,1979,F,5-Jun,215.0,3/11/1948,11/3/1948,1948,31.0,Columbia University,https://www.basketball-reference.com/players/m/mcmilji01.html,mcmilji01,1948.0,31,8
Jim Paxson,Jim Paxson,1980,1990,G-F,6-Jun,200.0,7/9/1957,9/7/1957,1957,33.0,Dayton,https://www.basketball-reference.com/players/p/paxsoji02.html,paxsoji02,1957.0,33,10
Jim Petersen,Jim Petersen,1985,1992,F-C,10-Jun,235.0,2/22/1962,22/2/1962,1962,30.0,Minnesota,https://www.basketball-reference.com/players/p/peterji01.html,peterji01,1962.0,30,7
Jim Pollard*,Jim Pollard,1949,1955,F-C,4-Jun,185.0,7/9/1922,9/7/1922,1922,33.0,Stanford,https://www.basketball-reference.com/players/p/pollaji01.html,pollaji01,1922.0,33,6
Jim Price,Jim Price,1973,1979,G,3-Jun,195.0,11/27/1949,27/11/1949,1949,30.0,Louisville,https://www.basketball-reference.com/players/p/priceji01.html,priceji01,1949.0,30,6
Jim Thomas,Jim Thomas,1984,1991,G,3-Jun,190.0,10/19/1960,19/10/1960,1960,31.0,Indiana,https://www.basketball-reference.com/players/t/thomaji01.html,thomaji01,1960.0,31,7
Jim Washington,Jim Washington,1966,1976,F-C,6-Jun,210.0,7/1/1943,1/7/1943,1943,33.0,Villanova,https://www.basketball-reference.com/players/w/washiji01.html,washiji01,1943.0,33,10
Jimmer Fredette,Jimmer Fredette,2012,2019,G,2-Jun,195.0,2/25/1989,25/2/1989,1989,30.0,BYU,https://www.basketball-reference.com/players/f/fredeji01.html,fredeji01,1989.0,30,7
Anthony Goldwire,Anthony Goldwire,1996,2006,G,1-Jun,182.0,9/6/1971,6/9/1971,1971,35.0,Houston,https://www.basketball-reference.com/players/g/goldwan01.html,goldwan01,1971.0,35,10
Jimmy Jones,Jimmy Jones,1968,1977,G,4-Jun,188.0,1/1/1945,1/1/1945,1945,32.0,Grambling State University,https://www.basketball-reference.com/players/j/jonesji01.html,jonesji01,1945.0,32,9
Jimmy Oliver,Jimmy Oliver,1992,1999,G-F,5-Jun,205.0,7/12/1969,12/7/1969,1969,30.0,Purdue,https://www.basketball-reference.com/players/o/oliveji01.html,oliveji01,1969.0,30,7
Jimmy Walker,Jimmy Walker,1968,1976,G,3-Jun,195.0,4/8/1944,8/4/1944,1944,32.0,Providence,https://www.basketball-reference.com/players/w/walkeji01.html,walkeji01,1944.0,32,8
Archie Clark,Archie Clark,1967,1976,G,2-Jun,175.0,7/15/1941,15/7/1941,1941,35.0,Minnesota,https://www.basketball-reference.com/players/c/clarkar01.html,clarkar01,1941.0,35,9
Aron Baynes,Aron Baynes,2013,2021,C,10-Jun,260.0,12/9/1986,9/12/1986,1986,35.0,Washington State,https://www.basketball-reference.com/players/b/baynear01.html,baynear01,1986.0,35,8
Beno Udrih,Beno Udrih,2005,2017,G,3-Jun,205.0,7/5/1982,5/7/1982,1982,35.0,,https://www.basketball-reference.com/players/u/udrihbe01.html,udrihbe01,1982.0,35,12
Jock Landale,Jock Landale,2022,2025,C,11-Jun,256.0,10/25/1995,25/10/1995,1995,30.0,Saint Mary's,https://www.basketball-reference.com/players/l/landajo01.html,landajo01,1995.0,30,3
Jodie Meeks,Jodie Meeks,2010,2019,G,4-Jun,210.0,8/21/1987,21/8/1987,1987,32.0,Kentucky,https://www.basketball-reference.com/players/m/meeksjo01.html,meeksjo01,1987.0,32,9
Joe Barry Carroll,Joe Barry Carroll,1981,1991,C-F,Jul-00,225.0,7/24/1958,24/7/1958,1958,33.0,Purdue,https://www.basketball-reference.com/players/c/carrojo01.html,carrojo01,1958.0,33,10
Bill Russell*,Bill Russell,1957,1969,C,10-Jun,215.0,2/12/1934,12/2/1934,1934,35.0,San Francisco,https://www.basketball-reference.com/players/r/russebi01.html,russebi01,1934.0,35,12
Bill Sharman*,Bill Sharman,1951,1961,G,1-Jun,175.0,5/25/1926,25/5/1926,1926,35.0,USC,https://www.basketball-reference.com/players/s/sharmbi01.html,sharmbi01,1926.0,35,10
Joe Ellis,Joe Ellis,1967,1974,F-G,6-Jun,175.0,5/3/1944,3/5/1944,1944,30.0,San Francisco,https://www.basketball-reference.com/players/e/ellisjo01.html,ellisjo01,1944.0,30,7
Joe Fulks*,Joe Fulks,1947,1954,F-C,5-Jun,190.0,10/26/1921,26/10/1921,1921,33.0,"Millsaps College, Murray State",https://www.basketball-reference.com/players/f/fulksjo01.html,fulksjo01,1921.0,33,7
Joe Graboski,Joe Graboski,1949,1962,F-C,7-Jun,195.0,1/15/1930,15/1/1930,1930,32.0,,https://www.basketball-reference.com/players/g/grabojo01.html,grabojo01,1930.0,32,13
Joe Harris,Joe Harris,2015,2024,G,6-Jun,220.0,9/6/1991,6/9/1991,1991,33.0,Virginia,https://www.basketball-reference.com/players/h/harrijo01.html,harrijo01,1991.0,33,9
Bill Walton*,Bill Walton,1975,1987,C-F,11-Jun,210.0,11/5/1952,5/11/1952,1952,35.0,UCLA,https://www.basketball-reference.com/players/w/waltobi01.html,waltobi01,1952.0,35,12
Bob Dandridge*,Bob Dandridge,1970,1982,F-G,6-Jun,195.0,11/15/1947,15/11/1947,1947,35.0,Norfolk State,https://www.basketball-reference.com/players/d/dandrbo01.html,dandrbo01,1947.0,35,12
Bob Davies*,Bob Davies,1949,1955,G-F,1-Jun,175.0,1/15/1920,15/1/1920,1920,35.0,Seton Hall,https://www.basketball-reference.com/players/d/daviebo01.html,daviebo01,1920.0,35,6
Joe Meriweather,Joe Meriweather,1976,1985,C-F,10-Jun,215.0,10/26/1953,26/10/1953,1953,32.0,Southern Illinois,https://www.basketball-reference.com/players/m/meriwjo01.html,meriwjo01,1953.0,32,9
Joe Roberts,Joe Roberts,1961,1968,F,6-Jun,214.0,5/18/1936,18/5/1936,1936,32.0,Ohio State,https://www.basketball-reference.com/players/r/roberjo01.html,roberjo01,1936.0,32,7
Bob Love,Bob Love,1967,1977,F,8-Jun,215.0,12/8/1942,8/12/1942,1942,35.0,Southern University and A&M College,https://www.basketball-reference.com/players/l/lovebo01.html,lovebo01,1942.0,35,10
Bob McAdoo*,Bob McAdoo,1973,1986,C-F,9-Jun,210.0,9/25/1951,25/9/1951,1951,35.0,"Vincennes University, UNC",https://www.basketball-reference.com/players/m/mcadobo01.html,mcadobo01,1951.0,35,13
Bob Weiss,Bob Weiss,1966,1977,G,2-Jun,180.0,5/7/1942,7/5/1942,1942,35.0,Penn State,https://www.basketball-reference.com/players/w/weissbo01.html,weissbo01,1942.0,35,11
Joel Embiid,Joel Embiid,2017,2025,C,Jul-00,280.0,3/16/1994,16/3/1994,1994,31.0,Kansas,https://www.basketball-reference.com/players/e/embiijo01.html,embiijo01,1994.0,31,8
Bobby Jones*,Bobby Jones,1975,1986,F,9-Jun,210.0,12/18/1951,18/12/1951,1951,35.0,UNC,https://www.basketball-reference.com/players/j/jonesbo01.html,jonesbo01,1951.0,35,11
Joey Dorsey,Joey Dorsey,2009,2015,F,8-Jun,268.0,12/16/1983,16/12/1983,1983,32.0,Memphis,https://www.basketball-reference.com/players/d/dorsejo01.html,dorsejo01,1983.0,32,6
John Amaechi,John Amaechi,1996,2003,C-F,10-Jun,270.0,11/26/1970,26/11/1970,1970,33.0,"Vanderbilt, Penn State",https://www.basketball-reference.com/players/a/amaecjo01.html,amaecjo01,1970.0,33,7
Bojan Bogdanović,Bojan Bogdanović,2015,2024,G-F,7-Jun,226.0,4/18/1989,18/4/1989,1989,35.0,,https://www.basketball-reference.com/players/b/bogdabo02.html,bogdabo02,1989.0,35,9
Boris Diaw,Boris Diaw,2004,2017,F-C,8-Jun,250.0,4/16/1982,16/4/1982,1982,35.0,,https://www.basketball-reference.com/players/d/diawbo01.html,diawbo01,1982.0,35,13
John Battle,John Battle,1986,1995,G,2-Jun,175.0,11/9/1962,9/11/1962,1962,33.0,Rutgers University,https://www.basketball-reference.com/players/b/battljo01.html,battljo01,1962.0,33,9
John Beasley,John Beasley,1968,1974,F-C,9-Jun,225.0,2/5/1944,5/2/1944,1944,30.0,Texas A&M,https://www.basketball-reference.com/players/b/beasljo01.html,beasljo01,1944.0,30,6
John Block,John Block,1967,1976,F-C,9-Jun,207.0,4/16/1944,16/4/1944,1944,32.0,USC,https://www.basketball-reference.com/players/b/blockjo01.html,blockjo01,1944.0,32,9
John Coker,John Coker,1996,2001,C,Jul-00,253.0,10/28/1971,28/10/1971,1971,30.0,Boise State,https://www.basketball-reference.com/players/c/cokerjo01.html,cokerjo01,1971.0,30,5
Brian Cardinal,Brian Cardinal,2001,2012,F,8-Jun,245.0,5/2/1977,2/5/1977,1977,35.0,Purdue,https://www.basketball-reference.com/players/c/cardibr01.html,cardibr01,1977.0,35,11
John Drew,John Drew,1975,1985,F-G,6-Jun,205.0,9/30/1954,30/9/1954,1954,31.0,Gardner-Webb University,https://www.basketball-reference.com/players/d/drewjo01.html,drewjo01,1954.0,31,10
John Gianelli,John Gianelli,1973,1980,C-F,10-Jun,220.0,6/10/1950,10/6/1950,1950,30.0,University of the Pacific,https://www.basketball-reference.com/players/g/gianejo01.html,gianejo01,1950.0,30,7
C.J. Miles,C.J. Miles,2006,2022,G-F,6-Jun,220.0,3/18/1987,18/3/1987,1987,35.0,,https://www.basketball-reference.com/players/m/milescj01.html,milescj01,1987.0,35,16
John Henson,John Henson,2013,2020,C-F,9-Jun,219.0,12/28/1990,28/12/1990,1990,30.0,UNC,https://www.basketball-reference.com/players/h/hensojo01.html,hensojo01,1990.0,30,7
Calbert Cheaney,Calbert Cheaney,1994,2006,G-F,7-Jun,209.0,7/17/1971,17/7/1971,1971,35.0,Indiana,https://www.basketball-reference.com/players/c/cheanca01.html,cheanca01,1971.0,35,12
John Logan,John Logan,1947,1951,G,2-Jun,175.0,1/1/1921,1/1/1921,1921,30.0,Indiana,https://www.basketball-reference.com/players/l/loganjo01.html,loganjo01,1921.0,30,4
Calvin Murphy*,Calvin Murphy,1971,1983,G,9-May,165.0,5/9/1948,9/5/1948,1948,35.0,Niagara University,https://www.basketball-reference.com/players/m/murphca01.html,murphca01,1948.0,35,12
Carl Braun*,Carl Braun,1948,1962,G-F,5-Jun,180.0,9/25/1927,25/9/1927,1927,35.0,Colgate,https://www.basketball-reference.com/players/b/braunca01.html,braunca01,1927.0,35,14
Charlie Ward,Charlie Ward,1995,2005,G,2-Jun,190.0,10/12/1970,12/10/1970,1970,35.0,Florida State,https://www.basketball-reference.com/players/w/wardch01.html,wardch01,1970.0,35,10
John Mahnken,John Mahnken,1947,1953,C,8-Jun,220.0,6/16/1922,16/6/1922,1922,31.0,Georgetown,https://www.basketball-reference.com/players/m/mahnkjo01.html,mahnkjo01,1922.0,31,6
John Mengelt,John Mengelt,1972,1981,G,2-Jun,195.0,10/16/1949,16/10/1949,1949,32.0,Auburn,https://www.basketball-reference.com/players/m/mengejo01.html,mengejo01,1949.0,32,9
Chet Walker*,Chet Walker,1963,1975,F-G,7-Jun,212.0,2/22/1940,22/2/1940,1940,35.0,Bradley,https://www.basketball-reference.com/players/w/walkech01.html,walkech01,1940.0,35,12
John Roche,John Roche,1972,1982,G,3-Jun,170.0,9/26/1949,26/9/1949,1949,33.0,South Carolina,https://www.basketball-reference.com/players/r/rochejo01.html,rochejo01,1949.0,33,10
Chris Gatling,Chris Gatling,1992,2002,F-C,10-Jun,220.0,9/3/1967,3/9/1967,1967,35.0,Old Dominion,https://www.basketball-reference.com/players/g/gatlich01.html,gatlich01,1967.0,35,10
Chris Webber*,Chris Webber,1994,2008,F-C,10-Jun,245.0,3/1/1973,1/3/1973,1973,35.0,Michigan,https://www.basketball-reference.com/players/w/webbech01.html,webbech01,1973.0,35,14
Chuck Nevitt,Chuck Nevitt,1983,1994,C,5-Jul,217.0,6/13/1959,13/6/1959,1959,35.0,NC State,https://www.basketball-reference.com/players/n/nevitch01.html,nevitch01,1959.0,35,11
Clarence Weatherspoon,Clarence Weatherspoon,1993,2005,F,6-Jun,240.0,9/8/1970,8/9/1970,1970,35.0,Southern Miss,https://www.basketball-reference.com/players/w/weathcl01.html,weathcl01,1970.0,35,12
John Thomas,John Thomas,1998,2006,F,9-Jun,265.0,9/8/1975,8/9/1975,1975,31.0,Minnesota,https://www.basketball-reference.com/players/t/thomajo02.html,thomajo02,1975.0,31,8
Clyde Lovellette*,Clyde Lovellette,1954,1964,C-F,9-Jun,234.0,9/7/1929,7/9/1929,1929,35.0,Kansas,https://www.basketball-reference.com/players/l/lovelcl01.html,lovelcl01,1929.0,35,10
John Wall,John Wall,2011,2023,G,3-Jun,210.0,9/6/1990,6/9/1990,1990,33.0,Kentucky,https://www.basketball-reference.com/players/w/walljo01.html,walljo01,1990.0,33,12
John Wallace,John Wallace,1997,2004,F,8-Jun,225.0,2/9/1974,9/2/1974,1974,30.0,Syracuse,https://www.basketball-reference.com/players/w/wallajo01.html,wallajo01,1974.0,30,7
John Wetzel,John Wetzel,1968,1976,G-F,5-Jun,190.0,10/22/1944,22/10/1944,1944,32.0,Virginia Tech,https://www.basketball-reference.com/players/w/wetzejo01.html,wetzejo01,1944.0,32,8
John Williamson,John Williamson,1974,1981,G,2-Jun,185.0,11/10/1951,10/11/1951,1951,30.0,New Mexico State,https://www.basketball-reference.com/players/w/willijo01.html,willijo01,1951.0,30,7
Johnny Davis,Johnny Davis,1977,1986,G,2-Jun,170.0,10/21/1955,21/10/1955,1955,31.0,Dayton,https://www.basketball-reference.com/players/d/davisjo01.html,davisjo01,1955.0,31,9
Johnny Dawkins,Johnny Dawkins,1987,1995,G,2-Jun,165.0,9/28/1963,28/9/1963,1963,32.0,Duke,https://www.basketball-reference.com/players/d/dawkijo01.html,dawkijo01,1963.0,32,8
Johnny Egan,Johnny Egan,1962,1972,G,11-May,180.0,1/31/1939,31/1/1939,1939,33.0,Providence,https://www.basketball-reference.com/players/e/eganjo01.html,eganjo01,1939.0,33,10
Coby Dietrick,Coby Dietrick,1971,1983,C-F,10-Jun,220.0,7/23/1948,23/7/1948,1948,35.0,San Jose State,https://www.basketball-reference.com/players/d/dietrco01.html,dietrco01,1948.0,35,12
Johnny McCarthy,Johnny McCarthy,1957,1964,G,1-Jun,185.0,4/25/1934,25/4/1934,1934,30.0,Canisius,https://www.basketball-reference.com/players/m/mccarjo01.html,mccarjo01,1934.0,30,7
Johnny Moore,Johnny Moore,1981,1990,G,1-Jun,175.0,3/3/1958,3/3/1958,1958,32.0,Texas,https://www.basketball-reference.com/players/m/moorejo01.html,moorejo01,1958.0,32,9
Connie Dierking,Connie Dierking,1959,1971,C-F,9-Jun,222.0,10/2/1936,2/10/1936,1936,35.0,Cincinnati,https://www.basketball-reference.com/players/d/dierkco01.html,dierkco01,1936.0,35,12
Johnny Norlander,Johnny Norlander,1947,1951,F,3-Jun,180.0,3/5/1921,5/3/1921,1921,30.0,Hamline University,https://www.basketball-reference.com/players/n/norlajo01.html,norlajo01,1921.0,30,4
Corie Blount,Corie Blount,1994,2004,F,9-Jun,240.0,1/4/1969,4/1/1969,1969,35.0,Cincinnati,https://www.basketball-reference.com/players/b/blounco01.html,blounco01,1969.0,35,10
Jon Koncak,Jon Koncak,1986,1996,C-F,Jul-00,250.0,5/17/1963,17/5/1963,1963,33.0,SMU,https://www.basketball-reference.com/players/k/koncajo01.html,koncajo01,1963.0,33,10
Jon Leuer,Jon Leuer,2012,2019,F,10-Jun,228.0,5/14/1989,14/5/1989,1989,30.0,Wisconsin,https://www.basketball-reference.com/players/l/leuerjo01.html,leuerjo01,1989.0,30,7
Jon McGlocklin,Jon McGlocklin,1966,1976,G-F,5-Jun,205.0,6/10/1943,10/6/1943,1943,33.0,Indiana,https://www.basketball-reference.com/players/m/mcglojo01.html,mcglojo01,1943.0,33,10
Jon Sundvold,Jon Sundvold,1984,1992,G,2-Jun,170.0,7/2/1961,2/7/1961,1961,31.0,Missouri,https://www.basketball-reference.com/players/s/sundvjo01.html,sundvjo01,1961.0,31,8
Jonas Jerebko,Jonas Jerebko,2010,2019,F,10-Jun,231.0,3/2/1987,2/3/1987,1987,32.0,,https://www.basketball-reference.com/players/j/jerebjo01.html,jerebjo01,1987.0,32,9
Jonas Valančiūnas,Jonas Valančiūnas,2013,2025,C,11-Jun,265.0,5/6/1992,6/5/1992,1992,33.0,,https://www.basketball-reference.com/players/v/valanjo01.html,valanjo01,1992.0,33,12
Jonathon Simmons,Jonathon Simmons,2016,2019,G-F,6-Jun,195.0,9/14/1989,14/9/1989,1989,30.0,Houston,https://www.basketball-reference.com/players/s/simmojo02.html,simmojo02,1989.0,30,3
Jordan Clarkson,Jordan Clarkson,2015,2025,G,3-Jun,194.0,6/7/1992,7/6/1992,1992,33.0,"Tulsa, Missouri",https://www.basketball-reference.com/players/c/clarkjo01.html,clarkjo01,1992.0,33,10
Jordan Crawford,Jordan Crawford,2011,2018,G,4-Jun,195.0,10/23/1988,23/10/1988,1988,30.0,"Indiana, Xavier",https://www.basketball-reference.com/players/c/crawfjo02.html,crawfjo02,1988.0,30,7
Jordan Farmar,Jordan Farmar,2007,2017,G,2-Jun,180.0,11/30/1986,30/11/1986,1986,31.0,UCLA,https://www.basketball-reference.com/players/f/farmajo01.html,farmajo01,1986.0,31,10
Jordan Hill,Jordan Hill,2010,2017,C-F,10-Jun,235.0,7/27/1987,27/7/1987,1987,30.0,Arizona,https://www.basketball-reference.com/players/h/hilljo01.html,hilljo01,1987.0,30,7
Courtney Lee,Courtney Lee,2009,2020,G,5-Jun,215.0,10/3/1985,3/10/1985,1985,35.0,Western Kentucky,https://www.basketball-reference.com/players/l/leeco01.html,leeco01,1985.0,35,11
Josh Childress,Josh Childress,2005,2014,G-F,8-Jun,210.0,6/20/1983,20/6/1983,1983,31.0,Stanford,https://www.basketball-reference.com/players/c/childjo01.html,childjo01,1983.0,31,9
Josh Davis,Josh Davis,2004,2012,F,8-Jun,235.0,8/10/1980,10/8/1980,1980,32.0,Wyoming,https://www.basketball-reference.com/players/d/davisjo02.html,davisjo02,1980.0,32,8
Josh Hart,Josh Hart,2018,2025,G,4-Jun,215.0,3/6/1995,6/3/1995,1995,30.0,Villanova,https://www.basketball-reference.com/players/h/hartjo01.html,hartjo01,1995.0,30,7
Josh Howard,Josh Howard,2004,2013,F-G,7-Jun,210.0,4/28/1980,28/4/1980,1980,33.0,Wake Forest,https://www.basketball-reference.com/players/h/howarjo01.html,howarjo01,1980.0,33,9
Josh McRoberts,Josh McRoberts,2008,2018,F-C,10-Jun,240.0,2/28/1987,28/2/1987,1987,31.0,Duke,https://www.basketball-reference.com/players/m/mcrobjo01.html,mcrobjo01,1987.0,31,10
Josh Powell,Josh Powell,2006,2014,F,9-Jun,225.0,1/25/1983,25/1/1983,1983,31.0,NC State,https://www.basketball-reference.com/players/p/poweljo01.html,poweljo01,1983.0,31,8
Josh Richardson,Josh Richardson,2016,2025,G,5-Jun,200.0,9/15/1993,15/9/1993,1993,32.0,Tennessee,https://www.basketball-reference.com/players/r/richajo01.html,richajo01,1993.0,32,9
Josh Smith,Josh Smith,2005,2018,F,9-Jun,225.0,12/5/1985,5/12/1985,1985,33.0,,https://www.basketball-reference.com/players/s/smithjo03.html,smithjo03,1985.0,33,13
D.J. Augustin,D.J. Augustin,2009,2022,G,11-May,183.0,11/10/1987,10/11/1987,1987,35.0,Texas,https://www.basketball-reference.com/players/a/augusdj01.html,augusdj01,1987.0,35,13
Juan Dixon,Juan Dixon,2003,2009,G,3-Jun,164.0,10/9/1978,9/10/1978,1978,31.0,Maryland,https://www.basketball-reference.com/players/d/dixonju01.html,dixonju01,1978.0,31,6
Juan Toscano-Anderson,Juan Toscano-Anderson,2020,2024,F,6-Jun,209.0,4/10/1993,10/4/1993,1993,31.0,Marquette,https://www.basketball-reference.com/players/t/toscaju01.html,toscaju01,1993.0,31,4
Damian Lillard,Damian Lillard,2013,2025,G,2-Jun,195.0,7/15/1990,15/7/1990,1990,35.0,Weber State,https://www.basketball-reference.com/players/l/lillada01.html,lillada01,1990.0,35,12
Damon Stoudamire,Damon Stoudamire,1996,2008,G,10-May,171.0,9/3/1973,3/9/1973,1973,35.0,Arizona,https://www.basketball-reference.com/players/s/stoudda01.html,stoudda01,1973.0,35,12
Julius Randle,Julius Randle,2015,2025,F-C,9-Jun,250.0,11/29/1994,29/11/1994,1994,31.0,Kentucky,https://www.basketball-reference.com/players/r/randlju01.html,randlju01,1994.0,31,10
Julyan Stone,Julyan Stone,2012,2018,G,6-Jun,200.0,12/7/1988,7/12/1988,1988,30.0,Texas-El Paso,https://www.basketball-reference.com/players/s/stoneju01.html,stoneju01,1988.0,30,6
Darren Collison,Darren Collison,2010,2022,G,Jun-00,175.0,8/23/1987,23/8/1987,1987,35.0,UCLA,https://www.basketball-reference.com/players/c/collida01.html,collida01,1987.0,35,12
Dave Bing*,Dave Bing,1967,1978,G,3-Jun,180.0,11/24/1943,24/11/1943,1943,35.0,Syracuse,https://www.basketball-reference.com/players/b/bingda01.html,bingda01,1943.0,35,11
Jusuf Nurkić,Jusuf Nurkić,2015,2025,C,Jul-00,290.0,8/23/1994,23/8/1994,1994,31.0,,https://www.basketball-reference.com/players/n/nurkiju01.html,nurkiju01,1994.0,31,10
Dave Corzine,Dave Corzine,1979,1991,C,11-Jun,250.0,4/25/1956,25/4/1956,1956,35.0,DePaul,https://www.basketball-reference.com/players/c/corzida01.html,corzida01,1956.0,35,12
Dave Cowens*,Dave Cowens,1971,1983,C-F,9-Jun,230.0,10/25/1948,25/10/1948,1948,35.0,Florida State,https://www.basketball-reference.com/players/c/cowenda01.html,cowenda01,1948.0,35,12
Kalin Lucas,Kalin Lucas,2015,2019,G,1-Jun,195.0,5/24/1989,24/5/1989,1989,30.0,Michigan State,https://www.basketball-reference.com/players/l/lucaska01.html,lucaska01,1989.0,30,4
Kaniel Dickens,Kaniel Dickens,2004,2008,F,8-Jun,215.0,7/21/1978,21/7/1978,1978,30.0,"Tyler Junior College, Idaho",https://www.basketball-reference.com/players/d/dickeka01.html,dickeka01,1978.0,30,4
Dave Robisch,Dave Robisch,1972,1984,C-F,10-Jun,235.0,12/22/1949,22/12/1949,1949,35.0,Kansas,https://www.basketball-reference.com/players/r/robisda01.html,robisda01,1949.0,35,12
Kareem Rush,Kareem Rush,2003,2010,G,6-Jun,215.0,10/30/1980,30/10/1980,1980,30.0,Missouri,https://www.basketball-reference.com/players/r/rushka01.html,rushka01,1980.0,30,7
Dick Snyder,Dick Snyder,1967,1979,G-F,5-Jun,207.0,2/1/1944,1/2/1944,1944,35.0,Davidson,https://www.basketball-reference.com/players/s/snydedi01.html,snydedi01,1944.0,35,12
Karl-Anthony Towns,Karl-Anthony Towns,2016,2025,C-F,Jul-00,248.0,11/15/1995,15/11/1995,1995,30.0,Kentucky,https://www.basketball-reference.com/players/t/townska01.html,townska01,1995.0,30,9
Doc Rivers,Doc Rivers,1984,1996,G,4-Jun,185.0,10/13/1961,13/10/1961,1961,35.0,Marquette,https://www.basketball-reference.com/players/r/riverdo01.html,riverdo01,1961.0,35,12
Keith Askins,Keith Askins,1991,1999,G-F,7-Jun,197.0,12/15/1967,15/12/1967,1967,32.0,Alabama,https://www.basketball-reference.com/players/a/askinke01.html,askinke01,1967.0,32,8
Don Buse,Don Buse,1973,1985,G,4-Jun,190.0,8/10/1950,10/8/1950,1950,35.0,University of Evansville,https://www.basketball-reference.com/players/b/busedo01.html,busedo01,1950.0,35,12
Keith Erickson,Keith Erickson,1966,1977,F-G,5-Jun,195.0,4/19/1944,19/4/1944,1944,33.0,UCLA,https://www.basketball-reference.com/players/e/erickke01.html,erickke01,1944.0,33,11
Keith Van Horn,Keith Van Horn,1998,2006,F,10-Jun,220.0,10/23/1975,23/10/1975,1975,31.0,Utah,https://www.basketball-reference.com/players/v/vanhoke01.html,vanhoke01,1975.0,31,8
Doug Overton,Doug Overton,1993,2004,G,3-Jun,190.0,8/3/1969,3/8/1969,1969,35.0,La Salle,https://www.basketball-reference.com/players/o/overtdo01.html,overtdo01,1969.0,35,11
Kelly Oubre Jr.,Kelly Oubre Jr.,2016,2025,F,8-Jun,203.0,12/9/1995,9/12/1995,1995,30.0,Kansas,https://www.basketball-reference.com/players/o/oubreke01.html,oubreke01,1995.0,30,9
Kelly Tripucka,Kelly Tripucka,1982,1991,F-G,6-Jun,220.0,2/16/1959,16/2/1959,1959,32.0,Notre Dame,https://www.basketball-reference.com/players/t/tripuke01.html,tripuke01,1959.0,32,9
Kelvin Cato,Kelvin Cato,1998,2007,C,11-Jun,255.0,8/26/1974,26/8/1974,1974,33.0,"University of South Alabama, Iowa State",https://www.basketball-reference.com/players/c/catoke01.html,catoke01,1974.0,33,9
Kemba Walker,Kemba Walker,2012,2023,G,Jun-00,184.0,5/8/1990,8/5/1990,1990,33.0,UConn,https://www.basketball-reference.com/players/w/walkeke02.html,walkeke02,1990.0,33,11
Ken Bannister,Ken Bannister,1985,1991,F-C,9-Jun,235.0,4/1/1960,1/4/1960,1960,31.0,"Indiana State University, Saint Augustine's College",https://www.basketball-reference.com/players/b/bannike01.html,bannike01,1960.0,31,6
Ken Norman,Ken Norman,1988,1997,F,8-Jun,215.0,9/5/1964,5/9/1964,1964,33.0,Illinois,https://www.basketball-reference.com/players/n/normake01.html,normake01,1964.0,33,9
Draymond Green,Draymond Green,2013,2025,F,6-Jun,230.0,3/4/1990,4/3/1990,1990,35.0,Michigan State,https://www.basketball-reference.com/players/g/greendr01.html,greendr01,1990.0,35,12
Drew Gooden,Drew Gooden,2003,2016,F,10-Jun,250.0,9/24/1981,24/9/1981,1981,35.0,Kansas,https://www.basketball-reference.com/players/g/goodedr01.html,goodedr01,1981.0,35,13
Kenneth Faried,Kenneth Faried,2012,2019,F-C,8-Jun,220.0,11/19/1989,19/11/1989,1989,30.0,Morehead State University,https://www.basketball-reference.com/players/f/farieke01.html,farieke01,1989.0,30,7
Earl Watson,Earl Watson,2002,2014,G,1-Jun,195.0,6/12/1979,12/6/1979,1979,35.0,UCLA,https://www.basketball-reference.com/players/w/watsoea01.html,watsoea01,1979.0,35,12
Kenny Carr,Kenny Carr,1978,1987,F,7-Jun,220.0,8/15/1955,15/8/1955,1955,32.0,NC State,https://www.basketball-reference.com/players/c/carrke01.html,carrke01,1955.0,32,9
Kenny Gattison,Kenny Gattison,1987,1996,F-C,8-Jun,225.0,5/23/1964,23/5/1964,1964,32.0,Old Dominion,https://www.basketball-reference.com/players/g/gattike01.html,gattike01,1964.0,32,9
Kenny Rollins,Kenny Rollins,1949,1953,G,Jun-00,168.0,9/14/1923,14/9/1923,1923,30.0,Kentucky,https://www.basketball-reference.com/players/r/rollike01.html,rollike01,1923.0,30,4
Kenny Sailors,Kenny Sailors,1947,1951,G,10-May,175.0,1/14/1921,14/1/1921,1921,30.0,Wyoming,https://www.basketball-reference.com/players/s/sailoke01.html,sailoke01,1921.0,30,4
Kenny Sears,Kenny Sears,1956,1964,F,9-Jun,198.0,8/17/1933,17/8/1933,1933,31.0,Santa Clara,https://www.basketball-reference.com/players/s/searske01.html,searske01,1933.0,31,8
Kenny Smith,Kenny Smith,1988,1997,G,3-Jun,170.0,3/8/1965,8/3/1965,1965,32.0,UNC,https://www.basketball-reference.com/players/s/smithke01.html,smithke01,1965.0,32,9
Kenny Thomas,Kenny Thomas,2000,2010,F,7-Jun,261.0,7/25/1977,25/7/1977,1977,33.0,New Mexico,https://www.basketball-reference.com/players/t/thomake01.html,thomake01,1977.0,33,10
Kenny Walker,Kenny Walker,1987,1995,F,8-Jun,210.0,8/18/1964,18/8/1964,1964,31.0,Kentucky,https://www.basketball-reference.com/players/w/walkeke01.html,walkeke01,1964.0,31,8
Kenrich Williams,Kenrich Williams,2019,2025,G-F,7-Jun,210.0,12/2/1994,2/12/1994,1994,31.0,TCU,https://www.basketball-reference.com/players/w/willike04.html,willike04,1994.0,31,6
Kent Bazemore,Kent Bazemore,2013,2022,G-F,4-Jun,195.0,7/1/1989,1/7/1989,1989,33.0,Old Dominion,https://www.basketball-reference.com/players/b/bazemke01.html,bazemke01,1989.0,33,9
Ed Sadowski,Ed Sadowski,1947,1950,C,5-Jun,240.0,7/11/1915,11/7/1915,1915,35.0,Seton Hall,https://www.basketball-reference.com/players/s/sadowed01.html,sadowed01,1915.0,35,3
Kentavious Caldwell-Pope,Kentavious Caldwell-Pope,2014,2025,G,5-Jun,204.0,2/18/1993,18/2/1993,1993,32.0,Georgia,https://www.basketball-reference.com/players/c/caldwke01.html,caldwke01,1993.0,32,11
Eldridge Recasner,Eldridge Recasner,1995,2002,G,3-Jun,190.0,12/14/1967,14/12/1967,1967,35.0,Washington,https://www.basketball-reference.com/players/r/recasel01.html,recasel01,1967.0,35,7
Emanual Davis,Emanual Davis,1997,2003,G,4-Jun,195.0,8/27/1968,27/8/1968,1968,35.0,Delaware State University,https://www.basketball-reference.com/players/d/davisem01.html,davisem01,1968.0,35,6
Kerry Kittles,Kerry Kittles,1997,2005,G,5-Jun,179.0,6/12/1974,12/6/1974,1974,31.0,Villanova,https://www.basketball-reference.com/players/k/kittlke01.html,kittlke01,1974.0,31,8
Kevin Duckworth,Kevin Duckworth,1987,1997,C,Jul-00,275.0,4/1/1964,1/4/1964,1964,33.0,Eastern Illinois University,https://www.basketball-reference.com/players/d/duckwke01.html,duckwke01,1964.0,33,10
Ennis Whatley,Ennis Whatley,1984,1997,G,3-Jun,177.0,8/11/1962,11/8/1962,1962,35.0,Alabama,https://www.basketball-reference.com/players/w/whatlen01.html,whatlen01,1962.0,35,13
Eric Snow,Eric Snow,1996,2008,G,3-Jun,190.0,4/24/1973,24/4/1973,1973,35.0,Michigan State,https://www.basketball-reference.com/players/s/snower01.html,snower01,1973.0,35,12
Kevin Gamble,Kevin Gamble,1988,1997,F-G,5-Jun,210.0,11/13/1965,13/11/1965,1965,32.0,Iowa,https://www.basketball-reference.com/players/g/gamblke01.html,gamblke01,1965.0,32,9
Eric Williams,Eric Williams,1996,2007,F,8-Jun,220.0,7/17/1972,17/7/1972,1972,35.0,"Vincennes University, Providence",https://www.basketball-reference.com/players/w/willier01.html,willier01,1972.0,35,11
Kevin Grevey,Kevin Grevey,1976,1985,G-F,5-Jun,210.0,5/12/1953,12/5/1953,1953,32.0,Kentucky,https://www.basketball-reference.com/players/g/greveke01.html,greveke01,1953.0,32,9
George Lynch,George Lynch,1994,2005,F,8-Jun,218.0,9/3/1970,3/9/1970,1970,35.0,UNC,https://www.basketball-reference.com/players/l/lynchge01.html,lynchge01,1970.0,35,11
Kevin Kunnert,Kevin Kunnert,1974,1982,C-F,Jul-00,230.0,11/11/1951,11/11/1951,1951,31.0,Iowa,https://www.basketball-reference.com/players/k/kunneke01.html,kunneke01,1951.0,31,8
Kevin Loughery,Kevin Loughery,1963,1973,G,3-Jun,190.0,3/28/1940,28/3/1940,1940,33.0,"Boston College, St. John's",https://www.basketball-reference.com/players/l/loughke01.html,loughke01,1940.0,33,10
George McCloud,George McCloud,1990,2002,G-F,6-Jun,205.0,5/27/1967,27/5/1967,1967,35.0,Florida State,https://www.basketball-reference.com/players/m/mccloge01.html,mccloge01,1967.0,35,12
Kevin Martin,Kevin Martin,2005,2016,G,7-Jun,199.0,2/1/1983,1/2/1983,1983,33.0,Western Carolina University,https://www.basketball-reference.com/players/m/martike02.html,martike02,1983.0,33,11
Greg Anthony,Greg Anthony,1992,2002,G,Jun-00,176.0,11/15/1967,15/11/1967,1967,35.0,"University of Portland, UNLV",https://www.basketball-reference.com/players/a/anthogr01.html,anthogr01,1967.0,35,10
Greg Dreiling,Greg Dreiling,1987,1997,C,1-Jul,250.0,11/7/1962,7/11/1962,1962,35.0,"Wichita State, Kansas",https://www.basketball-reference.com/players/d/dreilgr01.html,dreilgr01,1962.0,35,10
Kevin Porter,Kevin Porter,1973,1983,G,Jun-00,170.0,4/17/1950,17/4/1950,1950,33.0,Saint Francis University,https://www.basketball-reference.com/players/p/porteke01.html,porteke01,1950.0,33,10
Kevin Restani,Kevin Restani,1975,1982,F-C,9-Jun,225.0,12/23/1951,23/12/1951,1951,31.0,San Francisco,https://www.basketball-reference.com/players/r/restake01.html,restake01,1951.0,31,7
Kevin Stacom,Kevin Stacom,1975,1982,G,3-Jun,185.0,9/4/1951,4/9/1951,1951,31.0,"Holy Cross, Providence",https://www.basketball-reference.com/players/s/stacoke01.html,stacoke01,1951.0,31,7
Greg Foster,Greg Foster,1991,2003,F-C,11-Jun,240.0,10/3/1968,3/10/1968,1968,35.0,"UCLA, Texas-El Paso",https://www.basketball-reference.com/players/f/fostegr01.html,fostegr01,1968.0,35,12
Keyon Dooling,Keyon Dooling,2001,2013,G,3-Jun,196.0,5/8/1980,8/5/1980,1980,33.0,Missouri,https://www.basketball-reference.com/players/d/doolike01.html,doolike01,1980.0,33,12
Khem Birch,Khem Birch,2018,2023,C-F,9-Jun,233.0,9/28/1992,28/9/1992,1992,31.0,"Pitt, UNLV",https://www.basketball-reference.com/players/b/birchkh01.html,birchkh01,1992.0,31,5
Gus Johnson*,Gus Johnson,1964,1973,F-C,6-Jun,230.0,12/13/1938,13/12/1938,1938,35.0,"Boise State, Idaho",https://www.basketball-reference.com/players/j/johnsgu01.html,johnsgu01,1938.0,35,9
Guy Rodgers*,Guy Rodgers,1959,1970,G,Jun-00,185.0,9/1/1935,1/9/1935,1935,35.0,Temple,https://www.basketball-reference.com/players/r/rodgegu01.html,rodgegu01,1935.0,35,11
Hersey Hawkins,Hersey Hawkins,1989,2001,G,3-Jun,190.0,9/29/1966,29/9/1966,1966,35.0,Bradley,https://www.basketball-reference.com/players/h/hawkihe01.html,hawkihe01,1966.0,35,12
Isaiah Thomas,Isaiah Thomas,2012,2024,G,9-May,185.0,2/7/1989,7/2/1989,1989,35.0,Washington,https://www.basketball-reference.com/players/t/thomais02.html,thomais02,1989.0,35,12
Kleggie Hermsen,Kleggie Hermsen,1947,1953,C-F,9-Jun,225.0,3/12/1923,12/3/1923,1923,30.0,Minnesota,https://www.basketball-reference.com/players/h/hermskl01.html,hermskl01,1923.0,30,6
J.R. Smith,J.R. Smith,2005,2020,G-F,6-Jun,225.0,9/9/1985,9/9/1985,1985,35.0,North Carolina A&T,https://www.basketball-reference.com/players/s/smithjr01.html,smithjr01,1985.0,35,15
Kosta Koufos,Kosta Koufos,2009,2019,C,Jul-00,245.0,2/24/1989,24/2/1989,1989,30.0,Ohio State,https://www.basketball-reference.com/players/k/koufoko01.html,koufoko01,1989.0,30,10
Kris Dunn,Kris Dunn,2017,2025,G,3-Jun,205.0,3/18/1994,18/3/1994,1994,31.0,Providence,https://www.basketball-reference.com/players/d/dunnkr01.html,dunnkr01,1994.0,31,8
Kris Humphries,Kris Humphries,2005,2017,F-C,9-Jun,235.0,2/6/1985,6/2/1985,1985,32.0,Minnesota,https://www.basketball-reference.com/players/h/humphkr01.html,humphkr01,1985.0,32,12
Kristaps Porziņģis,Kristaps Porziņģis,2016,2025,F-C,2-Jul,240.0,8/2/1995,2/8/1995,1995,30.0,,https://www.basketball-reference.com/players/p/porzikr01.html,porzikr01,1995.0,30,9
Kurt Nimphius,Kurt Nimphius,1982,1990,C-F,10-Jun,218.0,3/13/1958,13/3/1958,1958,32.0,Arizona State,https://www.basketball-reference.com/players/n/nimphku01.html,nimphku01,1958.0,32,8
Jae Crowder,Jae Crowder,2013,2025,F,6-Jun,235.0,7/6/1990,6/7/1990,1990,35.0,Marquette,https://www.basketball-reference.com/players/c/crowdja01.html,crowdja01,1990.0,35,12
Jaren Jackson,Jaren Jackson,1990,2002,G-F,4-Jun,190.0,10/27/1967,27/10/1967,1967,35.0,Georgetown,https://www.basketball-reference.com/players/j/jacksja01.html,jacksja01,1967.0,35,12
Kwame Brown,Kwame Brown,2002,2013,F,11-Jun,270.0,3/10/1982,10/3/1982,1982,31.0,,https://www.basketball-reference.com/players/b/brownkw01.html,brownkw01,1982.0,31,11
Kyle Anderson,Kyle Anderson,2015,2025,F-G,9-Jun,230.0,9/20/1993,20/9/1993,1993,32.0,UCLA,https://www.basketball-reference.com/players/a/anderky01.html,anderky01,1993.0,32,10
Jarrett Jack,Jarrett Jack,2006,2018,G,3-Jun,200.0,10/28/1983,28/10/1983,1983,35.0,Georgia Tech,https://www.basketball-reference.com/players/j/jackja01.html,jackja01,1983.0,35,12
Kyle Kuzma,Kyle Kuzma,2018,2025,F,9-Jun,221.0,7/24/1995,24/7/1995,1995,30.0,Utah,https://www.basketball-reference.com/players/k/kuzmaky01.html,kuzmaky01,1995.0,30,7
Jeff Foster,Jeff Foster,2000,2012,F-C,11-Jun,236.0,1/16/1977,16/1/1977,1977,35.0,Texas State University,https://www.basketball-reference.com/players/f/fosteje01.html,fosteje01,1977.0,35,12
Kyle Macy,Kyle Macy,1981,1987,G,3-Jun,175.0,4/9/1957,9/4/1957,1957,30.0,"Purdue, Kentucky",https://www.basketball-reference.com/players/m/macyky01.html,macyky01,1957.0,30,6
Kyle O'Quinn,Kyle O'Quinn,2013,2020,F-C,9-Jun,250.0,3/26/1990,26/3/1990,1990,30.0,Norfolk State,https://www.basketball-reference.com/players/o/oquinky01.html,oquinky01,1990.0,30,7
Kyle Singler,Kyle Singler,2013,2018,F,8-Jun,228.0,5/4/1988,4/5/1988,1988,30.0,Duke,https://www.basketball-reference.com/players/s/singlky01.html,singlky01,1988.0,30,5
Kyrie Irving,Kyrie Irving,2012,2025,G,2-Jun,195.0,3/23/1992,23/3/1992,1992,33.0,Duke,https://www.basketball-reference.com/players/i/irvinky01.html,irvinky01,1992.0,33,13
Jeff Malone,Jeff Malone,1984,1996,G,4-Jun,205.0,6/28/1961,28/6/1961,1961,35.0,Mississippi State,https://www.basketball-reference.com/players/m/malonje01.html,malonje01,1961.0,35,12
Jeff Ruland,Jeff Ruland,1982,1993,C-F,10-Jun,240.0,12/16/1958,16/12/1958,1958,35.0,Iona College,https://www.basketball-reference.com/players/r/rulanje01.html,rulanje01,1958.0,35,11
Lamond Murray,Lamond Murray,1995,2006,F,7-Jun,236.0,4/20/1973,20/4/1973,1973,33.0,California,https://www.basketball-reference.com/players/m/murrala01.html,murrala01,1973.0,33,11
Lance Stephenson,Lance Stephenson,2011,2022,G-F,6-Jun,230.0,9/5/1990,5/9/1990,1990,32.0,Cincinnati,https://www.basketball-reference.com/players/s/stephla01.html,stephla01,1990.0,32,11
Lance Thomas,Lance Thomas,2012,2020,F,8-Jun,240.0,4/24/1988,24/4/1988,1988,32.0,Duke,https://www.basketball-reference.com/players/t/thomala01.html,thomala01,1988.0,32,8
Langston Galloway,Langston Galloway,2015,2022,G,1-Jun,200.0,12/9/1991,9/12/1991,1991,31.0,Saint Joseph's,https://www.basketball-reference.com/players/g/gallola01.html,gallola01,1991.0,31,7
LaPhonso Ellis,LaPhonso Ellis,1993,2003,F,8-Jun,240.0,5/5/1970,5/5/1970,1970,33.0,Notre Dame,https://www.basketball-reference.com/players/e/ellisla01.html,ellisla01,1970.0,33,10
Jo Jo White*,Jo Jo White,1970,1981,G,3-Jun,190.0,11/16/1946,16/11/1946,1946,35.0,Kansas,https://www.basketball-reference.com/players/w/whitejo01.html,whitejo01,1946.0,35,11
Larry Brown*,Larry Brown,1968,1972,G,9-May,160.0,9/14/1940,14/9/1940,1940,32.0,UNC,https://www.basketball-reference.com/players/b/brownla01.html,brownla01,1940.0,32,4
Joakim Noah,Joakim Noah,2008,2020,C,11-Jun,230.0,2/25/1985,25/2/1985,1985,35.0,Florida,https://www.basketball-reference.com/players/n/noahjo01.html,noahjo01,1985.0,35,12
Larry Drew,Larry Drew,1981,1991,G,1-Jun,170.0,4/2/1958,2/4/1958,1958,33.0,Missouri,https://www.basketball-reference.com/players/d/drewla01.html,drewla01,1958.0,33,10
Joe Wolf,Joe Wolf,1988,1999,F-C,11-Jun,230.0,12/17/1964,17/12/1964,1964,35.0,UNC,https://www.basketball-reference.com/players/w/wolfjo01.html,wolfjo01,1964.0,35,11
Larry Hughes,Larry Hughes,1999,2012,G,5-Jun,184.0,1/23/1979,23/1/1979,1979,33.0,Saint Louis,https://www.basketball-reference.com/players/h/hughela01.html,hughela01,1979.0,33,13
Larry Johnson,Larry Johnson,1992,2001,F,7-Jun,250.0,3/14/1969,14/3/1969,1969,32.0,"Odessa College, UNLV",https://www.basketball-reference.com/players/j/johnsla02.html,johnsla02,1969.0,32,9
Larry Jones,Larry Jones,1965,1974,G-F,2-Jun,180.0,9/22/1942,22/9/1942,1942,32.0,Toledo,https://www.basketball-reference.com/players/j/jonesla01.html,jonesla01,1942.0,32,9
Larry Kenon,Larry Kenon,1974,1983,F,9-Jun,205.0,12/13/1952,13/12/1952,1952,31.0,"Amarillo College, Memphis",https://www.basketball-reference.com/players/k/kenonla01.html,kenonla01,1952.0,31,9
Larry Krystkowiak,Larry Krystkowiak,1987,1997,F-C,9-Jun,220.0,9/23/1964,23/9/1964,1964,33.0,Montana,https://www.basketball-reference.com/players/k/krystla01.html,krystla01,1964.0,33,10
Joel Anthony,Joel Anthony,2008,2017,C,9-Jun,245.0,8/9/1982,9/8/1982,1982,35.0,UNLV,https://www.basketball-reference.com/players/a/anthojo01.html,anthojo01,1982.0,35,9
Larry Nance Jr.,Larry Nance Jr.,2016,2025,F-C,8-Jun,245.0,1/1/1993,1/1/1993,1993,32.0,Wyoming,https://www.basketball-reference.com/players/n/nancela02.html,nancela02,1993.0,32,9
John Johnson,John Johnson,1971,1982,F,7-Jun,200.0,10/18/1947,18/10/1947,1947,35.0,"Northwest College, Iowa",https://www.basketball-reference.com/players/j/johnsjo01.html,johnsjo01,1947.0,35,11
Larry Siegfried,Larry Siegfried,1964,1972,F,3-Jun,190.0,5/22/1939,22/5/1939,1939,33.0,Ohio State,https://www.basketball-reference.com/players/s/siegfla01.html,siegfla01,1939.0,33,8
John Lucas III,John Lucas III,2006,2017,G,11-May,166.0,11/21/1982,21/11/1982,1982,35.0,"Baylor, Oklahoma State",https://www.basketball-reference.com/players/l/lucasjo02.html,lucasjo02,1982.0,35,11
Larry Steele,Larry Steele,1972,1980,G-F,5-Jun,180.0,5/5/1949,5/5/1949,1949,31.0,Kentucky,https://www.basketball-reference.com/players/s/steella01.html,steella01,1949.0,31,8
Jrue Holiday,Jrue Holiday,2010,2025,G,4-Jun,205.0,6/12/1990,12/6/1990,1990,35.0,UCLA,https://www.basketball-reference.com/players/h/holidjr01.html,holidjr01,1990.0,35,15
Justin Holiday,Justin Holiday,2013,2024,F,6-Jun,180.0,4/5/1989,5/4/1989,1989,35.0,Washington,https://www.basketball-reference.com/players/h/holidju01.html,holidju01,1989.0,35,11
K.C. Jones*,K.C. Jones,1959,1967,G,1-Jun,200.0,5/25/1932,25/5/1932,1932,35.0,San Francisco,https://www.basketball-reference.com/players/j/joneskc01.html,joneskc01,1932.0,35,8
Kenny Anderson,Kenny Anderson,1992,2005,G,1-Jun,168.0,10/9/1970,9/10/1970,1970,35.0,Georgia Tech,https://www.basketball-reference.com/players/a/anderke01.html,anderke01,1970.0,35,13
Kiki Vandeweghe,Kiki Vandeweghe,1981,1993,F,8-Jun,220.0,8/1/1958,1/8/1958,1958,35.0,UCLA,https://www.basketball-reference.com/players/v/vandeki01.html,vandeki01,1958.0,35,12
Ledell Eackles,Ledell Eackles,1989,1998,G-F,5-Jun,220.0,11/24/1966,24/11/1966,1966,32.0,New Orleans,https://www.basketball-reference.com/players/e/eacklle01.html,eacklle01,1966.0,32,9
Lee Davis,Lee Davis,1969,1976,C-F,8-Jun,235.0,10/11/1945,11/10/1945,1945,31.0,NC Central,https://www.basketball-reference.com/players/d/davisle01.html,davisle01,1945.0,31,7
Lee Nailon,Lee Nailon,2001,2006,F,9-Jun,238.0,2/22/1975,22/2/1975,1975,31.0,"Butler County Community College, TCU",https://www.basketball-reference.com/players/n/nailole01.html,nailole01,1975.0,31,5
Len Chappell,Len Chappell,1963,1972,F-C,8-Jun,240.0,1/31/1941,31/1/1941,1941,31.0,Wake Forest,https://www.basketball-reference.com/players/c/chapple01.html,chapple01,1941.0,31,9
Len Elmore,Len Elmore,1975,1984,C-F,9-Jun,220.0,3/28/1952,28/3/1952,1952,32.0,Maryland,https://www.basketball-reference.com/players/e/elmorle01.html,elmorle01,1952.0,32,9
Kirk Hinrich,Kirk Hinrich,2004,2016,G,4-Jun,190.0,1/2/1981,2/1/1981,1981,35.0,Kansas,https://www.basketball-reference.com/players/h/hinriki01.html,hinriki01,1981.0,35,12
Leo Barnhorst,Leo Barnhorst,1950,1954,F-G,4-Jun,190.0,5/11/1924,11/5/1924,1924,30.0,Notre Dame,https://www.basketball-reference.com/players/b/barnhle01.html,barnhle01,1924.0,30,4
Leo Mogus,Leo Mogus,1947,1951,F-C,4-Jun,190.0,4/13/1921,13/4/1921,1921,30.0,Youngstown State University,https://www.basketball-reference.com/players/m/mogusle01.html,mogusle01,1921.0,30,4
Klay Thompson,Klay Thompson,2012,2025,G-F,5-Jun,215.0,2/8/1990,8/2/1990,1990,35.0,Washington State,https://www.basketball-reference.com/players/t/thompkl01.html,thompkl01,1990.0,35,13
Les Hunter,Les Hunter,1965,1973,F-C,7-Jun,210.0,8/16/1942,16/8/1942,1942,31.0,Loyola Chicago,https://www.basketball-reference.com/players/h/huntele01.html,huntele01,1942.0,31,8
Larry Nance,Larry Nance,1982,1994,F-C,10-Jun,205.0,2/12/1959,12/2/1959,1959,35.0,Clemson,https://www.basketball-reference.com/players/n/nancela01.html,nancela01,1959.0,35,12
Lester Hudson,Lester Hudson,2010,2015,G,3-Jun,190.0,8/7/1984,7/8/1984,1984,31.0,University of Tennessee at Martin,https://www.basketball-reference.com/players/h/hudsole01.html,hudsole01,1984.0,31,5
Lewis Lloyd,Lewis Lloyd,1982,1990,G-F,6-Jun,205.0,2/22/1959,22/2/1959,1959,31.0,Drake University,https://www.basketball-reference.com/players/l/lloydle01.html,lloydle01,1959.0,31,8
Larry Smith,Larry Smith,1981,1993,F-C,8-Jun,215.0,1/18/1958,18/1/1958,1958,35.0,Alcorn State,https://www.basketball-reference.com/players/s/smithla01.html,smithla01,1958.0,35,12
Lionel Hollins,Lionel Hollins,1976,1985,G,3-Jun,185.0,10/19/1953,19/10/1953,1953,32.0,"Dixie State (UT), Arizona State",https://www.basketball-reference.com/players/h/hollili01.html,hollili01,1953.0,32,9
Lloyd Daniels,Lloyd Daniels,1993,1998,G,7-Jun,205.0,9/4/1967,4/9/1967,1967,31.0,Mount San Antonio College,https://www.basketball-reference.com/players/d/daniell01.html,daniell01,1967.0,31,5
Lonnie Shelton,Lonnie Shelton,1977,1986,F-C,8-Jun,240.0,10/19/1955,19/10/1955,1955,31.0,Oregon State,https://www.basketball-reference.com/players/s/sheltlo01.html,sheltlo01,1955.0,31,9
Loren Woods,Loren Woods,2002,2008,F-C,1-Jul,245.0,6/21/1978,21/6/1978,1978,30.0,"Wake Forest, Arizona",https://www.basketball-reference.com/players/w/woodslo01.html,woodslo01,1978.0,30,6
Latrell Sprewell,Latrell Sprewell,1993,2005,G,5-Jun,190.0,9/8/1970,8/9/1970,1970,35.0,"Three Rivers Community College, Alabama",https://www.basketball-reference.com/players/s/sprewla01.html,sprewla01,1970.0,35,12
Lorenzo Williams,Lorenzo Williams,1993,2000,F-C,9-Jun,200.0,7/15/1969,15/7/1969,1969,31.0,Stetson University,https://www.basketball-reference.com/players/w/willilo01.html,willilo01,1969.0,31,7
Lawrence Funderburke,Lawrence Funderburke,1998,2005,F,9-Jun,230.0,12/15/1970,15/12/1970,1970,35.0,"Indiana, Ohio State",https://www.basketball-reference.com/players/f/fundela01.html,fundela01,1970.0,35,7
Leandro Barbosa,Leandro Barbosa,2004,2017,G,3-Jun,194.0,11/28/1982,28/11/1982,1982,35.0,,https://www.basketball-reference.com/players/b/barbole01.html,barbole01,1982.0,35,13
Lou Hudson*,Lou Hudson,1967,1979,F-G,5-Jun,210.0,7/11/1944,11/7/1944,1944,35.0,Minnesota,https://www.basketball-reference.com/players/h/hudsolo01.html,hudsolo01,1944.0,35,12
Louie Dampier*,Louie Dampier,1968,1979,G,Jun-00,170.0,11/20/1944,20/11/1944,1944,35.0,Kentucky,https://www.basketball-reference.com/players/d/dampilo01.html,dampilo01,1944.0,35,11
Louis Orr,Louis Orr,1981,1988,F,8-Jun,175.0,5/7/1958,7/5/1958,1958,30.0,Syracuse,https://www.basketball-reference.com/players/o/orrlo01.html,orrlo01,1958.0,30,7
Loy Vaught,Loy Vaught,1991,2001,F,9-Jun,230.0,2/27/1968,27/2/1968,1968,33.0,Michigan,https://www.basketball-reference.com/players/v/vaughlo01.html,vaughlo01,1968.0,33,10
Luc Longley,Luc Longley,1992,2001,C,2-Jul,265.0,1/19/1969,19/1/1969,1969,32.0,New Mexico,https://www.basketball-reference.com/players/l/longllu01.html,longllu01,1969.0,32,9
Lucious Harris,Lucious Harris,1994,2005,G,5-Jun,190.0,12/18/1970,18/12/1970,1970,35.0,Cal State Long Beach,https://www.basketball-reference.com/players/h/harrilu01.html,harrilu01,1970.0,35,11
Malik Rose,Malik Rose,1997,2009,F-C,7-Jun,250.0,11/23/1974,23/11/1974,1974,35.0,Drexel,https://www.basketball-reference.com/players/r/rosema01.html,rosema01,1974.0,35,12
Lucius Allen,Lucius Allen,1970,1979,G,2-Jun,175.0,9/26/1947,26/9/1947,1947,32.0,UCLA,https://www.basketball-reference.com/players/a/allenlu01.html,allenlu01,1947.0,32,9
Marcin Gortat,Marcin Gortat,2008,2019,C-F,11-Jun,240.0,2/17/1984,17/2/1984,1984,35.0,,https://www.basketball-reference.com/players/g/gortama01.html,gortama01,1984.0,35,11
Luke Jackson,Luke Jackson,1965,1972,F-C,9-Jun,240.0,10/31/1941,31/10/1941,1941,31.0,University of Texas Rio Grande Valley,https://www.basketball-reference.com/players/j/jackslu01.html,jackslu01,1941.0,31,7
Luke Kornet,Luke Kornet,2018,2025,C-F,2-Jul,250.0,7/15/1995,15/7/1995,1995,30.0,Vanderbilt,https://www.basketball-reference.com/players/k/kornelu01.html,kornelu01,1995.0,30,7
Marcus Morris,Marcus Morris,2012,2024,F,8-Jun,218.0,9/2/1989,2/9/1989,1989,35.0,Kansas,https://www.basketball-reference.com/players/m/morrima03.html,morrima03,1989.0,35,12
Luke Walton,Luke Walton,2004,2013,F,8-Jun,235.0,3/28/1980,28/3/1980,1980,33.0,Arizona,https://www.basketball-reference.com/players/w/waltolu01.html,waltolu01,1980.0,33,9
Mark Aguirre,Mark Aguirre,1982,1994,F-G,6-Jun,232.0,12/10/1959,10/12/1959,1959,35.0,DePaul,https://www.basketball-reference.com/players/a/aguirma01.html,aguirma01,1959.0,35,12
Marvin Webster,Marvin Webster,1976,1987,C,1-Jul,225.0,4/13/1952,13/4/1952,1952,35.0,Morgan State University,https://www.basketball-reference.com/players/w/webstma01.html,webstma01,1952.0,35,11
Mason Plumlee,Mason Plumlee,2014,2025,C-F,10-Jun,254.0,3/5/1990,5/3/1990,1990,35.0,Duke,https://www.basketball-reference.com/players/p/plumlma01.html,plumlma01,1990.0,35,11
Matt Bullard,Matt Bullard,1991,2002,F,10-Jun,215.0,6/5/1967,5/6/1967,1967,35.0,"Colorado, Iowa",https://www.basketball-reference.com/players/b/bullama01.html,bullama01,1967.0,35,11
Mel Counts,Mel Counts,1965,1976,C-F,Jul-00,230.0,10/16/1941,16/10/1941,1941,35.0,Oregon State,https://www.basketball-reference.com/players/c/countme01.html,countme01,1941.0,35,11
Mahmoud Abdul-Rauf,Mahmoud Abdul-Rauf,1991,2001,G,1-Jun,162.0,3/9/1969,9/3/1969,1969,32.0,LSU,https://www.basketball-reference.com/players/a/abdulma02.html,abdulma02,1969.0,32,10
Major Jones,Major Jones,1980,1985,F,9-Jun,225.0,7/9/1953,9/7/1953,1953,32.0,Albany State University,https://www.basketball-reference.com/players/j/jonesma01.html,jonesma01,1953.0,32,5
Malcolm Brogdon,Malcolm Brogdon,2017,2025,G,4-Jun,229.0,12/11/1992,11/12/1992,1992,33.0,Virginia,https://www.basketball-reference.com/players/b/brogdma01.html,brogdma01,1992.0,33,8
Malik Allen,Malik Allen,2002,2011,F-C,10-Jun,255.0,6/27/1978,27/6/1978,1978,33.0,Villanova,https://www.basketball-reference.com/players/a/allenma01.html,allenma01,1978.0,33,9
Mike Gminski,Mike Gminski,1981,1994,C,11-Jun,250.0,8/3/1959,3/8/1959,1959,35.0,Duke,https://www.basketball-reference.com/players/g/gminsmi01.html,gminsmi01,1959.0,35,13
Malik Sealy,Malik Sealy,1993,2000,G,8-Jun,190.0,2/1/1970,1/2/1970,1970,30.0,St. John's,https://www.basketball-reference.com/players/s/sealyma01.html,sealyma01,1970.0,30,7
Mamadou N'Diaye,Mamadou N'Diaye,2001,2005,C,Jul-00,255.0,6/16/1975,16/6/1975,1975,30.0,Auburn,https://www.basketball-reference.com/players/n/ndiayma02.html,ndiayma02,1975.0,30,4
Mookie Blaylock,Mookie Blaylock,1990,2002,G,Jun-00,180.0,3/20/1967,20/3/1967,1967,35.0,"Midland College, Oklahoma",https://www.basketball-reference.com/players/b/blaylmo01.html,blaylmo01,1967.0,35,12
Manute Bol,Manute Bol,1986,1995,C,7-Jul,200.0,10/16/1962,16/10/1962,1962,33.0,University of Bridgeport,https://www.basketball-reference.com/players/b/bolma01.html,bolma01,1962.0,33,9
Nick Van Exel,Nick Van Exel,1994,2006,G,1-Jun,170.0,11/27/1971,27/11/1971,1971,35.0,"Trinity Valley CC, Cincinnati",https://www.basketball-reference.com/players/v/vanexni01.html,vanexni01,1971.0,35,12
Marc Iavaroni,Marc Iavaroni,1983,1989,F,8-Jun,210.0,9/15/1956,15/9/1956,1956,33.0,Virginia,https://www.basketball-reference.com/players/i/iavarma01.html,iavarma01,1956.0,33,6
Marc Jackson,Marc Jackson,2001,2007,C,10-Jun,270.0,1/16/1975,16/1/1975,1975,32.0,"VCU, Temple",https://www.basketball-reference.com/players/j/jacksma02.html,jacksma02,1975.0,32,6
Nikola Vučević,Nikola Vučević,2012,2025,C,10-Jun,260.0,10/24/1990,24/10/1990,1990,35.0,USC,https://www.basketball-reference.com/players/v/vucevni01.html,vucevni01,1990.0,35,13
Orlando Woolridge,Orlando Woolridge,1982,1994,F,9-Jun,215.0,12/16/1959,16/12/1959,1959,35.0,Notre Dame,https://www.basketball-reference.com/players/w/woolror01.html,woolror01,1959.0,35,12
Marcus Banks,Marcus Banks,2004,2011,G,2-Jun,200.0,11/19/1981,19/11/1981,1981,30.0,"Dixie State (UT), UNLV",https://www.basketball-reference.com/players/b/banksma01.html,banksma01,1981.0,30,7
Pat Cummings,Pat Cummings,1980,1991,F-C,9-Jun,230.0,7/11/1956,11/7/1956,1956,35.0,Cincinnati,https://www.basketball-reference.com/players/c/cummipa01.html,cummipa01,1956.0,35,11
Marcus Haislip,Marcus Haislip,2003,2010,F,10-Jun,230.0,12/22/1980,22/12/1980,1980,30.0,Tennessee,https://www.basketball-reference.com/players/h/haislma01.html,haislma01,1980.0,30,7
Paul George,Paul George,2011,2025,F-G,8-Jun,220.0,5/2/1990,2/5/1990,1990,35.0,Fresno State,https://www.basketball-reference.com/players/g/georgpa01.html,georgpa01,1990.0,35,14
Marcus Smart,Marcus Smart,2015,2025,G,3-Jun,220.0,3/6/1994,6/3/1994,1994,31.0,Oklahoma State,https://www.basketball-reference.com/players/s/smartma01.html,smartma01,1994.0,31,10
Marcus Thornton,Marcus Thornton,2010,2017,G,4-Jun,205.0,6/5/1987,5/6/1987,1987,30.0,LSU,https://www.basketball-reference.com/players/t/thornma01.html,thornma01,1987.0,30,7
Mario Chalmers,Mario Chalmers,2009,2018,G,2-Jun,190.0,5/19/1986,19/5/1986,1986,32.0,Kansas,https://www.basketball-reference.com/players/c/chalmma01.html,chalmma01,1986.0,32,9
Paul Pressey,Paul Pressey,1983,1993,G-F,5-Jun,185.0,12/24/1958,24/12/1958,1958,35.0,"Western Texas College, Tulsa",https://www.basketball-reference.com/players/p/presspa01.html,presspa01,1958.0,35,10
Mark Acres,Mark Acres,1988,1993,F-C,11-Jun,220.0,11/15/1962,15/11/1962,1962,31.0,Oral Roberts,https://www.basketball-reference.com/players/a/acresma01.html,acresma01,1962.0,31,5
Pete Myers,Pete Myers,1987,1998,G-F,6-Jun,180.0,9/15/1963,15/9/1963,1963,35.0,Little Rock,https://www.basketball-reference.com/players/m/myerspe01.html,myerspe01,1963.0,35,11
Phil Jackson*,Phil Jackson,1968,1980,F-C,8-Jun,220.0,9/17/1945,17/9/1945,1945,35.0,University of North Dakota,https://www.basketball-reference.com/players/j/jacksph01.html,jacksph01,1945.0,35,12
Randy Brown,Randy Brown,1992,2003,G,2-Jun,190.0,5/22/1968,22/5/1968,1968,35.0,"Houston, New Mexico State",https://www.basketball-reference.com/players/b/brownra02.html,brownra02,1968.0,35,11
Randy Smith,Randy Smith,1972,1983,G-F,3-Jun,180.0,12/12/1948,12/12/1948,1948,35.0,Buffalo State,https://www.basketball-reference.com/players/s/smithra01.html,smithra01,1948.0,35,11
Rashard Lewis,Rashard Lewis,1999,2014,F,10-Jun,215.0,8/8/1979,8/8/1979,1979,35.0,,https://www.basketball-reference.com/players/l/lewisra02.html,lewisra02,1979.0,35,15
Mark Macon,Mark Macon,1992,1999,G,5-Jun,185.0,4/14/1969,14/4/1969,1969,30.0,Temple,https://www.basketball-reference.com/players/m/maconma01.html,maconma01,1969.0,30,7
Mark Madsen,Mark Madsen,2001,2009,F-C,9-Jun,240.0,1/28/1976,28/1/1976,1976,33.0,Stanford,https://www.basketball-reference.com/players/m/madsema01.html,madsema01,1976.0,33,8
Mark McNamara,Mark McNamara,1983,1991,C-F,11-Jun,235.0,6/8/1959,8/6/1959,1959,32.0,"Santa Clara, California",https://www.basketball-reference.com/players/m/mcnamma01.html,mcnamma01,1959.0,32,8
Mark Olberding,Mark Olberding,1976,1987,F,8-Jun,225.0,4/21/1956,21/4/1956,1956,31.0,Minnesota,https://www.basketball-reference.com/players/o/olberma01.html,olberma01,1956.0,31,11
Mark Pope,Mark Pope,1998,2005,F,10-Jun,235.0,9/11/1972,11/9/1972,1972,33.0,"Washington, Kentucky",https://www.basketball-reference.com/players/p/popema01.html,popema01,1972.0,33,7
Raymond Felton,Raymond Felton,2006,2019,G,1-Jun,205.0,6/26/1984,26/6/1984,1984,35.0,UNC,https://www.basketball-reference.com/players/f/feltora01.html,feltora01,1984.0,35,13
Mark Strickland,Mark Strickland,1995,2003,F,9-Jun,210.0,7/14/1970,14/7/1970,1970,33.0,Temple,https://www.basketball-reference.com/players/s/stricma01.html,stricma01,1970.0,33,8
Reggie Evans,Reggie Evans,2003,2015,F,8-Jun,245.0,5/18/1980,18/5/1980,1980,35.0,Iowa,https://www.basketball-reference.com/players/e/evansre01.html,evansre01,1980.0,35,12
Reggie Jackson,Reggie Jackson,2012,2025,G,2-Jun,208.0,4/16/1990,16/4/1990,1990,35.0,Boston College,https://www.basketball-reference.com/players/j/jacksre01.html,jacksre01,1990.0,35,13
Marko Jarić,Marko Jarić,2003,2009,G,7-Jun,198.0,10/12/1978,12/10/1978,1978,31.0,,https://www.basketball-reference.com/players/j/jaricma01.html,jaricma01,1978.0,31,6
Richard Hamilton,Richard Hamilton,2000,2013,G-F,6-Jun,185.0,2/14/1978,14/2/1978,1978,35.0,UConn,https://www.basketball-reference.com/players/h/hamilri01.html,hamilri01,1978.0,35,13
Marquis Daniels,Marquis Daniels,2004,2013,G-F,6-Jun,200.0,1/7/1981,7/1/1981,1981,32.0,Auburn,https://www.basketball-reference.com/players/d/daniema01.html,daniema01,1981.0,32,9
Marreese Speights,Marreese Speights,2009,2018,C-F,10-Jun,255.0,8/4/1987,4/8/1987,1987,31.0,Florida,https://www.basketball-reference.com/players/s/speigma01.html,speigma01,1987.0,31,9
MarShon Brooks,MarShon Brooks,2012,2019,G-F,5-Jun,200.0,1/26/1989,26/1/1989,1989,30.0,Providence,https://www.basketball-reference.com/players/b/brookma01.html,brookma01,1989.0,30,7
Marty Conlon,Marty Conlon,1992,2000,F-C,10-Jun,224.0,1/19/1968,19/1/1968,1968,32.0,Providence,https://www.basketball-reference.com/players/c/conloma01.html,conloma01,1968.0,32,8
Rick Fox,Rick Fox,1992,2004,F-G,7-Jun,230.0,7/24/1969,24/7/1969,1969,35.0,UNC,https://www.basketball-reference.com/players/f/foxri01.html,foxri01,1969.0,35,12
Robert Pack,Robert Pack,1992,2004,G,2-Jun,180.0,2/3/1969,3/2/1969,1969,35.0,USC,https://www.basketball-reference.com/players/p/packro01.html,packro01,1969.0,35,12
Rod Higgins,Rod Higgins,1983,1995,F,7-Jun,200.0,1/31/1960,31/1/1960,1960,35.0,Fresno State,https://www.basketball-reference.com/players/h/higgiro01.html,higgiro01,1960.0,35,12
Rolando Blackman,Rolando Blackman,1982,1994,G,6-Jun,190.0,2/26/1959,26/2/1959,1959,35.0,Kansas State,https://www.basketball-reference.com/players/b/blackro01.html,blackro01,1959.0,35,12
Ron Boone,Ron Boone,1969,1981,G-F,2-Jun,200.0,9/6/1946,6/9/1946,1946,35.0,"Iowa Western Community College, Clarinda Campus, Idaho State University",https://www.basketball-reference.com/players/b/boonero01.html,boonero01,1946.0,35,12
Ryan Bowen,Ryan Bowen,2000,2010,F,7-Jun,215.0,11/20/1975,20/11/1975,1975,35.0,Iowa,https://www.basketball-reference.com/players/b/bowenry01.html,bowenry01,1975.0,35,10
Matt Carroll,Matt Carroll,2004,2013,G,6-Jun,212.0,8/28/1980,28/8/1980,1980,33.0,Notre Dame,https://www.basketball-reference.com/players/c/carroma01.html,carroma01,1980.0,33,9
Matt Geiger,Matt Geiger,1993,2002,C,Jul-00,243.0,9/10/1969,10/9/1969,1969,33.0,"Auburn, Georgia Tech",https://www.basketball-reference.com/players/g/geigema01.html,geigema01,1969.0,33,9
Matt Guokas,Matt Guokas,1967,1976,G-F,5-Jun,175.0,2/25/1944,25/2/1944,1944,32.0,Saint Joseph's,https://www.basketball-reference.com/players/g/guokama02.html,guokama02,1944.0,32,9
Matt Harpring,Matt Harpring,1999,2009,F,7-Jun,231.0,5/31/1976,31/5/1976,1976,33.0,Georgia Tech,https://www.basketball-reference.com/players/h/harprma01.html,harprma01,1976.0,33,10
Matt Maloney,Matt Maloney,1997,2003,G,3-Jun,192.0,12/6/1971,6/12/1971,1971,32.0,"Vanderbilt, Penn",https://www.basketball-reference.com/players/m/malonma01.html,malonma01,1971.0,32,6
Matthew Dellavedova,Matthew Dellavedova,2014,2023,G,3-Jun,200.0,9/8/1990,8/9/1990,1990,33.0,Saint Mary's,https://www.basketball-reference.com/players/d/dellama01.html,dellama01,1990.0,33,9
Sam Lacey,Sam Lacey,1971,1983,C,10-Jun,235.0,3/28/1948,28/3/1948,1948,35.0,New Mexico State,https://www.basketball-reference.com/players/l/laceysa01.html,laceysa01,1948.0,35,12
Scott Wedman,Scott Wedman,1975,1987,F-G,7-Jun,215.0,7/29/1952,29/7/1952,1952,35.0,Colorado,https://www.basketball-reference.com/players/w/wedmasc01.html,wedmasc01,1952.0,35,12
Sean Rooks,Sean Rooks,1993,2004,C,10-Jun,250.0,9/9/1969,9/9/1969,1969,35.0,Arizona,https://www.basketball-reference.com/players/r/rooksse01.html,rooksse01,1969.0,35,11
Maurice Taylor,Maurice Taylor,1998,2007,F,9-Jun,260.0,10/30/1976,30/10/1976,1976,31.0,"Michigan, LSU",https://www.basketball-reference.com/players/t/tayloma01.html,tayloma01,1976.0,31,9
Max Zaslofsky,Max Zaslofsky,1947,1956,G-F,2-Jun,170.0,12/7/1925,7/12/1925,1925,31.0,St. John's,https://www.basketball-reference.com/players/z/zasloma01.html,zasloma01,1925.0,31,9
Maxi Kleber,Maxi Kleber,2018,2025,F,10-Jun,240.0,1/29/1992,29/1/1992,1992,33.0,,https://www.basketball-reference.com/players/k/klebima01.html,klebima01,1992.0,33,7
McCoy McLemore,McCoy McLemore,1965,1972,F-C,7-Jun,230.0,4/3/1942,3/4/1942,1942,30.0,Drake University,https://www.basketball-reference.com/players/m/mclemmc01.html,mclemmc01,1942.0,30,7
Mehmet Okur,Mehmet Okur,2003,2012,C-F,11-Jun,249.0,5/26/1979,26/5/1979,1979,33.0,,https://www.basketball-reference.com/players/o/okurme01.html,okurme01,1979.0,33,9
Seth Curry,Seth Curry,2014,2025,G,1-Jun,185.0,8/23/1990,23/8/1990,1990,35.0,"Liberty, Duke",https://www.basketball-reference.com/players/c/curryse01.html,curryse01,1990.0,35,11
Mel Daniels*,Mel Daniels,1968,1977,C,9-Jun,220.0,7/20/1944,20/7/1944,1944,33.0,"Southeastern Iowa Community College, West Burlington Campus, New Mexico",https://www.basketball-reference.com/players/d/danieme01.html,danieme01,1944.0,33,9
Mel Hutchins,Mel Hutchins,1952,1958,F-C,6-Jun,200.0,11/22/1928,22/11/1928,1928,30.0,BYU,https://www.basketball-reference.com/players/h/hutchme01.html,hutchme01,1928.0,30,6
Mel Peterson,Mel Peterson,1964,1970,G-F,4-Jun,185.0,3/23/1938,23/3/1938,1938,32.0,Wheaton College,https://www.basketball-reference.com/players/p/peterme01.html,peterme01,1938.0,32,6
Sherman Douglas,Sherman Douglas,1990,2001,G,Jun-00,180.0,9/15/1966,15/9/1966,1966,35.0,Syracuse,https://www.basketball-reference.com/players/d/douglsh01.html,douglsh01,1966.0,35,11
Melvin Turpin,Melvin Turpin,1985,1990,C,11-Jun,240.0,12/28/1960,28/12/1960,1960,30.0,Kentucky,https://www.basketball-reference.com/players/t/turpime01.html,turpime01,1960.0,30,5
Slater Martin*,Slater Martin,1950,1960,G,10-May,170.0,10/22/1925,22/10/1925,1925,35.0,Texas,https://www.basketball-reference.com/players/m/martisl01.html,martisl01,1925.0,35,10
Meyers Leonard,Meyers Leonard,2013,2023,C-F,Jul-00,260.0,2/27/1992,27/2/1992,1992,31.0,Illinois,https://www.basketball-reference.com/players/l/leoname01.html,leoname01,1992.0,31,10
Michael Adams,Michael Adams,1986,1996,G,10-May,162.0,1/19/1963,19/1/1963,1963,33.0,Boston College,https://www.basketball-reference.com/players/a/adamsmi01.html,adamsmi01,1963.0,33,10
Michael Beasley,Michael Beasley,2009,2019,F,9-Jun,235.0,1/9/1989,9/1/1989,1989,30.0,Kansas State,https://www.basketball-reference.com/players/b/beaslmi01.html,beaslmi01,1989.0,30,10
Michael Brooks,Michael Brooks,1981,1988,F,7-Jun,220.0,8/17/1958,17/8/1958,1958,30.0,La Salle,https://www.basketball-reference.com/players/b/brookmi01.html,brookmi01,1958.0,30,7
Sleepy Floyd,Sleepy Floyd,1983,1995,G,3-Jun,170.0,3/6/1960,6/3/1960,1960,35.0,Georgetown,https://www.basketball-reference.com/players/f/floydsl01.html,floydsl01,1960.0,35,12
Michael Carter-Williams,Michael Carter-Williams,2014,2023,G,5-Jun,190.0,10/10/1991,10/10/1991,1991,32.0,Syracuse,https://www.basketball-reference.com/players/c/cartemi01.html,cartemi01,1991.0,32,9
Spud Webb,Spud Webb,1986,1998,G,6-May,133.0,7/13/1963,13/7/1963,1963,35.0,"Midland College, NC State",https://www.basketball-reference.com/players/w/webbsp01.html,webbsp01,1963.0,35,12
Stojko Vranković,Stojko Vranković,1991,1999,C,2-Jul,260.0,1/22/1964,22/1/1964,1964,35.0,,https://www.basketball-reference.com/players/v/vrankst01.html,vrankst01,1964.0,35,8
Michael Doleac,Michael Doleac,1999,2008,C,11-Jun,262.0,6/15/1977,15/6/1977,1977,31.0,Utah,https://www.basketball-reference.com/players/d/doleami01.html,doleami01,1977.0,31,9
Tom Sanders*,Tom Sanders,1961,1973,F,6-Jun,210.0,11/8/1938,8/11/1938,1938,35.0,NYU,https://www.basketball-reference.com/players/s/sandeto01.html,sandeto01,1938.0,35,12
Torrey Craig,Torrey Craig,2018,2025,G-F,7-Jun,221.0,12/19/1990,19/12/1990,1990,35.0,USC Upstate,https://www.basketball-reference.com/players/c/craigto01.html,craigto01,1990.0,35,7
Michael Olowokandi,Michael Olowokandi,1999,2007,C,Jul-00,269.0,4/3/1975,3/4/1975,1975,32.0,University of the Pacific,https://www.basketball-reference.com/players/o/olowomi01.html,olowomi01,1975.0,32,8
Michael Ray Richardson,Michael Ray Richardson,1979,1986,G-F,5-Jun,189.0,4/11/1955,11/4/1955,1955,31.0,Montana,https://www.basketball-reference.com/players/r/richami01.html,richami01,1955.0,31,7
Michael Redd,Michael Redd,2001,2012,G,6-Jun,220.0,8/24/1979,24/8/1979,1979,33.0,Ohio State,https://www.basketball-reference.com/players/r/reddmi01.html,reddmi01,1979.0,33,11
Michael Ruffin,Michael Ruffin,2000,2009,F,9-Jun,246.0,1/21/1977,21/1/1977,1977,32.0,Tulsa,https://www.basketball-reference.com/players/r/ruffimi01.html,ruffimi01,1977.0,32,9
Michael Smith,Michael Smith,1990,1995,F,10-Jun,225.0,5/19/1965,19/5/1965,1965,30.0,BYU,https://www.basketball-reference.com/players/s/smithmi01.html,smithmi01,1965.0,30,5
Michael Stewart,Michael Stewart,1998,2005,C,10-Jun,230.0,4/25/1975,25/4/1975,1975,30.0,California,https://www.basketball-reference.com/players/s/stewami01.html,stewami01,1975.0,30,7
Micheal Williams,Micheal Williams,1989,1999,G,2-Jun,175.0,7/23/1966,23/7/1966,1966,33.0,Baylor,https://www.basketball-reference.com/players/w/willimi02.html,willimi02,1966.0,33,10
Mickaël Gelabale,Mickaël Gelabale,2007,2013,F,7-Jun,215.0,5/22/1983,22/5/1983,1983,30.0,,https://www.basketball-reference.com/players/g/gelabmi01.html,gelabmi01,1983.0,30,6
Mickaël Piétrus,Mickaël Piétrus,2004,2013,G-F,6-Jun,215.0,2/7/1982,7/2/1982,1982,31.0,,https://www.basketball-reference.com/players/p/pietrmi01.html,pietrmi01,1982.0,31,9
Vin Baker,Vin Baker,1994,2006,F-C,11-Jun,232.0,11/23/1971,23/11/1971,1971,35.0,University of Hartford,https://www.basketball-reference.com/players/b/bakervi01.html,bakervi01,1971.0,35,12
Mike Bantom,Mike Bantom,1974,1982,F-C,9-Jun,200.0,12/3/1951,3/12/1951,1951,31.0,Saint Joseph's,https://www.basketball-reference.com/players/b/bantomi01.html,bantomi01,1951.0,31,8
Mike Barrett,Mike Barrett,1970,1973,G,2-Jun,155.0,9/5/1943,5/9/1943,1943,30.0,West Virginia Tech,https://www.basketball-reference.com/players/b/barremi01.html,barremi01,1943.0,30,3
Walt Frazier*,Walt Frazier,1968,1980,G,4-Jun,200.0,3/29/1945,29/3/1945,1945,35.0,Southern Illinois,https://www.basketball-reference.com/players/f/fraziwa01.html,fraziwa01,1945.0,35,12
Mike Bratz,Mike Bratz,1978,1986,G,2-Jun,185.0,10/17/1955,17/10/1955,1955,31.0,Stanford,https://www.basketball-reference.com/players/b/bratzmi01.html,bratzmi01,1955.0,31,8
Walt Simon,Walt Simon,1968,1974,F-G,6-Jun,200.0,12/1/1939,1/12/1939,1939,35.0,Benedict College,https://www.basketball-reference.com/players/s/simonwa01.html,simonwa01,1939.0,35,6
Wayne Ellington,Wayne Ellington,2010,2022,G,4-Jun,207.0,11/29/1987,29/11/1987,1987,35.0,UNC,https://www.basketball-reference.com/players/e/ellinwa01.html,ellinwa01,1987.0,35,12
Wes Unseld*,Wes Unseld,1969,1981,C-F,7-Jun,245.0,3/14/1946,14/3/1946,1946,35.0,Louisville,https://www.basketball-reference.com/players/u/unselwe01.html,unselwe01,1946.0,35,12
World B. Free,World B. Free,1976,1988,G,2-Jun,185.0,12/9/1953,9/12/1953,1953,35.0,Guilford College,https://www.basketball-reference.com/players/f/freewo01.html,freewo01,1953.0,35,12
Mike Evans,Mike Evans,1980,1988,G,1-Jun,170.0,4/19/1955,19/4/1955,1955,33.0,Kansas State,https://www.basketball-reference.com/players/e/evansmi01.html,evansmi01,1955.0,33,8
Mike Farmer,Mike Farmer,1959,1966,F,7-Jun,210.0,9/26/1936,26/9/1936,1936,30.0,San Francisco,https://www.basketball-reference.com/players/f/farmemi01.html,farmemi01,1936.0,30,7
Mike Gale,Mike Gale,1972,1982,G,4-Jun,185.0,7/18/1950,18/7/1950,1950,32.0,Elizabeth City State University,https://www.basketball-reference.com/players/g/galemi01.html,galemi01,1950.0,32,10
Mike Glenn,Mike Glenn,1978,1987,G,2-Jun,175.0,9/10/1955,10/9/1955,1955,32.0,Southern Illinois,https://www.basketball-reference.com/players/g/glennmi01.html,glennmi01,1955.0,32,9
Xavier McDaniel,Xavier McDaniel,1986,1998,F,7-Jun,205.0,6/4/1963,4/6/1963,1963,35.0,Wichita State,https://www.basketball-reference.com/players/m/mcdanxa01.html,mcdanxa01,1963.0,35,12
Mike Harris,Mike Harris,2008,2014,F,6-Jun,240.0,6/15/1983,15/6/1983,1983,31.0,Rice University,https://www.basketball-reference.com/players/h/harrimi01.html,harrimi01,1983.0,31,6
Mike James,Mike James,2018,2021,G,1-Jun,189.0,8/18/1990,18/8/1990,1990,31.0,Lamar,https://www.basketball-reference.com/players/j/jamesmi02.html,jamesmi02,1990.0,31,3
Zaza Pachulia,Zaza Pachulia,2004,2019,C,11-Jun,270.0,2/10/1984,10/2/1984,1984,35.0,,https://www.basketball-reference.com/players/p/pachuza01.html,pachuza01,1984.0,35,15
Mike McGee,Mike McGee,1982,1990,G-F,5-Jun,190.0,7/29/1959,29/7/1959,1959,31.0,Michigan,https://www.basketball-reference.com/players/m/mcgeemi01.html,mcgeemi01,1959.0,31,8
Željko Rebrača,Željko Rebrača,2002,2006,C,Jul-00,257.0,4/9/1972,9/4/1972,1972,34.0,,https://www.basketball-reference.com/players/r/rebraze01.html,rebraze01,1972.0,34,4
Mike Mitchell,Mike Mitchell,1979,1988,F,7-Jun,215.0,1/1/1956,1/1/1956,1956,32.0,Auburn,https://www.basketball-reference.com/players/m/mitchmi01.html,mitchmi01,1956.0,32,9
Mike Muscala,Mike Muscala,2014,2024,F-C,10-Jun,240.0,7/1/1991,1/7/1991,1991,33.0,Bucknell,https://www.basketball-reference.com/players/m/muscami01.html,muscami01,1991.0,33,10
Mike Newlin,Mike Newlin,1972,1982,G-F,4-Jun,200.0,1/2/1949,2/1/1949,1949,33.0,Utah,https://www.basketball-reference.com/players/n/newlimi01.html,newlimi01,1949.0,33,10
Adonal Foyle,Adonal Foyle,1998,2009,C,10-Jun,250.0,3/9/1975,9/3/1975,1975,34.0,Colgate,https://www.basketball-reference.com/players/f/foylead01.html,foylead01,1975.0,34,11
Mike O'Koren,Mike O'Koren,1981,1988,F-G,7-Jun,207.0,2/7/1958,7/2/1958,1958,30.0,UNC,https://www.basketball-reference.com/players/o/okoremi01.html,okoremi01,1958.0,30,7
Mike Riordan,Mike Riordan,1969,1977,G-F,4-Jun,200.0,7/9/1945,9/7/1945,1945,32.0,Providence,https://www.basketball-reference.com/players/r/riordmi01.html,riordmi01,1945.0,32,8
Mike Sanders,Mike Sanders,1983,1993,F-G,6-Jun,210.0,5/7/1960,7/5/1960,1960,33.0,UCLA,https://www.basketball-reference.com/players/s/sandemi01.html,sandemi01,1960.0,33,10
Mike Scott,Mike Scott,2013,2021,F,7-Jun,237.0,7/16/1988,16/7/1988,1988,33.0,Virginia,https://www.basketball-reference.com/players/s/scottmi01.html,scottmi01,1988.0,33,8
Mike Smrek,Mike Smrek,1986,1992,C,Jul-00,250.0,8/31/1962,31/8/1962,1962,30.0,Canisius,https://www.basketball-reference.com/players/s/smrekmi01.html,smrekmi01,1962.0,30,6
Mike Wilks,Mike Wilks,2003,2010,G,10-May,185.0,5/7/1979,7/5/1979,1979,31.0,Rice University,https://www.basketball-reference.com/players/w/wilksmi01.html,wilksmi01,1979.0,31,7
Mike Woodson,Mike Woodson,1981,1991,G-F,5-Jun,195.0,3/24/1958,24/3/1958,1958,33.0,Indiana,https://www.basketball-reference.com/players/w/woodsmi01.html,woodsmi01,1958.0,33,10
Adrian Griffin,Adrian Griffin,2000,2008,G-F,5-Jun,217.0,7/4/1974,4/7/1974,1974,34.0,Seton Hall,https://www.basketball-reference.com/players/g/griffad01.html,griffad01,1974.0,34,8
Miles Plumlee,Miles Plumlee,2013,2019,C-F,11-Jun,249.0,9/1/1988,1/9/1988,1988,31.0,Duke,https://www.basketball-reference.com/players/p/plumlmi01.html,plumlmi01,1988.0,31,6
Milt Williams,Milt Williams,1971,1975,G,2-Jun,182.0,11/22/1945,22/11/1945,1945,30.0,Lincoln University of Missouri,https://www.basketball-reference.com/players/w/willimi01.html,willimi01,1945.0,30,4
Mirza Teletović,Mirza Teletović,2013,2018,F,9-Jun,242.0,9/18/1985,18/9/1985,1985,33.0,,https://www.basketball-reference.com/players/t/teletmi01.html,teletmi01,1985.0,33,5
Mitch Kupchak,Mitch Kupchak,1977,1986,F-C,9-Jun,230.0,5/24/1954,24/5/1954,1954,32.0,UNC,https://www.basketball-reference.com/players/k/kupchmi01.html,kupchmi01,1954.0,32,9
Al Bianchi,Al Bianchi,1957,1966,G,3-Jun,185.0,3/26/1932,26/3/1932,1932,34.0,Bowling Green,https://www.basketball-reference.com/players/b/biancal01.html,biancal01,1932.0,34,9
Al Harrington,Al Harrington,1999,2014,F,9-Jun,230.0,2/17/1980,17/2/1980,1980,34.0,,https://www.basketball-reference.com/players/h/harrial01.html,harrial01,1980.0,34,15
Mitchell Wiggins,Mitchell Wiggins,1984,1992,G,4-Jun,185.0,9/28/1959,28/9/1959,1959,33.0,"Clemson, Florida State",https://www.basketball-reference.com/players/w/wiggimi01.html,wiggimi01,1959.0,33,8
Mo Layton,Mo Layton,1972,1978,G,1-Jun,180.0,12/24/1948,24/12/1948,1948,30.0,"Phoenix College, USC",https://www.basketball-reference.com/players/l/laytomo01.html,laytomo01,1948.0,30,6
Alec Burks,Alec Burks,2012,2025,G,6-Jun,214.0,7/20/1991,20/7/1991,1991,34.0,Colorado,https://www.basketball-reference.com/players/b/burksal01.html,burksal01,1991.0,34,13
Monta Ellis,Monta Ellis,2006,2017,G,3-Jun,185.0,10/26/1985,26/10/1985,1985,32.0,,https://www.basketball-reference.com/players/e/ellismo01.html,ellismo01,1985.0,32,11
Monte Morris,Monte Morris,2018,2025,G,2-Jun,183.0,6/27/1995,27/6/1995,1995,30.0,Iowa State,https://www.basketball-reference.com/players/m/morrimo01.html,morrimo01,1995.0,30,7
Monty Williams,Monty Williams,1995,2003,F,8-Jun,225.0,10/8/1971,8/10/1971,1971,32.0,Notre Dame,https://www.basketball-reference.com/players/w/willimo01.html,willimo01,1971.0,32,8
Moochie Norris,Moochie Norris,1997,2006,G,1-Jun,175.0,7/27/1973,27/7/1973,1973,33.0,"Auburn, University of West Florida",https://www.basketball-reference.com/players/n/norrimo01.html,norrimo01,1973.0,33,9
Alex Hannum*,Alex Hannum,1950,1957,F-C,7-Jun,210.0,7/19/1923,19/7/1923,1923,34.0,USC,https://www.basketball-reference.com/players/h/hannual01.html,hannual01,1923.0,34,7
Allan Houston,Allan Houston,1994,2005,G,6-Jun,200.0,4/20/1971,20/4/1971,1971,34.0,Tennessee,https://www.basketball-reference.com/players/h/houstal01.html,houstal01,1971.0,34,11
Alvan Adams,Alvan Adams,1976,1988,C-F,9-Jun,210.0,7/19/1954,19/7/1954,1954,34.0,Oklahoma,https://www.basketball-reference.com/players/a/adamsal01.html,adamsal01,1954.0,34,12
Alvin Robertson,Alvin Robertson,1985,1996,G,4-Jun,185.0,7/22/1962,22/7/1962,1962,34.0,Arkansas,https://www.basketball-reference.com/players/r/roberal01.html,roberal01,1962.0,34,11
Mustafa Shakur,Mustafa Shakur,2011,2014,G,3-Jun,190.0,8/18/1984,18/8/1984,1984,30.0,Arizona,https://www.basketball-reference.com/players/s/shakumu01.html,shakumu01,1984.0,30,3
Amar'e Stoudemire,Amar'e Stoudemire,2003,2016,F-C,10-Jun,245.0,11/16/1982,16/11/1982,1982,34.0,,https://www.basketball-reference.com/players/s/stoudam01.html,stoudam01,1982.0,34,13
Andrei Kirilenko,Andrei Kirilenko,2002,2015,F,9-Jun,220.0,2/18/1981,18/2/1981,1981,34.0,,https://www.basketball-reference.com/players/k/kirilan01.html,kirilan01,1981.0,34,13
Andrew Gaze,Andrew Gaze,1994,1999,G,7-Jun,205.0,7/24/1965,24/7/1965,1965,34.0,Seton Hall,https://www.basketball-reference.com/players/g/gazean01.html,gazean01,1965.0,34,5
Nate Robinson,Nate Robinson,2006,2016,G,9-May,180.0,5/31/1984,31/5/1984,1984,32.0,Washington,https://www.basketball-reference.com/players/r/robinna01.html,robinna01,1984.0,32,10
Andrew Lang,Andrew Lang,1989,2000,C,11-Jun,245.0,6/28/1966,28/6/1966,1966,34.0,Arkansas,https://www.basketball-reference.com/players/l/langan01.html,langan01,1966.0,34,11
Anthony Miller,Anthony Miller,1995,2005,F,9-Jun,225.0,10/22/1971,22/10/1971,1971,34.0,Michigan State,https://www.basketball-reference.com/players/m/millean01.html,millean01,1971.0,34,10
Negele Knight,Negele Knight,1991,1999,G,1-Jun,175.0,3/6/1967,6/3/1967,1967,32.0,Dayton,https://www.basketball-reference.com/players/k/knighne01.html,knighne01,1967.0,32,8
Neil Johnson,Neil Johnson,1967,1973,F-C,7-Jun,220.0,4/17/1943,17/4/1943,1943,30.0,"Tulsa, Creighton",https://www.basketball-reference.com/players/j/johnsne02.html,johnsne02,1943.0,30,6
Neil Johnston*,Neil Johnston,1952,1959,C,8-Jun,210.0,2/4/1929,4/2/1929,1929,30.0,Ohio State,https://www.basketball-reference.com/players/j/johnsne01.html,johnsne01,1929.0,30,7
Arnie Risen*,Arnie Risen,1949,1958,C-F,9-Jun,200.0,10/9/1924,9/10/1924,1924,34.0,"Eastern Kentucky University, Ohio State",https://www.basketball-reference.com/players/r/risenar01.html,risenar01,1924.0,34,9
Austin Croshere,Austin Croshere,1998,2009,F,9-Jun,235.0,5/1/1975,1/5/1975,1975,34.0,Providence,https://www.basketball-reference.com/players/c/croshau01.html,croshau01,1975.0,34,11
Bailey Howell*,Bailey Howell,1960,1971,F,7-Jun,210.0,1/20/1937,20/1/1937,1937,34.0,Mississippi State,https://www.basketball-reference.com/players/h/howelba01.html,howelba01,1937.0,34,11
Belus Smawley,Belus Smawley,1947,1952,G-F,1-Jun,195.0,3/20/1918,20/3/1918,1918,34.0,Appalachian State University,https://www.basketball-reference.com/players/s/smawlbe01.html,smawlbe01,1918.0,34,5
Ben Warley,Ben Warley,1963,1970,F-G,5-Jun,200.0,9/4/1936,4/9/1936,1936,34.0,Tennessee State,https://www.basketball-reference.com/players/w/warlebe01.html,warlebe01,1936.0,34,7
Nick Weatherspoon,Nick Weatherspoon,1974,1980,F,7-Jun,195.0,7/20/1950,20/7/1950,1950,30.0,Illinois,https://www.basketball-reference.com/players/w/weathni01.html,weathni01,1950.0,30,6
Bill Bradley*,Bill Bradley,1968,1977,F-G,5-Jun,205.0,7/28/1943,28/7/1943,1943,34.0,Princeton,https://www.basketball-reference.com/players/b/bradlbi01.html,bradlbi01,1943.0,34,9
Bingo Smith,Bingo Smith,1970,1980,F-G,5-Jun,195.0,2/26/1946,26/2/1946,1946,34.0,Tulsa,https://www.basketball-reference.com/players/s/smithbi02.html,smithbi02,1946.0,34,10
Nikola Jokić,Nikola Jokić,2016,2025,C-F,11-Jun,284.0,2/19/1995,19/2/1995,1995,30.0,,https://www.basketball-reference.com/players/j/jokicni01.html,jokicni01,1995.0,30,9
Nikola Peković,Nikola Peković,2011,2016,C,11-Jun,307.0,1/3/1986,3/1/1986,1986,30.0,,https://www.basketball-reference.com/players/p/pekovni01.html,pekovni01,1986.0,30,5
Blake Griffin,Blake Griffin,2011,2023,F-C,9-Jun,250.0,3/16/1989,16/3/1989,1989,34.0,Oklahoma,https://www.basketball-reference.com/players/g/griffbl01.html,griffbl01,1989.0,34,12
Blue Edwards,Blue Edwards,1990,1999,G-F,4-Jun,200.0,10/31/1965,31/10/1965,1965,34.0,East Carolina University,https://www.basketball-reference.com/players/e/edwarbl01.html,edwarbl01,1965.0,34,9
Norm Van Lier,Norm Van Lier,1970,1979,G,1-Jun,173.0,4/1/1947,1/4/1947,1947,32.0,Saint Francis University,https://www.basketball-reference.com/players/v/vanlino01.html,vanlino01,1947.0,32,9
Norman Powell,Norman Powell,2016,2025,G,3-Jun,215.0,5/25/1993,25/5/1993,1993,32.0,UCLA,https://www.basketball-reference.com/players/p/powelno01.html,powelno01,1993.0,32,9
Obinna Ekezie,Obinna Ekezie,2000,2005,F-C,9-Jun,270.0,8/22/1975,22/8/1975,1975,30.0,Maryland,https://www.basketball-reference.com/players/e/ekeziob01.html,ekeziob01,1975.0,30,5
Odie Spears,Odie Spears,1949,1957,G,5-Jun,205.0,6/17/1924,17/6/1924,1924,33.0,Western Kentucky,https://www.basketball-reference.com/players/s/spearod01.html,spearod01,1924.0,33,8
Bob Boozer,Bob Boozer,1961,1971,F,8-Jun,215.0,4/26/1937,26/4/1937,1937,34.0,Kansas State,https://www.basketball-reference.com/players/b/boozebo01.html,boozebo01,1937.0,34,10
Bob McCann,Bob McCann,1990,1998,F,6-Jun,244.0,4/22/1964,22/4/1964,1964,34.0,"Upsala College, Morehead State University",https://www.basketball-reference.com/players/m/mccanbo01.html,mccanbo01,1964.0,34,8
Ollie Johnson,Ollie Johnson,1973,1982,F,6-Jun,200.0,5/11/1949,11/5/1949,1949,33.0,Temple,https://www.basketball-reference.com/players/j/johnsol01.html,johnsol01,1949.0,33,9
Omri Casspi,Omri Casspi,2010,2019,F,9-Jun,225.0,6/22/1988,22/6/1988,1988,31.0,,https://www.basketball-reference.com/players/c/casspom01.html,casspom01,1988.0,31,9
Bob Netolicky,Bob Netolicky,1968,1976,F-C,9-Jun,220.0,8/2/1942,2/8/1942,1942,34.0,Drake University,https://www.basketball-reference.com/players/n/netolbo01.html,netolbo01,1942.0,34,8
Bob Thornton,Bob Thornton,1986,1996,F-C,10-Jun,225.0,7/10/1962,10/7/1962,1962,34.0,"University of California, Irvine",https://www.basketball-reference.com/players/t/thornbo01.html,thornbo01,1962.0,34,10
Bobby Brown,Bobby Brown,2009,2018,G,2-Jun,175.0,9/24/1984,24/9/1984,1984,34.0,Cal State Fullerton,https://www.basketball-reference.com/players/b/brownbo02.html,brownbo02,1984.0,34,9
Brad Lohaus,Brad Lohaus,1988,1998,F-C,11-Jun,230.0,9/29/1964,29/9/1964,1964,34.0,Iowa,https://www.basketball-reference.com/players/l/lohaubr01.html,lohaubr01,1964.0,34,10
Brent Price,Brent Price,1993,2002,G,1-Jun,165.0,12/9/1968,9/12/1968,1968,34.0,"South Carolina, Oklahoma",https://www.basketball-reference.com/players/p/pricebr01.html,pricebr01,1968.0,34,9
Otto Moore,Otto Moore,1969,1977,C-F,11-Jun,205.0,8/27/1946,27/8/1946,1946,31.0,University of Texas Rio Grande Valley,https://www.basketball-reference.com/players/m/mooreot01.html,mooreot01,1946.0,31,8
Otto Porter Jr.,Otto Porter Jr.,2014,2024,F,8-Jun,198.0,6/3/1993,3/6/1993,1993,31.0,Georgetown,https://www.basketball-reference.com/players/p/porteot01.html,porteot01,1993.0,31,10
Brevin Knight,Brevin Knight,1998,2009,G,10-May,173.0,11/8/1975,8/11/1975,1975,34.0,Stanford,https://www.basketball-reference.com/players/k/knighbr01.html,knighbr01,1975.0,34,11
Brian Grant,Brian Grant,1995,2006,F,9-Jun,254.0,3/5/1972,5/3/1972,1972,34.0,Xavier,https://www.basketball-reference.com/players/g/grantbr01.html,grantbr01,1972.0,34,11
Pétur Guðmundsson,Pétur Guðmundsson,1982,1989,C,2-Jul,260.0,10/30/1958,30/10/1958,1958,31.0,Washington,https://www.basketball-reference.com/players/g/gudmupe01.html,gudmupe01,1958.0,31,7
Brian Scalabrine,Brian Scalabrine,2002,2012,F,9-Jun,241.0,3/18/1978,18/3/1978,1978,34.0,USC,https://www.basketball-reference.com/players/s/scalabr01.html,scalabr01,1978.0,34,10
Pascal Siakam,Pascal Siakam,2017,2025,F-C,8-Jun,230.0,4/2/1994,2/4/1994,1994,31.0,New Mexico State,https://www.basketball-reference.com/players/s/siakapa01.html,siakapa01,1994.0,31,8
Carlos Boozer,Carlos Boozer,2003,2015,F-C,9-Jun,258.0,11/20/1981,20/11/1981,1981,34.0,Duke,https://www.basketball-reference.com/players/b/boozeca01.html,boozeca01,1981.0,34,12
Pat Connaughton,Pat Connaughton,2016,2025,G,5-Jun,209.0,1/6/1993,6/1/1993,1993,32.0,Notre Dame,https://www.basketball-reference.com/players/c/connapa01.html,connapa01,1993.0,32,9
Cazzie Russell,Cazzie Russell,1967,1978,F-G,5-Jun,218.0,6/7/1944,7/6/1944,1944,34.0,Michigan,https://www.basketball-reference.com/players/r/russeca01.html,russeca01,1944.0,34,11
Pat Garrity,Pat Garrity,1999,2008,F,9-Jun,238.0,8/23/1976,23/8/1976,1976,32.0,Notre Dame,https://www.basketball-reference.com/players/g/garripa01.html,garripa01,1976.0,32,9
Pat Riley*,Pat Riley,1968,1976,G-F,4-Jun,205.0,3/20/1945,20/3/1945,1945,31.0,Kentucky,https://www.basketball-reference.com/players/r/rileypa01.html,rileypa01,1945.0,31,8
Chris Kaman,Chris Kaman,2004,2016,C,Jul-00,265.0,4/28/1982,28/4/1982,1982,34.0,Central Michigan University,https://www.basketball-reference.com/players/k/kamanch01.html,kamanch01,1982.0,34,12
Chucky Brown,Chucky Brown,1990,2002,F,7-Jun,214.0,2/29/1968,29/2/1968,1968,34.0,NC State,https://www.basketball-reference.com/players/b/brownch01.html,brownch01,1968.0,34,12
Patrick Patterson,Patrick Patterson,2011,2021,F,8-Jun,235.0,3/14/1989,14/3/1989,1989,32.0,Kentucky,https://www.basketball-reference.com/players/p/pattepa01.html,pattepa01,1989.0,32,10
CJ McCollum,CJ McCollum,2014,2025,G,3-Jun,190.0,9/19/1991,19/9/1991,1991,34.0,Lehigh,https://www.basketball-reference.com/players/m/mccolcj01.html,mccolcj01,1991.0,34,11
Cliff Levingston,Cliff Levingston,1983,1995,F,8-Jun,210.0,1/4/1961,4/1/1961,1961,34.0,Wichita State,https://www.basketball-reference.com/players/l/levincl01.html,levincl01,1961.0,34,12
Connie Hawkins*,Connie Hawkins,1968,1976,F-C,8-Jun,210.0,7/17/1942,17/7/1942,1942,34.0,Iowa,https://www.basketball-reference.com/players/h/hawkico01.html,hawkico01,1942.0,34,8
Corey Brewer,Corey Brewer,2008,2020,F-G,9-Jun,186.0,3/5/1986,5/3/1986,1986,34.0,Florida,https://www.basketball-reference.com/players/b/breweco01.html,breweco01,1986.0,34,12
Paul Grant,Paul Grant,1999,2004,C,Jul-00,245.0,1/6/1974,6/1/1974,1974,30.0,"Boston College, Wisconsin",https://www.basketball-reference.com/players/g/grantpa01.html,grantpa01,1974.0,30,5
Paul Hoffman,Paul Hoffman,1948,1955,G-F,2-Jun,195.0,5/5/1925,5/5/1925,1925,30.0,Purdue,https://www.basketball-reference.com/players/h/hoffmpa01.html,hoffmpa01,1925.0,30,7
Corey Maggette,Corey Maggette,2000,2013,F,6-Jun,218.0,11/12/1979,12/11/1979,1979,34.0,Duke,https://www.basketball-reference.com/players/m/maggeco01.html,maggeco01,1979.0,34,13
Corliss Williamson,Corliss Williamson,1996,2007,F,7-Jun,245.0,12/4/1973,4/12/1973,1973,34.0,Arkansas,https://www.basketball-reference.com/players/w/willico02.html,willico02,1973.0,34,11
Cory Joseph,Cory Joseph,2012,2025,G,2-Jun,200.0,8/20/1991,20/8/1991,1991,34.0,Texas,https://www.basketball-reference.com/players/j/josepco01.html,josepco01,1991.0,34,13
Cuttino Mobley,Cuttino Mobley,1999,2009,G,4-Jun,190.0,9/1/1975,1/9/1975,1975,34.0,Rhode Island,https://www.basketball-reference.com/players/m/moblecu01.html,moblecu01,1975.0,34,10
Paul Seymour,Paul Seymour,1948,1960,G-F,1-Jun,180.0,1/30/1928,30/1/1928,1928,32.0,Toledo,https://www.basketball-reference.com/players/s/seymopa01.html,seymopa01,1928.0,32,12
Dan Gadzuric,Dan Gadzuric,2003,2012,C,11-Jun,240.0,2/2/1978,2/2/1978,1978,34.0,UCLA,https://www.basketball-reference.com/players/g/gadzuda01.html,gadzuda01,1978.0,34,9
Dan Roundfield,Dan Roundfield,1976,1987,F-C,8-Jun,205.0,5/26/1953,26/5/1953,1953,34.0,Central Michigan University,https://www.basketball-reference.com/players/r/roundda01.html,roundda01,1953.0,34,11
Darrall Imhoff,Darrall Imhoff,1961,1972,C,10-Jun,220.0,10/11/1938,11/10/1938,1938,34.0,California,https://www.basketball-reference.com/players/i/imhofda01.html,imhofda01,1938.0,34,11
Pep Saul,Pep Saul,1950,1955,G-F,2-Jun,185.0,2/16/1924,16/2/1924,1924,31.0,Seton Hall,https://www.basketball-reference.com/players/s/saulpe01.html,saulpe01,1924.0,31,5
Dave DeBusschere*,Dave DeBusschere,1963,1974,F-G,6-Jun,220.0,10/16/1940,16/10/1940,1940,34.0,Detroit Mercy,https://www.basketball-reference.com/players/d/debusda01.html,debusda01,1940.0,34,11
Pete Chilcutt,Pete Chilcutt,1992,2000,F-C,10-Jun,230.0,9/14/1968,14/9/1968,1968,32.0,UNC,https://www.basketball-reference.com/players/c/chilcpe01.html,chilcpe01,1968.0,32,8
Pete Maravich*,Pete Maravich,1971,1980,G,5-Jun,197.0,6/22/1947,22/6/1947,1947,33.0,LSU,https://www.basketball-reference.com/players/m/maravpe01.html,maravpe01,1947.0,33,9
Dave Greenwood,Dave Greenwood,1980,1991,F-C,9-Jun,222.0,5/27/1957,27/5/1957,1957,34.0,UCLA,https://www.basketball-reference.com/players/g/greenda01.html,greenda01,1957.0,34,11
Phil Chenier,Phil Chenier,1972,1981,G,3-Jun,180.0,10/30/1950,30/10/1950,1950,31.0,California,https://www.basketball-reference.com/players/c/cheniph01.html,cheniph01,1950.0,31,9
Phil Hubbard,Phil Hubbard,1980,1989,F-C,8-Jun,215.0,12/13/1956,13/12/1956,1956,33.0,Michigan,https://www.basketball-reference.com/players/h/hubbaph01.html,hubbaph01,1956.0,33,9
Dave Stallworth,Dave Stallworth,1966,1975,F-C,7-Jun,200.0,12/20/1941,20/12/1941,1941,34.0,Wichita State,https://www.basketball-reference.com/players/s/stallda01.html,stallda01,1941.0,34,9
Phil Jordon,Phil Jordon,1957,1963,C-F,10-Jun,205.0,9/12/1933,12/9/1933,1933,30.0,Whitworth,https://www.basketball-reference.com/players/j/jordoph01.html,jordoph01,1933.0,30,6
Phil Smith,Phil Smith,1975,1983,G,4-Jun,185.0,4/22/1952,22/4/1952,1952,31.0,San Francisco,https://www.basketball-reference.com/players/s/smithph01.html,smithph01,1952.0,31,8
Pooh Richardson,Pooh Richardson,1990,1999,G,1-Jun,180.0,5/14/1966,14/5/1966,1966,33.0,UCLA,https://www.basketball-reference.com/players/r/richapo01.html,richapo01,1966.0,33,9
David Lee,David Lee,2006,2017,F-C,9-Jun,245.0,4/29/1983,29/4/1983,1983,34.0,Florida,https://www.basketball-reference.com/players/l/leeda02.html,leeda02,1983.0,34,11
Predrag Drobnjak,Predrag Drobnjak,2002,2005,C,11-Jun,270.0,10/27/1975,27/10/1975,1975,30.0,,https://www.basketball-reference.com/players/d/drobnpr01.html,drobnpr01,1975.0,30,3
Primož Brezec,Primož Brezec,2002,2010,C,2-Jul,252.0,10/2/1979,2/10/1979,1979,31.0,,https://www.basketball-reference.com/players/b/brezepr01.html,brezepr01,1979.0,31,8
Purvis Short,Purvis Short,1979,1990,F-G,7-Jun,210.0,7/2/1957,2/7/1957,1957,33.0,Jackson State University,https://www.basketball-reference.com/players/s/shortpu01.html,shortpu01,1957.0,33,11
Quentin Richardson,Quentin Richardson,2001,2013,G-F,6-Jun,223.0,4/13/1980,13/4/1980,1980,33.0,DePaul,https://www.basketball-reference.com/players/r/richaqu01.html,richaqu01,1980.0,33,12
Quincy Pondexter,Quincy Pondexter,2011,2019,G-F,7-Jun,230.0,3/10/1988,10/3/1988,1988,31.0,Washington,https://www.basketball-reference.com/players/p/pondequ01.html,pondequ01,1988.0,31,8
Quinn Buckner,Quinn Buckner,1977,1986,G,3-Jun,190.0,8/20/1954,20/8/1954,1954,32.0,Indiana,https://www.basketball-reference.com/players/b/bucknqu01.html,bucknqu01,1954.0,32,9
Quintin Dailey,Quintin Dailey,1983,1992,G,3-Jun,180.0,1/22/1961,22/1/1961,1961,31.0,San Francisco,https://www.basketball-reference.com/players/d/dailequ01.html,dailequ01,1961.0,31,9
Quinton Ross,Quinton Ross,2005,2011,G,6-Jun,195.0,4/30/1981,30/4/1981,1981,30.0,SMU,https://www.basketball-reference.com/players/r/rossqu01.html,rossqu01,1981.0,30,6
Raef LaFrentz,Raef LaFrentz,1999,2008,F-C,11-Jun,240.0,5/29/1976,29/5/1976,1976,32.0,Kansas,https://www.basketball-reference.com/players/l/lafrera01.html,lafrera01,1976.0,32,9
Rafael Addison,Rafael Addison,1987,1997,F-G,7-Jun,215.0,7/22/1964,22/7/1964,1964,33.0,Syracuse,https://www.basketball-reference.com/players/a/addisra01.html,addisra01,1964.0,33,10
Dee Brown,Dee Brown,1991,2002,G,1-Jun,160.0,11/29/1968,29/11/1968,1968,34.0,Jacksonville University,https://www.basketball-reference.com/players/b/brownde01.html,brownde01,1968.0,34,11
DeMarre Carroll,DeMarre Carroll,2010,2020,F,6-Jun,215.0,7/27/1986,27/7/1986,1986,34.0,"Vanderbilt, Missouri",https://www.basketball-reference.com/players/c/carrode01.html,carrode01,1986.0,34,10
Dennis Awtrey,Dennis Awtrey,1971,1982,C,10-Jun,235.0,2/22/1948,22/2/1948,1948,34.0,Santa Clara,https://www.basketball-reference.com/players/a/awtrede01.html,awtrede01,1948.0,34,11
Ralph Johnson,Ralph Johnson,1950,1953,G,11-May,170.0,12/6/1921,6/12/1921,1921,32.0,Huntington University,https://www.basketball-reference.com/players/j/johnsra01.html,johnsra01,1921.0,32,3
Ralph Sampson*,Ralph Sampson,1984,1992,C-F,4-Jul,228.0,7/7/1960,7/7/1960,1960,32.0,Virginia,https://www.basketball-reference.com/players/s/sampsra01.html,sampsra01,1960.0,32,8
Ralph Simpson,Ralph Simpson,1971,1980,G-F,5-Jun,200.0,8/10/1949,10/8/1949,1949,31.0,Michigan State,https://www.basketball-reference.com/players/s/simpsra01.html,simpsra01,1949.0,31,9
Ramon Sessions,Ramon Sessions,2008,2018,G,3-Jun,190.0,4/11/1986,11/4/1986,1986,32.0,Nevada,https://www.basketball-reference.com/players/s/sessira01.html,sessira01,1986.0,32,10
Randolph Keys,Randolph Keys,1989,1996,F-G,7-Jun,195.0,4/19/1966,19/4/1966,1966,30.0,Southern Miss,https://www.basketball-reference.com/players/k/keysra01.html,keysra01,1966.0,30,7
Derek Anderson,Derek Anderson,1998,2008,G,5-Jun,194.0,7/18/1974,18/7/1974,1974,34.0,"Ohio State, Kentucky",https://www.basketball-reference.com/players/a/anderde01.html,anderde01,1974.0,34,10
Dewayne Dedmon,Dewayne Dedmon,2014,2023,C,Jul-00,245.0,8/12/1989,12/8/1989,1989,34.0,USC,https://www.basketball-reference.com/players/d/dedmode01.html,dedmode01,1989.0,34,9
Dick McGuire*,Dick McGuire,1950,1960,G,Jun-00,180.0,1/25/1926,25/1/1926,1926,34.0,"St. John's, Dartmouth College",https://www.basketball-reference.com/players/m/mcguidi01.html,mcguidi01,1926.0,34,10
Randy Livingston,Randy Livingston,1997,2007,G,4-Jun,209.0,4/2/1975,2/4/1975,1975,32.0,LSU,https://www.basketball-reference.com/players/l/livinra01.html,livinra01,1975.0,32,10
Dick Van Arsdale,Dick Van Arsdale,1966,1977,G-F,5-Jun,210.0,2/22/1943,22/2/1943,1943,34.0,Indiana,https://www.basketball-reference.com/players/v/vanardi01.html,vanardi01,1943.0,34,11
Randy Wittman,Randy Wittman,1984,1992,G-F,6-Jun,210.0,10/28/1959,28/10/1959,1959,33.0,Indiana,https://www.basketball-reference.com/players/w/wittmra01.html,wittmra01,1959.0,33,8
Don Chaney,Don Chaney,1969,1980,G,5-Jun,210.0,3/22/1946,22/3/1946,1946,34.0,Houston,https://www.basketball-reference.com/players/c/chanedo01.html,chanedo01,1946.0,34,11
Don Ohl,Don Ohl,1961,1970,G,3-Jun,190.0,4/18/1936,18/4/1936,1936,34.0,Illinois,https://www.basketball-reference.com/players/o/ohldo01.html,ohldo01,1936.0,34,9
Doug Moe,Doug Moe,1968,1972,F-G,5-Jun,215.0,9/21/1938,21/9/1938,1938,34.0,UNC,https://www.basketball-reference.com/players/m/moedo01.html,moedo01,1938.0,34,4
Doug West,Doug West,1990,2001,G-F,6-Jun,200.0,5/27/1967,27/5/1967,1967,34.0,Villanova,https://www.basketball-reference.com/players/w/westdo01.html,westdo01,1967.0,34,11
Raul Neto,Raul Neto,2016,2023,G,1-Jun,180.0,5/19/1992,19/5/1992,1992,31.0,,https://www.basketball-reference.com/players/n/netora01.html,netora01,1992.0,31,7
Duane Ferrell,Duane Ferrell,1989,1999,F-G,7-Jun,209.0,2/28/1965,28/2/1965,1965,34.0,Georgia Tech,https://www.basketball-reference.com/players/f/ferredu01.html,ferredu01,1965.0,34,10
Ray Felix,Ray Felix,1954,1962,C,11-Jun,220.0,12/10/1930,10/12/1930,1930,32.0,Long Island University,https://www.basketball-reference.com/players/f/felixra01.html,felixra01,1930.0,32,8
Ray Lumpp,Ray Lumpp,1949,1953,G,1-Jun,178.0,7/11/1923,11/7/1923,1923,30.0,NYU,https://www.basketball-reference.com/players/l/lumppra01.html,lumppra01,1923.0,30,4
Dwight Powell,Dwight Powell,2015,2025,F-C,10-Jun,240.0,7/20/1991,20/7/1991,1991,34.0,Stanford,https://www.basketball-reference.com/players/p/poweldw01.html,poweldw01,1991.0,34,10
Ray Tolbert,Ray Tolbert,1982,1989,F,9-Jun,225.0,9/10/1958,10/9/1958,1958,31.0,Indiana,https://www.basketball-reference.com/players/t/tolbera01.html,tolbera01,1958.0,31,7
Ray Williams,Ray Williams,1978,1987,G,3-Jun,188.0,10/14/1954,14/10/1954,1954,33.0,Minnesota,https://www.basketball-reference.com/players/w/willira01.html,willira01,1954.0,33,9
Earl Barron,Earl Barron,2006,2015,C,Jul-00,250.0,8/14/1981,14/8/1981,1981,34.0,Memphis,https://www.basketball-reference.com/players/b/barroea01.html,barroea01,1981.0,34,9
Ed Pinckney,Ed Pinckney,1986,1997,F,9-Jun,195.0,3/27/1963,27/3/1963,1963,34.0,Villanova,https://www.basketball-reference.com/players/p/pincked01.html,pincked01,1963.0,34,11
Em Bryant,Em Bryant,1965,1972,G,1-Jun,175.0,11/4/1938,4/11/1938,1938,34.0,DePaul,https://www.basketball-reference.com/players/b/bryanem01.html,bryanem01,1938.0,34,7
Red Robbins,Red Robbins,1968,1975,F-C,8-Jun,190.0,9/30/1944,30/9/1944,1944,31.0,"Chipola College, Tennessee",https://www.basketball-reference.com/players/r/robbire01.html,robbire01,1944.0,31,7
Ersan İlyasova,Ersan İlyasova,2007,2021,F,9-Jun,235.0,5/15/1987,15/5/1987,1987,34.0,,https://www.basketball-reference.com/players/i/ilyaser01.html,ilyaser01,1987.0,34,14
Reggie Bullock,Reggie Bullock,2014,2024,G-F,6-Jun,205.0,3/16/1991,16/3/1991,1991,33.0,UNC,https://www.basketball-reference.com/players/b/bullore01.html,bullore01,1991.0,33,10
Fat Lever,Fat Lever,1983,1994,G,3-Jun,170.0,8/18/1960,18/8/1960,1960,34.0,Arizona State,https://www.basketball-reference.com/players/l/leverfa01.html,leverfa01,1960.0,34,11
Felton Spencer,Felton Spencer,1991,2002,C,Jul-00,265.0,1/15/1968,15/1/1968,1968,34.0,Louisville,https://www.basketball-reference.com/players/s/spencfe01.html,spencfe01,1968.0,34,11
Reggie Jordan,Reggie Jordan,1994,2000,G,4-Jun,195.0,1/26/1968,26/1/1968,1968,32.0,New Mexico State,https://www.basketball-reference.com/players/j/jordare01.html,jordare01,1968.0,32,6
Francisco García,Francisco García,2006,2015,F-G,7-Jun,195.0,12/31/1981,31/12/1981,1981,34.0,Louisville,https://www.basketball-reference.com/players/g/garcifr01.html,garcifr01,1981.0,34,9
Reggie Slater,Reggie Slater,1995,2003,F,7-Jun,215.0,8/27/1970,27/8/1970,1970,33.0,Wyoming,https://www.basketball-reference.com/players/s/slatere01.html,slatere01,1970.0,33,8
Freddie Lewis,Freddie Lewis,1967,1977,G,Jun-00,175.0,7/1/1943,1/7/1943,1943,34.0,"Eastern Arizona College, Arizona State",https://www.basketball-reference.com/players/l/lewisfr02.html,lewisfr02,1943.0,34,10
Reggie Williams,Reggie Williams,2010,2017,F,6-Jun,205.0,9/14/1986,14/9/1986,1986,31.0,Virginia Military Institute,https://www.basketball-reference.com/players/w/willire02.html,willire02,1986.0,31,7
Reggie Williams,Reggie Williams,1988,1997,F-G,7-Jun,190.0,3/5/1964,5/3/1964,1964,33.0,Georgetown,https://www.basketball-reference.com/players/w/willire01.html,willire01,1964.0,33,9
Rex Chapman,Rex Chapman,1989,2000,G,4-Jun,185.0,10/5/1967,5/10/1967,1967,33.0,Kentucky,https://www.basketball-reference.com/players/c/chapmre01.html,chapmre01,1967.0,33,11
Rex Walters,Rex Walters,1994,2000,G,4-Jun,190.0,3/12/1970,12/3/1970,1970,30.0,"Northwestern, Kansas",https://www.basketball-reference.com/players/w/waltere01.html,waltere01,1970.0,30,6
Rich Jones,Rich Jones,1970,1977,F-C,6-Jun,220.0,12/27/1946,27/12/1946,1946,31.0,"Illinois, Memphis",https://www.basketball-reference.com/players/j/jonesri01.html,jonesri01,1946.0,31,7
Rich Kelley,Rich Kelley,1976,1986,C-F,Jul-00,235.0,3/23/1953,23/3/1953,1953,33.0,Stanford,https://www.basketball-reference.com/players/k/kelleri01.html,kelleri01,1953.0,33,10
Richard Anderson,Richard Anderson,1983,1990,F-C,10-Jun,240.0,11/19/1960,19/11/1960,1960,30.0,UC Santa Barbara,https://www.basketball-reference.com/players/a/anderri01.html,anderri01,1960.0,30,7
Gene Conley,Gene Conley,1953,1964,C-F,8-Jun,225.0,11/10/1930,10/11/1930,1930,34.0,Washington State,https://www.basketball-reference.com/players/c/conlege01.html,conlege01,1930.0,34,11
George Gervin*,George Gervin,1973,1986,G-F,7-Jun,180.0,4/27/1952,27/4/1952,1952,34.0,Eastern Michigan,https://www.basketball-reference.com/players/g/gervige01.html,gervige01,1952.0,34,13
Richaun Holmes,Richaun Holmes,2016,2025,C-F,10-Jun,235.0,10/15/1993,15/10/1993,1993,32.0,Bowling Green,https://www.basketball-reference.com/players/h/holmeri01.html,holmeri01,1993.0,32,9
Richie Frahm,Richie Frahm,2004,2008,G,5-Jun,210.0,8/14/1977,14/8/1977,1977,31.0,Gonzaga,https://www.basketball-reference.com/players/f/frahmri01.html,frahmri01,1977.0,31,4
Gerald Govan,Gerald Govan,1968,1976,F-C,10-Jun,220.0,1/2/1942,2/1/1942,1942,34.0,Saint Mary of the Plains College,https://www.basketball-reference.com/players/g/govange01.html,govange01,1942.0,34,8
Gordon Hayward,Gordon Hayward,2011,2024,F-G,7-Jun,225.0,3/23/1990,23/3/1990,1990,34.0,Butler,https://www.basketball-reference.com/players/h/haywago01.html,haywago01,1990.0,34,13
Greg Anderson,Greg Anderson,1988,1998,F-C,10-Jun,230.0,6/22/1964,22/6/1964,1964,34.0,Houston,https://www.basketball-reference.com/players/a/andergr01.html,andergr01,1964.0,34,10
Rick Carlisle,Rick Carlisle,1985,1990,G,5-Jun,210.0,10/27/1959,27/10/1959,1959,31.0,"University of Maine, Virginia",https://www.basketball-reference.com/players/c/carliri01.html,carliri01,1959.0,31,5
Greg Ballard,Greg Ballard,1978,1989,F,7-Jun,215.0,1/29/1955,29/1/1955,1955,34.0,Oregon,https://www.basketball-reference.com/players/b/ballagr01.html,ballagr01,1955.0,34,11
Greg Kite,Greg Kite,1984,1995,C,11-Jun,250.0,8/5/1961,5/8/1961,1961,34.0,BYU,https://www.basketball-reference.com/players/k/kitegr01.html,kitegr01,1961.0,34,11
Rick Robey,Rick Robey,1979,1986,C-F,11-Jun,230.0,1/30/1956,30/1/1956,1956,30.0,Kentucky,https://www.basketball-reference.com/players/r/robeyri01.html,robeyri01,1956.0,30,7
Gus Williams,Gus Williams,1976,1987,G,2-Jun,175.0,10/10/1953,10/10/1953,1953,34.0,USC,https://www.basketball-reference.com/players/w/willigu01.html,willigu01,1953.0,34,11
Ricky Davis,Ricky Davis,1999,2010,G-F,6-Jun,195.0,9/23/1979,23/9/1979,1979,31.0,Iowa,https://www.basketball-reference.com/players/d/davisri01.html,davisri01,1979.0,31,11
Harvey Catchings,Harvey Catchings,1975,1985,C-F,9-Jun,218.0,9/2/1951,2/9/1951,1951,34.0,Hardin-Simmons University,https://www.basketball-reference.com/players/c/catchha01.html,catchha01,1951.0,34,10
Ricky Rubio,Ricky Rubio,2012,2023,G,2-Jun,190.0,10/21/1990,21/10/1990,1990,33.0,,https://www.basketball-reference.com/players/r/rubiori01.html,rubiori01,1990.0,33,11
Ricky Sobers,Ricky Sobers,1976,1986,G,3-Jun,198.0,1/15/1953,15/1/1953,1953,33.0,UNLV,https://www.basketball-reference.com/players/s/soberri01.html,soberri01,1953.0,33,10
Harvey Grant,Harvey Grant,1989,1999,F,8-Jun,195.0,7/4/1965,4/7/1965,1965,34.0,"Clemson, Oklahoma",https://www.basketball-reference.com/players/g/grantha01.html,grantha01,1965.0,34,10
Haywoode Workman,Haywoode Workman,1990,2000,G,2-Jun,180.0,1/23/1966,23/1/1966,1966,34.0,"Winston-Salem State, Oral Roberts",https://www.basketball-reference.com/players/w/workmha01.html,workmha01,1966.0,34,10
Howard Eisley,Howard Eisley,1995,2006,G,2-Jun,177.0,12/4/1972,4/12/1972,1972,34.0,Boston College,https://www.basketball-reference.com/players/e/eisleho01.html,eisleho01,1972.0,34,11
Hubert Davis,Hubert Davis,1993,2004,G,5-Jun,183.0,5/17/1970,17/5/1970,1970,34.0,UNC,https://www.basketball-reference.com/players/d/davishu01.html,davishu01,1970.0,34,11
Ian Mahinmi,Ian Mahinmi,2008,2020,C,11-Jun,262.0,11/5/1986,5/11/1986,1986,34.0,,https://www.basketball-reference.com/players/m/mahinia01.html,mahinia01,1986.0,34,12
Ime Udoka,Ime Udoka,2004,2011,F,6-Jun,215.0,8/9/1977,9/8/1977,1977,34.0,"San Francisco, Portland State",https://www.basketball-reference.com/players/u/udokaim01.html,udokaim01,1977.0,34,7
Robert Smith,Robert Smith,1978,1985,G,11-May,165.0,3/10/1955,10/3/1955,1955,30.0,UNLV,https://www.basketball-reference.com/players/s/smithro01.html,smithro01,1955.0,30,7
Jack Coleman,Jack Coleman,1950,1958,F-C,7-Jun,195.0,5/23/1924,23/5/1924,1924,34.0,Louisville,https://www.basketball-reference.com/players/c/colemja01.html,colemja01,1924.0,34,8
Jack Haley,Jack Haley,1989,1998,C-F,10-Jun,240.0,1/27/1964,27/1/1964,1964,34.0,UCLA,https://www.basketball-reference.com/players/h/haleyja01.html,haleyja01,1964.0,34,9
Jacque Vaughn,Jacque Vaughn,1998,2009,G,1-Jun,190.0,2/11/1975,11/2/1975,1975,34.0,Kansas,https://www.basketball-reference.com/players/v/vaughja01.html,vaughja01,1975.0,34,11
Rod Thorn*,Rod Thorn,1964,1971,G,4-Jun,195.0,5/23/1941,23/5/1941,1941,30.0,West Virginia,https://www.basketball-reference.com/players/t/thornro01.html,thornro01,1941.0,30,7
Rodney Hood,Rodney Hood,2015,2022,G-F,8-Jun,208.0,10/20/1992,20/10/1992,1992,30.0,"Mississippi State, Duke",https://www.basketball-reference.com/players/h/hoodro01.html,hoodro01,1992.0,30,7
Rodney McCray,Rodney McCray,1984,1993,F-G,7-Jun,220.0,8/29/1961,29/8/1961,1961,32.0,Louisville,https://www.basketball-reference.com/players/m/mccraro01.html,mccraro01,1961.0,32,9
Rodney McGruder,Rodney McGruder,2017,2023,G,4-Jun,205.0,7/29/1991,29/7/1991,1991,32.0,Kansas State,https://www.basketball-reference.com/players/m/mcgruro01.html,mcgruro01,1991.0,32,6
Jalen Rose,Jalen Rose,1995,2007,G-F,8-Jun,210.0,1/30/1973,30/1/1973,1973,34.0,Michigan,https://www.basketball-reference.com/players/r/roseja01.html,roseja01,1973.0,34,12
Rodney Stuckey,Rodney Stuckey,2008,2017,G,5-Jun,210.0,4/21/1986,21/4/1986,1986,31.0,Eastern Washington,https://www.basketball-reference.com/players/s/stuckro01.html,stuckro01,1986.0,31,9
Roger Brown,Roger Brown,1973,1980,C,11-Jun,225.0,2/23/1950,23/2/1950,1950,30.0,Kansas,https://www.basketball-reference.com/players/b/brownro02.html,brownro02,1950.0,30,7
Roger Brown*,Roger Brown,1968,1975,F-G,5-Jun,205.0,5/22/1942,22/5/1942,1942,33.0,Dayton,https://www.basketball-reference.com/players/b/brownro01.html,brownro01,1942.0,33,7
Jamaal Magloire,Jamaal Magloire,2001,2012,C,11-Jun,259.0,5/21/1978,21/5/1978,1978,34.0,Kentucky,https://www.basketball-reference.com/players/m/magloja01.html,magloja01,1978.0,34,11
James Posey,James Posey,2000,2011,F-G,8-Jun,215.0,1/13/1977,13/1/1977,1977,34.0,Xavier,https://www.basketball-reference.com/players/p/poseyja01.html,poseyja01,1977.0,34,11
Jason Richardson,Jason Richardson,2002,2015,G,6-Jun,220.0,1/20/1981,20/1/1981,1981,34.0,Michigan State,https://www.basketball-reference.com/players/r/richaja01.html,richaja01,1981.0,34,13
Jawann Oldham,Jawann Oldham,1981,1991,C,Jul-00,215.0,7/4/1957,4/7/1957,1957,34.0,Seattle University,https://www.basketball-reference.com/players/o/oldhaja01.html,oldhaja01,1957.0,34,10
Ron Brewer,Ron Brewer,1979,1986,G,4-Jun,180.0,7/16/1955,16/7/1955,1955,31.0,"University of Arkansas-Fort Smith, Arkansas",https://www.basketball-reference.com/players/b/brewero01.html,brewero01,1955.0,31,7
Ron Cavenall,Ron Cavenall,1985,1989,C,1-Jul,230.0,4/30/1959,30/4/1959,1959,30.0,Texas Southern,https://www.basketball-reference.com/players/c/cavenro01.html,cavenro01,1959.0,30,4
Ron Grandison,Ron Grandison,1989,1996,F,6-Jun,215.0,7/9/1964,9/7/1964,1964,32.0,"University of California, Irvine, New Orleans",https://www.basketball-reference.com/players/g/grandro01.html,grandro01,1964.0,32,7
Jeff McInnis,Jeff McInnis,1997,2008,G,4-Jun,190.0,10/22/1974,22/10/1974,1974,34.0,UNC,https://www.basketball-reference.com/players/m/mcinnje01.html,mcinnje01,1974.0,34,11
Ron Horn,Ron Horn,1962,1968,F,7-Jun,220.0,5/24/1938,24/5/1938,1938,30.0,Indiana,https://www.basketball-reference.com/players/h/hornro01.html,hornro01,1938.0,30,6
Ron Lee,Ron Lee,1977,1982,G,4-Jun,193.0,11/2/1952,2/11/1952,1952,30.0,Oregon,https://www.basketball-reference.com/players/l/leero01.html,leero01,1952.0,30,5
Ron Williams,Ron Williams,1969,1976,G,3-Jun,188.0,9/24/1944,24/9/1944,1944,32.0,West Virginia,https://www.basketball-reference.com/players/w/williro01.html,williro01,1944.0,32,7
Ronald Dupree,Ronald Dupree,2004,2011,F,7-Jun,209.0,1/26/1981,26/1/1981,1981,30.0,LSU,https://www.basketball-reference.com/players/d/duprero01.html,duprero01,1981.0,30,7
Ronald Murray,Ronald Murray,2003,2010,G,4-Jun,190.0,7/29/1979,29/7/1979,1979,31.0,"Meridian Community College, Shaw",https://www.basketball-reference.com/players/m/murraro01.html,murraro01,1979.0,31,7
Jeff Mullins,Jeff Mullins,1965,1976,G-F,4-Jun,190.0,3/18/1942,18/3/1942,1942,34.0,Duke,https://www.basketball-reference.com/players/m/mullije01.html,mullije01,1942.0,34,11
Ronny Turiaf,Ronny Turiaf,2006,2015,F,10-Jun,249.0,1/13/1983,13/1/1983,1983,32.0,Gonzaga,https://www.basketball-reference.com/players/t/turiaro01.html,turiaro01,1983.0,32,9
Jeff Turner,Jeff Turner,1985,1996,F-C,9-Jun,230.0,4/9/1962,9/4/1962,1962,34.0,Vanderbilt,https://www.basketball-reference.com/players/t/turneje01.html,turneje01,1962.0,34,11
Jeremy Pargo,Jeremy Pargo,2012,2020,G,2-Jun,219.0,3/17/1986,17/3/1986,1986,34.0,Gonzaga,https://www.basketball-reference.com/players/p/pargoje01.html,pargoje01,1986.0,34,8
Roy Hibbert,Roy Hibbert,2009,2017,C,2-Jul,270.0,12/11/1986,11/12/1986,1986,31.0,Georgetown,https://www.basketball-reference.com/players/h/hibbero01.html,hibbero01,1986.0,31,8
Roy Hinson,Roy Hinson,1984,1991,F-C,9-Jun,210.0,5/2/1961,2/5/1961,1961,30.0,Rutgers University,https://www.basketball-reference.com/players/h/hinsoro01.html,hinsoro01,1961.0,30,7
Roy Tarpley,Roy Tarpley,1987,1995,C-F,11-Jun,230.0,11/28/1964,28/11/1964,1964,31.0,Michigan,https://www.basketball-reference.com/players/t/tarplro01.html,tarplro01,1964.0,31,8
Royal Ivey,Royal Ivey,2005,2014,G,3-Jun,200.0,12/20/1981,20/12/1981,1981,33.0,Texas,https://www.basketball-reference.com/players/i/iveyro01.html,iveyro01,1981.0,33,9
Royce O'Neale,Royce O'Neale,2018,2025,F,4-Jun,226.0,6/5/1993,5/6/1993,1993,32.0,"Denver, Baylor",https://www.basketball-reference.com/players/o/onealro01.html,onealro01,1993.0,32,7
Ruben Patterson,Ruben Patterson,1999,2008,F,5-Jun,224.0,7/31/1975,31/7/1975,1975,33.0,Cincinnati,https://www.basketball-reference.com/players/p/patteru01.html,patteru01,1975.0,33,9
Jerome James,Jerome James,1999,2009,C,Jul-00,300.0,11/17/1975,17/11/1975,1975,34.0,Florida A&M,https://www.basketball-reference.com/players/j/jamesje01.html,jamesje01,1975.0,34,10
Rudy Gobert,Rudy Gobert,2014,2025,C,1-Jul,258.0,6/26/1992,26/6/1992,1992,33.0,,https://www.basketball-reference.com/players/g/goberru01.html,goberru01,1992.0,33,11
Rudy LaRusso,Rudy LaRusso,1960,1969,F-C,7-Jun,220.0,11/11/1937,11/11/1937,1937,32.0,Dartmouth College,https://www.basketball-reference.com/players/l/larusru01.html,larusru01,1937.0,32,9
Rudy Tomjanovich*,Rudy Tomjanovich,1971,1981,F,8-Jun,218.0,11/24/1948,24/11/1948,1948,33.0,Michigan,https://www.basketball-reference.com/players/t/tomjaru01.html,tomjaru01,1948.0,33,10
Rumeal Robinson,Rumeal Robinson,1991,1997,G,2-Jun,195.0,11/13/1966,13/11/1966,1966,31.0,Michigan,https://www.basketball-reference.com/players/r/robinru01.html,robinru01,1966.0,31,6
Jerry Lucas*,Jerry Lucas,1964,1974,F-C,8-Jun,230.0,3/30/1940,30/3/1940,1940,34.0,Ohio State,https://www.basketball-reference.com/players/l/lucasje01.html,lucasje01,1940.0,34,10
Rusty LaRue,Rusty LaRue,1998,2004,G,2-Jun,210.0,12/10/1973,10/12/1973,1973,31.0,Wake Forest,https://www.basketball-reference.com/players/l/larueru01.html,larueru01,1973.0,31,6
Ryan Anderson,Ryan Anderson,2009,2020,F,9-Jun,240.0,5/6/1988,6/5/1988,1988,32.0,California,https://www.basketball-reference.com/players/a/anderry01.html,anderry01,1988.0,32,11
Ryan Arcidiacono,Ryan Arcidiacono,2018,2024,G,3-Jun,195.0,3/26/1994,26/3/1994,1994,30.0,Villanova,https://www.basketball-reference.com/players/a/arcidry01.html,arcidry01,1994.0,30,6
Jerry Reynolds,Jerry Reynolds,1986,1996,G-F,8-Jun,200.0,12/23/1962,23/12/1962,1962,34.0,LSU,https://www.basketball-reference.com/players/r/reynoje01.html,reynoje01,1962.0,34,10
Ryan Gomes,Ryan Gomes,2006,2014,F,7-Jun,250.0,9/1/1982,1/9/1982,1982,32.0,Providence,https://www.basketball-reference.com/players/g/gomesry01.html,gomesry01,1982.0,32,8
Ryan Hollins,Ryan Hollins,2007,2016,C,Jul-00,240.0,10/10/1984,10/10/1984,1984,32.0,UCLA,https://www.basketball-reference.com/players/h/holliry01.html,holliry01,1984.0,32,9
Salah Mejri,Salah Mejri,2016,2019,C,2-Jul,235.0,6/15/1986,15/6/1986,1986,33.0,,https://www.basketball-reference.com/players/m/mejrisa01.html,mejrisa01,1986.0,33,3
Jerry Sichting,Jerry Sichting,1981,1990,G,1-Jun,168.0,11/29/1956,29/11/1956,1956,34.0,Purdue,https://www.basketball-reference.com/players/s/sichtje01.html,sichtje01,1956.0,34,9
Jerry Sloan*,Jerry Sloan,1966,1976,G-F,5-Jun,195.0,3/28/1942,28/3/1942,1942,34.0,University of Evansville,https://www.basketball-reference.com/players/s/sloanje01.html,sloanje01,1942.0,34,10
Jim Davis,Jim Davis,1968,1975,C-F,9-Jun,225.0,12/18/1941,18/12/1941,1941,34.0,Colorado,https://www.basketball-reference.com/players/d/davisji01.html,davisji01,1941.0,34,7
Jim Fox,Jim Fox,1968,1977,C-F,10-Jun,230.0,4/7/1943,7/4/1943,1943,34.0,South Carolina,https://www.basketball-reference.com/players/f/foxji01.html,foxji01,1943.0,34,9
Sam Mack,Sam Mack,1993,2002,F-G,7-Jun,220.0,5/26/1970,26/5/1970,1970,32.0,"Iowa State, Tyler Junior College, Houston",https://www.basketball-reference.com/players/m/macksa01.html,macksa01,1970.0,32,9
Jim Loscutoff,Jim Loscutoff,1956,1964,F,5-Jun,220.0,2/4/1930,4/2/1930,1930,34.0,Oregon,https://www.basketball-reference.com/players/l/loscuji01.html,loscuji01,1930.0,34,8
Sam Pellom,Sam Pellom,1980,1983,F-C,9-Jun,225.0,10/2/1951,2/10/1951,1951,32.0,Buffalo,https://www.basketball-reference.com/players/p/pellosa01.html,pellosa01,1951.0,32,3
Joe Caldwell,Joe Caldwell,1965,1975,F-G,5-Jun,195.0,11/1/1941,1/11/1941,1941,34.0,Arizona State,https://www.basketball-reference.com/players/c/caldwjo01.html,caldwjo01,1941.0,34,10
Samaki Walker,Samaki Walker,1997,2006,F,9-Jun,240.0,2/25/1976,25/2/1976,1976,30.0,Louisville,https://www.basketball-reference.com/players/w/walkesa01.html,walkesa01,1976.0,30,9
Joel Przybilla,Joel Przybilla,2001,2013,C,1-Jul,255.0,10/10/1979,10/10/1979,1979,34.0,Minnesota,https://www.basketball-reference.com/players/p/przybjo01.html,przybjo01,1979.0,34,12
Sasha Pavlović,Sasha Pavlović,2004,2013,G-F,8-Jun,220.0,11/15/1983,15/11/1983,1983,30.0,,https://www.basketball-reference.com/players/p/pavloal01.html,pavloal01,1983.0,30,9
Sasha Vujačić,Sasha Vujačić,2005,2017,G,7-Jun,195.0,3/8/1984,8/3/1984,1984,33.0,,https://www.basketball-reference.com/players/v/vujacsa01.html,vujacsa01,1984.0,33,12
Scot Pollard,Scot Pollard,1998,2008,C,11-Jun,265.0,2/12/1975,12/2/1975,1975,33.0,Kansas,https://www.basketball-reference.com/players/p/pollasc01.html,pollasc01,1975.0,33,10
Scott Brooks,Scott Brooks,1989,1998,G,11-May,165.0,7/31/1965,31/7/1965,1965,33.0,"TCU, University of California, Irvine",https://www.basketball-reference.com/players/b/brooksc01.html,brooksc01,1965.0,33,9
Scott Burrell,Scott Burrell,1994,2001,G-F,7-Jun,218.0,1/12/1971,12/1/1971,1971,30.0,UConn,https://www.basketball-reference.com/players/b/burresc01.html,burresc01,1971.0,30,7
Scott Hastings,Scott Hastings,1983,1993,F-C,10-Jun,235.0,6/3/1960,3/6/1960,1960,33.0,Arkansas,https://www.basketball-reference.com/players/h/hastisc01.html,hastisc01,1960.0,33,10
Scott Lloyd,Scott Lloyd,1977,1983,C-F,10-Jun,230.0,12/19/1952,19/12/1952,1952,31.0,Arizona State,https://www.basketball-reference.com/players/l/lloydsc01.html,lloydsc01,1952.0,31,6
Scott Padgett,Scott Padgett,2000,2007,F,9-Jun,240.0,4/19/1976,19/4/1976,1976,31.0,Kentucky,https://www.basketball-reference.com/players/p/padgesc01.html,padgesc01,1976.0,31,7
Scott Skiles,Scott Skiles,1987,1996,G,1-Jun,180.0,3/5/1964,5/3/1964,1964,32.0,Michigan State,https://www.basketball-reference.com/players/s/skilesc01.html,skilesc01,1964.0,32,9
John Bagley,John Bagley,1983,1994,G,Jun-00,185.0,4/23/1960,23/4/1960,1960,34.0,Boston College,https://www.basketball-reference.com/players/b/baglejo01.html,baglejo01,1960.0,34,11
John Barnhill,John Barnhill,1963,1972,G,1-Jun,180.0,3/20/1938,20/3/1938,1938,34.0,Tennessee State,https://www.basketball-reference.com/players/b/barnhjo01.html,barnhjo01,1938.0,34,9
John Crotty,John Crotty,1993,2003,G,1-Jun,185.0,7/15/1969,15/7/1969,1969,34.0,Virginia,https://www.basketball-reference.com/players/c/crottjo01.html,crottjo01,1969.0,34,10
Scotty Hopson,Scotty Hopson,2014,2022,G,7-Jun,204.0,8/8/1989,8/8/1989,1989,33.0,Tennessee,https://www.basketball-reference.com/players/h/hopsosc01.html,hopsosc01,1989.0,33,8
Sean Elliott,Sean Elliott,1990,2001,F,8-Jun,205.0,2/2/1968,2/2/1968,1968,33.0,Arizona,https://www.basketball-reference.com/players/e/elliose01.html,elliose01,1968.0,33,11
Sean Higgins,Sean Higgins,1991,1998,G-F,9-Jun,205.0,12/30/1968,30/12/1968,1968,30.0,Michigan,https://www.basketball-reference.com/players/h/higgise01.html,higgise01,1968.0,30,7
John Paxson,John Paxson,1984,1994,G,2-Jun,185.0,9/29/1960,29/9/1960,1960,34.0,Notre Dame,https://www.basketball-reference.com/players/p/paxsojo01.html,paxsojo01,1960.0,34,10
John Tresvant,John Tresvant,1965,1973,F-C,7-Jun,215.0,11/6/1939,6/11/1939,1939,34.0,Seattle University,https://www.basketball-reference.com/players/t/tresvjo01.html,tresvjo01,1939.0,34,8
Sebastian Telfair,Sebastian Telfair,2005,2015,G,Jun-00,165.0,6/9/1985,9/6/1985,1985,30.0,,https://www.basketball-reference.com/players/t/telfase01.html,telfase01,1985.0,30,10
Jud Buechler,Jud Buechler,1991,2002,F-G,6-Jun,220.0,6/19/1968,19/6/1968,1968,34.0,Arizona,https://www.basketball-reference.com/players/b/buechju01.html,buechju01,1968.0,34,11
Sedric Toney,Sedric Toney,1986,1994,G,2-Jun,178.0,4/13/1962,13/4/1962,1962,32.0,Dayton,https://www.basketball-reference.com/players/t/toneyse01.html,toneyse01,1962.0,32,8
Junior Bridgeman,Junior Bridgeman,1976,1987,F-G,5-Jun,210.0,9/17/1953,17/9/1953,1953,34.0,Louisville,https://www.basketball-reference.com/players/b/bridgju01.html,bridgju01,1953.0,34,11
Sergio Rodríguez,Sergio Rodríguez,2007,2017,G,3-Jun,176.0,6/12/1986,12/6/1986,1986,31.0,,https://www.basketball-reference.com/players/r/rodrise01.html,rodrise01,1986.0,31,10
Kawhi Leonard,Kawhi Leonard,2012,2025,F,7-Jun,225.0,6/29/1991,29/6/1991,1991,34.0,San Diego State,https://www.basketball-reference.com/players/l/leonaka01.html,leonaka01,1991.0,34,13
Shammond Williams,Shammond Williams,1999,2007,G,1-Jun,201.0,4/5/1975,5/4/1975,1975,32.0,UNC,https://www.basketball-reference.com/players/w/willish01.html,willish01,1975.0,32,8
Shandon Anderson,Shandon Anderson,1997,2006,F-G,6-Jun,208.0,12/31/1973,31/12/1973,1973,33.0,Georgia,https://www.basketball-reference.com/players/a/andersh01.html,andersh01,1973.0,33,9
Keith Bogans,Keith Bogans,2004,2014,G-F,5-Jun,215.0,5/12/1980,12/5/1980,1980,34.0,Kentucky,https://www.basketball-reference.com/players/b/boganke01.html,boganke01,1980.0,34,10
Kelly Olynyk,Kelly Olynyk,2014,2025,C-F,11-Jun,240.0,4/19/1991,19/4/1991,1991,34.0,Gonzaga,https://www.basketball-reference.com/players/o/olynyke01.html,olynyke01,1991.0,34,11
Shannon Brown,Shannon Brown,2007,2015,G,4-Jun,205.0,11/29/1985,29/11/1985,1985,30.0,Michigan State,https://www.basketball-reference.com/players/b/brownsh01.html,brownsh01,1985.0,30,8
Shaquille Harrison,Shaquille Harrison,2018,2024,G,4-Jun,190.0,10/6/1993,6/10/1993,1993,31.0,Tulsa,https://www.basketball-reference.com/players/h/harrish01.html,harrish01,1993.0,31,6
Kendrick Perkins,Kendrick Perkins,2004,2018,C,10-Jun,270.0,11/10/1984,10/11/1984,1984,34.0,,https://www.basketball-reference.com/players/p/perkike01.html,perkike01,1984.0,34,14
Shareef Abdur-Rahim,Shareef Abdur-Rahim,1997,2008,F,9-Jun,225.0,12/11/1976,11/12/1976,1976,32.0,California,https://www.basketball-reference.com/players/a/abdursh01.html,abdursh01,1976.0,32,11
Kent Benson,Kent Benson,1978,1988,C,10-Jun,235.0,12/27/1954,27/12/1954,1954,34.0,Indiana,https://www.basketball-reference.com/players/b/bensoke01.html,bensoke01,1954.0,34,10
Shavlik Randolph,Shavlik Randolph,2006,2015,F,10-Jun,240.0,11/24/1983,24/11/1983,1983,32.0,Duke,https://www.basketball-reference.com/players/r/randosh01.html,randosh01,1983.0,32,9
Shawn Bradley,Shawn Bradley,1994,2005,C,6-Jul,235.0,3/22/1972,22/3/1972,1972,33.0,BYU,https://www.basketball-reference.com/players/b/bradlsh01.html,bradlsh01,1972.0,33,11
Kevin Johnson,Kevin Johnson,1988,2000,G,1-Jun,180.0,3/4/1966,4/3/1966,1966,34.0,California,https://www.basketball-reference.com/players/j/johnske02.html,johnske02,1966.0,34,12
Khris Middleton,Khris Middleton,2013,2025,F-G,7-Jun,222.0,8/12/1991,12/8/1991,1991,34.0,Texas A&M,https://www.basketball-reference.com/players/m/middlkh01.html,middlkh01,1991.0,34,12
Shawnelle Scott,Shawnelle Scott,1997,2002,C,10-Jun,250.0,6/16/1972,16/6/1972,1972,30.0,St. John's,https://www.basketball-reference.com/players/s/scottsh01.html,scottsh01,1972.0,30,5
Lamar Odom,Lamar Odom,2000,2013,F,10-Jun,220.0,11/6/1979,6/11/1979,1979,34.0,Rhode Island,https://www.basketball-reference.com/players/o/odomla01.html,odomla01,1979.0,34,13
Si Green,Si Green,1957,1966,G-F,2-Jun,185.0,8/20/1933,20/8/1933,1933,33.0,Duquesne,https://www.basketball-reference.com/players/g/greensi01.html,greensi01,1933.0,33,9
Sidney Green,Sidney Green,1984,1993,F-C,9-Jun,220.0,1/4/1961,4/1/1961,1961,32.0,UNLV,https://www.basketball-reference.com/players/g/greensi02.html,greensi02,1961.0,32,9
Sidney Lowe,Sidney Lowe,1984,1990,G,Jun-00,195.0,1/21/1960,21/1/1960,1960,30.0,NC State,https://www.basketball-reference.com/players/l/lowesi01.html,lowesi01,1960.0,30,6
Larry Foust,Larry Foust,1951,1962,C-F,9-Jun,215.0,6/24/1928,24/6/1928,1928,34.0,La Salle,https://www.basketball-reference.com/players/f/foustla01.html,foustla01,1928.0,34,11
Sidney Wicks,Sidney Wicks,1972,1981,F-C,8-Jun,225.0,9/19/1949,19/9/1949,1949,32.0,"Santa Monica College, UCLA",https://www.basketball-reference.com/players/w/wickssi01.html,wickssi01,1949.0,32,9
Larry Robinson,Larry Robinson,1991,2002,F-G,3-Jun,180.0,1/11/1968,11/1/1968,1968,34.0,Centenary (LA),https://www.basketball-reference.com/players/r/robinla01.html,robinla01,1968.0,34,11
Lorenzen Wright,Lorenzen Wright,1997,2009,F-C,11-Jun,225.0,11/4/1975,4/11/1975,1975,34.0,Memphis,https://www.basketball-reference.com/players/w/wrighlo02.html,wrighlo02,1975.0,34,12
Slick Leonard*,Slick Leonard,1957,1963,G,3-Jun,185.0,7/17/1932,17/7/1932,1932,31.0,Indiana,https://www.basketball-reference.com/players/l/leonasl01.html,leonasl01,1932.0,31,6
Solomon Hill,Solomon Hill,2014,2022,F,6-Jun,226.0,3/18/1991,18/3/1991,1991,31.0,Arizona,https://www.basketball-reference.com/players/h/hillso01.html,hillso01,1991.0,31,8
Solomon Jones,Solomon Jones,2007,2014,F,10-Jun,230.0,7/16/1984,16/7/1984,1984,30.0,South Florida,https://www.basketball-reference.com/players/j/jonesso01.html,jonesso01,1984.0,30,7
Sonny Weems,Sonny Weems,2009,2016,G-F,6-Jun,205.0,7/8/1986,8/7/1986,1986,30.0,Arkansas,https://www.basketball-reference.com/players/w/weemsso01.html,weemsso01,1986.0,30,7
Speedy Claxton,Speedy Claxton,2002,2009,G,11-May,166.0,5/8/1978,8/5/1978,1978,31.0,Hofstra,https://www.basketball-reference.com/players/c/claxtsp01.html,claxtsp01,1978.0,31,7
Spencer Dinwiddie,Spencer Dinwiddie,2015,2025,G,5-Jun,215.0,4/6/1993,6/4/1993,1993,32.0,Colorado,https://www.basketball-reference.com/players/d/dinwisp01.html,dinwisp01,1993.0,32,10
Lou Amundson,Lou Amundson,2007,2016,F-C,9-Jun,220.0,12/7/1982,7/12/1982,1982,34.0,UNLV,https://www.basketball-reference.com/players/a/amundlo01.html,amundlo01,1982.0,34,9
Luc Mbah a Moute,Luc Mbah a Moute,2009,2020,F,8-Jun,230.0,9/9/1986,9/9/1986,1986,34.0,UCLA,https://www.basketball-reference.com/players/m/mbahalu01.html,mbahalu01,1986.0,34,11
Luke Ridnour,Luke Ridnour,2004,2015,G,2-Jun,175.0,2/13/1981,13/2/1981,1981,34.0,Oregon,https://www.basketball-reference.com/players/r/ridnolu01.html,ridnolu01,1981.0,34,11
Stacey King,Stacey King,1990,1997,F-C,11-Jun,230.0,1/29/1967,29/1/1967,1967,30.0,Oklahoma,https://www.basketball-reference.com/players/k/kingst01.html,kingst01,1967.0,30,7
Stan McKenzie,Stan McKenzie,1968,1974,F-G,5-Jun,195.0,10/6/1944,6/10/1944,1944,30.0,NYU,https://www.basketball-reference.com/players/m/mckenst01.html,mckenst01,1944.0,30,6
Stan Miasek,Stan Miasek,1947,1953,C-F,5-Jun,210.0,9/19/1923,19/9/1923,1923,30.0,,https://www.basketball-reference.com/players/m/miasest01.html,miasest01,1923.0,30,6
Stanley Roberts,Stanley Roberts,1992,2000,C,Jul-00,285.0,2/7/1970,7/2/1970,1970,30.0,LSU,https://www.basketball-reference.com/players/r/roberst01.html,roberst01,1970.0,30,8
Luol Deng,Luol Deng,2005,2019,F,9-Jun,237.0,4/16/1985,16/4/1985,1985,34.0,Duke,https://www.basketball-reference.com/players/d/denglu01.html,denglu01,1985.0,34,14
M.L. Carr,M.L. Carr,1976,1985,F-G,6-Jun,205.0,1/9/1951,9/1/1951,1951,34.0,Guilford College,https://www.basketball-reference.com/players/c/carrml01.html,carrml01,1951.0,34,9
Stephon Marbury,Stephon Marbury,1997,2009,G,2-Jun,180.0,2/20/1977,20/2/1977,1977,32.0,Georgia Tech,https://www.basketball-reference.com/players/m/marbust01.html,marbust01,1977.0,32,12
Maceo Baston,Maceo Baston,2003,2009,F,9-Jun,215.0,5/29/1975,29/5/1975,1975,34.0,Michigan,https://www.basketball-reference.com/players/b/bastoma01.html,bastoma01,1975.0,34,6
Steve Burtt,Steve Burtt,1985,1993,G,2-Jun,185.0,11/5/1962,5/11/1962,1962,31.0,Iona College,https://www.basketball-reference.com/players/b/burttst01.html,burttst01,1962.0,31,8
Steve Colter,Steve Colter,1985,1995,G,3-Jun,165.0,7/24/1962,24/7/1962,1962,33.0,New Mexico State,https://www.basketball-reference.com/players/c/coltest01.html,coltest01,1962.0,33,10
Steve Francis,Steve Francis,2000,2008,G,3-Jun,195.0,2/21/1977,21/2/1977,1977,31.0,"San Jacinto College, Allegany College of Maryland, Maryland",https://www.basketball-reference.com/players/f/francst01.html,francst01,1977.0,31,8
Mack Calvin,Mack Calvin,1970,1981,G,Jun-00,165.0,7/27/1947,27/7/1947,1947,34.0,"Long Beach City College, USC",https://www.basketball-reference.com/players/c/calvima01.html,calvima01,1947.0,34,11
Steve Hayes,Steve Hayes,1982,1986,C,Jul-00,205.0,8/2/1955,2/8/1955,1955,31.0,Idaho State University,https://www.basketball-reference.com/players/h/hayesst01.html,hayesst01,1955.0,31,4
Steve Henson,Steve Henson,1991,1999,G,11-May,177.0,2/2/1968,2/2/1968,1968,31.0,Kansas State,https://www.basketball-reference.com/players/h/hensost01.html,hensost01,1968.0,31,8
Marco Belinelli,Marco Belinelli,2008,2020,G-F,5-Jun,220.0,3/25/1986,25/3/1986,1986,34.0,,https://www.basketball-reference.com/players/b/belinma01.html,belinma01,1986.0,34,12
Mark Blount,Mark Blount,2001,2009,C,Jul-00,230.0,11/30/1975,30/11/1975,1975,34.0,Pitt,https://www.basketball-reference.com/players/b/blounma01.html,blounma01,1975.0,34,8
Mark Price,Mark Price,1987,1998,G,Jun-00,170.0,2/15/1964,15/2/1964,1964,34.0,Georgia Tech,https://www.basketball-reference.com/players/p/pricema01.html,pricema01,1964.0,34,11
Steve Kuberski,Steve Kuberski,1970,1978,F-C,8-Jun,215.0,11/6/1947,6/11/1947,1947,31.0,Bradley,https://www.basketball-reference.com/players/k/kuberst01.html,kuberst01,1947.0,31,8
Marques Johnson,Marques Johnson,1978,1990,F-G,7-Jun,218.0,2/8/1956,8/2/1956,1956,34.0,UCLA,https://www.basketball-reference.com/players/j/johnsma01.html,johnsma01,1956.0,34,12
Marvin Williams,Marvin Williams,2006,2020,F,8-Jun,237.0,6/19/1986,19/6/1986,1986,34.0,UNC,https://www.basketball-reference.com/players/w/willima02.html,willima02,1986.0,34,14
Maurice Evans,Maurice Evans,2002,2012,G,5-Jun,220.0,11/8/1978,8/11/1978,1978,34.0,"Wichita State, Texas",https://www.basketball-reference.com/players/e/evansma01.html,evansma01,1978.0,34,10
Steve Scheffler,Steve Scheffler,1991,1997,C-F,9-Jun,250.0,9/3/1967,3/9/1967,1967,30.0,Purdue,https://www.basketball-reference.com/players/s/schefst01.html,schefst01,1967.0,30,6
Michael Cooper*,Michael Cooper,1979,1990,G-F,7-Jun,170.0,4/15/1956,15/4/1956,1956,34.0,New Mexico,https://www.basketball-reference.com/players/c/coopemi01.html,coopemi01,1956.0,34,11
Steven Adams,Steven Adams,2014,2025,C,11-Jun,265.0,7/20/1993,20/7/1993,1993,32.0,Pitt,https://www.basketball-reference.com/players/a/adamsst01.html,adamsst01,1993.0,32,11
Stew Johnson,Stew Johnson,1968,1976,F-C,8-Jun,220.0,8/19/1944,19/8/1944,1944,32.0,Murray State,https://www.basketball-reference.com/players/j/johnsst01.html,johnsst01,1944.0,32,8
Mickey Johnson,Mickey Johnson,1975,1986,F,10-Jun,190.0,8/31/1952,31/8/1952,1952,34.0,Aurora University,https://www.basketball-reference.com/players/j/johnsmi01.html,johnsmi01,1952.0,34,11
Stromile Swift,Stromile Swift,2001,2009,F,9-Jun,225.0,11/21/1979,21/11/1979,1979,30.0,LSU,https://www.basketball-reference.com/players/s/swiftst01.html,swiftst01,1979.0,30,8
Stu Lantz,Stu Lantz,1969,1976,G,3-Jun,175.0,7/13/1946,13/7/1946,1946,30.0,Nebraska,https://www.basketball-reference.com/players/l/lantzst01.html,lantzst01,1946.0,30,7
Mike Bibby,Mike Bibby,1999,2012,G,1-Jun,190.0,5/13/1978,13/5/1978,1978,34.0,Arizona,https://www.basketball-reference.com/players/b/bibbymi01.html,bibbymi01,1978.0,34,13
T.J. McConnell,T.J. McConnell,2016,2025,G,1-Jun,190.0,3/25/1992,25/3/1992,1992,33.0,"Duquesne, Arizona",https://www.basketball-reference.com/players/m/mccontj01.html,mccontj01,1992.0,33,9
T.J. Warren,T.J. Warren,2015,2024,F,8-Jun,220.0,9/5/1993,5/9/1993,1993,31.0,NC State,https://www.basketball-reference.com/players/w/warretj01.html,warretj01,1993.0,31,9
Mike Brown,Mike Brown,1987,1997,C-F,9-Jun,257.0,7/19/1963,19/7/1963,1963,34.0,George Washington,https://www.basketball-reference.com/players/b/brownmi01.html,brownmi01,1963.0,34,10
Mitchell Butler,Mitchell Butler,1994,2004,G-F,5-Jun,210.0,12/15/1970,15/12/1970,1970,34.0,UCLA,https://www.basketball-reference.com/players/b/butlemi02.html,butlemi02,1970.0,34,10
Taurean Prince,Taurean Prince,2017,2025,F,6-Jun,218.0,3/22/1994,22/3/1994,1994,31.0,Baylor,https://www.basketball-reference.com/players/p/princta02.html,princta02,1994.0,31,8
Mo Williams,Mo Williams,2004,2016,G,1-Jun,198.0,12/19/1982,19/12/1982,1982,34.0,Alabama,https://www.basketball-reference.com/players/w/willima01.html,willima01,1982.0,34,12
Ted McClain,Ted McClain,1972,1979,G,1-Jun,180.0,8/30/1946,30/8/1946,1946,33.0,Tennessee State,https://www.basketball-reference.com/players/m/mcclate01.html,mcclate01,1946.0,33,7
Terrell Brandon,Terrell Brandon,1992,2002,G,11-May,180.0,5/20/1970,20/5/1970,1970,32.0,Oregon,https://www.basketball-reference.com/players/b/brandte01.html,brandte01,1970.0,32,10
Terrence Ross,Terrence Ross,2013,2023,F-G,6-Jun,206.0,2/5/1991,5/2/1991,1991,32.0,Washington,https://www.basketball-reference.com/players/r/rosste01.html,rosste01,1991.0,32,10
Terry Catledge,Terry Catledge,1986,1993,F,8-Jun,220.0,8/22/1963,22/8/1963,1963,30.0,University of South Alabama,https://www.basketball-reference.com/players/c/catlete01.html,catlete01,1963.0,30,7
Morris Peterson,Morris Peterson,2001,2011,F,7-Jun,218.0,8/26/1977,26/8/1977,1977,34.0,Michigan State,https://www.basketball-reference.com/players/p/petermo01.html,petermo01,1977.0,34,10
Nate McMillan,Nate McMillan,1987,1998,G-F,5-Jun,195.0,8/3/1964,3/8/1964,1964,34.0,NC State,https://www.basketball-reference.com/players/m/mcmilna01.html,mcmilna01,1964.0,34,11
Terry Dischinger,Terry Dischinger,1963,1973,F-G,7-Jun,189.0,11/21/1940,21/11/1940,1940,33.0,Purdue,https://www.basketball-reference.com/players/d/dischte01.html,dischte01,1940.0,33,10
Nemanja Bjelica,Nemanja Bjelica,2016,2022,F,10-Jun,234.0,5/9/1988,9/5/1988,1988,34.0,,https://www.basketball-reference.com/players/b/bjeline01.html,bjeline01,1988.0,34,6
Nick Anderson,Nick Anderson,1990,2002,F-G,6-Jun,205.0,1/20/1968,20/1/1968,1968,34.0,Illinois,https://www.basketball-reference.com/players/a/anderni01.html,anderni01,1968.0,34,12
Terry Rozier,Terry Rozier,2016,2025,G,1-Jun,190.0,3/17/1994,17/3/1994,1994,31.0,Louisville,https://www.basketball-reference.com/players/r/roziete01.html,roziete01,1994.0,31,9
Terry Teagle,Terry Teagle,1983,1993,F-G,5-Jun,195.0,4/10/1960,10/4/1960,1960,33.0,Baylor,https://www.basketball-reference.com/players/t/teaglte01.html,teaglte01,1960.0,33,10
Terry Tyler,Terry Tyler,1979,1989,F-G,7-Jun,215.0,10/30/1956,30/10/1956,1956,33.0,Detroit Mercy,https://www.basketball-reference.com/players/t/tylerte01.html,tylerte01,1956.0,33,10
Nick Young,Nick Young,2008,2019,G-F,7-Jun,210.0,6/1/1985,1/6/1985,1985,34.0,USC,https://www.basketball-reference.com/players/y/youngni01.html,youngni01,1985.0,34,11
Norm Nixon,Norm Nixon,1978,1989,G,2-Jun,170.0,10/11/1955,11/10/1955,1955,34.0,Duquesne,https://www.basketball-reference.com/players/n/nixonno01.html,nixonno01,1955.0,34,11
Thanasis Antetokounmpo,Thanasis Antetokounmpo,2016,2024,F,7-Jun,219.0,7/18/1992,18/7/1992,1992,32.0,,https://www.basketball-reference.com/players/a/antetth01.html,antetth01,1992.0,32,8
Oliver Miller,Oliver Miller,1993,2004,C,9-Jun,280.0,4/6/1970,6/4/1970,1970,34.0,Arkansas,https://www.basketball-reference.com/players/m/milleol01.html,milleol01,1970.0,34,11
Othella Harrington,Othella Harrington,1997,2008,F-C,9-Jun,235.0,1/31/1974,31/1/1974,1974,34.0,Georgetown,https://www.basketball-reference.com/players/h/harriot01.html,harriot01,1974.0,34,11
Tiago Splitter,Tiago Splitter,2011,2017,F-C,11-Jun,245.0,1/1/1985,1/1/1985,1985,32.0,,https://www.basketball-reference.com/players/s/splitti01.html,splitti01,1985.0,32,6
Otis Birdsong,Otis Birdsong,1978,1989,G,3-Jun,190.0,12/9/1955,9/12/1955,1955,34.0,Houston,https://www.basketball-reference.com/players/b/birdsot01.html,birdsot01,1955.0,34,11
Tim Frazier,Tim Frazier,2015,2022,G,Jun-00,170.0,11/1/1990,1/11/1990,1990,32.0,Penn State,https://www.basketball-reference.com/players/f/fraziti01.html,fraziti01,1990.0,32,7
Tim Hardaway Jr.,Tim Hardaway Jr.,2014,2025,G,5-Jun,205.0,3/16/1992,16/3/1992,1992,33.0,Michigan,https://www.basketball-reference.com/players/h/hardati02.html,hardati02,1992.0,33,11
Pat Burke,Pat Burke,2003,2007,C-F,11-Jun,250.0,12/14/1973,14/12/1973,1973,34.0,Auburn,https://www.basketball-reference.com/players/b/burkepa01.html,burkepa01,1973.0,34,4
Paul Arizin*,Paul Arizin,1951,1962,F-G,4-Jun,190.0,4/9/1928,9/4/1928,1928,34.0,Villanova,https://www.basketball-reference.com/players/a/arizipa01.html,arizipa01,1928.0,34,11
Paul Mokeski,Paul Mokeski,1980,1991,C-F,Jul-00,250.0,1/3/1957,3/1/1957,1957,34.0,Kansas,https://www.basketball-reference.com/players/m/mokespa01.html,mokespa01,1957.0,34,11
Tim McCormick,Tim McCormick,1985,1992,C,11-Jun,240.0,3/10/1962,10/3/1962,1962,30.0,Michigan,https://www.basketball-reference.com/players/m/mccorti01.html,mccorti01,1962.0,30,7
Tim Perry,Tim Perry,1989,1996,F-C,9-Jun,200.0,6/4/1965,4/6/1965,1965,31.0,Temple,https://www.basketball-reference.com/players/p/perryti01.html,perryti01,1965.0,31,7
Tim Thomas,Tim Thomas,1998,2010,F,10-Jun,230.0,2/26/1977,26/2/1977,1977,33.0,Villanova,https://www.basketball-reference.com/players/t/thomati01.html,thomati01,1977.0,33,12
Timofey Mozgov,Timofey Mozgov,2011,2018,C,1-Jul,275.0,7/16/1986,16/7/1986,1986,32.0,,https://www.basketball-reference.com/players/m/mozgoti01.html,mozgoti01,1986.0,32,7
Paul Westphal*,Paul Westphal,1973,1984,G,4-Jun,195.0,11/30/1950,30/11/1950,1950,34.0,USC,https://www.basketball-reference.com/players/w/westppa01.html,westppa01,1950.0,34,11
Tobias Harris,Tobias Harris,2012,2025,F,8-Jun,226.0,7/15/1992,15/7/1992,1992,33.0,Tennessee,https://www.basketball-reference.com/players/h/harrito02.html,harrito02,1992.0,33,13
Toby Kimball,Toby Kimball,1967,1975,F-C,6-Jun,220.0,9/7/1942,7/9/1942,1942,33.0,UConn,https://www.basketball-reference.com/players/k/kimbato01.html,kimbato01,1942.0,33,8
Tod Murphy,Tod Murphy,1988,1994,C-F,9-Jun,220.0,12/24/1963,24/12/1963,1963,31.0,"University of California, Irvine",https://www.basketball-reference.com/players/m/murphto01.html,murphto01,1963.0,31,6
Todd Day,Todd Day,1993,2001,G-F,6-Jun,188.0,1/7/1970,7/1/1970,1970,31.0,Arkansas,https://www.basketball-reference.com/players/d/dayto01.html,dayto01,1970.0,31,8
Tom Boerwinkle,Tom Boerwinkle,1969,1978,C,Jul-00,265.0,8/23/1945,23/8/1945,1945,33.0,Tennessee,https://www.basketball-reference.com/players/b/boerwto01.html,boerwto01,1945.0,33,9
Tom Boswell,Tom Boswell,1976,1984,F-C,9-Jun,220.0,10/2/1953,2/10/1953,1953,31.0,"South Carolina State, South Carolina",https://www.basketball-reference.com/players/b/bosweto01.html,bosweto01,1953.0,31,8
Peja Stojaković,Peja Stojaković,1999,2011,F,10-Jun,229.0,6/9/1977,9/6/1977,1977,34.0,,https://www.basketball-reference.com/players/s/stojape01.html,stojape01,1977.0,34,12
Tom Gola*,Tom Gola,1956,1966,G-F,6-Jun,205.0,1/13/1933,13/1/1933,1933,33.0,La Salle,https://www.basketball-reference.com/players/g/golato01.html,golato01,1933.0,33,10
Pervis Ellison,Pervis Ellison,1990,2001,F-C,9-Jun,210.0,4/3/1967,3/4/1967,1967,34.0,Louisville,https://www.basketball-reference.com/players/e/ellispe01.html,ellispe01,1967.0,34,11
Popeye Jones,Popeye Jones,1994,2004,F,8-Jun,250.0,6/17/1970,17/6/1970,1970,34.0,Murray State,https://www.basketball-reference.com/players/j/jonespo01.html,jonespo01,1970.0,34,10
Tom Hawkins,Tom Hawkins,1960,1969,F,5-Jun,210.0,12/22/1936,22/12/1936,1936,33.0,Notre Dame,https://www.basketball-reference.com/players/h/hawkito01.html,hawkito01,1936.0,33,9
Tom Heinsohn*,Tom Heinsohn,1957,1965,F-C,7-Jun,218.0,8/26/1934,26/8/1934,1934,31.0,Holy Cross,https://www.basketball-reference.com/players/h/heinsto01.html,heinsto01,1934.0,31,8
Tom Henderson,Tom Henderson,1975,1983,G,3-Jun,190.0,1/26/1952,26/1/1952,1952,31.0,Hawaii,https://www.basketball-reference.com/players/h/hendeto01.html,hendeto01,1952.0,31,8
Tom LaGarde,Tom LaGarde,1978,1985,C-F,10-Jun,220.0,2/10/1955,10/2/1955,1955,30.0,UNC,https://www.basketball-reference.com/players/l/lagarto01.html,lagarto01,1955.0,30,7
Rafer Alston,Rafer Alston,2000,2010,G,2-Jun,171.0,7/24/1976,24/7/1976,1976,34.0,Fresno State,https://www.basketball-reference.com/players/a/alstora01.html,alstora01,1976.0,34,10
Tom Meschery,Tom Meschery,1962,1971,F,6-Jun,215.0,10/26/1938,26/10/1938,1938,33.0,Saint Mary's,https://www.basketball-reference.com/players/m/meschto01.html,meschto01,1938.0,33,9
Randy Breuer,Randy Breuer,1984,1994,C,3-Jul,230.0,10/11/1960,11/10/1960,1960,34.0,Minnesota,https://www.basketball-reference.com/players/b/breuera01.html,breuera01,1960.0,34,10
Randy Foye,Randy Foye,2007,2017,G,4-Jun,213.0,9/24/1983,24/9/1983,1983,34.0,Villanova,https://www.basketball-reference.com/players/f/foyera01.html,foyera01,1983.0,34,10
Tom Thacker,Tom Thacker,1964,1971,G-F,2-Jun,170.0,11/2/1939,2/11/1939,1939,32.0,Cincinnati,https://www.basketball-reference.com/players/t/thackto01.html,thackto01,1939.0,32,7
Tom Tolbert,Tom Tolbert,1989,1995,F-C,7-Jun,235.0,10/16/1965,16/10/1965,1965,30.0,"University of California, Irvine, Arizona",https://www.basketball-reference.com/players/t/tolbeto01.html,tolbeto01,1965.0,30,6
Rasho Nesterović,Rasho Nesterović,1999,2010,C,Jul-00,248.0,5/30/1976,30/5/1976,1976,34.0,,https://www.basketball-reference.com/players/n/nestera01.html,nestera01,1976.0,34,11
Tomáš Satoranský,Tomáš Satoranský,2017,2022,G,7-Jun,210.0,10/30/1991,30/10/1991,1991,31.0,,https://www.basketball-reference.com/players/s/satorto01.html,satorto01,1991.0,31,5
Toney Douglas,Toney Douglas,2010,2017,G,2-Jun,195.0,3/16/1986,16/3/1986,1986,31.0,"Auburn, Florida State",https://www.basketball-reference.com/players/d/douglto01.html,douglto01,1986.0,31,7
Ray Scott,Ray Scott,1962,1972,F-C,9-Jun,215.0,7/12/1938,12/7/1938,1938,34.0,"New York City College of Technology, University of Portland",https://www.basketball-reference.com/players/s/scottra01.html,scottra01,1938.0,34,10
Red Holzman*,Red Holzman,1949,1954,G,10-May,175.0,8/10/1920,10/8/1920,1920,34.0,City College of New York,https://www.basketball-reference.com/players/h/holzmre01.html,holzmre01,1920.0,34,5
Red Kerr,Red Kerr,1955,1966,C-F,9-Jun,230.0,7/17/1932,17/7/1932,1932,34.0,Illinois,https://www.basketball-reference.com/players/k/kerrre01.html,kerrre01,1932.0,34,11
Tony Brown,Tony Brown,1985,1992,F-G,6-Jun,185.0,7/29/1960,29/7/1960,1960,32.0,Arkansas,https://www.basketball-reference.com/players/b/brownto01.html,brownto01,1960.0,32,7
Tony Campbell,Tony Campbell,1985,1995,F-G,7-Jun,215.0,5/7/1962,7/5/1962,1962,33.0,Ohio State,https://www.basketball-reference.com/players/c/campbto01.html,campbto01,1962.0,33,10
Tony Delk,Tony Delk,1997,2006,G,1-Jun,189.0,1/28/1974,28/1/1974,1974,32.0,Kentucky,https://www.basketball-reference.com/players/d/delkto01.html,delkto01,1974.0,32,9
Tony Jaros,Tony Jaros,1947,1951,F-G,3-Jun,185.0,2/22/1920,22/2/1920,1920,31.0,Minnesota,https://www.basketball-reference.com/players/j/jarosto01.html,jarosto01,1920.0,31,4
Red Rocha,Red Rocha,1948,1957,C-F,9-Jun,185.0,9/18/1923,18/9/1923,1923,34.0,Oregon State,https://www.basketball-reference.com/players/r/rochare01.html,rochare01,1923.0,34,9
Reggie Theus,Reggie Theus,1979,1991,G,6-Jun,190.0,10/13/1957,13/10/1957,1957,34.0,UNLV,https://www.basketball-reference.com/players/t/theusre01.html,theusre01,1957.0,34,12
Tony Smith,Tony Smith,1991,2001,G,3-Jun,185.0,6/14/1968,14/6/1968,1968,33.0,Marquette,https://www.basketball-reference.com/players/s/smithto02.html,smithto02,1968.0,33,10
Tony Snell,Tony Snell,2014,2022,G-F,6-Jun,213.0,11/10/1991,10/11/1991,1991,31.0,New Mexico,https://www.basketball-reference.com/players/s/snellto01.html,snellto01,1991.0,31,8
Rick Brunson,Rick Brunson,1998,2006,G,4-Jun,190.0,6/14/1972,14/6/1972,1972,34.0,Temple,https://www.basketball-reference.com/players/b/brunsri01.html,brunsri01,1972.0,34,8
Tracy McGrady*,Tracy McGrady,1998,2012,G-F,8-Jun,210.0,5/24/1979,24/5/1979,1979,33.0,,https://www.basketball-reference.com/players/m/mcgratr01.html,mcgratr01,1979.0,33,14
Tracy Moore,Tracy Moore,1992,1997,G-F,4-Jun,200.0,12/28/1965,28/12/1965,1965,32.0,Tulsa,https://www.basketball-reference.com/players/m/mooretr01.html,mooretr01,1965.0,32,5
Tracy Murray,Tracy Murray,1993,2004,F,7-Jun,225.0,7/25/1971,25/7/1971,1971,33.0,UCLA,https://www.basketball-reference.com/players/m/murratr01.html,murratr01,1971.0,33,11
Travis Best,Travis Best,1996,2005,G,11-May,182.0,7/12/1972,12/7/1972,1972,33.0,Georgia Tech,https://www.basketball-reference.com/players/b/besttr01.html,besttr01,1972.0,33,9
Travis Outlaw,Travis Outlaw,2004,2014,F,9-Jun,210.0,9/18/1984,18/9/1984,1984,30.0,,https://www.basketball-reference.com/players/o/outlatr01.html,outlatr01,1984.0,30,10
Rik Smits,Rik Smits,1989,2000,C,4-Jul,250.0,8/23/1966,23/8/1966,1966,34.0,Marist College,https://www.basketball-reference.com/players/s/smitsri01.html,smitsri01,1966.0,34,11
Robert Covington,Robert Covington,2014,2024,F-C,7-Jun,209.0,12/14/1990,14/12/1990,1990,34.0,Tennessee State,https://www.basketball-reference.com/players/c/covinro01.html,covinro01,1990.0,34,10
Trenton Hassell,Trenton Hassell,2002,2010,G,5-Jun,200.0,3/4/1979,4/3/1979,1979,31.0,Austin Peay State University,https://www.basketball-reference.com/players/h/hassetr01.html,hassetr01,1979.0,31,8
Rodney Rogers,Rodney Rogers,1994,2005,F,7-Jun,235.0,6/20/1971,20/6/1971,1971,34.0,Wake Forest,https://www.basketball-reference.com/players/r/rogerro01.html,rogerro01,1971.0,34,11
Trevor Booker,Trevor Booker,2011,2018,F,8-Jun,228.0,11/25/1987,25/11/1987,1987,31.0,Clemson,https://www.basketball-reference.com/players/b/booketr01.html,booketr01,1987.0,31,7
Trey Burke,Trey Burke,2014,2022,G,Jun-00,185.0,11/12/1992,12/11/1992,1992,30.0,Michigan,https://www.basketball-reference.com/players/b/burketr01.html,burketr01,1992.0,30,8
Trey Lyles,Trey Lyles,2016,2025,F,9-Jun,234.0,11/5/1995,5/11/1995,1995,30.0,Kentucky,https://www.basketball-reference.com/players/l/lylestr01.html,lylestr01,1995.0,30,9
Roger Mason,Roger Mason,2003,2014,G,5-Jun,200.0,9/10/1980,10/9/1980,1980,34.0,Virginia,https://www.basketball-reference.com/players/m/masonro01.html,masonro01,1980.0,34,11
Troy Hudson,Troy Hudson,1998,2008,G,1-Jun,170.0,3/13/1976,13/3/1976,1976,32.0,"Missouri, Southern Illinois",https://www.basketball-reference.com/players/h/hudsotr01.html,hudsotr01,1976.0,32,10
Troy Murphy,Troy Murphy,2002,2013,F-C,11-Jun,245.0,5/2/1980,2/5/1980,1980,33.0,Notre Dame,https://www.basketball-reference.com/players/m/murphtr01.html,murphtr01,1980.0,33,11
Ronnie Price,Ronnie Price,2006,2017,G,2-Jun,190.0,6/21/1983,21/6/1983,1983,34.0,"Nicholls State, Utah Valley",https://www.basketball-reference.com/players/p/pricero01.html,pricero01,1983.0,34,11
Ty Lawson,Ty Lawson,2010,2017,G,11-May,195.0,11/3/1987,3/11/1987,1987,30.0,UNC,https://www.basketball-reference.com/players/l/lawsoty01.html,lawsoty01,1987.0,30,7
Tyler Hansbrough,Tyler Hansbrough,2010,2016,F,9-Jun,250.0,11/3/1985,3/11/1985,1985,31.0,UNC,https://www.basketball-reference.com/players/h/hansbty01.html,hansbty01,1985.0,31,6
Tyler Johnson,Tyler Johnson,2015,2022,G,3-Jun,186.0,5/7/1992,7/5/1992,1992,30.0,Fresno State,https://www.basketball-reference.com/players/j/johnsty01.html,johnsty01,1992.0,30,7
Tyler Zeller,Tyler Zeller,2013,2020,F-C,Jul-00,253.0,1/17/1990,17/1/1990,1990,30.0,UNC,https://www.basketball-reference.com/players/z/zellety01.html,zellety01,1990.0,30,7
Tyreke Evans,Tyreke Evans,2010,2019,G-F,6-Jun,220.0,9/19/1989,19/9/1989,1989,30.0,Memphis,https://www.basketball-reference.com/players/e/evansty01.html,evansty01,1989.0,30,9
Rony Seikaly,Rony Seikaly,1989,1999,C,11-Jun,230.0,5/10/1965,10/5/1965,1965,34.0,Syracuse,https://www.basketball-reference.com/players/s/seikaro01.html,seikaro01,1965.0,34,10
Rory Sparrow,Rory Sparrow,1981,1992,G,2-Jun,175.0,6/12/1958,12/6/1958,1958,34.0,Villanova,https://www.basketball-reference.com/players/s/sparrro01.html,sparrro01,1958.0,34,11
Tyronn Lue,Tyronn Lue,1999,2009,G,Jun-00,175.0,5/3/1977,3/5/1977,1977,32.0,Nebraska,https://www.basketball-reference.com/players/l/luety01.html,luety01,1977.0,32,10
Sam Bowie,Sam Bowie,1985,1995,C-F,1-Jul,235.0,3/17/1961,17/3/1961,1961,34.0,Kentucky,https://www.basketball-reference.com/players/b/bowiesa01.html,bowiesa01,1961.0,34,10
Samuel Dalembert,Samuel Dalembert,2002,2015,C,11-Jun,255.0,5/10/1981,10/5/1981,1981,34.0,Seton Hall,https://www.basketball-reference.com/players/d/dalemsa01.html,dalemsa01,1981.0,34,13
Serge Ibaka,Serge Ibaka,2010,2023,F-C,11-Jun,235.0,9/18/1989,18/9/1989,1989,34.0,,https://www.basketball-reference.com/players/i/ibakase01.html,ibakase01,1989.0,34,13
Vern Mikkelsen*,Vern Mikkelsen,1950,1959,F-C,7-Jun,230.0,10/21/1928,21/10/1928,1928,31.0,Hamline University,https://www.basketball-reference.com/players/m/mikkeve01.html,mikkeve01,1928.0,31,9
Shane Heal,Shane Heal,1997,2004,G,Jun-00,180.0,9/6/1970,6/9/1970,1970,34.0,,https://www.basketball-reference.com/players/h/healsh01.html,healsh01,1970.0,34,7
Victor Alexander,Victor Alexander,1992,2002,C-F,9-Jun,265.0,8/31/1969,31/8/1969,1969,33.0,Iowa State,https://www.basketball-reference.com/players/a/alexavi01.html,alexavi01,1969.0,33,10
Victor Oladipo,Victor Oladipo,2014,2023,G,3-Jun,213.0,5/4/1992,4/5/1992,1992,31.0,Indiana,https://www.basketball-reference.com/players/o/oladivi01.html,oladivi01,1992.0,31,9
Shaun Livingston,Shaun Livingston,2005,2019,G,7-Jun,192.0,9/11/1985,11/9/1985,1985,34.0,,https://www.basketball-reference.com/players/l/livinsh01.html,livinsh01,1985.0,34,14
Shawn Kemp,Shawn Kemp,1990,2003,F-C,10-Jun,230.0,11/26/1969,26/11/1969,1969,34.0,"Trinity Valley CC, Kentucky",https://www.basketball-reference.com/players/k/kempsh01.html,kempsh01,1969.0,34,13
Vincent Askew,Vincent Askew,1988,1998,G-F,6-Jun,210.0,2/28/1966,28/2/1966,1966,32.0,Memphis,https://www.basketball-reference.com/players/a/askewvi01.html,askewvi01,1966.0,32,10
Sidney Moncrief*,Sidney Moncrief,1980,1991,G,4-Jun,180.0,9/21/1957,21/9/1957,1957,34.0,Arkansas,https://www.basketball-reference.com/players/m/moncrsi01.html,moncrsi01,1957.0,34,11
Spencer Haywood*,Spencer Haywood,1970,1983,F-C,8-Jun,225.0,4/22/1949,22/4/1949,1949,34.0,"Trinidad State Junior College, Detroit Mercy",https://www.basketball-reference.com/players/h/haywosp01.html,haywosp01,1949.0,34,13
Vitaly Potapenko,Vitaly Potapenko,1997,2007,C,10-Jun,280.0,3/21/1975,21/3/1975,1975,32.0,Wright State University,https://www.basketball-reference.com/players/p/potapvi01.html,potapvi01,1975.0,32,10
Steve Hawes,Steve Hawes,1975,1984,C-F,9-Jun,220.0,5/26/1950,26/5/1950,1950,34.0,Washington,https://www.basketball-reference.com/players/h/hawesst01.html,hawesst01,1950.0,34,9
Vladimir Radmanović,Vladimir Radmanović,2002,2013,F,10-Jun,227.0,11/19/1980,19/11/1980,1980,33.0,,https://www.basketball-reference.com/players/r/radmavl01.html,radmavl01,1980.0,33,11
Voshon Lenard,Voshon Lenard,1996,2006,G,4-Jun,205.0,5/14/1973,14/5/1973,1973,33.0,Minnesota,https://www.basketball-reference.com/players/l/lenarvo01.html,lenarvo01,1973.0,33,10
Steve Johnson,Steve Johnson,1982,1991,C-F,10-Jun,235.0,11/3/1957,3/11/1957,1957,34.0,Oregon State,https://www.basketball-reference.com/players/j/johnsst03.html,johnsst03,1957.0,34,9
Wally Szczerbiak,Wally Szczerbiak,2000,2009,F,7-Jun,244.0,3/5/1977,5/3/1977,1977,32.0,Miami University,https://www.basketball-reference.com/players/s/szczewa02.html,szczewa02,1977.0,32,9
Wally Walker,Wally Walker,1977,1984,F,7-Jun,190.0,7/18/1954,18/7/1954,1954,30.0,Virginia,https://www.basketball-reference.com/players/w/walkewa01.html,walkewa01,1954.0,30,7
Steve Jones,Steve Jones,1968,1976,G-F,5-Jun,205.0,10/17/1942,17/10/1942,1942,34.0,Oregon,https://www.basketball-reference.com/players/j/jonesst01.html,jonesst01,1942.0,34,8
Steve Novak,Steve Novak,2007,2017,F,10-Jun,225.0,6/13/1983,13/6/1983,1983,34.0,Marquette,https://www.basketball-reference.com/players/n/novakst01.html,novakst01,1983.0,34,10
Walt Hazzard,Walt Hazzard,1965,1974,G,2-Jun,185.0,4/15/1942,15/4/1942,1942,32.0,UCLA,https://www.basketball-reference.com/players/a/abdulma01.html,abdulma01,1942.0,32,9
Swen Nater,Swen Nater,1974,1984,C,11-Jun,240.0,1/14/1950,14/1/1950,1950,34.0,"Cypress College, UCLA",https://www.basketball-reference.com/players/n/natersw01.html,natersw01,1950.0,34,10
Walt Wesley,Walt Wesley,1967,1976,C,11-Jun,220.0,1/25/1945,25/1/1945,1945,31.0,Kansas,https://www.basketball-reference.com/players/w/weslewa01.html,weslewa01,1945.0,31,9
Walt Williams,Walt Williams,1993,2003,F-G,8-Jun,219.0,4/16/1970,16/4/1970,1970,33.0,Maryland,https://www.basketball-reference.com/players/w/williwa02.html,williwa02,1970.0,33,10
Terry Davis,Terry Davis,1990,2001,F-C,9-Jun,225.0,6/17/1967,17/6/1967,1967,34.0,Virginia Union University,https://www.basketball-reference.com/players/d/daviste01.html,daviste01,1967.0,34,11
Walter Dukes,Walter Dukes,1956,1963,C,Jul-00,220.0,6/23/1930,23/6/1930,1930,33.0,Seton Hall,https://www.basketball-reference.com/players/d/dukeswa01.html,dukeswa01,1930.0,33,7
Walter McCarty,Walter McCarty,1997,2006,F,10-Jun,230.0,2/1/1974,1/2/1974,1974,32.0,Kentucky,https://www.basketball-reference.com/players/m/mccarwa01.html,mccarwa01,1974.0,32,9
Warren Davis,Warren Davis,1968,1973,F-C,6-Jun,212.0,6/30/1943,30/6/1943,1943,30.0,North Carolina A&T,https://www.basketball-reference.com/players/d/daviswa02.html,daviswa02,1943.0,30,5
Wayman Tisdale,Wayman Tisdale,1986,1997,F-C,9-Jun,240.0,6/9/1964,9/6/1964,1964,33.0,Oklahoma,https://www.basketball-reference.com/players/t/tisdawa01.html,tisdawa01,1964.0,33,11
Terry Mills,Terry Mills,1991,2001,F,10-Jun,230.0,12/21/1967,21/12/1967,1967,34.0,Michigan,https://www.basketball-reference.com/players/m/millste01.html,millste01,1967.0,34,10
Tim Kempton,Tim Kempton,1987,1998,F-C,10-Jun,245.0,1/25/1964,25/1/1964,1964,34.0,Notre Dame,https://www.basketball-reference.com/players/k/kemptti01.html,kemptti01,1964.0,34,11
Wayne Embry*,Wayne Embry,1959,1969,C-F,8-Jun,240.0,3/26/1937,26/3/1937,1937,32.0,Miami University,https://www.basketball-reference.com/players/e/embrywa01.html,embrywa01,1937.0,32,10
Wayne Hightower,Wayne Hightower,1963,1972,F-C,8-Jun,192.0,1/14/1940,14/1/1940,1940,32.0,Kansas,https://www.basketball-reference.com/players/h/hightwa01.html,hightwa01,1940.0,32,9
Wes Matthews,Wes Matthews,1981,1990,G,1-Jun,170.0,8/24/1959,24/8/1959,1959,31.0,Wisconsin,https://www.basketball-reference.com/players/m/matthwe01.html,matthwe01,1959.0,31,9
Tim Legler,Tim Legler,1990,2000,G,4-Jun,200.0,12/26/1966,26/12/1966,1966,34.0,La Salle,https://www.basketball-reference.com/players/l/legleti01.html,legleti01,1966.0,34,10
Wesley Johnson,Wesley Johnson,2011,2019,F-G,7-Jun,215.0,7/11/1987,11/7/1987,1987,32.0,"Iowa State, Syracuse",https://www.basketball-reference.com/players/j/johnswe01.html,johnswe01,1987.0,32,8
Tom Hammonds,Tom Hammonds,1990,2001,F,9-Jun,215.0,3/27/1967,27/3/1967,1967,34.0,Georgia Tech,https://www.basketball-reference.com/players/h/hammoto01.html,hammoto01,1967.0,34,11
Tom McMillen,Tom McMillen,1976,1986,F-C,11-Jun,215.0,5/26/1952,26/5/1952,1952,34.0,Maryland,https://www.basketball-reference.com/players/m/mcmilto01.html,mcmilto01,1952.0,34,10
Whitey Skoog,Whitey Skoog,1952,1957,G,11-May,180.0,11/2/1926,2/11/1926,1926,31.0,Minnesota,https://www.basketball-reference.com/players/s/skoogwh01.html,skoogwh01,1926.0,31,5
Wil Jones,Wil Jones,1970,1978,F,8-Jun,205.0,2/27/1947,27/2/1947,1947,31.0,Albany State University,https://www.basketball-reference.com/players/j/joneswi02.html,joneswi02,1947.0,31,8
Will Barton,Will Barton,2013,2023,G,5-Jun,181.0,1/6/1991,6/1/1991,1991,32.0,Memphis,https://www.basketball-reference.com/players/b/bartowi01.html,bartowi01,1991.0,32,10
Will Bynum,Will Bynum,2006,2015,G,Jun-00,185.0,1/4/1983,4/1/1983,1983,32.0,"Arizona, Georgia Tech",https://www.basketball-reference.com/players/b/bynumwi01.html,bynumwi01,1983.0,32,9
Will Conroy,Will Conroy,2007,2013,G,2-Jun,195.0,12/8/1982,8/12/1982,1982,31.0,Washington,https://www.basketball-reference.com/players/c/conrowi01.html,conrowi01,1982.0,31,6
Tom Owens,Tom Owens,1972,1983,C-F,10-Jun,215.0,6/28/1949,28/6/1949,1949,34.0,South Carolina,https://www.basketball-reference.com/players/o/owensto01.html,owensto01,1949.0,34,11
Will Solomon,Will Solomon,2002,2009,G,1-Jun,185.0,7/20/1978,20/7/1978,1978,31.0,Clemson,https://www.basketball-reference.com/players/s/solomwi01.html,solomwi01,1978.0,31,7
William Bedford,William Bedford,1987,1993,C,Jul-00,225.0,12/14/1963,14/12/1963,1963,30.0,Memphis,https://www.basketball-reference.com/players/b/bedfowi01.html,bedfowi01,1963.0,30,6
Willie Anderson,Willie Anderson,1989,1997,G-F,7-Jun,190.0,1/8/1967,8/1/1967,1967,30.0,Georgia,https://www.basketball-reference.com/players/a/anderwi01.html,anderwi01,1967.0,30,8
Willie Burton,Willie Burton,1991,1999,F-G,8-Jun,210.0,5/26/1968,26/5/1968,1968,31.0,Minnesota,https://www.basketball-reference.com/players/b/burtowi01.html,burtowi01,1968.0,31,8
Tom Van Arsdale,Tom Van Arsdale,1966,1977,F-G,5-Jun,202.0,2/22/1943,22/2/1943,1943,34.0,Indiana,https://www.basketball-reference.com/players/v/vanarto01.html,vanarto01,1943.0,34,11
Willie Naulls,Willie Naulls,1957,1966,F-C,6-Jun,225.0,10/7/1934,7/10/1934,1934,32.0,UCLA,https://www.basketball-reference.com/players/n/naullwi01.html,naullwi01,1934.0,32,9
Willie Norwood,Willie Norwood,1972,1978,F,7-Jun,220.0,8/8/1947,8/8/1947,1947,31.0,Alcorn State,https://www.basketball-reference.com/players/n/norwowi01.html,norwowi01,1947.0,31,6
Willie Wise,Willie Wise,1970,1978,F,5-Jun,210.0,3/3/1947,3/3/1947,1947,31.0,"City College of San Francisco, Drake University",https://www.basketball-reference.com/players/w/wisewi01.html,wisewi01,1947.0,31,8
Willis Reed*,Willis Reed,1965,1974,C-F,10-Jun,235.0,6/25/1942,25/6/1942,1942,32.0,Grambling State University,https://www.basketball-reference.com/players/r/reedwi01.html,reedwi01,1942.0,32,9
Wilson Chandler,Wilson Chandler,2008,2020,F,8-Jun,235.0,5/10/1987,10/5/1987,1987,33.0,DePaul,https://www.basketball-reference.com/players/c/chandwi01.html,chandwi01,1987.0,33,12
Trent Tucker,Trent Tucker,1983,1993,G,5-Jun,193.0,12/20/1959,20/12/1959,1959,34.0,Minnesota,https://www.basketball-reference.com/players/t/tucketr01.html,tucketr01,1959.0,34,10
Winston Garland,Winston Garland,1988,1995,G,2-Jun,170.0,12/19/1964,19/12/1964,1964,31.0,Missouri State,https://www.basketball-reference.com/players/g/garlawi01.html,garlawi01,1964.0,31,7
Woody Sauldsberry,Woody Sauldsberry,1958,1966,F-C,7-Jun,220.0,7/11/1934,11/7/1934,1934,32.0,Texas Southern,https://www.basketball-reference.com/players/s/sauldwo01.html,sauldwo01,1934.0,32,8
Tristan Thompson,Tristan Thompson,2012,2025,F-C,9-Jun,254.0,3/13/1991,13/3/1991,1991,34.0,Texas,https://www.basketball-reference.com/players/t/thomptr01.html,thomptr01,1991.0,34,13
Truck Robinson,Truck Robinson,1975,1985,F-C,7-Jun,225.0,10/4/1951,4/10/1951,1951,34.0,Tennessee State,https://www.basketball-reference.com/players/r/robintr01.html,robintr01,1951.0,34,10
Xavier Silas,Xavier Silas,2012,2018,G,5-Jun,205.0,1/22/1988,22/1/1988,1988,30.0,"Colorado, Northern Illinois",https://www.basketball-reference.com/players/s/silasxa01.html,silasxa01,1988.0,30,6
Yao Ming*,Yao Ming,2003,2011,C,6-Jul,310.0,9/12/1980,12/9/1980,1980,31.0,,https://www.basketball-reference.com/players/m/mingya01.html,mingya01,1980.0,31,8
Yuta Watanabe,Yuta Watanabe,2019,2024,F,9-Jun,215.0,10/13/1994,13/10/1994,1994,30.0,George Washington,https://www.basketball-reference.com/players/w/watanyu01.html,watanyu01,1994.0,30,5
Zach LaVine,Zach LaVine,2015,2025,G-F,5-Jun,200.0,3/10/1995,10/3/1995,1995,30.0,UCLA,https://www.basketball-reference.com/players/l/lavinza01.html,lavinza01,1995.0,30,10
Vern Fleming,Vern Fleming,1985,1996,G,5-Jun,185.0,2/4/1962,4/2/1962,1962,34.0,Georgia,https://www.basketball-reference.com/players/f/flemive01.html,flemive01,1962.0,34,11
Zaid Abdul-Aziz,Zaid Abdul-Aziz,1969,1978,C-F,9-Jun,235.0,4/7/1946,7/4/1946,1946,32.0,Iowa State,https://www.basketball-reference.com/players/a/abdulza01.html,abdulza01,1946.0,32,9
Wali Jones,Wali Jones,1965,1976,G,2-Jun,180.0,2/14/1942,14/2/1942,1942,34.0,Villanova,https://www.basketball-reference.com/players/j/joneswa02.html,joneswa02,1942.0,34,11
Wesley Person,Wesley Person,1995,2005,G,6-Jun,195.0,3/28/1971,28/3/1971,1971,34.0,Auburn,https://www.basketball-reference.com/players/p/persowe01.html,persowe01,1971.0,34,10
Zendon Hamilton,Zendon Hamilton,2001,2006,C-F,11-Jun,250.0,4/27/1975,27/4/1975,1975,31.0,St. John's,https://www.basketball-reference.com/players/h/hamilze01.html,hamilze01,1975.0,31,5
Willie Green,Willie Green,2004,2015,G,4-Jun,200.0,7/28/1981,28/7/1981,1981,34.0,Detroit Mercy,https://www.basketball-reference.com/players/g/greenwi01.html,greenwi01,1981.0,34,11
